{"type":"FeatureCollection","features":[{"type":"Feature","properties":{"arrival_time":"09:00","color":"#2DD4BF","cutoff":900,"departure_time":"09:00","layer":"isochrone","minutes":15,"name":"15分鐘","time_slot":"09:00","time_type":"arrival"},"geometry":{"type":"MultiPolygon","coordinates":[[[[121.47150271716751,25.028861133934523],[121.47134157671269,25.030133399009653],[121.47126100648525,25.031135874146504],[121.47126100648525,25.03186855934507],[121.47134157671269,25.032331454605355],[121.47150271716751,25.032524559927364],[121.471747469598,25.032703631868138],[121.47207583400413,25.032868670427693],[121.47248781038591,25.033019675606024],[121.47298339874334,25.033156647403125],[121.47347753356651,25.033176856971178],[121.47397021485543,25.033080304310175],[121.47446144261008,25.03286698942012],[121.4749512168305,25.032536912301012],[121.47530963438852,25.032177065564806],[121.47553669528419,25.031787449211503],[121.47563239951747,25.031368063241107],[121.47559674708836,25.03091890765361],[121.47552816413264,25.030469752066114],[121.47542665065028,25.03002059647862],[121.47529220664129,25.029571440891125],[121.47512483210566,25.02912228530363],[121.47492761439003,25.02871492473825],[121.47470055349437,25.028349359194983],[121.4744436494187,25.028025588673838],[121.47415690216302,25.027743613174806],[121.47381794463189,25.027509136950254],[121.47342677682532,25.027322160000182],[121.47298339874334,25.027182682324593],[121.47248781038591,25.027090703923488],[121.47207583400413,25.02733978639144],[121.471747469598,25.02792992972845],[121.47150271716751,25.028861133934523]]],[[[121.4912775175093,25.027459454408017],[121.49108388775109,25.027855093413766],[121.49095615321338,25.02826411156495],[121.49089431389613,25.02868650886157],[121.49089836979941,25.02912228530363],[121.49096832092317,25.029571440891125],[121.49117621271814,25.030357463169242],[121.49152204518433,25.03148035213798],[121.49200581832172,25.03294010779734],[121.49262753213031,25.034736730147323],[121.49346489705066,25.036429274652722],[121.49451791308273,25.03801774131355],[121.49578658022652,25.03950213012979],[121.49727089848206,25.040882441101452],[121.49863193135242,25.042653333860162],[121.49986967883763,25.044814808405917],[121.50098414093763,25.04736686473871],[121.50197531765248,25.05030950285855],[121.50310985715049,25.052783210938045],[121.5043877594317,25.054787988977186],[121.50580902449605,25.056323836975977],[121.50737365234359,25.057390754934417],[121.50846137169243,25.058527810093874],[121.50907218254257,25.05973500245434],[121.50920608489403,25.06101233201581],[121.50886307874677,25.062359798778296],[121.50891990415803,25.063962077742794],[121.50937656112782,25.065819168909297],[121.51023304965612,25.067931072277812],[121.51148936974295,25.070297787848332],[121.51292719816547,25.07214262092241],[121.51454653492372,25.073465571500037],[121.51634738001769,25.07426663958122],[121.51832973344737,25.074545825165956],[121.519940395609,25.074667850986184],[121.52117936650255,25.074632717041908],[121.52204664612803,25.074440423333122],[121.52254223448546,25.07409096985983],[121.52292521418826,25.073816212318743],[121.52319558523645,25.07361615070985],[121.52335334763004,25.07349078503316],[121.52339850136902,25.073440115288673],[121.52350237555308,25.07295295739281],[121.52366497018224,25.072029311345574],[121.5238862852565,25.070669177146964],[121.52416632077585,25.068872554796982],[121.52503843263692,25.06725044725143],[121.5265026208397,25.065802854510302],[121.52855888538419,25.0645297765736],[121.5312072262704,25.06343121344133],[121.53344127611375,25.062217565445668],[121.53526103491429,25.060888832586627],[121.53666650267196,25.059445014864195],[121.5376576793868,25.05788611227838],[121.538772753191,25.056802096102782],[121.54001172408455,25.056192966337406],[121.54137459206746,25.05605872298225],[121.54286135713973,25.056399366037315],[121.54422422512263,25.0564328168238],[121.54546319601619,25.0561590753417],[121.54657826982039,25.05557814159102],[121.54756944653522,25.054690015571754],[121.54863391605348,25.05392684705289],[121.54977167837514,25.05328863603442],[121.5509827335002,25.052775382516344],[121.55226708142868,25.05238708649867],[121.55321489271257,25.051983575588537],[121.55382616735183,25.05156484978595],[121.5541009053465,25.051130909090908],[121.55403910669654,25.050681753503415],[121.55364694834734,25.050120309019043],[121.55292443029887,25.049446575637802],[121.55187155255118,25.048660553359685],[121.55048831510423,25.047762242184692],[121.54975761922583,25.046751642112827],[121.54967946491598,25.04562875314409],[121.5502538521747,25.044393575278477],[121.551480781002,25.04304610851599],[121.55176272618968,25.0417521211888],[121.55109968773776,25.040511613296903],[121.54949166564624,25.039324584840298],[121.54693865991511,25.038191035818993],[121.5448473322873,25.03739968351459],[121.5432176827628,25.036950527927093],[121.54204971134159,25.036843569056508],[121.5413434180237,25.03707880690282],[121.54099027136475,25.03708901369125],[121.54099027136475,25.0368741894218],[121.5413434180237,25.03643433409446],[121.54204971134159,25.035769447709235],[121.54253650037683,25.035100137826003],[121.54280378512938,25.03442640444476],[121.54285156559926,25.033748247565505],[121.5426798417865,25.033065667188243],[121.54172670025461,25.032298752027327],[121.53999214100365,25.031447502082752],[121.53747616403356,25.030511917354517],[121.5341787693444,25.029491997842634],[121.53167650800002,25.028645171396068],[121.52996938000045,25.027971438014823],[121.52905738534565,25.027470797698903],[121.52894052403566,25.0271432504483],[121.52885968989237,25.026785301113478],[121.52881488291571,25.026396949694433],[121.52880610310575,25.02597819619116],[121.52883335046248,25.025529040603665],[121.5290136556058,25.024967596119296],[121.5293470185357,25.024293862738052],[121.52983343925226,25.023507840459935],[121.53047291775539,25.022609529284946],[121.53088411313836,25.021711218109953],[121.53106702540119,25.020812906934964],[121.53102165454384,25.01991459575997],[121.53074800056635,25.019016284584982],[121.53034981035078,25.01834444245446],[121.52982708389713,25.01789906936841],[121.52917982120542,25.017680165326833],[121.52840802227563,25.017687730329722],[121.52750684575874,25.01791609062492],[121.52647629165473,25.018365246212415],[121.52531635996361,25.01903519709221],[121.52402705068538,25.01992594326431],[121.52267245896947,25.02070629179026],[121.52125258481588,25.021376242670055],[121.51976742822461,25.0219357959037],[121.51821698919565,25.022384951491198],[121.51664902319652,25.023195940766126],[121.51506353022724,25.024368763728486],[121.5134605102878,25.025903420378274],[121.5118399633782,25.0277999107155],[121.5103811428865,25.029085022574737],[121.50908404881271,25.029758755955978],[121.50794868115683,25.02982111085923],[121.50697503991886,25.02927208728449],[121.50599263094244,25.028438687329377],[121.5050014542276,25.027320910993883],[121.50400150977434,25.025918758278006],[121.50299279758262,25.024232229181756],[121.50198846926013,25.022790387075275],[121.50098852480686,25.02159323195857],[121.4999929642228,25.020640763831636],[121.49900178750795,25.019932982694478],[121.49817309182878,25.01966385770934],[121.49750687718526,25.019833388876226],[121.4970031435774,25.020441576195125],[121.49666189100523,25.021488419666053],[121.49611957345108,25.02251150920843],[121.49537619091495,25.023510844822265],[121.49443174339683,25.02448642650755],[121.49328623089674,25.025438254264287],[121.49237868908214,25.026251034833276],[121.491709117953,25.02692476821452],[121.4912775175093,25.027459454408017]]],[[[121.50027296296,25.063039195483125],[121.50079002102309,25.063575916858685],[121.50121484260428,25.06386616899348],[121.50154742770361,25.063909951887517],[121.50178777632105,25.063707265540785],[121.5019358884566,25.06325810995329],[121.50200457709796,25.06289143785202],[121.50199384224513,25.062607249236976],[121.50190368389809,25.062405544108156],[121.50173410205689,25.062286322465564],[121.50148301858661,25.062204820197252],[121.50115043348728,25.062161037303216],[121.50073634675893,25.062154973783464],[121.5002407584015,25.062186629637992],[121.49999833164921,25.062344551872776],[121.50000906650205,25.06262874048782],[121.50027296296,25.063039195483125]]],[[[121.51507217644989,25.01216334609211],[121.51488282521457,25.012209587964286],[121.51470043681515,25.01235655826529],[121.5145250112516,25.012604256995125],[121.51435654852395,25.01295268415379],[121.51419504863217,25.013401839741288],[121.5141616364951,25.01380869137654],[121.51425631211275,25.014173239059545],[121.51447907548514,25.014495482790306],[121.51482992661221,25.014775422568825],[121.51517417508676,25.014915392458082],[121.51551182090876,25.014915392458082],[121.5158428640782,25.014775422568825],[121.51616730459509,25.014495482790306],[121.51634883054498,25.014173239059545],[121.51638744192783,25.01380869137654],[121.51628313874367,25.013401839741288],[121.5160359209925,25.01295268415379],[121.51583120198768,25.012604256995125],[121.51566898172925,25.01235655826529],[121.51554926021716,25.012209587964286],[121.51547203745143,25.01216334609211],[121.51536678256831,25.012140225156017],[121.5152334955678,25.012140225156017],[121.51507217644989,25.01216334609211]]],[[[121.5248597385636,25.083451639539863],[121.52458758397184,25.083728521632647],[121.52445150667596,25.084024456881064],[121.52445150667596,25.084339445285096],[121.52458758397184,25.08467348684476],[121.5248597385636,25.08502658156005],[121.52512732871376,25.085203128917694],[121.52539035442229,25.085203128917694],[121.5256488156892,25.08502658156005],[121.52590271251448,25.08467348684476],[121.52602966092711,25.084339445285096],[121.52602966092711,25.084024456881064],[121.52590271251448,25.083728521632647],[121.5256488156892,25.083451639539863],[121.52539035442229,25.08331319849347],[121.52512732871376,25.08331319849347],[121.5248597385636,25.083451639539863]]],[[[121.53319738417001,25.015770038426773],[121.53319738417001,25.015770038426773]]],[[[121.53517973759969,25.01407294376719],[121.53517973759969,25.01407294376719]]],[[[121.54509150474811,25.05966112326406],[121.5443357796048,25.060787754222062],[121.54509150474811,25.05966112326406]]],[[[121.57680915962307,25.048819470919476],[121.57680915962307,25.04970596198567],[121.57705695380179,25.050390257238348],[121.57755254215921,25.05087235667752],[121.57829592469534,25.05115226030318],[121.57928710141017,25.051229968115326],[121.58003048394632,25.051055235206448],[121.58052607230373,25.050628061576546],[121.58077386648245,25.049948447225614],[121.58077386648245,25.04901639215366],[121.58065589550634,25.048242129966972],[121.58041995355416,25.047625660665553],[121.5800660406259,25.047166984249404],[121.57959415672153,25.046866100718525],[121.57923431767999,25.04663662403902],[121.57898652350129,25.046478554210896],[121.5788507741854,25.046391891234148],[121.57882706973234,25.046376635108775],[121.57880001556414,25.04636900704609],[121.5787696116808,25.04636900704609],[121.57873585808233,25.046376635108775],[121.5786987547687,25.046391891234148],[121.57855630602253,25.0464705182593],[121.57830851184382,25.046612516184236],[121.57795537223257,25.046817885008945],[121.57749688718877,25.047086624733442],[121.57715302340593,25.047509802293362],[121.57692378088403,25.048087417688706],[121.57680915962307,25.048819470919476]]]]}},{"type":"Feature","properties":{"arrival_time":"09:00","color":"#34D399","cutoff":1800,"departure_time":"09:00","layer":"isochrone","minutes":30,"name":"30分鐘","time_slot":"09:00","time_type":"arrival"},"geometry":{"type":"MultiPolygon","coordinates":[[[[121.40645601995932,24.979372912752126],[121.40654219015208,24.980318295980418],[121.40693948153805,24.981027333401634],[121.4076478941172,24.98150002501578],[121.40866742788953,24.981736370822855],[121.40999808285505,24.981736370822855],[121.41095842344433,24.98162408192598],[121.41154844965733,24.98139950413223],[121.41176816149404,24.98106263744161],[121.4116175589545,24.980613481854114],[121.41143584557388,24.980199813989632],[121.41122302135216,24.979821633848168],[121.41097908628934,24.97947894142972],[121.41070404038543,24.97917173673428],[121.41024996177877,24.978894077476365],[121.4096168504694,24.978645963655968],[121.4088047064573,24.978427395273087],[121.40781352974246,24.97823837232773],[121.40709168975451,24.978332950925783],[121.40663918649348,24.97871113106725],[121.40645601995932,24.979372912752126]]],[[[121.41493155885898,24.986678407443016],[121.41538181250569,24.98901348643491],[121.41597371792362,24.99110166236945],[121.41670727511276,24.992942935246635],[121.41758248407314,24.994537305066476],[121.41859934480473,24.995884771828962],[121.41961469720563,24.996959458460175],[121.42062854127583,24.997761364960123],[121.42164087701535,24.998290491328795],[121.42265170442414,24.998546837566195],[121.42383108427403,24.998450432891147],[121.42517901656498,24.99800127730365],[121.426695501297,24.99719937080371],[121.4283805384701,24.996044713391317],[121.429652966321,24.99506643143515],[121.43051278484972,24.994264524935204],[121.43095999405625,24.993638993891484],[121.43099459394058,24.993189838303987],[121.43098552411091,24.992740682716494],[121.43093278456722,24.992291527128998],[121.43083637530951,24.9918423715415],[121.4306962963378,24.991393215954005],[121.43032024467693,24.990791372914682],[121.42970822032693,24.990036842423535],[121.42886022328778,24.989129624480558],[121.42777625355949,24.988069719085757],[121.42646768790584,24.98705091530795],[121.42493452632684,24.98607321314714],[121.42317676882251,24.985136612603327],[121.42119441539283,24.984241113676514],[121.41958375323121,24.983559343665945],[121.41834478233766,24.983091302571626],[121.41747750271217,24.982836990393558],[121.41698191435475,24.98279640713174],[121.41648632599733,24.982793485730134],[121.4159907376399,24.982828226188744],[121.41549514928248,24.982900628507572],[121.41499956092507,24.983010692686612],[121.41474043306867,24.98367701056887],[121.4147177657133,24.984899582154338],[121.41493155885898,24.986678407443016]]],[[[121.43351401211478,25.03139865328972],[121.43313687840077,25.03237455956276],[121.43307220863313,25.0332329738297],[121.43332000281184,25.033973896090536],[121.4338802609369,25.03459732634526],[121.43475298300834,25.035103264593875],[121.43559388209695,25.035356233718186],[121.43640295820276,25.035356233718186],[121.43718021132575,25.035103264593875],[121.43792564146597,25.03459732634526],[121.43848064397616,25.034105583761924],[121.43884521885634,25.033628036843865],[121.43901936610652,25.03316468559109],[121.43900308572671,25.032715530003593],[121.4389324850911,25.032296715153475],[121.4388075641997,25.031908241040743],[121.43862832305254,25.031550107665385],[121.43839476164958,25.031222315027406],[121.43817797432314,25.030946129811543],[121.43797796107322,25.030721552017795],[121.43779472189978,25.030548581646162],[121.43762825680288,25.030427218696644],[121.43742112716508,25.030304459897504],[121.43717333298636,25.030180305248738],[121.43688487426675,25.030054754750346],[121.43655575100622,25.02992780840233],[121.4361850114715,25.029844936453813],[121.43577265566252,25.029806138904785],[121.43531868357933,25.02981141575525],[121.43482309522192,25.029860767005207],[121.43435712052535,25.03014175701094],[121.43392075948964,25.030654385772444],[121.43351401211478,25.03139865328972]]],[[[121.43606206611547,24.96640901942738],[121.43606206611547,24.966981581203314],[121.43612823196243,24.967381188045003],[121.43626056365632,24.967607839952443],[121.43645906119718,24.967661536925633],[121.43672372458498,24.96754227896458],[121.43685860318679,24.967340546596915],[121.4368636970026,24.96705633982264],[121.43673900603238,24.966689658641755],[121.43648453027616,24.96624050305426],[121.43629112655108,24.96590259930679],[121.43615879485719,24.96567594739935],[121.43608753519445,24.96556054733194],[121.43607734756284,24.965556399104557],[121.43606970683915,24.965696428378006],[121.43606461302336,24.965980635152278],[121.43606206611547,24.96640901942738]]],[[[121.4378418698543,25.00244299365264],[121.43770683672706,25.003502780740632],[121.43788711434215,25.004864107771493],[121.43838270269957,25.006526974745228],[121.43919360179932,25.00849138166183],[121.4403198116414,25.010757328521297],[121.44167152050156,25.01267632422915],[121.44324872837983,25.014248368785385],[121.44505143527616,25.015473462190002],[121.44707964119057,25.016351604443003],[121.44874906852002,25.01768394451399],[121.45005971726452,25.019470482402976],[121.45101158742405,25.021711218109953],[121.4516046789986,25.024406151634928],[121.45162354027357,25.02687650736615],[121.45106817124895,25.02912228530363],[121.44993857192473,25.03114348544736],[121.44823474230091,25.03294010779734],[121.44709919438482,25.034611272547536],[121.44653192817646,25.036156979697935],[121.44653294367583,25.03757722924855],[121.44710224088293,25.038872021199378],[121.44772567558068,25.039968572762284],[121.44840324776912,25.040866883937273],[121.44913495744822,25.04156695472435],[121.44992080461802,25.042068785123504],[121.45047572768623,25.04255744681975],[121.45079972665289,25.043032939813077],[121.45089280151797,25.043495264103484],[121.45075495228151,25.04394441969098],[121.4506134629602,25.044312224220008],[121.45046833355403,25.044598677690555],[121.45031956406298,25.044803780102633],[121.45016715448709,25.044927531456242],[121.44992895021582,25.045084442837688],[121.44960495124916,25.045274514246973],[121.44919515758713,25.04549774568409],[121.4486995692297,25.045754137149057],[121.44820398087228,25.045852112697965],[121.44770839251485,25.04579167233082],[121.44721280415745,25.045572816047635],[121.44671721580002,25.045195543848386],[121.4462216274426,25.044974089395012],[121.44572603908517,25.044908452687498],[121.44523045072775,25.04499863372586],[121.44473486237034,25.045244632510077],[121.44434921814793,25.045479203144232],[121.44407351806058,25.045702345628317],[121.44390776210824,25.04591405996234],[121.44385195029093,25.046114346146283],[121.44378810718055,25.04637684968112],[121.4437162327771,25.04670157056684],[121.44363632708058,25.04708850880345],[121.44354839009097,25.047537664390944],[121.44349709564733,25.04821139777219],[121.44348244374962,25.049109708947178],[121.44350443439787,25.05023259791592],[121.44356306759208,25.051580064678404],[121.44379652228648,25.05292753144089],[121.4442047984811,25.05427499820338],[121.44478789617594,25.055622464965865],[121.44554581537099,25.05696993172835],[121.44592431672983,25.05831739849084],[121.4459234002525,25.059664865253325],[121.44554306593894,25.06101233201581],[121.44478331378919,25.062359798778296],[121.44435913390807,25.06384849391718],[121.4442705262956,25.06547841743246],[121.4445174909518,25.067249569324133],[121.44510002787663,25.069161949592196],[121.44578472474896,25.070758109083766],[121.4465715815688,25.072038047798838],[121.44746059833615,25.07300176573741],[121.448451775051,25.073649262899476],[121.44931905467648,25.074134810974908],[121.45006243721261,25.074458409963707],[121.45068192265938,25.074620059865875],[121.45117751101681,25.074619760681404],[121.45167309937423,25.074592604189586],[121.45216868773164,25.074538590390425],[121.45266427608907,25.074457719283913],[121.45315986444649,25.074349990870058],[121.4541398944036,25.073880809895456],[121.45560436596037,25.07305017636012],[121.45755327911684,25.07185809026404],[121.45998663387297,25.07030455160722],[121.46181475842778,25.06835337533649],[121.4630376527812,25.066004561451845],[121.46365531693328,25.06325810995329],[121.46366775088404,25.06011402084082],[121.46380901170649,25.057513244062775],[121.46407909940068,25.055455779619155],[121.46447801396661,25.05394162750996],[121.46500575540426,25.052970787735187],[121.46552545857185,25.052204363280385],[121.46603712346938,25.051642354145553],[121.46654075009687,25.051284760330695],[121.46703633845428,25.051131581835804],[121.4675319268117,25.051020272621788],[121.46802751516913,25.050950832688642],[121.46852310352655,25.050923262036367],[121.46901869188397,25.050937560664966],[121.4697620744201,25.051049546681426],[121.47075325113494,25.05125922008575],[121.47199222202849,25.05156658087793],[121.47347898710076,25.051971629057977],[121.47477738750182,25.05256387195514],[121.47588742323167,25.053343309569417],[121.47680909429033,25.054309941900815],[121.47754240067779,25.05546376894933],[121.47808839592635,25.056666005926335],[121.47844708003606,25.057916652831835],[121.47861845300687,25.05921570966583],[121.47860251483884,25.060563176428314],[121.47835564567895,25.062022932087675],[121.47787784552719,25.06359497664391],[121.4771691143836,25.06527931009702],[121.47622945224815,25.067075932447],[121.47561429714881,25.068647977003234],[121.47532364908558,25.06999544376572],[121.47535750805847,25.07111833273446],[121.47571587406746,25.07201664390945],[121.47535879287655,25.07313953287819],[121.4742862644857,25.074486999640676],[121.47249828889494,25.07605904419691],[121.46999486610426,25.077855666546892],[121.4680820983172,25.07954],[121.46675998553378,25.081112044556235],[121.46602852775398,25.082571800215597],[121.46588772497782,25.083919266978082],[121.46554188163867,25.085136339972507],[121.46499099773656,25.08622301919888],[121.4642350732715,25.087179304657187],[121.46327410824343,25.088005196347442],[121.46249285697401,25.088867297780062],[121.46189131946322,25.089765608955055],[121.46146949571107,25.090700129872413],[121.46122738571754,25.091670860532144],[121.46110633072077,25.0924735562082],[121.46110633072077,25.093108216900585],[121.46122738571754,25.0935748426093],[121.46146949571107,25.093873433334334],[121.46174871275745,25.09413501759373],[121.4620650368567,25.094359595387477],[121.46241846800882,25.09454716671558],[121.46280900621377,25.094697731578037],[121.46325206949497,25.094781764823885],[121.4637476578524,25.094799266453126],[121.46429577128605,25.09475023646576],[121.46489640979593,25.094634674861787],[121.46559468285703,25.09433766117531],[121.46639059046939,25.093859195406328],[121.467284132633,25.093199277554834],[121.46827530934783,25.092357907620837],[121.46947460680484,25.09162924636421],[121.47088202500399,25.091013293784954],[121.47249756394532,25.090510049883065],[121.47432122362879,25.09011951465855],[121.47622423018537,25.08948637441367],[121.47820658361506,25.088610629148427],[121.48026828391784,25.087492278862822],[121.48240933109375,25.08613132355685],[121.48488239610114,25.08512254537707],[121.48768747894006,25.08446594432349],[121.4908245796105,25.084161520396112],[121.49429369811244,25.084209273594922],[121.49708560770567,25.084685677917694],[121.49920030839016,25.085590733364427],[121.50063780016593,25.08692443993512],[121.50139808303297,25.088686797629776],[121.50237350830122,25.09045772148826],[121.50356407597071,25.092237211510582],[121.50496978604141,25.09402526769673],[121.50659063851334,25.09582189004671],[121.50775917664707,25.09773080129357],[121.50847540044256,25.0997520014373],[121.50873930989982,25.1018854904779],[121.5085509050189,25.10413126841538],[121.50762815285539,25.106826201940354],[121.50597105340933,25.10997029105282],[121.50357960668072,25.113563535752785],[121.50045381266955,25.117605936040245],[121.49802064469161,25.12119918074021],[121.49628010274694,25.124343269852677],[121.49523218683547,25.12703820337765],[121.49487689695728,25.129283981315126],[121.4948086208171,25.13114453057415],[121.49502735841497,25.13261985115472],[121.49553310975085,25.133709943056832],[121.49632587482479,25.134414806280493],[121.49704434571959,25.134942559467873],[121.49768852243527,25.135293202618985],[121.49825840497182,25.13546673573382],[121.49875399332925,25.13546315881238],[121.49924958168666,25.135408569904328],[121.49974517004408,25.135302969009672],[121.5002407584015,25.1351463561284],[121.50073634675893,25.134938731260515],[121.5013558322057,25.13443252797986],[121.50209921474183,25.133627746286436],[121.50296649436731,25.13252438618024],[121.50395767108216,25.131122447661266],[121.50519664197572,25.129776736805436],[121.50668340704797,25.128487253612743],[121.50841796629895,25.127253998083187],[121.51040031972863,25.12607697021678],[121.51263046733703,25.125386682878034],[121.51510840912414,25.125183136066962],[121.51783414508995,25.125466329783556],[121.52080767523448,25.126236264027828],[121.52328561702159,25.126704244819795],[121.52526797045127,25.126870272159465],[121.52675473552354,25.126734346046835],[121.52774591223837,25.1262964664819],[121.52866661115661,25.125508058201138],[121.52951683227826,25.124369121204545],[121.5302965756033,25.12287965549212],[121.53100584113174,25.121039661063868],[121.53132192084986,25.11943508744893],[121.53124481475767,25.118065934647305],[121.53077452285517,25.116932202659],[121.52991104514236,25.11603389148401],[121.52926601993441,25.115247869205895],[121.52883944723136,25.11457413582465],[121.52863132703318,25.11401269134028],[121.52864165933988,25.113563535752785],[121.52880927562867,25.113069812166504],[121.52913417589957,25.11253152058144],[121.52961636015257,25.111948660997587],[121.53025582838767,25.11132123341495],[121.53147881210013,25.110731908471372],[121.53328531128994,25.110180686166846],[121.53567532595711,25.109667566501372],[121.53864885610164,25.109192549474958],[121.54112679788875,25.108938286395293],[121.54310915131843,25.108904777262385],[121.5445959163907,25.109092022076226],[121.54558709310554,25.109500020836816],[121.54640005204698,25.109755053575626],[121.54703479321499,25.10985712029266],[121.54749131660961,25.109806220987906],[121.5477696222308,25.109602355661377],[121.54791292184092,25.109112589975854],[121.54792121543998,25.108336923931347],[121.54779450302793,25.107275357527847],[121.54753278460481,25.10592789076536],[121.54757477515646,25.104580424002876],[121.54792047468284,25.103232957240387],[121.54856988318399,25.1018854904779],[121.54952300065987,25.100538023715416],[121.55020941407872,25.099302845849802],[121.55062912344054,25.098179956881065],[121.55078212874533,25.0971693568092],[121.55066842999307,25.096271045634207],[121.55036915444845,25.095408972854848],[121.54988430211147,25.09458313847112],[121.54921387298212,25.093793542483013],[121.54835786706039,25.093040184890544],[121.54722027426168,25.092393668099533],[121.54580109458597,25.091853992109982],[121.54410032803328,25.09142115692189],[121.5421179746036,25.091095162535257],[121.54056959994693,25.090783638049434],[121.53945520406327,25.090486583464426],[121.53877478695262,25.090203998780233],[121.53852834861497,25.08993588399685],[121.53833449973806,25.08962250901244],[121.53819324032186,25.089263873827],[121.53810457036636,25.08885997844053],[121.53806848987159,25.088410822853035],[121.53811205920861,25.08800869273952],[121.53823527837743,25.087653588099982],[121.53843814737805,25.087345508934426],[121.53872066621045,25.087084455242845],[121.53955204078154,25.08715123117661],[121.5409322710913,25.087545836735718],[121.54286135713973,25.088268271920168],[121.54533929892683,25.089318536729962],[121.54769334362457,25.090160911465503],[121.54992349123297,25.090795396126783],[121.55202974175201,25.091221990713805],[121.5540120951817,25.091440695226567],[121.55698562532622,25.090942260397036],[121.5609503321856,25.089726686225216],[121.56590621575981,25.0877939727111],[121.57185327604886,25.085144119854686],[121.57679001924159,25.083118058931245],[121.58071644533797,25.081715789940763],[121.58363255433801,25.080937312883243],[121.5855383462417,25.08078262775869],[121.58735852181907,25.08015657328379],[121.58909308107003,25.079059149458544],[121.59074202399464,25.07749035628294],[121.59230535059288,25.075450193756993],[121.59384953680963,25.073727071711374],[121.59537458264488,25.07232099014609],[121.59688048809863,25.071231949061136],[121.59836725317089,25.070459948456513],[121.59958601923158,25.069910255404448],[121.60053678628066,25.06958286990493],[121.60121955431816,25.069477791957976],[121.60163432334407,25.069595021563575],[121.60204933150067,25.070019810458394],[121.6024645787879,25.07075215864244],[121.60288006520582,25.0717920661157],[121.6032957907544,25.07313953287819],[121.60364775545092,25.074194451858727],[121.6039359592954,25.074956823057317],[121.6041604022878,25.075426646473957],[121.60432108442814,25.075603922108648],[121.60456549312275,25.075800325199054],[121.60489362837164,25.07601585574518],[121.60530549017479,25.076250513747016],[121.60580107853221,25.07650429920457],[121.6066683581577,25.076452242386026],[121.60790732905126,25.07609434329138],[121.60951799121287,25.075430601920633],[121.61150034464255,25.074461018273787],[121.61335880098288,25.07378782387923],[121.61509336023386,25.073411018736955],[121.61670402239548,25.073330602846973],[121.61819078746774,25.073546576209278],[121.61940690542214,25.073340037941584],[121.62035237625865,25.072710988043895],[121.62102719997729,25.071659426516202],[121.62143137657807,25.070185353358518],[121.62165949311738,25.068742931799633],[121.62171154959525,25.06733216183955],[121.62158754601165,25.06595304347826],[121.62128748236661,25.064605576715774],[121.62140809766198,25.063229337514322],[121.62194939189773,25.061824325873896],[121.62291136507386,25.060390541794504],[121.62429401719041,25.058927985276142],[121.62545490336714,25.057808774707198],[121.62639402360412,25.05703291008766],[121.62711137790133,25.056600391417536],[121.62760696625874,25.05651121869683],[121.62835034879488,25.056749883506832],[121.62934152550972,25.057316385847543],[121.63058049640327,25.05821072571897],[121.63206726147554,25.05943290312111],[121.6333062323691,25.060370907879513],[121.63429740908393,25.061024739994178],[121.63504079162006,25.061394399465115],[121.63553637997748,25.061479886292318],[121.6360319683349,25.061569938014884],[121.63652755669233,25.06166455463282],[121.63702314504975,25.061763736146123],[121.63751873340716,25.061867482554796],[121.63813821885394,25.062140004329603],[121.63888160139008,25.062581301470537],[121.63974888101556,25.06319137397761],[121.64074005773041,25.063970221850816],[121.64173185608459,25.064394725437687],[121.64272427607814,25.064464884738214],[121.64371731771105,25.064180699752406],[121.64471098098332,25.06354217048026],[121.64474090294826,25.062501829041786],[121.64380708360589,25.061059675436976],[121.64190952295621,25.05921570966583],[121.6390482209992,25.05696993172835],[121.63650187457716,25.055260677325595],[121.63427048369005,25.054087946457553],[121.63235404833789,25.053451739124235],[121.63075256852069,25.053352055325632],[121.62917976738972,25.05301239975942],[121.62763564494497,25.0524327724256],[121.62612020118648,25.05161317332417],[121.62463343611422,25.050553602455125],[121.6232705681313,25.049077697267364],[121.62203159723775,25.047185457760893],[121.62091652343356,25.044876883935707],[121.61992534671872,25.042151975791803],[121.61905806709323,25.040086632977125],[121.61831468455709,25.03868085549167],[121.61769519911032,25.037934643335436],[121.6171996107529,25.03784799650842],[121.61645622821676,25.038217390254776],[121.61546505150193,25.039042824574487],[121.61422608060838,25.04032429946756],[121.6127393155361,25.042061814933998],[121.61078513644792,25.043361830592485],[121.6083635433438,25.044224346443023],[121.60547453622378,25.044649362485618],[121.6021181150878,25.044636878720258],[121.59937481970071,25.04451522699937],[121.59724465006249,25.04428440732294],[121.59572760617313,25.04394441969098],[121.59482368803262,25.043495264103484],[121.59397467612828,25.042821530722243],[121.59318057046013,25.04192321954725],[121.59244137102813,25.040800330578513],[121.5917570778323,25.039452863816027],[121.59028783389715,25.037768530362918],[121.58803363922266,25.035747330219188],[121.58499449380882,25.033389263384837],[121.58117039765564,25.030694329859863],[121.57814046299936,25.02839143901382],[121.57590468984,25.026480590846706],[121.57446307817756,25.02496178535852],[121.57381562801201,25.023835022549267],[121.57297350000385,25.022822485557146],[121.57193669415308,25.021924174382153],[121.5707052104597,25.021140089024293],[121.5692790489237,25.020470229483568],[121.56834035598935,25.01929410144678],[121.56788913165663,25.01761170491393],[121.56792537592553,25.015423039885018],[121.56844908879609,25.012728106360044],[121.56907264026906,25.010482328422565],[121.56979603034448,25.008685706072583],[121.57061925902231,25.007338239310098],[121.57154232630259,25.006439928135105],[121.57239669322053,25.005317039166368],[121.5731823597761,25.003969572403882],[121.57389932596932,25.00239752784765],[121.57454759180018,25.000600905497663],[121.57430097935412,24.99902886094143],[121.57315948863112,24.997681394178944],[121.5711231196312,24.996558505210206],[121.56819187235435,24.995660194035214],[121.56598487015582,24.994874171757097],[121.56450211303559,24.994200438375852],[121.56374360099366,24.993638993891484],[121.56370933403004,24.993189838303987],[121.56395639434224,24.99262839381962],[121.56448478193025,24.991954660438378],[121.56529449679407,24.99116863816026],[121.56638553893367,24.990270326985268],[121.56713352618411,24.989489313207066],[121.56753845854537,24.988825596825645],[121.56760033601743,24.988279177841015],[121.56731915860033,24.987850056253176],[121.56710157918347,24.98752320656238],[121.56694759776687,24.98729862876863],[121.56685721435053,24.98717632287193],[121.56683042893445,24.987156288872278],[121.56630241618558,24.98691668557879],[121.56527317610394,24.98645751299147],[121.56374270868952,24.98577877111031],[121.56171101394229,24.984880459935322],[121.55994387823792,24.983869859863457],[121.55844130157637,24.98274697089472],[121.55720328395765,24.981511793029107],[121.55622982538176,24.980164326266618],[121.55528217356006,24.97870457060726],[121.5543603284925,24.977132526051026],[121.55346429017914,24.975448192597916],[121.55259405861993,24.973651570247934],[121.55142333860282,24.971630370104204],[121.5499521301278,24.969384592166726],[121.54818043319489,24.966914236435503],[121.54610824780406,24.96421930291053],[121.54456093261096,24.961714831372348],[121.54353848761563,24.959400821820953],[121.54304091281806,24.957277274256352],[121.54306820821819,24.95534418867854],[121.54296478267896,24.95386162179489],[121.54273063620033,24.952829573605392],[121.5423657687823,24.952248044110053],[121.54187018042488,24.95211703330887],[121.54137459206746,24.952045355394915],[121.54087900371005,24.952033010368197],[121.54038341535262,24.952079998228708],[121.5398878269952,24.95218631897645],[121.53926834154842,24.952497949275052],[121.53852495901229,24.95301488912452],[121.5376576793868,24.95373713852485],[121.53666650267196,24.954664697476048],[121.53581262519998,24.955617920859456],[121.53509604697089,24.95659680867508],[121.53451676798466,24.957601360922922],[121.5340747882413,24.958631577602983],[121.5337544306957,24.95985339570052],[121.53355569534781,24.96126681521554],[121.5334785821977,24.962871836148043],[121.53352309124533,24.964668458498025],[121.53319538201036,24.966128214157383],[121.53249545449283,24.967251103126124],[121.53142330869272,24.96803712540424],[121.52997894461002,24.968486280991737],[121.52884407363999,24.969047725476106],[121.5280186957826,24.96972145885735],[121.5275028110379,24.970507481135467],[121.52729641940584,24.971405792310456],[121.52724353236661,24.97230410348545],[121.52734414992022,24.973202414660438],[121.52759827206663,24.97410072583543],[121.52800589880589,24.97499903701042],[121.52785448915265,24.975999381386607],[121.52714404310692,24.97710175896399],[121.52587456066868,24.978306169742567],[121.52404604183799,24.979612613722338],[121.52205516726816,24.980510436520866],[121.51990193695924,24.98099963813814],[121.51758635091124,24.981080218574167],[121.51510840912414,24.980752177828947],[121.51275436442639,24.980566945861767],[121.510524216818,24.980524522672635],[121.50841796629895,24.980624908261547],[121.50643561286927,24.9808681026285],[121.50457715652894,24.981537601125673],[121.50284259727796,24.982633403753066],[121.50123193511635,24.984155510510686],[121.49974517004408,24.98610392139852],[121.49825840497182,24.987516628617797],[121.49677163989955,24.98839363216852],[121.49528487482729,24.988734932050686],[121.49379810975503,24.98854052826429],[121.49231134468276,24.98848749143826],[121.4908245796105,24.988575821572585],[121.48933781453823,24.98880551866727],[121.48785104946597,24.989176582722312],[121.48599259312564,24.98923082118387],[121.48376244551724,24.988968234051942],[121.48116060664078,24.988388821326527],[121.47818707649625,24.98749258300763],[121.47508964926237,24.98627730601066],[121.47186832493914,24.98474299033561],[121.46852310352655,24.98288963598249],[121.4650539850246,24.980717242951304],[121.46208045488007,24.979264229697648],[121.45960251309296,24.978530596221532],[121.45762015966328,24.97851634252295],[121.45613339459102,24.97922146860191],[121.4545227324294,24.97975164019445],[121.45278817317842,24.98010685730059],[121.45092971683809,24.980287119920316],[121.44894736340841,24.98029242805363],[121.44727319444405,24.98049844683607],[121.44590720994502,24.98090517626763],[121.44484940991133,24.98151261634832],[121.44409979434293,24.982320767078125],[121.44367011277309,24.983376035712972],[121.44356036520173,24.984678422252866],[121.4437705516289,24.986227926697808],[121.44430067205458,24.98802454904779],[121.44469561256336,24.98948430470715],[121.44495537315525,24.99060719367589],[121.44507995383024,24.991393215954005],[121.44506935458834,24.9918423715415],[121.44502037196793,24.992291527128998],[121.44493300596899,24.992740682716494],[121.44480725659155,24.993189838303987],[121.44464312383556,24.993638993891484],[121.44412299269631,24.99438464719135],[121.44324686317375,24.99542679820359],[121.44201473526793,24.996765446928197],[121.44042660897881,24.99840059336518],[121.43920175598016,24.99989189996491],[121.43834017627199,25.0012393667274],[121.4378418698543,25.00244299365264]]],[[[121.44159230239191,24.971857288529133],[121.44131441971683,24.972934325686648],[121.44129937546865,24.97389663401907],[121.44154716964736,24.9747442135264],[121.44205780225296,24.975477064208633],[121.44283127328546,24.97609518606577],[121.44353527364919,24.97652355951997],[121.44416980334414,24.976762184571218],[121.44473486237034,24.97681106121953],[121.44523045072775,24.976670189464897],[121.44572603908517,24.976359890415296],[121.4462216274426,24.975880164070734],[121.44671721580002,24.975231010431205],[121.44721280415745,24.974412429496706],[121.44754256102895,24.973659248710085],[121.44770648641455,24.972971468071336],[121.44770458031424,24.97234908758046],[121.44753684272801,24.97179210723746],[121.44708128266683,24.97132969048458],[121.4463379001307,24.970961837321813],[121.44530669511963,24.97068854774917],[121.44398766763358,24.970509821766644],[121.44292892635028,24.970645036569127],[121.4421304712697,24.971094192156624],[121.44159230239191,24.971857288529133]]],[[[121.60194418771019,25.0833604419017],[121.601520476711,25.083673803049752],[121.6013086212114,25.08395010950415],[121.6013086212114,25.084189361264905],[121.601520476711,25.084391558332012],[121.60194418771019,25.084556700705466],[121.60231175359206,25.084639271892193],[121.60262317435662,25.084639271892193],[121.60287845000386,25.084556700705466],[121.60307758053378,25.084391558332012],[121.60317714579874,25.084189361264905],[121.60317714579874,25.08395010950415],[121.60307758053378,25.083673803049752],[121.60287845000386,25.0833604419017],[121.60262317435662,25.083203761327677],[121.60231175359206,25.083203761327677],[121.60194418771019,25.0833604419017]]],[[[121.6579133348486,25.064215449996993],[121.6577984579209,25.06428166956701],[121.65764476389157,25.064443623141393],[121.65745225276055,25.064701310720146],[121.65722092452789,25.06505473230327],[121.65695077919356,25.065503887890767],[121.6568674153823,25.066065332375135],[121.65697083309405,25.06673906575638],[121.65726103232882,25.067525088034497],[121.65773801308664,25.068423399209486],[121.65832055320975,25.069284385182094],[121.65900865269819,25.07010804595232],[121.65980231155191,25.070894381520173],[121.66070152977096,25.071643391885633],[121.6614998405246,25.072237597917354],[121.66219724381281,25.072676999615332],[121.66279373963565,25.072961596979567],[121.66328932799307,25.073091390010056],[121.6637849163505,25.0731528882067],[121.6642805047079,25.07314609156948],[121.66477609306533,25.073071000098412],[121.66527168142275,25.072927613793496],[121.66569111529198,25.07252393089517],[121.66603439467305,25.071859951403443],[121.66630151956593,25.070935675318317],[121.66649248997062,25.06975110263979],[121.66651651066607,25.068638095337143],[121.66637358165222,25.067596653410384],[121.66606370292912,25.066626776859504],[121.66558687449677,25.065728465684515],[121.66517682059006,25.0650191062033],[121.66483354120899,25.06449869841588],[121.66455703635359,25.064167242322235],[121.66434730602383,25.064024737922374],[121.66406611118715,25.06388228882702],[121.66371345184358,25.06373989503618],[121.66328932799307,25.06359755654985],[121.66279373963565,25.06345527336803],[121.66229815127822,25.063356412376162],[121.6618025629208,25.06330097357424],[121.66130697456339,25.063288956962275],[121.66081138620596,25.063320362540253],[121.66031579784854,25.063390707332157],[121.65982020949112,25.06349999133799],[121.65932462113369,25.063648214557755],[121.65882903277628,25.063835376991445],[121.65842862227629,25.063992303709213],[121.65812338963374,25.064118994711063],[121.6579133348486,25.064215449996993]]]]}},{"type":"Feature","properties":{"arrival_time":"09:00","color":"#A3E635","cutoff":3600,"departure_time":"09:00","layer":"isochrone","minutes":60,"name":"60分鐘","time_slot":"09:00","time_type":"arrival"},"geometry":{"type":"MultiPolygon","coordinates":[[[[121.25349346841519,24.971849273814527],[121.25336541363565,24.972929516857885],[121.25342528333525,24.973900656526318],[121.25367307751397,24.974762692819823],[121.25410879617178,24.9755156257384],[121.25473243930874,24.976159455282048],[121.2553240687508,24.97667861953457],[121.25588368449797,24.977073118495966],[121.25641128655029,24.977342952166236],[121.25690687490771,24.97748812054538],[121.25740246326512,24.977588615643015],[121.25789805162255,24.977644437459137],[121.25839363997997,24.97765558599375],[121.2588892283374,24.977622061246862],[121.2594931252292,24.977408049392714],[121.2602053306554,24.97701355043132],[121.261025844616,24.976438564362674],[121.26195466711098,24.975683091186774],[121.2626480204196,24.9748919085111],[121.26310590454192,24.974065016335654],[121.26332831947788,24.973202414660438],[121.2633152652275,24.97230410348545],[121.26321825871523,24.971518081207332],[121.26303729994103,24.970844347826088],[121.26277238890493,24.97028290334172],[121.26242352560693,24.969833747754222],[121.26214404898616,24.969482688254537],[121.26193395904257,24.969229724842652],[121.26179325577615,24.96907485751858],[121.26172193918698,24.96901808628231],[121.26154455465573,24.968920254810335],[121.26126110218243,24.968781363102647],[121.26087158176708,24.968601411159245],[121.26037599340965,24.96838039898013],[121.25988040505223,24.968206301629458],[121.25938481669482,24.968079119107216],[121.2588892283374,24.967998851413416],[121.25839363997997,24.967965498548047],[121.2577741545332,24.968085073898994],[121.25703077199707,24.968357577466247],[121.25616349237157,24.968783009249805],[121.25517231565674,24.96936136924968],[121.25439691942572,24.970065200010424],[121.25383730367854,24.970894501532037],[121.25349346841519,24.971849273814527]]],[[[121.30291583891781,24.984224628977923],[121.30269680731195,24.984666623595885],[121.3025002261684,24.985110408456226],[121.30232609548716,24.985555983558953],[121.3021744152682,24.98600334890406],[121.30204518551157,24.986452504491556],[121.30197599785271,24.9871262378728],[121.30196685229167,24.98802454904779],[121.30201774882843,24.98914743801653],[121.302128687463,24.990494904779016],[121.30251901629961,24.99186928672802],[121.30318873533828,24.993270583863538],[121.304137844579,24.994698796185578],[121.30536634402179,24.996153923694134],[121.30653551278257,24.997342691022343],[121.30764535086138,24.998265098170208],[121.30869585825822,24.99892114513773],[121.30968703497307,24.999310831924902],[121.31080210877727,24.999598962700794],[121.31204107967082,24.99978553746541],[121.31340394765373,24.99987055621875],[121.31489071272598,24.999854018960804],[121.31627642212453,24.999721413448523],[121.31756107584935,24.999472739681902],[121.31874467390048,24.99910799766094],[121.31982721627789,24.99862718738564],[121.32085178231371,24.99804200188542],[121.32181837200791,24.997352441160274],[121.32272698536055,24.996558505210206],[121.32357762237156,24.995660194035214],[121.32426834242797,24.9944250161696],[121.32479914552975,24.992852971613367],[121.3251700316769,24.990944060366513],[121.32538100086943,24.988698282429034],[121.32500319061859,24.986632506739497],[121.32403660092437,24.9847467332979],[121.32248123178678,24.983040962104244],[121.32033708320583,24.981515193158522],[121.31848117759138,24.980297380206636],[121.31691351494348,24.979387523248576],[121.31563409526211,24.978785622284352],[121.31464291854728,24.978491677313958],[121.31365174183243,24.978314235714574],[121.3126605651176,24.978253297486216],[121.31166938840275,24.978308862628875],[121.3106782116879,24.97848093114255],[121.30956313788371,24.978911395223925],[121.30832416699016,24.979600254873006],[121.30696129900724,24.980547510089785],[121.30547453393498,24.981753160874266],[121.30430470222933,24.98276789761712],[121.30345180389027,24.98359172031834],[121.30291583891781,24.984224628977923]]],[[[121.32311844306338,24.96807485104488],[121.32315212469001,24.969227565316114],[121.32342275319189,24.97076583440078],[121.32393032856903,24.972689658298883],[121.32467485082144,24.97499903701042],[121.3256563199491,24.977693970535395],[121.32675658306262,24.980052037369745],[121.32797564016198,24.982073237513475],[121.32931349124718,24.98375757096658],[121.33077013631826,24.98510503772907],[121.33223584788006,24.986129497472067],[121.3337106259326,24.98683095019558],[121.33519447047587,24.987209395899594],[121.33668738150989,24.987264834584124],[121.33817875605348,24.987167244080634],[121.33966859410661,24.986916624389124],[121.34115689566931,24.986512975509594],[121.34264366074157,24.985956297442044],[121.34412775445351,24.98487807645902],[121.34560917680514,24.98327831256052],[121.34708792779645,24.981157005746542],[121.34856400742743,24.9785141560171],[121.34962044894317,24.97608286313252],[121.35025725234365,24.9738631270928],[121.35047441762889,24.971854947897953],[121.35027194479889,24.97005832554797],[121.35017337974422,24.968686546577924],[121.35017872246485,24.967739610987813],[121.3502879729608,24.967217518777634],[121.3505011312321,24.967120269947394],[121.35078489702492,24.9670391110121],[121.35113927033926,24.966974041971753],[121.35156425117515,24.966925062826355],[121.35205983953257,24.9668921735759],[121.35318119339621,24.96712461895198],[121.3549283127661,24.967622398954603],[121.35730119764219,24.96838551358375],[121.36029984802451,24.969413962839436],[121.3629297849453,24.970634455368693],[121.36519100840451,24.972046991171524],[121.36708351840217,24.973651570247934],[121.36860731493827,24.975448192597916],[121.3700887775288,24.97758168163852],[121.37152790617377,24.980052037369745],[121.37292470087316,24.982859259791592],[121.37427916162697,24.98600334890406],[121.37605592788269,24.988714204316064],[121.37825499964026,24.9909918260276],[121.38087637689972,24.992836214038668],[121.38392005966104,24.99424736834927],[121.38640932794026,24.99551438998894],[121.38834418173735,24.99663727895768],[121.38972462105232,24.997616035255486],[121.3905506458852,24.998450658882362],[121.3911344260902,24.99941349329314],[121.39147596166737,25.00050453848782],[121.39157525261668,25.001723794466404],[121.3914322989381,25.00307126122889],[121.39093646561338,25.00453101688825],[121.39008775264249,25.006103061444485],[121.38888616002544,25.007787394897594],[121.3873316877622,25.009584017247576],[121.38614302087377,25.011380639597558],[121.38532015936015,25.01317726194754],[121.38486310322135,25.014973884297522],[121.38477185245732,25.016770506647504],[121.38523706698021,25.018791706791234],[121.38625874678999,25.021037484728712],[121.38783689188666,25.023507840459935],[121.38997150227024,25.02620277398491],[121.39186383603972,25.02878541861301],[121.39351389319505,25.031255774344235],[121.39492167373626,25.033613841178585],[121.39608717766335,25.035859619116064],[121.39796732579138,25.038554552641035],[121.40056211812036,25.041698641753502],[121.40387155465027,25.04529188645347],[121.4078956353811,25.049334286740926],[121.41082830942022,25.053039820337766],[121.41266957676763,25.05640848724398],[121.4134194374233,25.059440287459577],[121.41307789138725,25.062135220984548],[121.41331297876783,25.064942443406395],[121.41412469956508,25.067861954725117],[121.41551305377897,25.070893754940712],[121.41747804140951,25.07403784405318],[121.41881399228197,25.07669206322379],[121.41952090639636,25.078856412452527],[121.41959878375268,25.08053089173941],[121.41904762435094,25.081715501084428],[121.41739528390606,25.08384780556895],[121.41464176241807,25.086927805192975],[121.41078705988699,25.090955499956507],[121.40583117631277,25.095930889859545],[121.40189264759255,25.100255921515412],[121.39897147372629,25.10393059492411],[121.39706765471404,25.10695491008564],[121.39618119055575,25.109328867],[121.3955116474879,25.111221623582647],[121.39505902551046,25.112633179833573],[121.39482332462349,25.113563535752785],[121.39480454482694,25.11401269134028],[121.39481642163392,25.114461846927775],[121.39485895504446,25.11491100251527],[121.39493214505852,25.115360158102767],[121.39503599167612,25.115809313690264],[121.39531422597364,25.116380438838373],[121.39576684795107,25.117073533547096],[121.39639385760839,25.11788859781643],[121.39719525494561,25.118825631646377],[121.39816799421659,25.119595824254276],[121.39931207542135,25.120199175640124],[121.40062749855984,25.12063568580391],[121.40211426363211,25.120905354745656],[121.40347713161502,25.120991915003927],[121.40471610250857,25.12089536657873],[121.40583117631277,25.12061570947006],[121.40682235302761,25.12015294367792],[121.40792468083865,25.119395307295182],[121.40913815974584,25.118342800321837],[121.41046278974923,25.116995422757896],[121.4118985708488,25.115353174603356],[121.41348374102408,25.113861319577914],[121.41521830027504,25.11251985768157],[121.41710224860174,25.111328788914324],[121.4191355860041,25.11028811327618],[121.42083649783973,25.109880064353984],[121.42220498410859,25.110104642147732],[121.4232410448107,25.11096184665742],[121.42394467994606,25.112451677883065],[121.42431616155208,25.114130495786664],[121.42435548962881,25.115998300368222],[121.42406266417623,25.118055091627742],[121.42343768519434,25.120300869565217],[121.42301596066967,25.1220974919152],[121.42279749060225,25.123444958677688],[121.42278227499206,25.124343269852677],[121.4229703138391,25.124792425440173],[121.42316856631363,25.12516435970039],[121.4233770324156,25.125459072633323],[121.42359571214506,25.125676564238976],[121.42382460550198,25.125816834517348],[121.42468895755238,25.12555010296591],[121.42618876829627,25.12487636958467],[121.42832403773362,25.123795634373618],[121.43109476586447,25.122307897332757],[121.43334740955538,25.120721390245755],[121.43508196880634,25.119036113112607],[121.43629844361739,25.11725206593331],[121.43699683398849,25.115369248707875],[121.43767917992513,25.114090973404533],[121.43834548142728,25.11341724002329],[121.43899573849492,25.113348048564145],[121.43962995112811,25.113883399027095],[121.43987100436732,25.115520089739924],[121.43971889821248,25.118258120702624],[121.43917363266365,25.1220974919152],[121.4382352077208,25.12703820337765],[121.43723753637744,25.131417470355732],[121.43618061863356,25.135235292849444],[121.43506445448917,25.138491670858787],[121.43388904394423,25.14118660438376],[121.43275790630241,25.143462158929886],[121.43167104156367,25.14531833449716],[121.43062844972806,25.14675513108559],[121.42963013079553,25.147772548695166],[121.42801411197064,25.14877103936325],[121.42578039325339,25.149750603089835],[121.4229289746438,25.15071123987492],[121.41945985614186,25.151652949718507],[121.41623853181862,25.151975628125427],[121.41326500167409,25.151679275095685],[121.41053926570827,25.150763890629282],[121.40806132392116,25.149229474726212],[121.40581276835275,25.14808477380826],[121.40379359900301,25.147329787875428],[121.40200381587194,25.14696451692771],[121.40044341895957,25.146988960965103],[121.39996189500543,25.148017894065017],[121.40055924400959,25.150051316227444],[121.40223546597198,25.15308922745239],[121.40499056089264,25.15713162773985],[121.40788129727898,25.16038800574919],[121.41090767513099,25.162858361480417],[121.41406969444867,25.164542694933527],[121.41736735523202,25.165441006108516],[121.41995648201518,25.166209865710552],[121.42183707479813,25.166849273739633],[121.42300913358092,25.16735923019575],[121.4234726583635,25.16773973507892],[121.4238361214001,25.168042276417374],[121.42409952269077,25.168266854211122],[121.42426286223545,25.168413468460162],[121.42432614003417,25.16848211916449],[121.42390122058877,25.168982762780235],[121.42298810389923,25.16991539930739],[121.42158678996552,25.171280028745958],[121.41969727878768,25.17307665109594],[121.41823331174815,25.17476098454905],[121.41719488884686,25.176333029105283],[121.4165820100839,25.17779278476464],[121.4163946754592,25.17914025152713],[121.41638587522355,25.180416269496376],[121.41655560937699,25.181620838672377],[121.41690387791945,25.182753959055134],[121.417430680851,25.183815630644652],[121.41830199234901,25.184907910923783],[121.41951781241355,25.18603079989252],[121.42107814104457,25.187184297550868],[121.42298297824209,25.188368403898828],[121.42467877937698,25.189549611014243],[121.42616554444925,25.190727918897103],[121.42744327345888,25.19190332754742],[121.42851196640589,25.193075836965185],[121.42948335838827,25.193774380570943],[121.43035744940602,25.193998958364688],[121.43113423945914,25.193749570346426],[121.43181372854762,25.193026216516156],[121.43240126727058,25.19212248918539],[121.432896855628,25.191038388354126],[121.43330049361988,25.189773914022364],[121.43361218124625,25.188329066190107],[121.43418742688335,25.18726977558336],[121.43502623053118,25.186596042202115],[121.43612859218975,25.186307866046377],[121.43749451185907,25.18640524711615],[121.43892085422986,25.186781903351196],[121.44040761930212,25.18743783475152],[121.44195480707586,25.18837304131712],[121.44356241755106,25.189587523048],[121.44499970848423,25.19019476391344],[121.44626667987534,25.19019476391344],[121.4473633317244,25.189587523048],[121.4482896640314,25.18837304131712],[121.44967585142888,25.187013024431465],[121.4515218939168,25.185507472391038],[121.45382779149517,25.18385638519583],[121.456593544164,25.18205976284585],[121.45896231537795,25.17981398490837],[121.46093410513704,25.1771190513834],[121.46250891344125,25.173974962270933],[121.46368674029061,25.170381717570965],[121.46507265650138,25.16667618397413],[121.46666666207356,25.162858361480417],[121.46846875700719,25.158928250089833],[121.47047894130223,25.154885849802373],[121.47200111474443,25.1518422740528],[121.47303527733379,25.14979752284111],[121.4735814290703,25.14875159616731],[121.47363956995396,25.148704494031392],[121.47380707270608,25.148605339188915],[121.47408393732663,25.14845413163987],[121.4744701638156,25.148250871384256],[121.47496575217302,25.14799555842208],[121.47546134053044,25.147782995289173],[121.47595692888787,25.14761318198554],[121.47645251724529,25.14748611851118],[121.4769481056027,25.147401804866092],[121.47744369396013,25.147345696519384],[121.47793928231755,25.147317793471057],[121.47843487067497,25.147318095721115],[121.4789304590324,25.14734660326955],[121.48016942992595,25.147722365882522],[121.48215178335563,25.14844538356003],[121.48487751932144,25.14951565630207],[121.4883466378234,25.15093318410865],[121.49181575632534,25.152165636343945],[121.49528487482729,25.15321301300797],[121.49875399332925,25.154075314100716],[121.50222311183119,25.154752539622187],[121.5049465960362,25.155163192420584],[121.50692444594429,25.15530727249591],[121.50815666155545,25.155184779848167],[121.50864324286967,25.154795714477352],[121.5090670108501,25.154054759861744],[121.50942796549676,25.15296191600135],[121.50972610680964,25.151517182896157],[121.50996143478872,25.149720560546175],[121.51020524762842,25.148271211052876],[121.51045754532872,25.147169134416266],[121.51071832788965,25.14641433063634],[121.51098759531119,25.1460067997131],[121.5113134429667,25.145728017786976],[121.51169587085617,25.145577984857972],[121.51213487897961,25.145556700926086],[121.51263046733703,25.14566416599132],[121.51356805678425,25.146942670223485],[121.51494764732128,25.149392213622583],[121.51676923894809,25.153012796188612],[121.51903283166472,25.157804417921575],[121.52078411346982,25.161458772950223],[121.52202308436337,25.163975861274558],[121.52274974434538,25.165355682894575],[121.52296409341585,25.16559823781028],[121.52320385706655,25.165831804165006],[121.52346903529744,25.16605638195875],[121.52375962810851,25.16627197119152],[121.5240756354998,25.166478571863312],[121.52497702173157,25.16655285524433],[121.52646378680383,25.166494821334577],[121.5285359307166,25.166304470134047],[121.53119345346983,25.165981801642747],[121.5336821838922,25.16542649453869],[121.53600212198364,25.16463854882187],[121.53815326774422,25.163617964492296],[121.5401356211739,25.162364741549965],[121.54199407751423,25.161485282207693],[121.54372863676521,25.160979586465476],[121.54533929892683,25.16084765432332],[121.54682606399909,25.16108948578122],[121.54843672616072,25.161505164807963],[121.55017128541168,25.162094691403556],[121.55202974175201,25.162858065568],[121.5540120951817,25.163795287301287],[121.55593198939997,25.16448512426499],[121.55778942440685,25.16492757645911],[121.55958440020231,25.165122643883645],[121.56131691678637,25.165070326538594],[121.56290072918279,25.16480651073606],[121.56433583739155,25.16433119647604],[121.56562224141271,25.163644383758534],[121.56675994124619,25.162746072583545],[121.56772514880885,25.161847761408552],[121.56851786410061,25.160949450233563],[121.5691380871215,25.16005113905857],[121.56958581787154,25.159152827883577],[121.5698914426753,25.157356205533596],[121.57005496153279,25.154661272008624],[121.570076374444,25.15106802730866],[121.56995568140894,25.146576471433704],[121.57005702481435,25.142852793984158],[121.57038040466023,25.139896994960015],[121.5709258209466,25.137709074361286],[121.57169327367345,25.136289032187964],[121.57230315668927,25.13400696654507],[121.5727554699941,25.130862877432598],[121.5730502135879,25.126856764850558],[121.57318738747072,25.121988628798945],[121.57350376859085,25.11783949813422],[121.57399935694826,25.114409372856382],[121.57467415254298,25.111698252965436],[121.57552815537501,25.109706138461377],[121.57753152548196,25.10775281075474],[121.58068426286378,25.105838269845524],[121.58498636752053,25.103962515733734],[121.59043783945215,25.102125548419373],[121.59601320847314,25.101222778648822],[121.6017124745835,25.10125420642209],[121.60753563778319,25.102219831739177],[121.61348269807225,25.104119654600073],[121.61865620663896,25.104567080825774],[121.62305616348334,25.103562110416263],[121.62668256860536,25.101104743371554],[121.62953542200506,25.097194979691636],[121.63163761460231,25.093813501344197],[121.63298914639712,25.09096030832925],[121.63359001738948,25.088635400646783],[121.6334402275794,25.0868387782968],[121.63339550186056,25.08544371554336],[121.63345584023298,25.084450212386457],[121.63362124269663,25.083858268826095],[121.63389170925156,25.083667884862273],[121.6342184562571,25.083511543816503],[121.63460148371325,25.08338924568878],[121.63504079162006,25.083300990479117],[121.63553637997748,25.0832467781875],[121.63623593756374,25.083491845826394],[121.63713946437886,25.084036193395804],[121.63824696042285,25.084879820895722],[121.63955842569565,25.086022728326153],[121.64058584960013,25.08722206637212],[121.64132923213627,25.08847783503363],[121.64178857330405,25.089790034310678],[121.6419638731035,25.091158664203263],[121.64221924504244,25.092252782758727],[121.64255468912087,25.093072389977067],[121.6429702053388,25.09361748585828],[121.64346579369622,25.09388807040237],[121.64429199117599,25.09368120520127],[121.64544879777812,25.092996890254977],[121.64693621350261,25.091835125563495],[121.64875423834944,25.090195911126813],[121.65040663330899,25.088922767451944],[121.65189339838125,25.08801569453889],[121.65321453356623,25.08747469238764],[121.65437003886393,25.087299760998203],[121.65573225619461,25.087863009978534],[121.6573011855583,25.089164439328634],[121.65907682695499,25.091204049048503],[121.66105918038467,25.093981839138138],[121.66279373963565,25.09618180694214],[121.6642805047079,25.09780395246051],[121.66551947560146,25.09884827569324],[121.6665106523163,25.099314776640337],[121.6676257261205,25.099649560676344],[121.66886469701406,25.099852627801273],[121.67022756499696,25.09992397801511],[121.67171433006922,25.09986361131787],[121.67332499223085,25.099591037390056],[121.67505955148182,25.099106256231682],[121.67691800782215,25.098409267842744],[121.67890036125183,25.097500072223237],[121.68075881759216,25.096361963538328],[121.68249337684314,25.09499494178801],[121.68410403900475,25.09339900697229],[121.68559080407702,25.091574159091167],[121.68707756914928,25.09017852084624],[121.68856433422155,25.089212092237517],[121.69005109929381,25.088674873264996],[121.69153786436607,25.088566863928673],[121.69330978336899,25.08788267741379],[121.69536685630254,25.08662231372034],[121.69770908316674,25.084785772848324],[121.70033646396162,25.08237305479775],[121.70234383117327,25.080451227362943],[121.70373118480173,25.079020290543905],[121.70449852484695,25.07808024434064],[121.70464585130901,25.077631088753144],[121.7047708359499,25.077181933165647],[121.70487347876964,25.076732777578155],[121.7049537797682,25.076283621990658],[121.70501173894561,25.075834466403162],[121.70485992413663,25.075048444125045],[121.70449833534124,25.073925555156308],[121.70392697255944,25.072465799496946],[121.70314583579126,25.070669177146964],[121.7028020930873,25.068872554796982],[121.70289574444756,25.067075932447],[121.70342678987207,25.06527931009702],[121.70439522936081,25.063482687747037],[121.7051673940548,25.06157377650018],[121.70574328395405,25.05955257635645],[121.70612289905853,25.057419087315846],[121.70630623936827,25.055173309378368],[121.70638629977057,25.05338801163153],[121.70636308026539,25.052063194075338],[121.70623658085277,25.05119885670978],[121.7060068015327,25.050794999534865],[121.70581621688895,25.05048078205054],[121.70566482692155,25.05025620425679],[121.70555263163047,25.050121266153624],[121.70547963101573,25.050075967741044],[121.70519533652964,25.050045814145527],[121.70469974817222,25.05003080536708],[121.70399286594346,25.050030941405694],[121.70307468984336,25.05004622226138],[121.70213826358957,25.0503482161804],[121.7011835871821,25.05093692316276],[121.70021066062094,25.051812343208457],[121.6992194839061,25.052974476317495],[121.6981044101019,25.05400442549017],[121.69686543920835,25.05490219072649],[121.69550257122545,25.05566777202645],[121.69401580615317,25.05630116939005],[121.69190955563414,25.056524191440733],[121.68918381966833,25.056336838178495],[121.68583859825573,25.055739109603337],[121.68187389139636,25.054731005715258],[121.67845389242845,25.053549673145387],[121.675578601352,25.052195111893734],[121.67324801816704,25.05066732196029],[121.67146214287352,25.048966303345058],[121.66945413142257,25.047313506910243],[121.66722398381418,25.045708932655852],[121.66477170004833,25.04415258058188],[121.66209728012507,25.04264445068833],[121.65971977391453,25.041508180004776],[121.65763918141676,25.04074376853122],[121.65585550263175,25.040351216267663],[121.65436873755948,25.040330523214102],[121.65288197248722,25.040461695007274],[121.65139520741496,25.04074473164718],[121.64990844234269,25.041179633133815],[121.64842167727043,25.041766399467186],[121.64704441300933,25.04165596609253],[121.6457766495594,25.04084833300985],[121.64461838692063,25.03934350021915],[121.64356962509302,25.037141467720424],[121.64217796455372,25.035176927135534],[121.64044340530275,25.033449878464484],[121.6383659473401,25.031960321707277],[121.63594559066576,25.030708256863907],[121.63338694062388,25.02964922628374],[121.63068999721443,25.028783229966784],[121.62785476043746,25.02811026791303],[121.62488123029293,25.02763034012248],[121.6218842344411,25.02680508126306],[121.61886377288198,25.02563449133476],[121.61581984561553,25.024118570337592],[121.6127524526418,25.022257318271542],[121.61038558402326,25.02074909032514],[121.60871923975994,25.019593886498367],[121.60775341985182,25.018791706791234],[121.60748812429888,25.018342551203737],[121.60731171085358,25.01789339561624],[121.60722417951595,25.017444240028745],[121.60722553028593,25.016995084441252],[121.60731576316356,25.016545928853755],[121.60757456628727,25.016053825421434],[121.60800193965706,25.015518774144287],[121.60859788327289,25.014940775022314],[121.60936239713483,25.014319828055513],[121.61080306215676,25.01371062324294],[121.6129198783387,25.01311316058459],[121.61571284568063,25.01252744008046],[121.61918196418259,25.011953461730563],[121.62265108268453,25.01198835638152],[121.62612020118648,25.012632124033335],[121.62958931968844,25.013884764686008],[121.63305843819037,25.015746278339538],[121.6360319683349,25.01719209166585],[121.63850991012201,25.018222204664955],[121.64049226355169,25.018836617336838],[121.64197902862396,25.0190353296815],[121.64346579369622,25.018978044414347],[121.64495255876848,25.01866476153537],[121.64643932384075,25.01809548104457],[121.64792608891301,25.017270202941944],[121.64911148006908,25.01630437202964],[121.64999549730894,25.015197988307648],[121.65057814063259,25.013951051775972],[121.65085941004004,25.01256356243461],[121.6508761476544,25.011248867902296],[121.6506283534757,25.010006968179038],[121.65011602750391,25.008837863264826],[121.64933916973904,25.007741553159672],[121.64811485179477,25.006631953622723],[121.64644307367111,25.005509064653985],[121.64432383536804,25.004372886253456],[121.64175713688559,25.003223418421133],[121.6392348167508,25.00192510349693],[121.6367568749637,25.000477941480835],[121.63432331152427,24.998881932372857],[121.63193412643251,24.99713707617299],[121.62989444343498,24.995285992630325],[121.62820426253168,24.993328681744845],[121.62686358372261,24.99126514351657],[121.62587240700778,24.989095377945482],[121.6241378477568,24.98725202250707],[121.6216599059697,24.98573507720132],[121.61843858164646,24.984544542028235],[121.61447387478708,24.983680416987816],[121.61114091777021,24.982542676457236],[121.6084397105958,24.981131320436493],[121.60637025326389,24.97944634892559],[121.60493254577446,24.977487761924525],[121.60339206680733,24.975681954983102],[121.6017488163625,24.974028928101326],[121.60000279443997,24.972528681279197],[121.59815400103975,24.971181214516708],[121.59622616322908,24.970072173034612],[121.59421928100797,24.969201556832907],[121.59213335437643,24.968569365911595],[121.58996838333447,24.968175600270666],[121.58784906669555,24.967927049824183],[121.58577540445972,24.967823714572134],[121.58374739662698,24.967865594514524],[121.58176504319728,24.968052689651355],[121.57999062945186,24.968020100836252],[121.57842415539068,24.967767828069217],[121.57706562101374,24.967295871350252],[121.57591502632108,24.96660423067936],[121.5751088135799,24.96541176679494],[121.57464698279023,24.96371847969701],[121.57452953395202,24.961524369385554],[121.57475646706528,24.958829435860583],[121.57477453561822,24.956022213438736],[121.57458373961082,24.953102702120013],[121.57418407904306,24.95007090190442],[121.57357555391498,24.94692681279195],[121.57292935000912,24.944119590370104],[121.57224546732547,24.94164923463888],[121.5715239058641,24.939515745598275],[121.57076466562494,24.937719123248293],[121.5700143642915,24.935136478620194],[121.56927300186376,24.93176781171398],[121.56854057834173,24.927613122529646],[121.5678170937254,24.922672411067193],[121.56742121677242,24.91840543298599],[121.56735294748273,24.91481218828602],[121.5676122858564,24.9118926769673],[121.56819923189339,24.909646899029823],[121.56862381684894,24.907625698886093],[121.56888604072309,24.90582907653611],[121.5689859035158,24.904257031979878],[121.56892340522705,24.902909565217392],[121.56861785914155,24.90144980955803],[121.56806926525931,24.899877765001797],[121.56727762358028,24.898193431548687],[121.56624293410451,24.896396809198706],[121.56535702860543,24.894552607651608],[121.56461990708311,24.892660826907395],[121.5640315695375,24.89072146696607],[121.56359201596861,24.888734527827626],[121.56290196946398,24.886730458186534],[121.5619614300236,24.884709258042804],[121.56077039764746,24.882670927396436],[121.55932887233561,24.88061546624742],[121.55836031550096,24.878277016208205],[121.55786472714354,24.875655577278803],[121.55784210726334,24.872751149459198],[121.55829245586035,24.869563732749402],[121.55849538494377,24.86695942432264],[121.55845089451351,24.86493822417891],[121.55815898456963,24.863500132318215],[121.55761965511213,24.862645148740548],[121.55697829911531,24.861884545788445],[121.55623491657919,24.861218323461898],[121.55538950750373,24.86064648176091],[121.55444207188897,24.860169020685476],[121.55360759808856,24.859798623349015],[121.55288608610248,24.859535289751527],[121.55227753593073,24.85937901989301],[121.5517819475733,24.859329813773464],[121.55128635921588,24.85930847331446],[121.55079077085846,24.859314998516],[121.55029518250105,24.859349389378078],[121.54979959414362,24.8594116459007],[121.54918010869685,24.85958973239545],[121.54843672616072,24.859883648862322],[121.54756944653522,24.860293395301323],[121.54657826982039,24.860818971712444],[121.5453172721809,24.861759307070464],[121.54378645361676,24.863114401375384],[121.54198581412797,24.864884254627196],[121.53991535371455,24.867068866825903],[121.5381367409717,24.8691293515916],[121.53664997589944,24.871065708924284],[121.53545505849776,24.872877938823954],[121.53455198876665,24.874566041290613],[121.53382116938056,24.876083825905184],[121.53326260033947,24.87743129266767],[121.53287628164341,24.878608441578073],[121.53266221329234,24.87961527263639],[121.53263324200339,24.880931840414494],[121.53278936777656,24.882558144912387],[121.53313059061188,24.884494186130077],[121.53365691050931,24.88673996406755],[121.5339862031328,24.88876116421128],[121.53411846848235,24.890557786561263],[121.53405370655793,24.8921298311175],[121.53379191735957,24.893477297879986],[121.53366216801366,24.89504934243622],[121.5336644585202,24.896845964786202],[121.5337987888792,24.898867164929932],[121.53406515909063,24.90111294286741],[121.53397129082174,24.903583298598633],[121.53351718407254,24.906278232123608],[121.53270283884301,24.909197743442327],[121.53152825513314,24.912341832554798],[121.53036676152966,24.915149054976645],[121.52921835803258,24.917619410707868],[121.5280830446419,24.919752899748474],[121.5269608213576,24.921549522098456],[121.52606346182203,24.92345843334531],[121.52539096603516,24.92547963348904],[121.524943333997,24.927613122529646],[121.52472056570755,24.92985890046712],[121.52411299845667,24.93198614754624],[121.52312063224433,24.933994863766994],[121.52174346707056,24.935885049129386],[121.51998150293535,24.937656703633415],[121.51862005592629,24.938991686472928],[121.5176591260434,24.939889997647917],[121.51709871328664,24.94035163715839],[121.51693881765604,24.940376605004342],[121.51673497275138,24.940411864645277],[121.51648717857267,24.940457416081205],[121.51619543511991,24.940513259312116],[121.51585974239309,24.940579394338016],[121.51526086850753,24.940275595160347],[121.51439881346322,24.939601861779103],[121.51327357726016,24.938558194194286],[121.51188515989837,24.9371445924059],[121.51044756868136,24.935943577965062],[121.5089608036091,24.93495515087178],[121.50742486468158,24.934179311126048],[121.50583975189885,24.933616058727864],[121.50427922604374,24.93327060861003],[121.50274328711623,24.93314296077254],[121.50123193511635,24.9332331152154],[121.49974517004408,24.933541071938606],[121.4980106107931,24.93415942347062],[121.49602825736342,24.935088169811443],[121.49379810975503,24.93632731096107],[121.49132016796793,24.9378768469195],[121.48884222618082,24.938794123170354],[121.48636428439372,24.93907913971362],[121.48388634260661,24.938731896549303],[121.4814084008195,24.9377523936774],[121.4791782532111,24.937063669096634],[121.47719589978142,24.93666572280701],[121.47546134053044,24.936558554808524],[121.47397457545819,24.936742165101172],[121.47264764838376,24.937092152585226],[121.47148055930717,24.937608517260692],[121.47047330822842,24.938291259127563],[121.46962589514753,24.939140378185847],[121.46894666924409,24.940001795273304],[121.46843563051814,24.94087551038994],[121.46809277896965,24.941761523535753],[121.46791811459867,24.942659834710746],[121.46787792251742,24.943558145885735],[121.46797220272596,24.944456457060728],[121.46820095522423,24.945354768235717],[121.46856418001228,24.94625307941071],[121.46917391625497,24.9471513905857],[121.47003016395229,24.94804970176069],[121.47113292310424,24.94894801293568],[121.47248219371082,24.949846324110673],[121.47355211179816,24.95063234638879],[121.47434267736628,24.95130607977003],[121.47485389041513,24.951867524254403],[121.47508575094477,24.952316679841896],[121.47525031784257,24.952765835429393],[121.47534759110857,24.95321499101689],[121.47537757074275,24.953664146604385],[121.4753402567451,24.954113302191878],[121.4751487021452,24.954787035573123],[121.47480290694307,24.955685346748115],[121.4743028711387,24.956808235716853],[121.4736485947321,24.95815570247934],[121.47310021541013,24.95920720448335],[121.47265773317277,24.959962741728884],[121.47232114802003,24.960422314215933],[121.47209045995193,24.960585921944514],[121.47179354681151,24.960691159147697],[121.47143040859875,24.96073802582548],[121.47100104531366,24.960726521977872],[121.47050545695623,24.96065664760487],[121.46939038315203,24.960049897758275],[121.46765582390105,24.958906272438085],[121.46530177920332,24.957225771644303],[121.46232824905879,24.955008395376936],[121.45960251309296,24.953353589108335],[121.45712457130585,24.95226135283851],[121.45489442369747,24.951731686567456],[121.45291207026779,24.951764590295177],[121.44956684885518,24.951158212151917],[121.44485875945969,24.949912552137675],[121.43878780208128,24.948027610252456],[121.43135397671996,24.945503386496245],[121.4254252026404,24.943416492651675],[121.42100147984259,24.941766928718742],[121.41808280832653,24.940554694697447],[121.41666918809223,24.939779790587778],[121.41559068670702,24.939169160306097],[121.41484730417089,24.9387228038524],[121.41443904048384,24.938440721226677],[121.41436589564587,24.938322912428944],[121.41423842997965,24.938151719133202],[121.4140566434852,24.937927141339454],[121.41382053616249,24.9376491790477],[121.41353010801153,24.93731783225794],[121.41338489393604,24.936964717495428],[121.41338489393604,24.93658983476016],[121.41353010801153,24.936193184052133],[121.41382053616249,24.93577476537135],[121.41404398265949,24.935453267134086],[121.41420044750254,24.935228689340338],[121.41428993069161,24.935101031990108],[121.41431243222674,24.935070295083396],[121.41494316844107,24.934771627590482],[121.41618213933462,24.934205029511368],[121.4180293449074,24.933370500846056],[121.42048478515937,24.932268041594547],[121.42247401298559,24.931267656381298],[121.42399702838604,24.930369345206305],[121.42505383136069,24.929573108069572],[121.4256444219096,24.9288789449711],[121.4261097157374,24.928246033750373],[121.42644971284413,24.92767437440739],[121.42666441322974,24.92716396694215],[121.42675381689428,24.926714811354653],[121.42677476817867,24.926329837176198],[121.42672726708292,24.926009044406783],[121.42661131360705,24.925752433046412],[121.42642690775105,24.92556000309508],[121.4261647062697,24.925444577832184],[121.42582470916297,24.92540615725774],[121.4254069164309,24.92544474137173],[121.42491132807349,24.92556033017417],[121.42441573971607,24.925663439602136],[121.42392015135864,24.925754069655632],[121.42342456300122,24.92583222033465],[121.4229289746438,24.925897891639202],[121.42193779792896,24.925813251930805],[121.42045103285669,24.925578301209455],[121.41846867942701,24.925193039475165],[121.4159907376399,24.924657466727922],[121.41338889876344,24.92440217245391],[121.41066316279763,24.92442715665313],[121.40781352974246,24.924732419325586],[121.40483999959793,24.92531796047127],[121.40199036654276,24.925464269726547],[121.39926463057694,24.925171347091418],[121.39666279170048,24.924439192565877],[121.39418484991337,24.923267806149934],[121.39170690812627,24.92226956024234],[121.38922896633916,24.921444454843098],[121.38675102455205,24.92079248995221],[121.38427308276495,24.92031366556967],[121.38179514097784,24.91969097787087],[121.37931719919074,24.91892442685581],[121.37683925740363,24.918014012524488],[121.37436131561653,24.916959734876905],[121.37195985543576,24.916386293526713],[121.36963487686133,24.916293688473914],[121.36738637989322,24.916681919718513],[121.36521436453147,24.917550987260498],[121.36354998369423,24.918315076813865],[121.36239323738153,24.918974188378606],[121.36174412559335,24.919528321954726],[121.36160264832968,24.919977477542222],[121.36150318643182,24.920426633129715],[121.36144573989975,24.92087578871721],[121.3614303087335,24.921324944304708],[121.36145689293303,24.921774099892204],[121.3616656391527,24.922672411067193],[121.36205654739248,24.924019877829682],[121.36262961765235,24.925816500179664],[121.36338484993233,24.92806227811714],[121.36386628312978,24.92985890046712],[121.3640739172447,24.93120636722961],[121.36400775227708,24.9321046784046],[121.36366778822692,24.932553833992095],[121.36276565143413,24.932912872177653],[121.36130134189868,24.933181792961268],[121.35927485962058,24.93336059634294],[121.35668620459982,24.933449282322673],[121.3543730220662,24.933999882943866],[121.35233531201969,24.935012398206503],[121.35057307446031,24.936486828110596],[121.34908630938804,24.93842317265614],[121.34747564722643,24.939983370451134],[121.34574108797545,24.941167421495575],[121.34388263163513,24.941975325789468],[121.34190027820544,24.942407083332807],[121.33942233641834,24.9441865927397],[121.33644880627381,24.947313854010144],[121.33297968777185,24.951788867144145],[121.32901498091249,24.9576116321417],[121.32604987117462,24.962266884457673],[121.32408435855825,24.965754624092067],[121.32311844306338,24.96807485104488]]],[[[121.35460324540605,25.065460267383703],[121.35448169201118,25.066465857879017],[121.35454481240308,25.06744891557189],[121.3547926065818,25.068409440462332],[121.35522507454732,25.069347432550334],[121.3558422162996,25.070262891835892],[121.35680066097126,25.071140116745045],[121.35810040856225,25.071979107277794],[121.3597414590726,25.072779863434125],[121.36172381250229,25.073542385214054],[121.36347525972319,25.07403164797325],[121.36499580073531,25.074247651711712],[121.36628543553867,25.074190396429444],[121.36734416413323,25.073859882126442],[121.36820838351359,25.07349970750231],[121.36887809367973,25.073109872557065],[121.36935329463165,25.072690377290694],[121.36963398636935,25.072241221703198],[121.36982904252336,25.0717920661157],[121.36993846309369,25.07134291052821],[121.36996224808034,25.070893754940712],[121.36990039748328,25.070444599353216],[121.36965851419103,25.069650840915592],[121.3692365982036,25.06851247962784],[121.368634649521,25.06702951548996],[121.3678526681432,25.06520194850195],[121.36677059375243,25.0637948902101],[121.36538842634869,25.06280834061442],[121.36370616593197,25.0622422997149],[121.36172381250229,25.06209676751154],[121.35998925325131,25.06211720663616],[121.35850248817904,25.062303617088762],[121.35726351728549,25.06265599886934],[121.35627234057065,25.063174351977892],[121.35549856968579,25.063814514433137],[121.35494220463093,25.064576486235072],[121.35460324540605,25.065460267383703]]],[[[121.36645733895698,24.94532560757556],[121.3663091008773,24.945516934074618],[121.3663857517006,24.94577271784579],[121.36668729142693,24.946092958889068],[121.36721372005626,24.946477657204454],[121.36796503758858,24.94692681279195],[121.36853956811431,24.9471513905857],[121.36893731163352,24.9471513905857],[121.36915826814615,24.94692681279195],[121.36920243765222,24.946477657204454],[121.36919764963143,24.94611214861083],[121.36914390408383,24.945830287011066],[121.3690412010094,24.945632072405168],[121.3688895404081,24.94551750479314],[121.36865189786779,24.94541238936236],[121.36832827338844,24.945316726112832],[121.36791866697006,24.94523051504455],[121.36742307861263,24.94515375615752],[121.36701432782463,24.945144018617007],[121.36669241460608,24.945201302423026],[121.36645733895698,24.94532560757556]]],[[[121.47904708216464,24.975603425162713],[121.47862924256204,24.977337954486778],[121.47834932744121,24.978751140376698],[121.47820733680211,24.979842982832476],[121.47820327064478,24.980613481854114],[121.4783371289692,24.98106263744161],[121.47850851803204,24.9814111198611],[121.47871743783334,24.981658929112577],[121.47896388837307,24.981806065196047],[121.47924786965126,24.981852528111506],[121.47967873609198,24.98176347067237],[121.48025648769526,24.98153889287862],[121.48098112446108,24.981178794730265],[121.48185264638944,24.980683176227306],[121.48255846403123,24.980086884556343],[121.48309857738647,24.97938991971737],[121.48347298645514,24.978592281710384],[121.48368169123725,24.977693970535395],[121.48369206023555,24.97671470517377],[121.4835040934501,24.975654485625515],[121.48311779088083,24.97451331189063],[121.48253315252778,24.973291183969113],[121.4819821155971,24.972455542214604],[121.48146468008876,24.972006386627108],[121.48098084600278,24.971943717206628],[121.48053061333916,24.97226753395315],[121.480181599918,24.972525919769527],[121.4799338057393,24.972718874655747],[121.47978723080303,24.97284639861182],[121.47974187510923,24.97290849163774],[121.47960339843823,24.973388693738197],[121.47937180079003,24.97428700491319],[121.47904708216464,24.975603425162713]]],[[[121.69959707157804,25.098324512950402],[121.69951840445438,25.098401437198916],[121.6993985524579,25.098571419282173],[121.69923751558854,25.098834459200177],[121.69903529384635,25.09919055695293],[121.69879188723131,25.099639712540423],[121.69861334170699,25.10008886812792],[121.6984996572734,25.100538023715416],[121.69845083393058,25.100987179302912],[121.69846687167846,25.101436334890405],[121.69855043687295,25.1018854904779],[121.69870152951403,25.102334646065398],[121.69892014960172,25.102783801652894],[121.69920629713599,25.103232957240387],[121.69966935887147,25.103682112827883],[121.70030933480815,25.10413126841538],[121.70112622494601,25.104580424002876],[121.70212002928508,25.10502957959037],[121.70361308028359,25.105415107427334],[121.70560537794154,25.10573700751376],[121.70809692225892,25.105995279849655],[121.71108771323574,25.106189924435018],[121.71395029191515,25.106882598008664],[121.71668465829711,25.1080733005706],[121.71929081238166,25.109762032120823],[121.72176875416876,25.11194879265933],[121.72399890177716,25.113624194222492],[121.72598125520685,25.11478823681031],[121.72771581445782,25.115440920422778],[121.72920257953008,25.115582245059894],[121.73082204599457,25.115506711684986],[121.73257421385127,25.11521432029804],[121.73445908310018,25.114705070899063],[121.73647665374132,25.113978963488055],[121.73797429088894,25.11320980513605],[121.73895199454307,25.112397595843053],[121.73940976470368,25.111542335609055],[121.7393476013708,25.110644024434063],[121.73908259674707,25.1096334243622],[121.73861475083248,25.10851053539346],[121.73794406362704,25.107275357527847],[121.73707053513074,25.10592789076536],[121.73595620956009,25.104468135106],[121.73460108691506,25.102896090549766],[121.73300516719564,25.10121175709666],[121.73116845040185,25.09941513474668],[121.72985572521263,25.09721778992037],[121.72906699162792,25.094619722617747],[121.72880224964779,25.091620932838797],[121.72906149927219,25.08822142058353],[121.72876034813308,25.08529161948886],[121.72789879623042,25.082831529554788],[121.72647684356427,25.08084115078131],[121.72449449013459,25.079320483168438],[121.72275993088361,25.07815428743935],[121.72127316581134,25.077342563594044],[121.72003419491779,25.076885311632527],[121.71904301820295,25.076782531554798],[121.7178564830765,25.076950586411105],[121.71647458953844,25.077389476201446],[121.71489733758875,25.078099200925827],[121.71312472722748,25.07907976058424],[121.71112334824262,25.080918838234663],[121.70889320063422,25.083616433877093],[121.70643428440229,25.08717254751153],[121.70374659954678,25.09158717913797],[121.70171116912424,25.09491738391993],[121.70032799313466,25.09716316185741],[121.69959707157804,25.098324512950402]]],[[[121.72933897156231,25.13070012240068],[121.72926470346468,25.130762483788953],[121.72914177872121,25.13092154372703],[121.72897019733192,25.131177302214915],[121.7287499592968,25.131529759252604],[121.72848106461586,25.1319789148401],[121.72836518429982,25.132395904391714],[121.72840231834864,25.13278072790745],[121.72859246676235,25.1331333853873],[121.72893562954091,25.133453876831265],[121.72981248707163,25.134017377830375],[121.73122303935448,25.134823888384616],[121.73316728638946,25.135873408494],[121.73564522817657,25.137165938158518],[121.73772338425334,25.13784436902666],[121.73940175461979,25.13790870109842],[121.74068033927593,25.137358934373804],[121.74155913822172,25.136195068852818],[121.74222481287288,25.1347607252277],[121.74267736322939,25.133055903498466],[121.74291678929124,25.13108060366511],[121.74294309105845,25.128834825727633],[121.74286043929496,25.127083406251025],[121.74266883400077,25.12582634523529],[121.74236827517588,25.125063642680427],[121.74195876282029,25.124795298586438],[121.74127993728553,25.12464550724187],[121.7403317985716,25.124614268646727],[121.7391143466785,25.12470158280101],[121.73762758160625,25.12490744970472],[121.73614081653398,25.125398745523626],[121.73465405146172,25.126175470257728],[121.73316728638946,25.127237623907025],[121.73168052131719,25.12858520647152],[121.73054688048859,25.129611483741964],[121.72976636390364,25.13031645571835],[121.72933897156231,25.13070012240068]]]]}},{"type":"Feature","properties":{"arrival_time":"09:00","color":"#FACC15","cutoff":5400,"departure_time":"09:00","layer":"isochrone","minutes":90,"name":"90分鐘","time_slot":"09:00","time_type":"arrival"},"geometry":{"type":"MultiPolygon","coordinates":[[[[121.055450207616,24.922394012521575],[121.055450207616,24.922394012521575]]],[[[121.06337962133475,24.930607679769025],[121.06337962133475,24.93139402261706],[121.06339788907029,24.932024656658342],[121.0634344245414,24.932499581892884],[121.06348922774804,24.932818798320692],[121.06356229869024,24.93298230594175],[121.0637227312507,24.933195350892753],[121.06397052542941,24.933457933173695],[121.06430568122637,24.933770052784585],[121.06472819864159,24.93413170972541],[121.06529288088173,24.934415583433065],[121.06599972794676,24.934621673907536],[121.06684873983669,24.934749981148833],[121.06783991655153,24.93480050515695],[121.06870719617702,24.934761010403182],[121.06945057871314,24.93463149688753],[121.07007006415992,24.93441196460999],[121.07056565251735,24.934102413570567],[121.07097751335029,24.933844592813617],[121.07130564665873,24.933638502339143],[121.07155005244269,24.933484142147147],[121.07171073070215,24.933381512237624],[121.07187410517432,24.933192250908608],[121.07204017585921,24.932916358160096],[121.0722089427568,24.932553833992095],[121.0723804058671,24.9321046784046],[121.07246949749708,24.931655522817103],[121.07247621764681,24.93120636722961],[121.07240056631625,24.930757211642113],[121.07224254350541,24.930308056054617],[121.0719565996682,24.929828634317456],[121.0715427348046,24.92931894643062],[121.07100094891463,24.92877899239412],[121.07033124199829,24.92820877220795],[121.0697050647217,24.927759640894706],[121.06912241708481,24.92743159845439],[121.06858329908766,24.927224644886998],[121.06808771073024,24.927138780192532],[121.06759212237282,24.927103832414012],[121.0670965340154,24.927119801551434],[121.06660094565798,24.927186687604802],[121.06610535730056,24.927304490574112],[121.06569813116555,24.927415124382048],[121.06537926725298,24.92751858902862],[121.06514876556284,24.92761488451382],[121.06500662609513,24.927704010837648],[121.0648116592719,24.92787025965387],[121.06456386509319,24.928113630962482],[121.06426324355898,24.928434124763488],[121.06390979466929,24.928831741056886],[121.063644708002,24.929326538988942],[121.06346798355716,24.929918518559656],[121.06337962133475,24.930607679769025]]],[[[121.07663818108618,24.932148902555568],[121.0762262382486,24.93329901742267],[121.07614416391917,24.934470392039188],[121.07639195809789,24.93566302640513],[121.07696962078472,24.936876920520486],[121.07787715197973,24.938112074385263],[121.07892949164405,24.939084433670427],[121.08012663977766,24.93979399837597],[121.08146859638062,24.940240768501894],[121.08295536145287,24.940424744048208],[121.08428419238238,24.940432521148914],[121.08545508916913,24.94026409980402],[121.08646805181311,24.939919480013526],[121.08732308031432,24.939398661777428],[121.08806151108634,24.938671181409735],[121.08868334412912,24.937737038910445],[121.0891885794427,24.936596234279556],[121.08957721702706,24.935248767517066],[121.08968167578328,24.93397914408102],[121.08950195571138,24.932787363971403],[121.08903805681136,24.931673427188233],[121.0882899790832,24.930637333731493],[121.08735722951901,24.92980113950368],[121.08623980811879,24.929164844504797],[121.08493771488256,24.92872844873484],[121.0834509498103,24.92849195219381],[121.0820880818274,24.92845748746758],[121.08084911093384,24.928625054556147],[121.07973403712964,24.928994653459508],[121.07874286041479,24.929566284177675],[121.07789649216927,24.93028253593307],[121.07719493239307,24.9311434087257],[121.07663818108618,24.932148902555568]]],[[[121.13072380697882,24.912909408259484],[121.13068658633537,24.915287480385082],[121.13103966728171,24.917544720800798],[121.13178304981784,24.919681129506635],[121.13291673394377,24.92169670650259],[121.13444071965948,24.923591451788667],[121.13595540021434,24.925164970435457],[121.13746077560835,24.926417262442975],[121.13895684584148,24.92734832781121],[121.14044361091374,24.927958166540165],[121.141930375986,24.928430591781982],[121.14341714105826,24.928765603536657],[121.14490390613052,24.928963201804198],[121.1463906712028,24.9290233865846],[121.14824912754312,24.9287485523626],[121.15047927515151,24.9281386991382],[121.15308111402797,24.927193826911395],[121.1560546441725,24.925913935682196],[121.15878038013831,24.925574456196696],[121.16125832192542,24.926175388454887],[121.16348846953382,24.927716732456773],[121.1654708229635,24.930198488202358],[121.16757707348255,24.932360651252235],[121.16980722109093,24.934203221606406],[121.17216126578869,24.93572619926487],[121.1746392075758,24.936929584227627],[121.17699325227355,24.93785098125094],[121.17922339988193,24.9384903903348],[121.18132965040098,24.938847811479217],[121.18331200383066,24.938923244684187],[121.18529435726035,24.938821886520444],[121.18727671069003,24.938543736987988],[121.18925906411972,24.938088796086824],[121.1912414175494,24.937457063816947],[121.19312388398603,24.936665857090244],[121.19490646342965,24.935715175906708],[121.19658915588018,24.934605020266343],[121.19817196133769,24.933335390169148],[121.19958595259126,24.93193401200876],[121.2008311296409,24.93040088578517],[121.2019074924866,24.928736011498383],[121.20281504112837,24.9269393891484],[121.2035201730734,24.92514276679842],[121.20402288832165,24.923346144448438],[121.20432318687314,24.921549522098456],[121.20442106872788,24.919752899748474],[121.20432373887914,24.917956277398492],[121.20403119732688,24.91615965504851],[121.20354344407114,24.914363032698528],[121.20286047911192,24.912566410348546],[121.20199583473314,24.910859045543422],[121.20094951093485,24.909240938283155],[121.19972150771703,24.90771208856775],[121.19831182507966,24.906272496397204],[121.19675897474421,24.90498005700982],[121.19506295671069,24.90383477040559],[121.19322377097909,24.90283663658452],[121.1912414175494,24.901985655546614],[121.189011269941,24.90137641675357],[121.1865333281539,24.90100892020539],[121.18380759218809,24.900883165902073],[121.18083406204356,24.900999153843625],[121.17786053189903,24.901560941049986],[121.1748870017545,24.902568527521165],[121.17191347160998,24.904021913257157],[121.16893994146545,24.905921098257966],[121.1665858967677,24.907337084216948],[121.16485133751672,24.908269871134106],[121.16373626371252,24.90871945900943],[121.16324067535511,24.908685847842932],[121.16237339572962,24.908199887466793],[121.16113442483606,24.907261577881016],[121.15952376267445,24.905870919085597],[121.15754140924476,24.904027911080544],[121.15543515872572,24.90252714056912],[121.15320501111734,24.901368607551326],[121.15085096641958,24.900552312027163],[121.14837302463248,24.90007825399663],[121.14596804454011,24.89993007425328],[121.14363602614253,24.900107772797114],[121.14137696943969,24.900611349628136],[121.1391908744316,24.90144080474634],[121.13723054730208,24.90247897812546],[121.1354959880511,24.90372586976549],[121.13398719667867,24.90518147966643],[121.13270417318482,24.906845807828294],[121.13173260040355,24.908688571981088],[121.13107247833489,24.910709772124815],[121.13072380697882,24.912909408259484]]],[[[121.19849023660548,24.953683553490226],[121.19869729130694,24.956280893143365],[121.19918379804385,24.958790342367585],[121.19994975681621,24.961211901162894],[121.20099516762403,24.963545569529284],[121.2023200304673,24.965791347466762],[121.20392187492843,24.967893535318694],[121.20580070100738,24.969852133085073],[121.20795650870417,24.971667140765906],[121.21038929801881,24.97333855836119],[121.21308116963029,24.9748266238837],[121.21603212353857,24.976131337333445],[121.2192421597437,24.977252698710426],[121.22271127824565,24.978190708014633],[121.22564256026152,24.979477036133524],[121.22803600579132,24.98111168306711],[121.22989161483504,24.98309464881538],[121.2312093873927,24.98542593337834],[121.23261165620764,24.98755978879454],[121.23409842127991,24.989496215063987],[121.23566968260948,24.99123521218668],[121.23732544019636,24.99277678016261],[121.23906284674395,24.994176593978636],[121.24088190225221,24.995434653634764],[121.2427826067212,24.996550959130992],[121.24476496015089,24.997525510467312],[121.24687121066994,24.99836135363663],[121.24910135827832,24.999058488638944],[121.25145540297608,24.99961691547426],[121.25393334476318,25.000036634142567],[121.25628738946094,25.00030167149074],[121.25851753706932,25.000412027518774],[121.26062378758837,25.000367702226665],[121.26260614101805,25.000168695614416],[121.26471239153709,24.99982404744578],[121.26694253914549,24.999333757720756],[121.26929658384324,24.998697826439344],[121.27177452563035,24.99791625360154],[121.27437636450681,24.998336400713388],[121.27710210047262,24.99995826777488],[121.2799517335278,25.00278185478602],[121.28292526367233,25.006807161746803],[121.28565099963814,25.010172949745364],[121.28812894142524,25.01287921878169],[121.29035908903364,25.014925968855792],[121.29234144246333,25.016313199967666],[121.294323795893,25.017547552715797],[121.29630614932269,25.018629027100182],[121.29828850275237,25.01955762312083],[121.30027085618207,25.020333340777725],[121.3026249008798,25.02099722769795],[121.30535063684563,25.02154928388151],[121.30844806407951,25.021989509328403],[121.31191718258145,25.02231790403862],[121.3153522809795,25.022355134075568],[121.31875335927361,25.022101199439245],[121.32212041746381,25.02155610012965],[121.32545345555008,25.02071983614678],[121.32848284257612,25.019769431057473],[121.33120857854195,25.01870488486173],[121.33363066344752,25.017526197559544],[121.33574909729289,25.016233369150925],[121.33768112747187,25.014913221565372],[121.3394267539845,25.013565754802887],[121.34098597683077,25.012190968863464],[121.34235879601069,25.010788863747113],[121.34391248522611,25.009515154235256],[121.34564704447709,25.008369840327898],[121.3475624737636,25.007352922025035],[121.34965877308564,25.006464399326667],[121.35160268884523,25.005295359269937],[121.35339422104238,25.003845801854837],[121.3550333696771,25.00211572708138],[121.35652013474936,25.000105134949557],[121.35813079691098,24.998398864254515],[121.35986535616196,24.996996914996256],[121.36172381250229,24.995899287174776],[121.36370616593197,24.995105980790072],[121.36523197806426,24.9948726618209],[121.36630124889912,24.995199330267255],[121.36691397843659,24.996085986129142],[121.36707016667664,24.997532629406553],[121.36672390137451,24.999291345245855],[121.36587518253019,25.001362133647053],[121.3645240101437,25.003744994610134],[121.36267038421502,25.006439928135105],[121.36124829051778,25.00857341717571],[121.36025772905202,25.010145461731945],[121.35969869981773,25.01115606180381],[121.35957120281486,25.011605217391306],[121.35946135891602,25.0120543729788],[121.35936916812115,25.012503528566295],[121.35929463043028,25.01295268415379],[121.35923774584339,25.013401839741288],[121.3594177430441,25.014558739608404],[121.35983462203242,25.016423383755143],[121.36048838280833,25.018995772181505],[121.36137902537185,25.02227590488749],[121.36192311020514,25.024972118735686],[121.36212063730818,25.027084413726094],[121.361971606681,25.028612789858713],[121.36147601832357,25.029557247133546],[121.36026514777336,25.030893776047574],[121.35833899503038,25.0326223766008],[121.35569756009461,25.034743048793217],[121.35234084296607,25.037255792624833],[121.3495474105976,25.039622628650555],[121.3473172629892,25.041843556870376],[121.34565040014088,25.043918577284302],[121.34454682205264,25.04584768989233],[121.34322355012904,25.047438463520397],[121.34168058437007,25.048690898168516],[121.33991792477576,25.04960499383667],[121.33793557134607,25.050180750524873],[121.33627763029688,25.05077237299508],[121.33494410162817,25.0513798612473],[121.33393498533997,25.052003215281534],[121.33325028143223,25.052642435097773],[121.33253345571241,25.0537955833412],[121.33178450818049,25.055462660011806],[121.33100343883649,25.057643665109595],[121.33019024768039,25.060338598634566],[121.32970966954011,25.063145821056413],[121.3295617044156,25.066065332375135],[121.32974635230688,25.06909713259073],[121.33026361321396,25.072241221703198],[121.33114451161215,25.075274144129093],[121.33238904750148,25.078195899868415],[121.33399722088194,25.08100648892116],[121.33596903175354,25.08370591128734],[121.33808361103272,25.08606622254229],[121.3403409587195,25.08808742268602],[121.34274107481386,25.08976951171853],[121.34528395931584,25.091112489639812],[121.34779437246038,25.09221490017341],[121.35027231424749,25.09307674331932],[121.35271778467715,25.093698019077543],[121.35513078374939,25.094078727448082],[121.35731222432165,25.09417501944123],[121.35926210639389,25.093986895056993],[121.36098042996615,25.093514354295365],[121.36246719503842,25.09275739715635],[121.36463922642203,25.092732897081707],[121.36749652411696,25.09344085407143],[121.37103908812324,25.094881268125523],[121.37526691844086,25.09705413924398],[121.3779860616421,25.09935752596407],[121.37919651772704,25.101791428285786],[121.37889828669562,25.104355846209128],[121.37709136854782,25.1070507797341],[121.37565767797774,25.109408846568453],[121.37459721498533,25.111430046712183],[121.3739099795706,25.11311438016529],[121.37359597173354,25.114461846927775],[121.37361872585494,25.115921602587136],[121.37397824193485,25.11749364714337],[121.37467451997323,25.11917798059648],[121.37570755997011,25.12097460294646],[121.37611948637027,25.122883514193315],[121.37591029917373,25.124904714337045],[121.37507999838047,25.12703820337765],[121.37362858399052,25.129283981315126],[121.37242908863587,25.13164204814948],[121.37148151231649,25.134112403880703],[121.37078585503241,25.136695048508805],[121.37034211678362,25.139389982033777],[121.3703048815602,25.1423094933525],[121.37067414936217,25.145453582464967],[121.37144992018953,25.148822249371182],[121.37263219404227,25.152415494071146],[121.3744425571783,25.15634560546173],[121.37688100959755,25.16061258354294],[121.37994755130009,25.165216428314768],[121.38364218228588,25.17015713977722],[121.3864828301502,25.1745364067553],[121.38846949489302,25.178354229249013],[121.38960217651433,25.181610607258353],[121.38988087501419,25.184305540783328],[121.39022525129307,25.186663607617678],[121.390635305351,25.18868480776141],[121.39111103718798,25.190369141214518],[121.39165244680403,25.191716607977003],[121.39261270381617,25.193288652533237],[121.39399180822447,25.19508527488322],[121.39578976002889,25.19710647502695],[121.39800655922943,25.199352252964427],[121.4003530378129,25.201991454403053],[121.40282919577929,25.205024079342834],[121.40543503312863,25.208450127783763],[121.40817054986086,25.212269599725843],[121.41150835293088,25.21575138025312],[121.41544844233864,25.218895469365588],[121.41999081808419,25.22170186706325],[121.42513548016748,25.224170573346104],[121.42915136387121,25.226471258645745],[121.4320384691954,25.22860392296216],[121.43379679614004,25.230568566295364],[121.43442634470514,25.232365188645346],[121.4352458905055,25.234049522098456],[121.43625543354115,25.23562156665469],[121.43745497381208,25.23708132231405],[121.4388445113183,25.238428789076536],[121.44044977210706,25.24040422114356],[121.44227075617837,25.243007618515126],[121.44430746353223,25.246238981191233],[121.44655989416863,25.250098309171875],[121.44924039386079,25.253378382584465],[121.45234896260868,25.256079201429],[121.4558856004123,25.258200765705478],[121.45985030727168,25.259743075413905],[121.46329271423767,25.26134602062294],[121.46621282131026,25.26300960133258],[121.46861062848949,25.264733817542833],[121.47048613577533,25.26651866925369],[121.47229116904374,25.26802593287814],[121.47402572829472,25.269255608416184],[121.47568981352825,25.270207695867818],[121.47728342474436,25.27088219523304],[121.47885032442451,25.27134822421094],[121.48039051256869,25.271605782801508],[121.48190398917691,25.27165487100475],[121.48339075424919,25.271495488820662],[121.48524921058952,25.27103274402449],[121.4874793581979,25.270266636616235],[121.49008119707437,25.26919716659589],[121.49305472721889,25.267824333963457],[121.49569263051919,25.26655998276446],[121.49799490697521,25.2654041129989],[121.49996155658697,25.264356724666772],[121.5015925793545,25.263417817768083],[121.50292161142006,25.26248905980032],[121.50394865278368,25.26157045076348],[121.50467370344533,25.260661990657564],[121.50509676340504,25.259763679482575],[121.50527222896106,25.25885070928166],[121.50520010011343,25.25792308005483],[121.50488037686213,25.25698079180207],[121.50431305920718,25.256023844523398],[121.50289639425112,25.255216095041437],[121.50063038199396,25.254557543356185],[121.49751502243569,25.254048189467643],[121.49355031557631,25.253688033375816],[121.49008119707437,25.252888075547197],[121.48710766692984,25.251648315981793],[121.48462972514274,25.249968754679593],[121.48264737171306,25.247849391640607],[121.48057457695967,25.245996096994997],[121.4784113408826,25.24440887074277],[121.47615766348183,25.243087712883927],[121.47381354475735,25.24203262341846],[121.47202199994834,25.241195672988685],[121.47078302905479,25.240576861594587],[121.47009663207669,25.240176189236173],[121.46996280901406,25.23999365591344],[121.46980076312401,25.2397901003552],[121.46961049440655,25.239565522561453],[121.46939200286168,25.239319922532196],[121.4691452884894,25.239053300267432],[121.46904959486011,25.238404177981362],[121.46910492197382,25.23737255567399],[121.46931126983051,25.23595843334531],[121.4696686384302,25.234161810995328],[121.46938196549715,25.232365188645346],[121.46845125103133,25.230568566295364],[121.46687649503274,25.228771943945382],[121.4646576975014,25.2269753215954],[121.46303971818242,25.225403277039167],[121.46202255707584,25.22405581027668],[121.46160621418161,25.22293292130794],[121.46179068949975,25.22203461013295],[121.46230074126852,25.22091172116421],[121.46313636948787,25.219564254401725],[121.46429757415785,25.21799220984549],[121.46578435527843,25.21619558749551],[121.46692303074028,25.214735831836148],[121.46771360054338,25.21361294286741],[121.46815606468775,25.212826920589293],[121.46825042317336,25.212377765001797],[121.46830001127955,25.2119286094143],[121.46830482900629,25.211479453826804],[121.46826487635356,25.21103029823931],[121.46818015332138,25.210581142651815],[121.46796042662598,25.210019698167446],[121.46760569626733,25.209345964786202],[121.46711596224542,25.208559942508085],[121.46649122456024,25.207661631333092],[121.46619762867321,25.20665103126123],[121.46623517458434,25.20552814229249],[121.46660386229358,25.204292964426877],[121.46730369180096,25.20294549766439],[121.46780696345867,25.201598030901906],[121.46811367726666,25.200250564139417],[121.46822383322494,25.19890309737693],[121.46813743133355,25.197555630614445],[121.46843006446392,25.196431050035333],[121.4691017326161,25.195529355639597],[121.47015243579007,25.19485054742724],[121.47158217398584,25.194394625398257],[121.47302616890072,25.19374132389208],[121.47448442053472,25.192890642908715],[121.47595692888787,25.191842582448157],[121.47744369396013,25.190597142510413],[121.47880656194303,25.189636181148423],[121.48004553283658,25.188959698362186],[121.48116060664078,25.1885676941517],[121.48215178335563,25.188460168516976],[121.48301001539465,25.18827030170692],[121.48373530275789,25.18799809372155],[121.48432764544533,25.187643544560853],[121.48478704345695,25.187206654224834],[121.48476894828406,25.18657772989003],[121.48427335992663,25.185756771556438],[121.48330027838469,25.184743779224057],[121.48184970365823,25.18353875289289],[121.48026618425595,25.18188595468086],[121.47854972017787,25.179785384587966],[121.476700311424,25.177237042614205],[121.47471795799432,25.174240928759577],[121.47402453358323,25.171584372755692],[121.47462003819072,25.169267374602555],[121.47650447181681,25.16728993430016],[121.47967783446148,25.16565205184851],[121.48237958958802,25.16401539495534],[121.48460973719642,25.162379963620637],[121.48636827728667,25.16074575784441],[121.48765520985879,25.159112777626653],[121.4891159976453,25.15791195312305],[121.4907506406462,25.157143284333593],[121.49255913886148,25.15680677125829],[121.49454149229116,25.156902413897132],[121.49652384572084,25.157148438770832],[121.49850619915053,25.157544845879382],[121.50048855258021,25.15809163522279],[121.5024709060099,25.158788806801045],[121.5045933123302,25.1599708825724],[121.50685577154111,25.161637862536843],[121.50925828364267,25.16378974669438],[121.5118008486348,25.166426535045016],[121.51418720493508,25.168487526345785],[121.51641735254348,25.169972720596697],[121.51849129146,25.17088211779774],[121.52040902168464,25.17121571794892],[121.52246680479988,25.171419871208126],[121.52466464080577,25.171494577575352],[121.52700252970224,25.171439837050606],[121.52948047148935,25.17125564963388],[121.5318345161871,25.17182454788482],[121.5340646637955,25.173146531803425],[121.53617091431454,25.175221601389694],[121.53815326774422,25.17804975664363],[121.54001172408455,25.180167445744424],[121.54174628333553,25.18157466869208],[121.54335694549715,25.182271425486597],[121.54484371056941,25.182257716127975],[121.54605101624774,25.182180202832804],[121.54697886253214,25.1820388856011],[121.54762724942263,25.18183376443285],[121.54799617691917,25.181564839328054],[121.54829605692403,25.18125085660258],[121.5485268894372,25.180891816256434],[121.54868867445869,25.180487718289616],[121.54878141198851,25.18003856270212],[121.54870172875873,25.17947711821775],[121.54844962476938,25.178803384836506],[121.54802510002042,25.17801736255839],[121.5474281545119,25.1771190513834],[121.54696818404975,25.176333029105283],[121.54664518863393,25.17565929572404],[121.5464591682645,25.17509785123967],[121.54641012294141,25.174648695652174],[121.54638079195257,25.174199540064677],[121.54637117529792,25.173750384477184],[121.54638127297753,25.173301228889688],[121.54641108499135,25.17285207330219],[121.54661432565496,25.172290628817823],[121.54699099496831,25.17161689543658],[121.54754109293145,25.17083087315846],[121.5482646195444,25.169932561983472],[121.54940839383484,25.169303222079687],[121.55097241580282,25.168942853447113],[121.55295668544832,25.168851456085747],[121.55536120277137,25.169029029995592],[121.55766017912106,25.16907907031025],[121.55985361449741,25.16900157702973],[121.56194150890043,25.16879655015402],[121.56392386233013,25.168463989683136],[121.56669771029362,25.16735500479524],[121.57026305279095,25.165469595490336],[121.57461988982207,25.162807761768423],[121.57976822138704,25.159369503629506],[121.58360787176466,25.156117076644072],[121.58613884095499,25.15305048081213],[121.587361128958,25.150169716133668],[121.5872747357737,25.147474782608697],[121.58671590493547,25.14522900467122],[121.58568463644333,25.143432382321237],[121.58418093029724,25.14208491555875],[121.58220478649721,25.14118660438376],[121.58068603782002,25.140176004311893],[121.57962468426564,25.139053115343156],[121.57902072583404,25.137817937477543],[121.57887416252525,25.136470470715057],[121.5785133500972,25.135123003952568],[121.57793828854986,25.133775537190083],[121.57714897788324,25.132428070427597],[121.57614541809734,25.13108060366511],[121.57543467496266,25.129171692418254],[121.57501674847924,25.126701336687027],[121.57489163864703,25.123669536471436],[121.57505934546607,25.12007629177147],[121.5757743548083,25.11688042186709],[121.57703666667373,25.114081926758292],[121.57884628106234,25.111680806445083],[121.58120319797412,25.109677060927453],[121.5837142681941,25.1078671961464],[121.58637949172225,25.106251212101924],[121.5891988685586,25.104829108794025],[121.59217239870313,25.103600886222704],[121.59452644340088,25.10266170854896],[121.59626100265186,25.102011575772803],[121.59737607645606,25.101650487894222],[121.59787166481347,25.10157844491323],[121.59836725317089,25.101545882838966],[121.59886284152832,25.101552801671442],[121.59935842988574,25.101599201410647],[121.59985401824316,25.10168508205659],[121.60169000453321,25.102329447353302],[121.60486638875591,25.10353229730078],[121.60938317091124,25.105293631899023],[121.6152403509992,25.107613451148037],[121.62033889222607,25.10991476006917],[121.62467879459189,25.112197558662416],[121.62826005809659,25.114461846927775],[121.63108268274021,25.116707624865253],[121.63400323018455,25.118744589925768],[121.63702170042963,25.12057274210932],[121.64013809347543,25.12219208141591],[121.64335240932193,25.123602607845537],[121.64618727186341,25.12464473775097],[121.64864268109982,25.125318471132214],[121.65071863703118,25.125623807989268],[121.65241513965746,25.125560748322126],[121.65400677350674,25.12535703612361],[121.655493538579,25.125012671393726],[121.65687543487427,25.124527654132464],[121.6581524623925,25.123901984339827],[121.65972971847793,25.122676112792362],[121.6616072031306,25.120850039490062],[121.6637849163505,25.118423764432933],[121.6662628581376,25.115397287620972],[121.6687407999247,25.11321962629417],[121.67121874171181,25.11189078045254],[121.67369668349892,25.111410750096073],[121.67617462528602,25.11177953522477],[121.67852866998376,25.11176107072624],[121.68075881759216,25.111355356600484],[121.6828650681112,25.11056239284749],[121.6848474215409,25.10938217946728],[121.68723405034468,25.10871460197116],[121.6900249545226,25.108559660359127],[121.69322013407462,25.10891735463118],[121.69681958900077,25.109787684787335],[121.69955121045174,25.11055272130132],[121.70141499842757,25.111212464173143],[121.7024109529282,25.111766913402803],[121.7025390739537,25.1122160689903],[121.70232275618167,25.113189744497635],[121.70176199961216,25.114687939924806],[121.70085680424513,25.116710655271817],[121.69960717008063,25.11925789053867],[121.69817435609981,25.121485350586386],[121.69655836230271,25.123393035414963],[121.69475918868932,25.124980945024408],[121.69277683525962,25.126249079414713],[121.69104559835532,25.127481515658765],[121.6895654779764,25.12867825375656],[121.68833647412285,25.12983929370811],[121.68735858679469,25.130964635513404],[121.68613906340185,25.13293153083611],[121.68467790394439,25.135739979676234],[121.68297510842224,25.139389982033777],[121.68103067683543,25.143881537908733],[121.67905323867204,25.147699360402445],[121.67704279393202,25.150843449514912],[121.6749993426154,25.15331380524614],[121.67292288472217,25.15511042759612],[121.6711478793248,25.157019338842975],[121.66967432642332,25.159040538986705],[121.66850222601771,25.161174028027308],[121.66763157810796,25.163419805964786],[121.66706210872692,25.16555329500539],[121.66679381787462,25.16757449514912],[121.66682670555102,25.169483406395976],[121.66716077175613,25.171280028745958],[121.66780797375061,25.17307665109594],[121.66876831153442,25.17487327344592],[121.67004178510761,25.176669895795904],[121.67162839447018,25.178466518145886],[121.67265438829341,25.180263140495867],[121.67311976657732,25.18205976284585],[121.67302452932192,25.18385638519583],[121.67236867652723,25.185653007545813],[121.67188094328465,25.18789878548329],[121.67156132959423,25.190593719008266],[121.67140983545593,25.193737808120733],[121.67142646086978,25.197331052820697],[121.67184254152683,25.20016087939823],[121.67265807742704,25.20222728785333],[121.67387306857047,25.203530278185998],[121.67548751495708,25.20406985039623],[121.67694614392575,25.204742547297847],[121.67824895547648,25.20554836889084],[121.67939594960926,25.206487315175217],[121.68038712632409,25.207559386150976],[121.68137830303894,25.20846482814766],[121.68236947975379,25.209203641165285],[121.68336065646862,25.209775825203835],[121.68435183318347,25.210181380263318],[121.68541085276813,25.210318113687183],[121.68653771522264,25.21018602547543],[121.68773242054698,25.209785115628062],[121.68899496874114,25.209115384145072],[121.68989386149725,25.20771477435784],[121.69042909881534,25.205583286266364],[121.69060068069535,25.202720919870643],[121.69040860713736,25.19912767517068],[121.69091458904133,25.195759008264464],[121.69211862640728,25.192614919151996],[121.69402071923524,25.189695407833273],[121.69662086752517,25.187000474308302],[121.69864362984649,25.184305540783328],[121.70008900619918,25.181610607258353],[121.70095699658323,25.178915673733382],[121.70124760099867,25.176220740208407],[121.70184106213532,25.173974962270933],[121.7027373799932,25.17217833992095],[121.70393655457231,25.17083087315846],[121.70543858587263,25.169932561983472],[121.70705775102775,25.16873291030202],[121.70879405003764,25.16723191811411],[121.71064748290233,25.165429585419737],[121.71261804962181,25.163325912218905],[121.7152110484656,25.16155153533204],[121.71842647943373,25.160106454759156],[121.72226434252619,25.158990670500234],[121.72672463774298,25.15820418255529],[121.7308132416917,25.15728674081539],[121.73453015437237,25.15623834528054],[121.73787537578495,25.155058995950732],[121.74084890592948,25.15374869282597],[121.7435746418953,25.152846744001476],[121.7460525836824,25.152353149477243],[121.7482827312908,25.15226790925328],[121.75026508472048,25.15259102332958],[121.75212354106081,25.153133104447097],[121.75385810031179,25.15389415260583],[121.7554687624734,25.154874167805783],[121.75695552754567,25.15607315004695],[121.75869008679665,25.157111385405056],[121.76067244022633,25.157988873880093],[121.76290258783472,25.15870561547207],[121.76538052962182,25.159261610180977],[121.76810626558765,25.159468126344635],[121.77107979573218,25.15932516396304],[121.77430112005541,25.1588327230362],[121.77777023855735,25.157990803564104],[121.78074376870188,25.157148006764732],[121.78322171048899,25.156304332638076],[121.78520406391867,25.15545978118414],[121.78669082899094,25.15461435240292],[121.78879707950998,25.153928884903923],[121.7915228154758,25.153403378687155],[121.79486803688839,25.15303783375261],[121.79883274374775,25.152832250100285],[121.80223050059583,25.152334421886007],[121.80506130743258,25.15154434910977],[121.80732516425806,25.15046203177158],[121.8090220710722,25.149087469871425],[121.81029917794372,25.147158237271324],[121.81115648487261,25.144674333971263],[121.81159399185886,25.141635759971255],[121.81161169890245,25.13804251527129],[121.81144052225004,25.13489842615882],[121.81108046190157,25.13220349263385],[121.81053151785709,25.12995771469637],[121.80979369011655,25.12816109234639],[121.80949171113926,25.12636168803636],[121.80962558092523,25.12455950176629],[121.81019529947444,25.122754533536167],[121.81120086678688,25.120946783346],[121.81245063062863,25.119397007594685],[121.8139445909997,25.118105206282227],[121.81568274790008,25.117071379408625],[121.81766510132977,25.116295526973875],[121.82001914602752,25.115996269073595],[121.82274488199333,25.116173605707786],[121.82584230922721,25.116827536876453],[121.82931142772917,25.11795806257959],[121.83265664914175,25.118883681334705],[121.83587797346499,25.119604393141795],[121.83897540069887,25.120120198000873],[121.8419489308434,25.12043109591193],[121.84504635807728,25.120329371473552],[121.84826768240052,25.119815024685757],[121.8516129038131,25.118888055548535],[121.85508202231506,25.117548464061883],[121.8578306181527,25.11626590189625],[121.85985869132605,25.115040369051634],[121.86116624183508,25.11387186552803],[121.8617532696798,25.11276039132544],[121.86220088555744,25.111477630086004],[121.86250908946796,25.11002358180972],[121.86267788141141,25.108398246496588],[121.86270726138773,25.106601624146606],[121.86245129732536,25.10500295336989],[121.86190998922429,25.103602234166452],[121.86108333708452,25.102399466536276],[121.85997134090601,25.101394650479374],[121.85864175541474,25.100572994150795],[121.85709458061065,25.099934497550546],[121.85532981649376,25.099479160678623],[121.85334746306408,25.09920698353503],[121.85086952127698,25.099205556444677],[121.84789599113245,25.09947487940757],[121.8444268726305,25.1000149524237],[121.84046216577113,25.100825775493078],[121.83697393109651,25.101213568637267],[121.83396216860663,25.10117833185628],[121.8314268783015,25.100720065150092],[121.8293680601811,25.099838768518733],[121.82767638281766,25.098840929354584],[121.8263518462112,25.09772654765766],[121.82539445036169,25.096495623427955],[121.82480419526912,25.09514815666547],[121.82478861351152,25.093912978799857],[121.82534770508886,25.09279008983112],[121.82648147000116,25.091779489759254],[121.82818990824839,25.09088117858426],[121.82965913472432,25.089982867409272],[121.83088914942896,25.08908455623428],[121.83187995236231,25.08818624505929],[121.83263154352436,25.087287933884298],[121.8330955051239,25.086389622709305],[121.83327183716096,25.085491311534316],[121.83316053963557,25.084593000359323],[121.83276161254766,25.083694689184334],[121.83236161577592,25.082955389350364],[121.83196054932033,25.08237510085742],[121.8315584131809,25.0819538237055],[121.83115520735763,25.0816915578946],[121.83072890590081,25.081462017715477],[121.83027950881046,25.08126520316813],[121.82980701608658,25.081101114252558],[121.82931142772917,25.080969750968762],[121.82856804519302,25.08096979733834],[121.82757686847819,25.081101253361293],[121.82633789758464,25.081364119037616],[121.82485113251236,25.08175839436731],[121.82348826452946,25.082579413051725],[121.8222492936359,25.08382717509086],[121.8211342198317,25.08550168048472],[121.82014304311687,25.087602929233302],[121.81853238095525,25.08926846187639],[121.81630223334686,25.090498278413985],[121.81345260029168,25.091292378846088],[121.80998348178973,25.091650763172694],[121.80700995164521,25.092238597676243],[121.80453200985811,25.093055882356726],[121.80254965642841,25.09410261721415],[121.80106289135615,25.095378802248515],[121.79908053792647,25.09607202001897],[121.79660259613937,25.096182270525517],[121.79362906599484,25.095709553768163],[121.79015994749288,25.094653869746903],[121.78731031443772,25.094103180302113],[121.78508016682932,25.09405748543379],[121.7834695046677,25.09451678514194],[121.78247832795286,25.095481079426563],[121.78136325414866,25.09623638491677],[121.7801242832551,25.096782701612568],[121.7787614152722,25.097120029513952],[121.77727465019994,25.097248368620924],[121.77591178221702,25.09663620623445],[121.77467281132347,25.095283542354526],[121.77355773751928,25.09319037698116],[121.77256656080444,25.090356710114346],[121.77145148700023,25.088050036586427],[121.77021251610668,25.086270356397407],[121.76884964812378,25.08501766954728],[121.76736288305152,25.084291976036052],[121.76587611797925,25.083772664238932],[121.76438935290699,25.08345973415591],[121.76290258783472,25.08335318578699],[121.76141582276246,25.083453019132175],[121.75980516060083,25.083728848063483],[121.75807060134987,25.084180672580906],[121.75621214500954,25.084808492684456],[121.75422979157985,25.085612308374124],[121.75199964397146,25.086159893132084],[121.74952170218435,25.08645124695834],[121.74679596621853,25.086486369852896],[121.74382243607401,25.086265261815743],[121.74143533330019,25.085875282204245],[121.73963465789708,25.0853164310184],[121.73842040986467,25.084588708258206],[121.737792589203,25.08369211392366],[121.73732501256778,25.082121356997764],[121.73701767995904,25.07987643748051],[121.7368705913768,25.076957355371903],[121.73688374682102,25.073364110671935],[121.73668075229311,25.070332310456344],[121.73626160779303,25.067861954725117],[121.7356263133208,25.06595304347826],[121.7347748688764,25.064605576715774],[121.7339635603508,25.062921243262668],[121.73319238774401,25.060900043118938],[121.732461351056,25.058541976284584],[121.7317704502868,25.055847042759613],[121.73018086515604,25.052557768217802],[121.72769259566373,25.048674152659153],[121.72430564180985,25.04419619608366],[121.72002000359444,25.039123898491336],[121.71631018657547,25.03499800421504],[121.71317619075292,25.031818513254784],[121.71061801612679,25.029585425610563],[121.7086356626971,25.028298741282377],[121.70677720635678,25.027380514953396],[121.7050426471058,25.026830746623624],[121.70343198494419,25.026649436293063],[121.70194521987192,25.026836583961703],[121.70045845479966,25.027318080648993],[121.69897168972739,25.028093926354934],[121.69748492465513,25.02916412107952],[121.69599815958287,25.030528664822754],[121.69459670209254,25.031967872979223],[121.69328055218416,25.033481745548926],[121.69204970985771,25.035070282531862],[121.69090417511322,25.036733483928028],[121.68994174807635,25.03843004056265],[121.68916242874714,25.040159952435722],[121.68856621712554,25.04192321954725],[121.68815311321158,25.043719841897232],[121.68761345949397,25.045258718813333],[121.68694725597267,25.04653985029555],[121.6861545026477,25.047563236343883],[121.68523519951903,25.048328876958333],[121.68417403090447,25.04888115047407],[121.68297099680402,25.049220056891098],[121.68162609721765,25.049345596209413],[121.68013933214539,25.04925776842902],[121.67778528744763,25.048435085686275],[121.6745639631244,25.046877547981186],[121.67047535917567,25.044585155313747],[121.66551947560146,25.041557907683963],[121.66171034296657,25.039201097279317],[121.65904796127099,25.0375147240998],[121.65753233051473,25.036498788145423],[121.65716345069778,25.03615328941618],[121.65677199701187,25.035332720884877],[121.65635796945699,25.034037082551517],[121.65592136803315,25.032266374416096],[121.65546219274036,25.03002059647862],[121.6553248250482,25.028103040751787],[121.65550926495666,25.026513707235605],[121.65601551246579,25.02525259593006],[121.65684356757552,25.024319706835165],[121.65789514495074,25.023404106700223],[121.65917024459146,25.02250579552523],[121.66066886649763,25.02162477331019],[121.66239101066931,25.020761040055106],[121.66425785095446,25.01943950673255],[121.66626938735314,25.01766017334252],[121.6684256198653,25.015423039885018],[121.67072654849099,25.012728106360044],[121.672358852497,25.01003317283507],[121.67332253188336,25.007338239310098],[121.67361758665002,25.004643305785123],[121.67324401679706,25.001948372260152],[121.67260021050254,24.999478016528926],[121.67168616776647,24.997232238591447],[121.67050188858886,24.995211038447717],[121.6690473729697,24.993414416097735],[121.66740773942405,24.99170379564803],[121.66558298795186,24.99007917709859],[121.66357311855316,24.988540560449426],[121.66137813122796,24.987087945700537],[121.6582451256618,24.985591929135875],[121.65417410185466,24.984052510755454],[121.64916505980656,24.982469690559263],[121.64321799951752,24.980843468547302],[121.63739483631781,24.979364941028543],[121.63169557020747,24.978034108002976],[121.62612020118648,24.976850969470597],[121.62066872925485,24.975815525431422],[121.61606767880008,24.974720045839554],[121.61231704982218,24.973564530695008],[121.60941684232115,24.972348979997776],[121.607367056297,24.971073393747858],[121.6055363321887,24.969779837369796],[121.60392466999632,24.968468310863592],[121.60253206971983,24.967138814229248],[121.60135853135922,24.965791347466762],[121.60153200286368,24.964952938286984],[121.60305248423317,24.96462358668991],[121.60591997546773,24.964803292675537],[121.61013447656734,24.965492056243875],[121.6142865291069,24.96538279029161],[121.6183761330864,24.964475494818743],[121.62240328850582,24.962770169825276],[121.62636799536519,24.960266815311204],[121.62976041188502,24.95828150267771],[121.63258053806533,24.956814231924803],[121.63482837390613,24.95586500305248],[121.63650391940737,24.955433816060737],[121.63783728051543,24.95503113744372],[121.63882845723028,24.954656967201423],[121.6394774495519,24.95431130533385],[121.63978425748034,24.953994151841],[121.6400533468274,24.9537232861977],[121.64028471759306,24.953498708403952],[121.64047836977734,24.953320418459754],[121.64063430338027,24.95318841636511],[121.64071227018172,24.952982177628126],[121.64071227018172,24.952701702248806],[121.64063430338027,24.95234699022715],[121.64047836977734,24.951918041563154],[121.64035612533397,24.951591278334284],[121.64026757005013,24.951366700540536],[121.64021270392581,24.95124430818191],[121.64019152696102,24.95122410125841],[121.63956145303186,24.95110811067377],[121.6383224821383,24.95089633642799],[121.63647461428036,24.95058877852107],[121.63401784945805,24.95018543695301],[121.63143189330518,24.95012022575671],[121.62871674582175,24.950393144932175],[121.62587240700778,24.951004194479406],[121.62289887686325,24.951953374398396],[121.61955365545064,24.952125717247327],[121.61583674276999,24.951521223026198],[121.61174813882127,24.950139891735013],[121.60728784360448,24.94798172337377],[121.60254042569814,24.94598015732729],[121.59750588510225,24.94413519359559],[121.59218422181681,24.942446832178668],[121.58657543584182,24.940915073076514],[121.58236149915153,24.939429387059274],[121.57954241174595,24.937989774126958],[121.5781181736251,24.936596234279556],[121.57808878478892,24.935248767517066],[121.57846348531395,24.933452145167085],[121.57924227520019,24.93120636722961],[121.58042515444762,24.928511433704635],[121.58201212305627,24.925367344592168],[121.5837841388893,24.922335544376573],[121.5857412019467,24.91941603305785],[121.58788331222851,24.916608810636003],[121.5902104697347,24.913913877111032],[121.59194979383496,24.911106654689185],[121.59310128452927,24.908187143370466],[121.59366494181765,24.90515534315487],[121.5936407657001,24.9020112540424],[121.59306650529169,24.898193431548687],[121.59194216059245,24.893701875673734],[121.59026773160238,24.888536586417537],[121.58804321832149,24.882697563780095],[121.58632422361484,24.877532274523894],[121.58511074748247,24.87304071864894],[121.58440278992437,24.86922289615523],[121.58420035094055,24.86607880704276],[121.58383467085052,24.86315929572404],[121.58330574965433,24.860464362199068],[121.58261358735191,24.85799400646784],[121.58175818394334,24.855748228530363],[121.58051582016837,24.85343499017193],[121.57888649602702,24.85105429139255],[121.57687021151929,24.84860613219221],[121.57446696664518,24.846090512570917],[121.57192115045348,24.843889668165875],[121.56923276294415,24.842003598977083],[121.56640180411723,24.840432305004548],[121.5634282739727,24.83917578624826],[121.56045474382817,24.838194841701632],[121.55748121368364,24.837489471364673],[121.55450768353911,24.837059675237384],[121.5515341533946,24.836905453319762],[121.54856062325007,24.837007323017136],[121.54558709310554,24.837365284329515],[121.54261356296101,24.837979337256893],[121.5396400328165,24.83884948179927],[121.53691429685067,24.839844220041975],[121.53443635506356,24.840963551985006],[121.53220620745518,24.842207477628367],[121.53022385402548,24.84357599697206],[121.52794296120992,24.845473466169608],[121.52536352900846,24.84789988522101],[121.52248555742112,24.850855254126277],[121.5193090464479,24.854339572885394],[121.51659219225937,24.85762654533598],[121.51433499485552,24.86071617147802],[121.51253745423637,24.863608451311535],[121.51119957040191,24.866303384836506],[121.51008556003138,24.868773740567732],[121.50919542312477,24.87101951850521],[121.50852915968206,24.87304071864894],[121.50808676970327,24.874837340998923],[121.50790169326437,24.87820600790514],[121.50797393036535,24.883146719367588],[121.50830348100621,24.889659475386274],[121.50889034518696,24.897744275961195],[121.50844062004424,24.903851004403023],[121.5069543055781,24.907979660711757],[121.50443140178854,24.910130244887398],[121.50087190867552,24.910302756929948],[121.49721111212592,24.91074380189261],[121.49344901213972,24.91145337977539],[121.48958560871695,24.91243149057828],[121.48562090185757,24.913678134301286],[121.48178009208756,24.915360933561352],[121.4780631794069,24.917479888358482],[121.4744701638156,24.920034998692667],[121.47100104531366,24.923026264563916],[121.46828020160956,24.92528999752689],[121.46630763270329,24.926826197581587],[121.46508333859488,24.927634864728013],[121.46460731928431,24.927715998966164],[121.46424541253967,24.92777798224904],[121.46399761836095,24.927820814576634],[121.46386393674818,24.927844495948957],[121.46384436770133,24.927849026366],[121.462714617112,24.927428164697602],[121.46047468498017,24.926581910943767],[121.45712457130585,24.9253102651045],[121.45266427608907,24.92361322717979],[121.44933331363285,24.921977553335054],[121.44713168393719,24.920403243570302],[121.44605938700212,24.91889029788552],[121.44611642282761,24.91743871628072],[121.44639273491907,24.915765104305642],[121.4468883232765,24.913869461960292],[121.44760318789987,24.911751789244665],[121.44853732878923,24.909412086158763],[121.44889529484837,24.907343923440823],[121.44867708607731,24.90554730109084],[121.44788270247602,24.904022219108818],[121.44651214404455,24.902768677494752],[121.4449595852033,24.901653150840982],[121.44322502595233,24.9006756391475],[121.44130846629162,24.899836142414316],[121.43920990622115,24.899134660641412],[121.43701650072154,24.898624863044823],[121.43472824979276,24.898306749624552],[121.43234515343481,24.898180320380586],[121.4298672116477,24.898245575312934],[121.42726537277123,24.898555669314717],[121.42453963680542,24.89911060238594],[121.42169000375024,24.899910374526595],[121.41871647360573,24.90095498573669],[121.41611463472925,24.901710163053853],[121.41388448712087,24.902175906478078],[121.41202603078054,24.902352216009376],[121.41053926570827,24.902239091647743],[121.40818522101053,24.90282848344919],[121.40496389668728,24.904120391413723],[121.40087529273856,24.90611481554134],[121.39591940916435,24.908811755832044],[121.39178062796726,24.910760144356658],[121.38845894914729,24.911959981115196],[121.38595437270446,24.912411266107643],[121.38426689863876,24.912113999334007],[121.38292757324847,24.911826542060293],[121.38193639653363,24.911548894286508],[121.38129336849423,24.911281056012637],[121.38099848913025,24.911023027238695],[121.38069153274101,24.910781723954855],[121.38037249932651,24.910557146161107],[121.38004138888674,24.910349293857454],[121.37969820142168,24.9101581670439],[121.37937288872382,24.90979024413999],[121.37906545079315,24.909245525145717],[121.37877588762967,24.908524010061086],[121.37850419923339,24.907625698886093],[121.37874719571643,24.90537992094862],[121.37950487707877,24.90178667624865],[121.38077724332041,24.896845964786202],[121.3825642944414,24.890557786561263],[121.38389002227504,24.885504786201942],[121.38475442682137,24.88168696370823],[121.38515750808041,24.87910431908013],[121.38509926605212,24.877756852317642],[121.38477710122307,24.876387981114995],[121.38419101359325,24.87499770547219],[121.38334100316266,24.87358602538922],[121.38222706993132,24.872152940866094],[121.38064823747168,24.870711849842255],[121.37860450578374,24.869262752317702],[121.3760958748675,24.867805648292435],[121.37312234472297,24.86634053776646],[121.37079416750473,24.865292520253007],[121.36911134321277,24.864661595752086],[121.36807387184707,24.86444776426369],[121.36768175340767,24.864651025787822],[121.3678226596704,24.86558949420904],[121.36849659063526,24.867263169527337],[121.36970354630223,24.869672051742725],[121.37144352667136,24.872816140855193],[121.3720398551977,24.876121465794792],[121.37149253188126,24.879588026561525],[121.36980155672205,24.883215823155382],[121.36696692972009,24.88700485557638],[121.36471706237926,24.890331981837715],[121.36305195469956,24.893197201939405],[121.361971606681,24.89560051588144],[121.36147601832357,24.897541923663823],[121.36082582468464,24.89924970290287],[121.3600210257642,24.900723853598592],[121.35906162156225,24.901964375750982],[121.3579476120788,24.90297126936004],[121.35699552334565,24.904175595154328],[121.3562053553628,24.905577353133847],[121.35557710813029,24.9071765432986],[121.35511078164807,24.908973165648582],[121.35404104697362,24.910730643482125],[121.35236790410697,24.912448976799237],[121.35009135304807,24.91412816559991],[121.34721139379695,24.915768209884146],[121.34418414473312,24.91671206932145],[121.3410096058566,24.916959743911814],[121.33768777716736,24.916511233655246],[121.3342186586654,24.91536653855174],[121.3303778488954,24.91498914424304],[121.32616534785731,24.915379050729136],[121.32158115555117,24.916536258010037],[121.31662527197696,24.918460766085737],[121.31264540727236,24.920197494003396],[121.30964156143736,24.921746441763013],[121.307613734472,24.923107609364585],[121.30656192637622,24.924280996808115],[121.30562390222312,24.925610192978258],[121.30479966201268,24.927095197875012],[121.3040892057449,24.928736011498383],[121.30349253341981,24.930532633848365],[121.30308545801311,24.932252504756637],[121.30286797952488,24.933895624223197],[121.30284009795506,24.935461992248044],[121.30300181330367,24.936951608831183],[121.30344161894868,24.938594728297744],[121.30415951489007,24.940391350647726],[121.30515550112789,24.94234147588113],[121.30642957766206,24.944445103997957],[121.30735621854804,24.94613511398245],[121.30793542378579,24.94741150583461],[121.30816719337534,24.94827427955444],[121.30805152731666,24.948723435141932],[121.30732953621218,24.949734035213798],[121.3060012200619,24.95130607977003],[121.30406657886581,24.953439568810637],[121.30152561262395,24.95613450233561],[121.29897435016927,24.95828563920992],[121.29641279150184,24.95989297943357],[121.29384093662162,24.96095652300656],[121.29125878552861,24.961476269928884],[121.2889504809408,24.961382185253054],[121.28691602285816,24.96067426897906],[121.28515541128071,24.959352521106904],[121.28366864620845,24.95741694163659],[121.28214537357675,24.95564548178961],[121.28058559338565,24.95403814156596],[121.27898930563515,24.952594920965645],[121.2773565103252,24.951315819988658],[121.27554893595537,24.950128522677463],[121.27356658252569,24.94903302903206],[121.27140945003615,24.948029339052443],[121.26907753848673,24.947117452738624],[121.26646132519916,24.94634278247499],[121.26356081017347,24.945705328261536],[121.26037599340965,24.945205090098266],[121.25690687490771,24.944842067985174],[121.25368555058446,24.943886816341564],[121.25071202043995,24.942339335167436],[121.24798628447412,24.94019962446278],[121.24550834268702,24.937467684227606],[121.24327819507863,24.9352259004811],[121.24129584164895,24.933474273223265],[121.23956128239797,24.932212802454096],[121.2380745173257,24.931441488173597],[121.23646385516409,24.930750614153375],[121.23472929591311,24.930140180393437],[121.23287083957278,24.929610186893782],[121.2308884861431,24.92916063365441],[121.22878223562405,24.92887267037943],[121.22655208801567,24.92874629706886],[121.22419804331791,24.928781513722686],[121.2217201015308,24.928978320340914],[121.2192421597437,24.929411486585867],[121.2167642179566,24.930081012457553],[121.21428627616949,24.930986897955965],[121.21180833438238,24.932129143081106],[121.20955567465037,24.93339654855024],[121.20752829697348,24.93478911436336],[121.2057262013517,24.936306840520484],[121.20414938778498,24.9379497270216],[121.20274149555486,24.93976773484976],[121.20150252466131,24.941760864004973],[121.20043247510432,24.94392911448724],[121.19953134688393,24.94627248629655],[121.19890726439398,24.94867935006682],[121.1985602276345,24.951149705798045],[121.19849023660548,24.953683553490226]]],[[[121.75282806789745,24.752729825221966],[121.75255436991908,24.753782677023228],[121.75254141801925,24.75482415269241],[121.75278921219797,24.755854252229515],[121.75329775245521,24.756872975634547],[121.754067038791,24.7578803229075],[121.7547679006322,24.758677932002943],[121.75540033797881,24.759265802920872],[121.75596435083082,24.759643935661295],[121.75645993918825,24.759812330224204],[121.75695552754567,24.759942228688942],[121.7574511159031,24.760033631055506],[121.7579467042605,24.7600865373239],[121.75844229261793,24.760100947494124],[121.75911152271236,24.759926506017138],[121.75995439454378,24.759563212892953],[121.76097090811221,24.75901106812157],[121.76216106341765,24.75827007170298],[121.76309690321334,24.757602035492166],[121.76377842749929,24.75700695948912],[121.76420563627549,24.756484843693855],[121.76437852954194,24.756035688106362],[121.76450895769224,24.755586532518866],[121.76459692072638,24.75513737693137],[121.76464241864433,24.754688221343873],[121.76464545144614,24.75423906575638],[121.76443010279341,24.75363454391251],[121.7639963726862,24.75287465581228],[121.76334426112443,24.751959401455682],[121.76247376810817,24.75088878084271],[121.76169700125661,24.750051706417025],[121.76101396056976,24.749448178178636],[121.76042464604761,24.749078196127538],[121.7599290576902,24.748941760263723],[121.75943346933278,24.748843042118015],[121.75893788097535,24.748782041690404],[121.75844229261793,24.748758758980898],[121.7579467042605,24.74877319398949],[121.75732721881373,24.748931251559544],[121.7565838362776,24.74923293169105],[121.75571655665212,24.749678234384017],[121.75472537993727,24.75026715963844],[121.75391357290655,24.750972066529574],[121.75328113555993,24.751792955057415],[121.75282806789745,24.752729825221966]]],[[[121.85565371182072,25.04183599092719],[121.85653042651525,25.043667504725192],[121.85771216639863,25.045245199937387],[121.8591989314709,25.046569076563763],[121.86099072173204,25.04763913460432],[121.86308753718204,25.048455374059067],[121.86522214774237,25.04886349378644],[121.86739455341305,25.04886349378644],[121.86960475419407,25.048455374059067],[121.87185275008544,25.04763913460432],[121.87376353993352,25.04657779942577],[121.8753371237383,25.04527136852341],[121.87657350149979,25.043719841897232],[121.87747267321802,25.04192321954725],[121.8779572284281,25.040238886094144],[121.87802716713009,25.03866684153791],[121.87768248932393,25.03720708587855],[121.87692319500968,25.035859619116064],[121.87563285886081,25.034519648691102],[121.87381148087731,25.03318717460368],[121.8714590610592,25.031862196853776],[121.86857559940646,25.03054471544141],[121.86604131189884,25.029691628274218],[121.86385619853634,25.029302935352213],[121.86202025931895,25.029378636675386],[121.8605334942467,25.02991873224374],[121.85917062626379,25.030846294209628],[121.85793165537024,25.032161322573042],[121.85681658156604,25.033863817333987],[121.85582540485119,25.035953778492463],[121.85530120098869,25.03797912781082],[121.85524396997855,25.039939865289064],[121.85565371182072,25.04183599092719]]],[[[121.90411857482714,25.02192632881778],[121.90426597436452,25.023097920179637],[121.90458746831195,25.02410033399166],[121.90508305666935,25.024933570253854],[121.90575273943679,25.025597628966217],[121.90659651661424,25.02609251012874],[121.90747714367603,25.026413396107802],[121.90839462062219,25.026560286903386],[121.90934894745268,25.026533182515504],[121.91034012416752,25.026332082944148],[121.91122470408004,25.025995523970963],[121.91200268719025,25.02552350559595],[121.91267407349817,25.02491602781911],[121.91323886300376,25.024173090640442],[121.91358573967545,25.02339130996269],[121.91371470351326,25.022570685785865],[121.91362575451721,25.021711218109953],[121.91331889268724,25.020812906934964],[121.91302426439587,25.020101142850258],[121.91274186964309,25.01957592585584],[121.91247170842888,25.019237255951708],[121.91221378075323,25.019085133137864],[121.91189643790716,25.018905297201],[121.91151967989063,25.01869774814112],[121.91108350670365,25.01846248595822],[121.91058791834624,25.018199510652305],[121.90996843289946,25.01800916156228],[121.90922505036332,25.017891438688153],[121.90835777073784,25.017846342029916],[121.90736659402299,25.01787387158758],[121.90651779344559,25.017991410896347],[121.90581136900563,25.01819895995623],[121.90524732070313,25.01849651876722],[121.90482564853806,25.018884087329322],[121.90449091536617,25.019218732601058],[121.90424312118746,25.019500454582424],[121.90408226600194,25.01972925327342],[121.90400834980957,25.01990512867405],[121.90398976254966,25.02032993306499],[121.90402650422217,25.021003666446234],[121.90411857482714,25.02192632881778]]]]}},{"type":"Feature","properties":{"arrival_time":"09:00","color":"#FB923C","cutoff":7200,"departure_time":"09:00","layer":"isochrone","minutes":120,"name":"120分鐘","time_slot":"09:00","time_type":"arrival"},"geometry":{"type":"MultiPolygon","coordinates":[[[[120.82126059819547,24.568225293831354],[120.82107932838363,24.568340468429604],[120.82089709966674,24.56853913827517],[120.82071391204478,24.568821303368043],[120.82052976551776,24.56918696370823],[120.82034466008567,24.569636119295723],[120.82029742482257,24.570082395416577],[120.82038805972849,24.570525792070786],[120.8206165648034,24.570966309258356],[120.82098294004732,24.57140394697928],[120.82138161856963,24.571716176448145],[120.8218126003703,24.571902997664946],[120.82227588544934,24.571964410629686],[120.82277147380677,24.571900415342363],[120.82320845239502,24.57175900826847],[120.82358682121414,24.571540189408008],[120.82390658026408,24.571243958760974],[120.82416772954485,24.570870316327373],[120.8243241839367,24.570477795605296],[120.82437594343959,24.570066396594747],[120.82432300805353,24.569636119295723],[120.8241653777785,24.56918696370823],[120.8240212753208,24.56883041430131],[120.82389070068041,24.568566471074963],[120.82377365385732,24.56839513402919],[120.82367013485155,24.568316403163994],[120.82346859850787,24.568248244081833],[120.82316904482627,24.568190656782708],[120.82277147380677,24.568143641266612],[120.82227588544934,24.568107197533557],[120.82185887672833,24.568108658383327],[120.8215204476437,24.568148023815926],[120.82126059819547,24.568225293831354]]],[[[120.86902084824625,24.685383825954553],[120.86896209025998,24.686785066683044],[120.86902137164608,24.68806057502316],[120.86919869240457,24.689210350974903],[120.86949405253542,24.69023439453827],[120.86990745203863,24.691132705713258],[120.87062442964425,24.692093550116905],[120.8716449853522,24.693116927749205],[120.87296911916256,24.69420283861016],[120.87459683107528,24.695351282699768],[120.8761893062779,24.696238176908174],[120.8777465447704,24.696863521235382],[120.87926854655278,24.69722731568139],[120.88075531162504,24.697329560246196],[120.88199428251859,24.697377075725463],[120.88298545923344,24.6973698621192],[120.88372884176957,24.697307919427395],[120.88422443012699,24.697191247650053],[120.88472001848442,24.697053256193016],[120.88521560684183,24.696893945056274],[120.88571119519925,24.69671331423984],[120.88620678355667,24.696511363743706],[120.88682626900345,24.6961573867341],[120.88756965153958,24.69565138321103],[120.88843693116507,24.694993353174485],[120.88942810787991,24.694183296624473],[120.89029849242887,24.693320673960482],[120.89104808481198,24.69240548518252],[120.8916768850292,24.691437730290573],[120.89218489308057,24.69041740928466],[120.8925098680347,24.689203012942727],[120.89265180989155,24.687794541264775],[120.8926107186512,24.68619199425081],[120.89238659431358,24.684395371900827],[120.89177583886386,24.682686741115948],[120.89077845230206,24.681066101896178],[120.88939443462814,24.679533454241504],[120.88762378584212,24.678088798151936],[120.88592410798456,24.676974562522304],[120.88429540105543,24.6761907473526],[120.88273766505472,24.675737352642823],[120.88125089998246,24.675614378392975],[120.87988803199956,24.675597942879126],[120.878649061106,24.67568804610128],[120.8775339873018,24.67588468805943],[120.87654281058695,24.676187868753576],[120.87542773678277,24.676830212090874],[120.87418876588922,24.677811718071325],[120.8728258979063,24.679132386694928],[120.87133913283404,24.68079221796168],[120.87020936953328,24.68238740159387],[120.86943660800401,24.683917937591495],[120.86902084824625,24.685383825954553]]],[[[120.87087857891581,24.72102186817426],[120.87073673908948,24.721103572934737],[120.87056768778595,24.721277140401973],[120.87037142500523,24.721542570575963],[120.87014795074731,24.721899863456702],[120.8698972650122,24.7223490190442],[120.86979043292503,24.72279817463169],[120.8698274544858,24.723247330219188],[120.87000832969449,24.723696485806684],[120.87033305855111,24.72414564139418],[120.87059355436979,24.72449157094209],[120.87078981715051,24.724734274450412],[120.8709218468933,24.72487375191915],[120.87098964359811,24.72491000334831],[120.87114541328917,24.72492812906288],[120.87138915596644,24.72492812906288],[120.87172087162999,24.72491000334831],[120.87214056027976,24.72487375191915],[120.87247430169401,24.72484274781501],[120.87272209587272,24.72481699103588],[120.87288394281589,24.72479648158176],[120.87295984252354,24.72478121945265],[120.87308005277056,24.724661299491217],[120.87324457355693,24.724436721697472],[120.87345340488267,24.724107486071407],[120.87370654674775,24.723673592613018],[120.8738456078429,24.72323588362236],[120.87387058816805,24.722794359099417],[120.87378148772325,24.7223490190442],[120.87357830650846,24.721899863456702],[120.8734134304348,24.721553894239754],[120.87328685950224,24.72131111139336],[120.87319859371081,24.721171514917508],[120.87314863306048,24.721135104812205],[120.87298726548339,24.72109647356944],[120.87271449097952,24.721055621189198],[120.87233030954889,24.721012547671485],[120.87183472119146,24.72096725301631],[120.87142756996681,24.720953708215045],[120.87110885587492,24.720971913267693],[120.87087857891581,24.72102186817426]]],[[[120.90668265720612,24.762127284833877],[120.90662196175043,24.763733046430332],[120.90683940820131,24.76516938055483],[120.90733499655873,24.766436287207373],[120.9081087268227,24.76753376638797],[120.90916059899322,24.76846181809661],[120.91032119438918,24.769165443026434],[120.9115905130106,24.76964464117745],[120.91296855485741,24.76989941254965],[120.91445531992969,24.76992975714304],[120.91585400117363,24.76971291651257],[120.91716459858928,24.76924889065825],[120.91838711217662,24.768537679580078],[120.91952154193564,24.76757928327805],[120.92039084738413,24.766523619360907],[120.92099502852211,24.765370687828653],[120.92133408534956,24.76412048868128],[120.92140801786648,24.762773021918793],[120.92116137668519,24.761481293288192],[120.92059416180568,24.760245302789475],[120.91970637322795,24.759065050422645],[120.91849801095199,24.757940536187697],[120.91722004797698,24.75710477201823],[120.91587248430287,24.756557757914244],[120.91445531992969,24.756299493875744],[120.91296855485741,24.756329979902716],[120.91160568687451,24.75656177776645],[120.91036671598096,24.756994887466938],[120.90925164217676,24.757629309004187],[120.90826046546192,24.75846504237819],[120.90750190906186,24.759493282807806],[120.9069759729766,24.760714030293038],[120.90668265720612,24.762127284833877]]],[[[120.91870046863154,24.78646927321113],[120.91872223374074,24.788399324616577],[120.91910480756339,24.790159780353246],[120.91984819009951,24.791750640421125],[120.92095238134912,24.79317190482021],[120.9224173813122,24.79442357355051],[120.92401171964192,24.795355871862046],[120.92573539633831,24.795968799754807],[120.92758841140135,24.7962623572288],[120.92957076483103,24.79623654428403],[120.93140649889307,24.795910720629067],[120.9330956135875,24.795284886263914],[120.93463810891427,24.794359041188574],[120.93603398487342,24.79313318540305],[120.93710252229995,24.791764637976407],[120.93784372119381,24.790253398908654],[120.93825758155508,24.788599468199784],[120.93834410338368,24.786802845849802],[120.9380383953082,24.785099835828767],[120.93734045732863,24.783490438136674],[120.93625028944497,24.78197465277353],[120.93476789165719,24.78055247973933],[120.93316050495896,24.779479338993706],[120.93142812935024,24.77875523053665],[120.92957076483103,24.77838015436816],[120.92758841140135,24.77835411048825],[120.92572995506102,24.77866327454298],[120.92399539581004,24.77930764653234],[120.92238473364841,24.780287226456345],[120.92089796857616,24.781602014314988],[120.91978833604925,24.78307061806033],[120.91905583606771,24.784693037692378],[120.91870046863154,24.78646927321113]]],[[[120.94790907661157,24.797941547866763],[120.94757971274393,24.8010318809299],[120.94751551198165,24.803798786314754],[120.94771647432475,24.806242264021314],[120.9481825997732,24.80836231404959],[120.94891388832704,24.81015893639957],[120.94973356483894,24.811819351599098],[120.95064162930889,24.813343559648164],[120.95163808173689,24.814731560546782],[120.95272292212297,24.815983354294943],[120.9541560378593,24.817252183567245],[120.9559374289459,24.81853804836369],[120.95806709538275,24.81984094868427],[120.96054503716985,24.821160884528997],[120.96376636149309,24.822370560166085],[120.96773106835245,24.823469975595547],[120.97243915774796,24.824459130817374],[120.97789062967959,24.82533802583157],[120.98247482198573,24.825858172318227],[120.98619173466639,24.826019570277346],[120.98904136772157,24.82582221970893],[120.99102372115125,24.825266120612977],[120.99288217749158,24.824614615789226],[120.99461673674256,24.823867705237678],[120.99622739890417,24.82302538895833],[120.99771416397644,24.822087666951195],[120.99932482613805,24.821319831846306],[121.00105938538903,24.82072188364367],[121.00291784172936,24.820293822343285],[121.00490019515904,24.820035647945147],[121.00673796893184,24.81964193766383],[121.00843116304777,24.81911269149933],[121.0099797775068,24.818447909451653],[121.01138381230895,24.817647591520796],[121.01271585653383,24.816598197485156],[121.01397591018141,24.815299727344733],[121.01516397325175,24.813752181099535],[121.01628004574478,24.811955558749553],[121.01711614913886,24.810046647502695],[121.01767228343398,24.808025447358965],[121.01794844863014,24.805891958318362],[121.01794464472734,24.803646180380884],[121.01868823320346,24.80173726913403],[121.02017921405849,24.800165224577793],[121.02241758729244,24.798930046712183],[121.02540335290529,24.79803173553719],[121.02826683945518,24.796684268774705],[121.03100804694212,24.794887646424723],[121.03362697536612,24.792641868487244],[121.03612362472718,24.78994693496227],[121.0380757115153,24.78758886812792],[121.03948323573051,24.78556766798419],[121.04034619737278,24.783883334531083],[121.04066459644217,24.782535867768594],[121.04080646981495,24.781281248469092],[121.04077181749118,24.780119476632574],[121.04056063947083,24.779050552259033],[121.0401729357539,24.778074475348483],[121.03963436378751,24.777144687414737],[121.03894492357162,24.7762611884578],[121.03810461510626,24.77542397847767],[121.03711343839142,24.774633057474347],[121.03587446749786,24.774027074992716],[121.0343877024256,24.773606031032774],[121.03265314317463,24.773369925594526],[121.03067078974495,24.773318758677974],[121.0282618543442,24.773734924698164],[121.02542633697236,24.774618423655102],[121.02216423762943,24.775969255548787],[121.01847555631545,24.777787420379216],[121.01555355456435,24.77937562179579],[121.01339823237609,24.780733859798502],[121.0120095897507,24.781862134387353],[121.01138762668818,24.782760445562342],[121.01078333571625,24.783995623427955],[121.01019671683493,24.78556766798419],[121.00962777004418,24.787476579231047],[121.00907649534399,24.78972235716852],[121.00802006274772,24.79144440240748],[121.0064584722553,24.79264271494791],[121.00439172386677,24.79331729478982],[121.00181981758213,24.793468141933204],[120.99976699077928,24.79356263514022],[120.99823324345824,24.793600774410855],[120.99721857561902,24.793582559745122],[120.99672298726159,24.793507991143017],[120.99632502189411,24.793432995056115],[120.99602467951657,24.79335757148442],[120.99582196012896,24.793281720427938],[120.9957168637313,24.793205441886656],[120.9952581377634,24.792699077393202],[120.99444578222534,24.791762626947573],[120.99327979711704,24.790396090549766],[120.99176018243853,24.788599468199784],[120.99028326666256,24.78701198375652],[120.98884904978912,24.78563363721998],[120.98745753181825,24.78446442859015],[120.98610871274988,24.78350435786705],[120.9846015100912,24.782617206654084],[120.98293592384218,24.781802974951262],[120.98111195400283,24.78106166275858],[120.97912960057315,24.780393270076043],[120.97714724714346,24.77988059712329],[120.97516489371377,24.779523643900326],[120.97318254028409,24.779322410407154],[120.9712001868544,24.779276896643765],[120.968970039246,24.779525249945035],[120.9664920974589,24.780067470310964],[120.96376636149309,24.78090355774155],[120.96079283134856,24.78203351223679],[120.95806709538275,24.783479578376497],[120.95558915359564,24.785241756160666],[120.95335900598724,24.787320045589304],[120.95137665255756,24.7897144466624],[120.94980754651837,24.792282830733008],[120.94865168786971,24.795025197801127],[120.94790907661157,24.797941547866763]]],[[[120.97899617428922,24.871573954912893],[120.97956800790983,24.873957282757296],[120.98047341016694,24.876156210826498],[120.98171238106049,24.8781707391205],[120.98328492059049,24.880000867639307],[120.98519102875699,24.881646596382918],[120.98699230114993,24.882983975451566],[120.98868873776931,24.884013004845247],[120.99028033861512,24.88473368456397],[120.99176710368738,24.88514601460773],[120.99325386875965,24.885441884053222],[120.99474063383191,24.885621292900446],[120.99622739890417,24.8856842411494],[120.99771416397644,24.88563072880008],[120.99939791918062,24.88531403572233],[121.00127866451672,24.884734161916143],[121.00335639998472,24.883891107381515],[121.00563112558467,24.882784872118453],[121.00758851627336,24.881618328980533],[121.00922857205079,24.88039147796776],[121.01055129291694,24.87910431908013],[121.01155667887186,24.877756852317642],[121.01239699388059,24.876297096658284],[121.01307223794316,24.874725052102047],[121.01358241105955,24.87304071864894],[121.01392751322977,24.87124409629896],[121.01410336154134,24.86955976284585],[121.0141099559943,24.867987718289616],[121.01394729658863,24.866527962630254],[121.01361538332431,24.86518049586777],[121.01307614749588,24.863720740208407],[121.01232958910337,24.862148695652174],[121.01137570814677,24.860464362199068],[121.01021450462606,24.858667739849086],[121.01004954864409,24.856982623709076],[121.01088084020083,24.855409013779035],[121.01270837929627,24.853946910058973],[121.01553216593044,24.852596312548876],[121.01786551440577,24.85135956930946],[121.01970842472232,24.85023668034072],[121.02106089688003,24.84922764564266],[121.02192293087894,24.84833246521528],[121.02271216719511,24.847324213204114],[121.02342860582856,24.846202889609184],[121.02407224677923,24.84496849443047],[121.02464309004718,24.843621027667986],[121.02503574789102,24.842161272008624],[121.02525022031078,24.84058922745239],[121.02528650730643,24.83890489399928],[121.02514460887798,24.8371082716493],[121.02482353722904,24.835423938196193],[121.0243232923596,24.833851893639956],[121.02364387426962,24.832392137980598],[121.02278528295918,24.83104467121811],[121.02178544841563,24.829800771949042],[121.02064437063899,24.82866044017339],[121.01936204962928,24.827623675891154],[121.01793848538651,24.826690479102336],[121.01649912093633,24.825904012383635],[121.0150439562788,24.825264275735044],[121.01357299141391,24.82477126915657],[121.01208622634165,24.82442499264821],[121.0105994612694,24.824202837633763],[121.00911269619712,24.824104804113226],[121.00762593112486,24.824130892086604],[121.00613916605259,24.82428110155389],[121.00465240098033,24.82460001472442],[121.00316563590808,24.82508763159819],[121.0016788708358,24.825743952175205],[121.00019210576355,24.82656897645545],[120.99884576400305,24.827488382346793],[120.99763984555432,24.828502169849234],[120.99657435041736,24.82961033896277],[120.99564927859214,24.8308128896874],[120.99485892929441,24.832051669421496],[120.99420330252408,24.83332667816505],[120.99368239828121,24.834637915918073],[120.99329621656577,24.835985382680562],[120.99304886682664,24.837332849443047],[120.99294034906382,24.838680316205533],[120.99297066327732,24.840027782968022],[120.99313980946714,24.841375249730508],[120.99352393809241,24.84283500538987],[120.99412304915316,24.844407049946103],[120.9949371426494,24.84609138339921],[120.9959662185811,24.84788800574919],[120.99666138085598,24.849347761408552],[120.99702262947402,24.85047065037729],[120.99704996443522,24.85125667265541],[120.99674338573958,24.851705828242903],[120.99599886879975,24.852185473082383],[120.99481641361577,24.85269560717385],[120.99319602018758,24.853236230517304],[120.99113768851524,24.853807343112738],[120.98930005120572,24.854429766101077],[120.987683108259,24.855103499482322],[120.98628685967512,24.855828543256468],[120.98511130545405,24.85660489742352],[120.983983048318,24.857524029739427],[120.98290208826695,24.858585940204193],[120.9818684253009,24.859790628817823],[120.98088205941987,24.86113809558031],[120.98006327958784,24.862451174866067],[120.97941208580481,24.86372986667509],[120.97892847807081,24.864974171007383],[120.9786124563858,24.866184087862948],[120.97851839852721,24.86768735746572],[120.97864630449502,24.8694839798157],[120.97899617428922,24.871573954912893]]],[[[121.0215826474749,24.900856676634724],[121.02147094625059,24.90374394777027],[121.02178676655994,24.906583134503173],[121.02253010840298,24.909374236833436],[121.02370097177966,24.91211725476105],[121.02529935669003,24.91481218828602],[121.02671766036285,24.917731699604744],[121.02795588279811,24.92087578871721],[121.02901402399581,24.924244455623427],[121.02989208395599,24.92783770032339],[121.03144106498145,24.93154323392023],[121.03366096707224,24.935361056413942],[121.03655179022832,24.939291167804527],[121.04011353444972,24.943333568091987],[121.04325687481058,24.946702234998202],[121.04598181131092,24.949397168523177],[121.04828834395073,24.951418368666907],[121.05017647273004,24.952765835429393],[121.05298413656539,24.954287139098955],[121.05671133545677,24.955982279675588],[121.06135806940419,24.9578512571593],[121.06692433840766,24.95989407155009],[121.07209021687508,24.96142265823046],[121.0768557048065,24.962437017200422],[121.0812208022019,24.96293714845997],[121.08518550906128,24.962923052009106],[121.08902631883129,24.962485629044508],[121.09274323151195,24.96162487956618],[121.09633624710325,24.960340803574123],[121.09980536560519,24.958633401068333],[121.10302668992844,24.956497908163037],[121.10600022007296,24.95393432485824],[121.10872595603878,24.950942651153934],[121.11120389782589,24.94752288705013],[121.11309087368289,24.944946653861575],[121.11438688360982,24.943213951588277],[121.11509192760667,24.94232478023023],[121.11520600567341,24.942279139787434],[121.11538694179616,24.94221769598371],[121.11563473597487,24.94214044881905],[121.11594938820954,24.942047398293457],[121.11633089850022,24.941938544406927],[121.11760820793306,24.942363467939437],[121.11978131650808,24.943322168890976],[121.12285022422529,24.944814647261552],[121.12681493108465,24.946840903051164],[121.13102743212274,24.948505975107253],[121.13548772733952,24.949809863429827],[121.14019581673503,24.95075256801889],[121.14515170030924,24.95133408887443],[121.15010758388345,24.95234132633328],[121.15506346745765,24.953774280395447],[121.16001935103186,24.955632951060924],[121.16497523460608,24.957917338329707],[121.16913742385087,24.960568290315052],[121.17250591876622,24.963585807016948],[121.17508071935214,24.966969888435397],[121.17686182560865,24.9707205345704],[121.17864525700442,24.974094963656025],[121.18043101353945,24.977093175692268],[121.18221909521372,24.979715170679125],[121.1840095020273,24.9819609486166],[121.18594619394219,24.984106704532966],[121.18802917095847,24.986152438428213],[121.19025843307611,24.98809815030235],[121.19263398029511,24.989943840155373],[121.19528292033485,24.9917357020891],[121.19820525319533,24.993473736103528],[121.20140097887653,24.995157942198656],[121.20487009737849,24.99678832037449],[121.2080305405497,24.99860184265851],[121.21088230839018,25.000598509050718],[121.21342540089992,25.002778319551116],[121.21565981807893,25.0051412741597],[121.21789210047265,25.007320111566013],[121.22012224808104,25.00931483177006],[121.22235026090412,25.011125434771824],[121.2245761389419,25.012751920571315],[121.22723672418509,25.01437225669847],[121.23033201663365,25.01598644315328],[121.23386201628763,25.01759447993576],[121.237826723147,25.019196367045893],[121.24203922418508,25.02053091665705],[121.24649951940187,25.021598128769238],[121.25120760879737,25.022398003382442],[121.25616349237157,25.022930540496667],[121.26074768467772,25.024027087817647],[121.26496018571581,25.02568764534539],[121.26880099548582,25.027912213079887],[121.27227011398776,25.03070079102114],[121.27573923248971,25.033219994588475],[121.27920835099167,25.035469823781888],[121.2826774694936,25.037450278601384],[121.28614658799556,25.039161359046958],[121.28912011814009,25.040550276004698],[121.2915980599272,25.04161702947461],[121.29358041335688,25.0423616194567],[121.29506717842914,25.042784045950956],[121.29681444059327,25.043063606136013],[121.29882219984928,25.04320030001188],[121.30109045619716,25.04319412757855],[121.3036192096369,25.043045088836028],[121.30560691941675,25.04304559867601],[121.30705358553668,25.043195657098494],[121.30795920799672,25.043495264103484],[121.30832378679682,25.04394441969098],[121.30816331378963,25.045741042040962],[121.30747778897516,25.048885131153433],[121.30626721235339,25.053376687028386],[121.30453158392432,25.05921570966583],[121.30323088678138,25.063931843334533],[121.3023651209245,25.067525088034497],[121.30193428635371,25.06999544376572],[121.30193838306904,25.07134291052821],[121.30202269674207,25.07235396172669],[121.3021872273728,25.07302859736117],[121.30243197496124,25.07336681743164],[121.30275693950739,25.07336862193811],[121.30312456000634,25.073371305589898],[121.30353483645813,25.073374868387006],[121.30398776886273,25.073379310329432],[121.30448335722014,25.073384631417177],[121.30496941946303,25.07349912973131],[121.30544595559142,25.073722805271824],[121.30591296560526,25.07405565803872],[121.3063704495046,25.074497688032],[121.30671751013163,25.075839810598822],[121.30695414748634,25.078082025739192],[121.30708036156872,25.081224333453108],[121.30709615237882,25.085266733740568],[121.30760916225582,25.088305628295174],[121.30861939119968,25.090341017116927],[121.31012683921048,25.09137290020583],[121.31213150628817,25.091401277561875],[121.31374836262808,25.091527755136774],[121.31497740823023,25.091752332930522],[121.31581864309462,25.09207501094312],[121.31627206722123,25.092495789174567],[121.31661358215962,25.09326052843565],[121.31684318790975,25.094369228726364],[121.31696088447164,25.09582189004671],[121.31696667184528,25.097618512396693],[121.31747569494722,25.09897582516192],[121.31848795377748,25.09989382834239],[121.32000344833602,25.1003725219381],[121.32202217862286,25.10041190594906],[121.32365177574732,25.100543886851412],[121.32489223970943,25.10076846464516],[121.32574357050915,25.101085639330304],[121.32620576814651,25.101495410906843],[121.32656076405453,25.10225789937879],[121.32680855823325,25.103373104746147],[121.32694915068264,25.10484102700891],[121.3269825414027,25.106661666167085],[121.32757744882765,25.108021141333666],[121.32873387295753,25.10891945250866],[121.33045181379228,25.10935659969206],[121.33273127133192,25.109332582883866],[121.33445405625737,25.10920228138085],[121.3356201685686,25.108965695183006],[121.33622960826563,25.108622824290336],[121.33628237534845,25.10817366870284],[121.33635837995172,25.107740434410438],[121.33645762207546,25.107323121413124],[121.33658010171962,25.106921729710905],[121.33672581888428,25.106536259303777],[121.33733069511516,25.106313208749935],[121.33839473041233,25.106252578049382],[121.33991792477576,25.10635436720212],[121.34190027820544,25.106618576208135],[121.3439377044504,25.107071626106674],[121.34603020351062,25.107713516897736],[121.34817777538612,25.108544248581314],[121.35038042007687,25.109563821157415],[121.35234902204775,25.110364951695637],[121.35408358129872,25.110947640195988],[121.35558409782979,25.11131188665847],[121.35685057164099,25.111457691083075],[121.3580482211781,25.11115184572972],[121.3591770464411,25.110394350598405],[121.36023704743002,25.10918520568913],[121.36122822414487,25.107524411001894],[121.36234329794907,25.106274176651688],[121.36358226884262,25.105434502638513],[121.36494513682553,25.105005388962372],[121.36643190189778,25.104986835623258],[121.36771072717804,25.10513172872561],[121.36878161266625,25.10544006826943],[121.36964455836247,25.105911854254714],[121.37029956426665,25.106547086681466],[121.37067497206196,25.107360377692153],[121.37077078174842,25.108351727286774],[121.370586993326,25.109521135465325],[121.37012360679473,25.11086860222781],[121.36935647078498,25.11207172058241],[121.36828558529675,25.113130490529123],[121.36691095033005,25.114044912067946],[121.36523256588488,25.114814985198883],[121.36389531229281,25.116210621836217],[121.3628991895538,25.118231821979947],[121.3622441976679,25.120878585630074],[121.36193033663508,25.124150912786597],[121.3616495090293,25.12670494766963],[121.36140171485059,25.128540690279173],[121.36118695409895,25.129658140615227],[121.36100522677435,25.13005729867779],[121.36085850687401,25.13036916660595],[121.36074679439795,25.130593744399697],[121.36067008934614,25.130731032059035],[121.36062839171863,25.130781029583964],[121.360152127701,25.13104310552141],[121.35924129729325,25.131517259871373],[121.35789590049541,25.13220349263385],[121.35611593730745,25.133101803808838],[121.35473954861956,25.134673848365075],[121.35376673443174,25.13691962630255],[121.35319749474398,25.139839137621273],[121.35303182955633,25.143432382321237],[121.35255314504734,25.146464182536832],[121.35176144121705,25.148934538268055],[121.35065671806547,25.150843449514912],[121.34923897559257,25.152190916277398],[121.34853134749949,25.154141035230822],[121.34853383378622,25.15669380637518],[121.34924643445278,25.15984922971048],[121.35066914949914,25.163607305236713],[121.35244223124734,25.167395254246685],[121.35456567969732,25.171213076740397],[121.35703949484912,25.17506077271785],[121.35986367670272,25.17893834217904],[121.36216700077435,25.182632541553048],[121.36394946706402,25.186143370839876],[121.3652110755717,25.189470830039525],[121.36595182629742,25.192614919151996],[121.36678996864748,25.195534430470715],[121.36772550262188,25.19822936399569],[121.36875842822066,25.200699719726913],[121.36988874544377,25.20294549766439],[121.37212065279734,25.206314164570607],[121.37545415028133,25.210805720445563],[121.37988923789577,25.216420165289257],[121.38542591564067,25.22315749910169],[121.38987007511768,25.228402275893384],[121.39322171632679,25.23215449566434],[121.39548083926805,25.23441415841456],[121.3966474439414,25.235181264144043],[121.39838967707192,25.236073969398024],[121.40070753865957,25.237092274176515],[121.40360102870437,25.238236178479514],[121.40707014720633,25.239505682307016],[121.41056813804072,25.241969857932126],[121.41409500120754,25.245628705354846],[121.41765073670682,25.250482224575173],[121.42123534453852,25.256530415593108],[121.4243328032327,25.26151571444406],[121.42694311278936,25.265438121128017],[121.42906627320849,25.268297635644988],[121.4307022844901,25.27009425799497],[121.4324825945133,25.27179244332694],[121.43440720327813,25.273392191640905],[121.43647611078453,25.274893502936855],[121.43868931703253,25.2762963772148],[121.44084481007593,25.27749586133857],[121.44294258991476,25.278491955308176],[121.44498265654904,25.279284659123615],[121.44696500997873,25.279873972784888],[121.44919515758713,25.28086459836083],[121.45167309937423,25.282256535851445],[121.45439883534004,25.284049785256737],[121.45737236548457,25.2862443465767],[121.46046979271846,25.288193575621445],[121.46369111704169,25.289897472390972],[121.46703633845428,25.291356036885276],[121.47050545695623,25.29256926910436],[121.47372678127947,25.293482174423325],[121.476700311424,25.294094752842177],[121.47942604738981,25.29440700436091],[121.48190398917691,25.29441892897953],[121.48462972514274,25.293605106397184],[121.48760325528727,25.291965536613873],[121.4908245796105,25.289500219629595],[121.49429369811244,25.286209155444354],[121.49701943407827,25.283710020084136],[121.49900178750795,25.282002813548942],[121.5002407584015,25.28108753583878],[121.50073634675893,25.280964186953636],[121.50123193511635,25.280864273984452],[121.50172752347376,25.28078779693123],[121.50222311183119,25.28073475579397],[121.50271870018861,25.280705150572665],[121.50350555946432,25.280752419189756],[121.50458368965832,25.280876561645247],[121.5059530907706,25.281077577939136],[121.50761376280116,25.281355468071425],[121.50943527553129,25.28208930046645],[121.51141762896097,25.283279075124216],[121.51356082309022,25.284924792044723],[121.51586485791903,25.28702645122797],[121.51883185493418,25.288830553967596],[121.52246181413568,25.29033710026361],[121.52675473552354,25.29154609011601],[121.53171061909775,25.29245752352479],[121.53600651628096,25.29294926991774],[121.53964242707318,25.293021329294856],[121.54261835147437,25.29267370165614],[121.5449342894846,25.29190638700159],[121.5466714406898,25.291218612113802],[121.54782980509005,25.290610376992777],[121.5484093826853,25.29008168163852],[121.54841017347556,25.289632526051026],[121.54832717272555,25.28922727324984],[121.5481603804353,25.28886592323496],[121.54790979660477,25.288548476006397],[121.54757542123399,25.288274931564143],[121.54725590517883,25.28802587044614],[121.54695124843927,25.287801292652393],[121.54666145101535,25.287601198182898],[121.54638651290705,25.28742558703766],[121.54562955840612,25.287140531023777],[121.54439058751257,25.28674603014125],[121.54266960022639,25.286242084390082],[121.54046659654759,25.285628693770267],[121.53807640726593,25.284648265079117],[121.53549903238145,25.283300798316628],[121.53273447189412,25.281586293482807],[121.52978272580394,25.279504750577647],[121.52762938451099,25.277045282223785],[121.52627444801527,25.274207888421227],[121.52571791631676,25.270992569169962],[121.52595978941548,25.267399324469995],[121.52639915173269,25.264142946460655],[121.5270360032684,25.261223435141932],[121.5278703440226,25.258640790513834],[121.52890217399529,25.256395012576355],[121.52963684955763,25.254036945742005],[121.53007437070967,25.25156659001078],[121.53021473745136,25.24898394538268],[121.53005794978274,25.24628901185771],[121.5296272541257,25.243818656126482],[121.52892265048024,25.241572878189004],[121.52794413884635,25.239551678045274],[121.52669171922405,25.237755055695292],[121.52594952473889,25.23562156665469],[121.5257175553909,25.233151210923463],[121.52599581118005,25.230343988501616],[121.52678429210636,25.22719989938915],[121.52683527134272,25.22420247181391],[121.52614874888917,25.221351705775902],[121.52472472474572,25.218647601275126],[121.52256319891232,25.21609015831158],[121.52080076944236,25.21380083675794],[121.51943743633588,25.21177963661421],[121.51847319959282,25.21002655788039],[121.51790805921323,25.208541600556476],[121.51686171044649,25.20709101587292],[121.5153341532926,25.20567480382972],[121.51332538775158,25.204292964426877],[121.5108354138234,25.20294549766439],[121.50985560904356,25.201527505356847],[121.51038597341207,25.200038987504243],[121.51242650692892,25.19847994410658],[121.5159772095941,25.196850375163862],[121.51913582495042,25.195806277598205],[121.52190235299787,25.195347651409612],[121.52427679373643,25.19547449659808],[121.52625914716612,25.196186813163614],[121.52836539768515,25.19714794001342],[121.53059554529355,25.1983578771475],[121.5329495899913,25.199816624565862],[121.53542753177841,25.2015241822685],[121.53778157647616,25.20289699005074],[121.54001172408455,25.203935047912577],[121.5421179746036,25.20463835585402],[121.54410032803328,25.20500691387506],[121.54645437273102,25.20530804665691],[121.54918010869685,25.205541754199565],[121.55227753593073,25.20570803650303],[121.55574665443267,25.2058068935673],[121.55946356711333,25.205624491560577],[121.5634282739727,25.205160830482864],[121.56764077501079,25.20441591033416],[121.57210107022757,25.20338973111446],[121.57581798290823,25.202876675245008],[121.57879151305276,25.202876742725806],[121.58102166066115,25.203389933556853],[121.58250842573342,25.204416247738145],[121.58387129371633,25.205592660435702],[121.58511026460988,25.206919171649535],[121.58622533841408,25.208395781379632],[121.58721651512892,25.210022489626002],[121.58870328020119,25.21182620628255],[121.59068563363087,25.21380693134927],[121.59316357541798,25.215964664826167],[121.5961371055625,25.218299406713246],[121.59911063570702,25.220229503577606],[121.60208416585155,25.221754955419243],[121.60505769599608,25.22287576223816],[121.60803122614061,25.223591924034363],[121.61032312239927,25.224217223112245],[121.61193338477203,25.224751659471817],[121.61286201325895,25.225195233113066],[121.61310900785996,25.225547944036006],[121.61333362016512,25.225924766125082],[121.6135358501744,25.226325699380297],[121.61371569788784,25.226750743801652],[121.61387316330541,25.22719989938915],[121.61390748187479,25.228210499461014],[121.61381865359597,25.229782544017247],[121.61360667846897,25.23191603305785],[121.61327155649377,25.234610966582824],[121.61347186443675,25.237530477901544],[121.61420760229792,25.240674567014015],[121.6154787700773,25.24404323392023],[121.61728536777488,25.247636478620194],[121.61841912629153,25.25088967758041],[121.61888004562725,25.25380283080088],[121.61866812578207,25.256375938281597],[121.61778336675594,25.258609000022567],[121.61674810621828,25.260726039009274],[121.61556234416909,25.262727055241726],[121.61422608060838,25.26461204871992],[121.6127393155361,25.26638101944385],[121.61096870274093,25.26805470613306],[121.60891424222284,25.269633108787545],[121.60657593398183,25.271116227407312],[121.60395377801791,25.272504061992358],[121.60177542041046,25.274127149363824],[121.60004086115948,25.27598548952171],[121.598750100265,25.278079082466018],[121.59790313772696,25.28040792819674],[121.59677232746601,25.282191096435973],[121.59535766948217,25.283428587183703],[121.5936591637754,25.28412040043994],[121.5916768103457,25.284266536204676],[121.58981835400537,25.28481305926116],[121.58808379475441,25.285759969609398],[121.58647313259279,25.28710726724938],[121.58498636752053,25.28885495218112],[121.5833757053589,25.29017066513428],[121.58164114610793,25.291054406108863],[121.5797826897676,25.29150617510487],[121.57780033633792,25.2915259721223],[121.57594187999759,25.291355729148474],[121.57420732074661,25.29099544618338],[121.572596658585,25.29044512322702],[121.57110989351273,25.2897047602794],[121.56987092261917,25.289124479265336],[121.56887974590434,25.288704280184824],[121.5681363633682,25.288444163037866],[121.56764077501079,25.288344127824466],[121.56714518665336,25.288273757315352],[121.56664959829594,25.288233051510527],[121.56615400993851,25.288222010409985],[121.56565842158109,25.28824063401373],[121.56518550412639,25.28829774066969],[121.5647352575744,25.28839333037787],[121.56430768192509,25.28852740313826],[121.56390277717853,25.28869995895087],[121.56357642771589,25.28884944192358],[121.56332863353717,25.288975852056396],[121.56315939464238,25.289079189349312],[121.56306871103153,25.289159453802334],[121.5629440012236,25.28931187492572],[121.56278526521852,25.289536452719467],[121.56259250301632,25.289833187183575],[121.56236571461702,25.29020207831805],[121.56220425430081,25.290591035565782],[121.56210812206768,25.29100005892677],[121.56207731791764,25.291429148401008],[121.5621118418507,25.2918783039885],[121.56243359509577,25.29269629571096],[121.56304257765285,25.293883123568374],[121.56393878952193,25.29543878756075],[121.56512223070303,25.297363287688086],[121.56675319412496,25.29898827210884],[121.56883167978778,25.300313740823015],[121.57135768769145,25.301339693830606],[121.57433121783596,25.30206613113162],[121.57668526253372,25.3025775847322],[121.57841982178469,25.30287405463236],[121.57953489558889,25.302955540832084],[121.58003048394632,25.30282204333138],[121.58051263207948,25.30265400470831],[121.58098133998838,25.302451424962875],[121.58143660767306,25.302214304095074],[121.58187843513346,25.30194264210491],[121.58247104013175,25.301455102394446],[121.58321442266788,25.300751684963696],[121.58410858274186,25.299832389812654],[121.58515352035371,25.298697216941324],[121.58630891483067,25.297886845845376],[121.58757476617274,25.297401276524813],[121.58895107437989,25.297240508979634],[121.59043783945215,25.297404543209836],[121.5916768103457,25.297497768413997],[121.59266798706055,25.2975201845921],[121.59341136959668,25.297471791744155],[121.5939069579541,25.297352589870155],[121.59439902469589,25.297198906902818],[121.594887569822,25.297010742842136],[121.59537259333246,25.296788097688115],[121.59585409522728,25.296530971440752],[121.59646653744275,25.295879013404573],[121.5972099199789,25.294832223579572],[121.59808424283568,25.29339060196576],[121.59908950601312,25.291554148563126],[121.60033904175364,25.2902253519722],[121.6018328500572,25.289404212192995],[121.60357093092382,25.2890907292255],[121.6055532843535,25.28928490306971],[121.60778343196189,25.289287588792106],[121.610261373749,25.289098786392675],[121.61298710971482,25.288718495871418],[121.61596063985935,25.288146717228344],[121.61914711623983,25.287036219930794],[121.6225465388563,25.28538700397878],[121.62615890770871,25.283199069372294],[121.6299842227971,25.280472416111337],[121.63339511407173,25.27775369278438],[121.63639158153258,25.275042899391416],[121.63897362517967,25.272340035932448],[121.641141245013,25.269645102407473],[121.64306540291335,25.266613302191878],[121.64474609888072,25.263244635285663],[121.64618333291511,25.259539101688826],[121.64737710501653,25.255496701401366],[121.64825397223167,25.251791167804527],[121.64881393456054,25.24842250089831],[121.64905699200311,25.245390700682716],[121.64898314455941,25.242695767157745],[121.64897576972386,25.24056227811714],[121.64903486749644,25.238990233560905],[121.64916043787716,25.23797963348904],[121.64935248086601,25.237530477901544],[121.64952874380593,25.237166637680367],[121.64968922669685,25.236888112825508],[121.64983392953886,25.236694903336964],[121.64996285233187,25.23658700921474],[121.65055513278406,25.23619439606905],[121.65161077089542,25.235517063899888],[121.65312976666593,25.23455501270726],[121.65511212009562,25.233308242491166],[121.65721837061466,25.23227287906105],[121.65944851822306,25.231448922416913],[121.6618025629208,25.23083637255876],[121.6642805047079,25.230435229486588],[121.66700624067373,25.230361333463055],[121.66997977081826,25.230614684488174],[121.6732010951415,25.23119528256193],[121.67667021364343,25.232103127684333],[121.68001543505603,25.23274338250842],[121.68323675937927,25.233116047034187],[121.68633418661315,25.233221121261643],[121.68930771675768,25.23305860519078],[121.69203345272349,25.23274980578525],[121.6945113945106,25.232294723045054],[121.696741542119,25.231693356970187],[121.69872389554868,25.23094570756065],[121.70067315752073,25.230038480167504],[121.70258932803517,25.228971674790746],[121.70447240709196,25.227745291430377],[121.70632239469111,25.226359330086396],[121.70811857451989,25.22464612569717],[121.70986094657822,25.222605678262692],[121.71154951086616,25.22023798778297],[121.71318426738367,25.217543054257995],[121.71445914036148,25.214623542939275],[121.71537412979964,25.211479453826804],[121.71592923569808,25.20811078692059],[121.71612445805685,25.204517542220625],[121.71670452075206,25.201373453108157],[121.7176694237837,25.198678519583183],[121.71901916715183,25.196432741645708],[121.72075375085637,25.194636119295723],[121.72231171325141,25.192579272086398],[121.72369305433692,25.190262200017727],[121.72489777411292,25.18768490308971],[121.7259258725794,25.184847381302347],[121.72719253478667,25.18232517655044],[121.72869776073475,25.18011828883398],[121.73044155042363,25.178226718152978],[121.73242390385332,25.17665046450742],[121.7341584631043,25.175421827354096],[121.73564522817657,25.174540806692995],[121.73688419907012,25.174007402524115],[121.73787537578495,25.173821614847462],[121.73960993503593,25.17414283140197],[121.74208787682304,25.17497105218763],[121.74530920114627,25.17630627720445],[121.74927390800563,25.17814850645242],[121.75299082068629,25.17964791643412],[121.75645993918825,25.180804507149535],[121.75968126351148,25.181618278598673],[121.76265479365601,25.182089230781536],[121.7657522208899,25.18235068252811],[121.76897354521313,25.182402633838404],[121.77231876662573,25.18224508471241],[121.77578788512767,25.181878035150138],[121.77962869489768,25.181146166681042],[121.78384119593576,25.180049479305126],[121.78842538824192,25.17858797302239],[121.79338127181613,25.176761647832834],[121.79771766994357,25.175430864762472],[121.80143458262422,25.174595623811307],[121.80453200985811,25.17425592497934],[121.80700995164521,25.174411768266566],[121.80948789343232,25.17427840206236],[121.81196583521943,25.173855826366715],[121.81444377700653,25.173144041179643],[121.81692171879364,25.172143046501134],[121.81927576349138,25.171013108262766],[121.82150591109978,25.169754226464534],[121.82361216161881,25.16836640110644],[121.82559451504851,25.166849632188484],[121.82696921869284,25.16495211895374],[121.82773627255179,25.162673861402215],[121.8278956766254,25.1600148595339],[121.82744743091364,25.156975113348796],[121.82762645496591,25.154133859225603],[121.82843274878223,25.151491097164314],[121.8298663123626,25.14904682716493],[121.83192714570697,25.146801049227452],[121.83356521216454,25.145073949762804],[121.83478051173525,25.143865528770977],[121.83557304441915,25.143175786251977],[121.83594281021618,25.14300472220581],[121.83634403165334,25.142860120600236],[121.83677670873058,25.142741981435268],[121.8372408414479,25.142650304710905],[121.83773642980532,25.14258509042714],[121.83885150360952,25.142693836240223],[121.8405860628605,25.14297654215017],[121.84294010755823,25.143433208156964],[121.84591363770276,25.144063834260617],[121.84938275620472,25.144470963140346],[121.85334746306408,25.14465459479616],[121.85780775828087,25.144614729228056],[121.86276364185508,25.14435136643603],[121.86715417874055,25.143784231405967],[121.87097936893726,25.142913324137865],[121.87423921244523,25.14173864463173],[121.87693370926445,25.140260192887556],[121.87927213438888,25.138801621078333],[121.88125448781858,25.137362929204063],[121.8828807695535,25.135944117264742],[121.88415097959366,25.134545185260382],[121.88572312257054,25.133232527238018],[121.88759719848417,25.13200614319765],[121.88977320733454,25.13086603313928],[121.89225114912165,25.129812197062908],[121.89433295416126,25.12862441195395],[121.89601862245337,25.127302677812402],[121.89730815399795,25.125846994638266],[121.89820154879507,25.12425736243154],[121.89880170301186,25.122728271585874],[121.89910861664832,25.121259722101268],[121.89912228970447,25.119851713977724],[121.8988427221803,25.118504247215235],[121.89845523709673,25.11726906934962],[121.8979598344537,25.116146180380884],[121.89735651425126,25.11513558030902],[121.89664527648941,25.11423726913403],[121.89555560755183,25.113338957959037],[121.89408750743851,25.112440646784048],[121.8922409761495,25.111542335609055],[121.89001601368476,25.110644024434063],[121.88818450253846,25.109784720053984],[121.88674644271067,25.10896442246881],[121.88570183420134,25.108183131678544],[121.88505067701048,25.107440847683186],[121.88448336407585,25.105946816716774],[121.88399989539744,25.103701038779295],[121.88360027097528,25.100703513870755],[121.88328449080932,25.096954241991156],[121.88263101236893,25.09363576215395],[121.88163983565408,25.090748074359144],[121.88031096066479,25.088291178606728],[121.87864438740107,25.086265074896712],[121.87652717782777,25.084355255585535],[121.87395933194493,25.0825617206732],[121.87094084975254,25.080884470159713],[121.86747173125059,25.07932350404507],[121.86474599528478,25.078180494905343],[121.86276364185508,25.077455442740526],[121.86152467096153,25.077148347550626],[121.86102908260412,25.077259209335637],[121.86003538314489,25.078099118787435],[121.85854357258387,25.07966807590602],[121.85655365092106,25.081966080691387],[121.85406561815644,25.084993133143545],[121.85170652796994,25.087494786738265],[121.84947638036155,25.08947104147555],[121.84737517533127,25.090921897355408],[121.84540291287908,25.09184735437783],[121.84390472532132,25.092534660682787],[121.84288061265796,25.092983816270284],[121.842330574889,25.093194821140315],[121.84225461201449,25.093167675292886],[121.84212483318129,25.093035027010437],[121.84194123838948,25.092796876292976],[121.84170382763904,25.092453223140495],[121.84141260092994,25.092004067553],[121.84123958105333,25.091554911965506],[121.84118476800919,25.09110575637801],[121.8412481617975,25.090656600790513],[121.84142976241827,25.090207445203017],[121.8420205057741,25.089533711821776],[121.84302039186494,25.088635400646783],[121.84442942069082,25.087512511678046],[121.84624759225171,25.08616504491556],[121.84794645780902,25.08470835834468],[121.8495260173627,25.083142451965404],[121.85098627091278,25.081467325777737],[121.85232721845925,25.079682979781676],[121.85370462038715,25.078304594228456],[121.85511847669652,25.077332169118076],[121.85656878738732,25.076765704450533],[121.85805555245959,25.076605200225828],[121.85954231753185,25.076252115259244],[121.86102908260412,25.075706449550776],[121.86251584767638,25.07496820310042],[121.86400261274864,25.07403737590818],[121.86598496617833,25.073180810766114],[121.86846290796544,25.072398507674222],[121.87143643810995,25.0716904666325],[121.8749055566119,25.07105668764095],[121.87812688093514,25.070256159787085],[121.88110041107967,25.0692888830709],[121.88382614704548,25.0681548574924],[121.88630408883259,25.066854083051577],[121.88863026625816,25.065396726479197],[121.89080467932217,25.063782787775256],[121.89282732802464,25.062012266939753],[121.89469821236557,25.060085163972694],[121.8962531399828,25.05815232107527],[121.89749211087636,25.056213738247493],[121.89841512504623,25.054269415489355],[121.8990221824924,25.05231935280086],[121.90059254938124,25.050808075603655],[121.90312622571273,25.049735583897725],[121.90662321148686,25.04910187768309],[121.91108350670365,25.048906956959733],[121.91492431647367,25.048544554726707],[121.91814564079691,25.048014670984006],[121.92074747967337,25.04731730573163],[121.92272983310305,25.046452458969583],[121.92471218653273,25.045421642391613],[121.92669453996243,25.044224855997722],[121.92867689339211,25.042862099787907],[121.93065924682179,25.041333373762168],[121.93301329151954,25.040285908678985],[121.93573902748535,25.039719704538356],[121.93883645471924,25.03963476134028],[121.94230557322119,25.040031079084756],[121.94559040440373,25.04012869914129],[121.94869094826687,25.039927621509886],[121.9516072048106,25.03942784619053],[121.95433917403494,25.03862937318324],[121.95694412954067,25.037563446647493],[121.95942207132778,25.036230066583286],[121.96177299939626,25.034629232990632],[121.96399691374613,25.03276094586952],[121.9659466160516,25.03070391334023],[121.96762210631262,25.02845813540275],[121.96902338452922,25.026023612057088],[121.9701504507014,25.023400343303244],[121.97097076931051,25.02087144725349],[121.97148434035658,25.018436923907828],[121.97169116383957,25.01609677326626],[121.97159123975952,25.01385099532878],[121.97123829103724,25.011605217391306],[121.97063231767272,25.009359439453828],[121.96977331966598,25.00711366151635],[121.968661297017,25.00486788357887],[121.96727384385822,25.00273439453827],[121.96561096018962,25.00071319439454],[121.96367264601125,24.99880428314768],[121.96145890132307,24.9970076607977],[121.95913427822464,24.99546838299414],[121.95669877671597,24.994186449737],[121.95415239679704,24.993161861026284],[121.95149513846788,24.992394616861986],[121.94900660636357,24.99187933136003],[121.94668680048413,24.991616004520406],[121.94453572082958,24.99160463634312],[121.9425533673999,24.991845226828172],[121.94057101397021,24.992726337932474],[121.93858866054053,24.994247969656033],[121.93660630711085,24.996410121998846],[121.93462395368115,24.99921279496091],[121.93239380607277,25.001089203927823],[121.92991586428566,25.002039348899572],[121.92719012831984,25.002063229876168],[121.92421659817532,25.00116084685761],[121.92111917094144,25.000777434323172],[121.91789784661819,25.000912992272866],[121.9145526252056,25.001567520706686],[121.91108350670365,25.002741019624636],[121.90773921004563,25.00354580450192],[121.90451973523155,25.003981875338525],[121.90142508226138,25.004049232134467],[121.89845525113516,25.003747874889733],[121.89585526176785,25.004368453981456],[121.89362511415945,25.005910969409634],[121.89176480830997,25.00837542117426],[121.8902743442194,25.01176180927534],[121.88816531943665,25.013868480156805],[121.8854377339617,25.014695433818645],[121.88209158779452,25.01424267026087],[121.87812688093514,25.012510189483482],[121.8737904828077,25.011232997188912],[121.86908239341221,25.01041109337716],[121.86400261274864,25.010044478048236],[121.85855114081701,25.010133151202137],[121.85371915433215,25.010599051601023],[121.84950665329407,25.011442179244895],[121.84591363770276,25.012662534133757],[121.84294010755823,25.0142601162676],[121.8404300531012,25.01585844008074],[121.83838347433166,25.017457505573173],[121.83680037124962,25.0190573127449],[121.83568074385505,25.020657861595918],[121.8346726347345,25.022419717718545],[121.83377604388794,25.024342881112794],[121.83299097131535,25.026427351778658],[121.8323174170168,25.028673129716132],[121.8320037968063,25.03114348544736],[121.83205011068394,25.033838418972334],[121.83245635864965,25.036757930291053],[121.83322254070346,25.03990201940352],[121.8330627504388,25.042205272287344],[121.83197698785568,25.04366768894252],[121.8299652529541,25.044289269369052],[121.82702754573405,25.044070013566934],[121.82432867696158,25.04398154716008],[121.82186864663673,25.04402387014849],[121.81964745475945,25.04419698253216],[121.81766510132977,25.0445008843111],[121.81593054207879,25.044853514175326],[121.81444377700653,25.04525487212485],[121.81320480611298,25.045704958159657],[121.81221362939813,25.046203772279764],[121.81085076141522,25.047163690219307],[121.80911620216425,25.048584711978286],[121.80700995164521,25.050466837556705],[121.80453200985811,25.052810066954557],[121.802054068071,25.05375002105646],[121.7995761262839,25.053286699862415],[121.79709818449679,25.05142010337242],[121.79462024270968,25.048150231586472],[121.79201840383321,25.045069515509322],[121.7892926678674,25.042177955140964],[121.78644303481222,25.0394755504814],[121.7834695046677,25.03696230153063],[121.78049597452318,25.034703135780315],[121.77752244437865,25.032698053230447],[121.77454891423412,25.030947053881043],[121.77157538408959,25.029450137732088],[121.7686622535805,25.028180609602476],[121.76580952270685,25.027138469492222],[121.7630171914686,25.026323717401315],[121.76028525986582,25.02573635332976],[121.75792811734959,25.025103982558583],[121.75594576391991,25.024426605087786],[121.75433819957678,25.023704220917374],[121.75310542432018,25.02293683004734],[121.75205694578841,25.022353524361378],[121.75119276398141,25.021954303859484],[121.75051287889919,25.021739168541664],[121.75001729054178,25.02170811840791],[121.74952170218435,25.0217307156644],[121.74902611382693,25.021806960311128],[121.7485305254695,25.021936852348095],[121.74803493711208,25.022120391775303],[121.74739705874238,25.022411771739854],[121.74661689036039,25.022810992241748],[121.74569443196611,25.02331805328098],[121.74462968355957,25.02393295485756],[121.74381049037181,25.024506419936866],[121.74323685240286,25.025038448518902],[121.74290876965273,25.025529040603665],[121.7428262421214,25.02597819619116],[121.74416623926156,25.02711917012252],[121.74692876107324,25.028951962397755],[121.75111380755642,25.031476573016857],[121.75672137871109,25.034693001979825],[121.76154654252387,25.03802662106813],[121.76558929899478,25.041477430281777],[121.76884964812378,25.045045429620764],[121.77132758991088,25.048730619085088],[121.7732547463394,25.052014884513984],[121.77463111740937,25.054898225907458],[121.77545670312074,25.057380643265503],[121.77573150347355,25.05946213658812],[121.7757450065606,25.061498402592292],[121.77549721238188,25.063489441278026],[121.77498812093742,25.06543525264532],[121.77421773222719,25.06733583669417],[121.77215317562226,25.068442838749935],[121.76879445112262,25.06875625881262],[121.76414155872827,25.06827609688222],[121.75819449843922,25.06700235295874],[121.75325654751256,25.06544117939729],[121.74932770594832,25.063592576197873],[121.74640797374644,25.061456543360492],[121.74449735090698,25.059033080885143],[121.74204049791209,25.05631717285364],[121.73903741476174,25.053308819265983],[121.73548810145599,25.05000802012217],[121.73139255799477,25.046414775422207],[121.72734450018693,25.042569312749908],[121.72334392803246,25.038471632105274],[121.71939084153134,25.034121733488313],[121.71548524068358,25.029519616899012],[121.7121843487797,25.025889408934365],[121.70948816581969,25.02323110959436],[121.70739669180355,25.021544718879007],[121.7059099267313,25.020830236788306],[121.70442316165902,25.02046682470741],[121.70293639658676,25.020454482636318],[121.70144963151449,25.020793210575036],[121.69996286644223,25.021483008523557],[121.69817532794595,25.022820190477194],[121.69608701602564,25.024804756435955],[121.69369793068131,25.02743670639983],[121.69100807191295,25.030716040368823],[121.68884406550802,25.033400118639314],[121.68720591146652,25.03548894121131],[121.68609360978844,25.0369825080848],[121.6855071604738,25.03788081925979],[121.68501912088308,25.038990296983226],[121.68462949101628,25.040310941255097],[121.68433827087341,25.041842752075414],[121.68414546045446,25.04358572944417],[121.6836918847909,25.044906373716046],[121.68297754388274,25.045804684891035],[121.68200243772995,25.046280662969142],[121.68076656633255,25.046334307950367],[121.67947841761215,25.046037674995667],[121.67813799156873,25.045390764105036],[121.6767452882023,25.044393575278477],[121.67530030751284,25.04304610851599],[121.67451509374942,25.042001909657813],[121.67438964691199,25.041260978703946],[121.67492396700055,25.04082331565439],[121.67611805401513,25.040688920509144],[121.67709122920627,25.040509434039645],[121.67784349257396,25.0402848562459],[121.67837484411821,25.0400151871279],[121.67868528383903,25.039700426685652],[121.67894750742386,25.03935206745709],[121.6791615148727,25.038970109442218],[121.67932730618553,25.038554552641035],[121.67944488136237,25.03810539705354],[121.67949422661968,25.037656241466046],[121.67947534195747,25.03720708587855],[121.67938822737572,25.036757930291053],[121.67923288287446,25.036308774703556],[121.67877007185137,25.035747330219188],[121.67799979430646,25.035073596837943],[121.67692205023974,25.034287574559826],[121.67553683965123,25.033389263384837],[121.67428047840043,25.032433503048395],[121.67315296648741,25.031420293550493],[121.67215430391211,25.030349634891138],[121.67128449067458,25.02922152707033],[121.6702829588877,25.02820831757243],[121.66914970855153,25.027310006397443],[121.66788473966604,25.02652659354536],[121.66648805223122,25.025858079016185],[121.66628529687124,25.02440548384088],[121.66727647358607,25.02216880801944],[121.66946158237575,25.019148051551877],[121.67284062324025,25.01534321443818],[121.67545431731185,25.011756462428224],[121.67730266459054,25.008387795522005],[121.67838566507635,25.00523721371953],[121.67870331876925,25.002304717020795],[121.67923383688375,25.000009682393845],[121.67997721941988,24.998352109838688],[121.68093346637764,24.997331999355318],[121.68210257775701,24.996949350943737],[121.68304595554991,24.996421160047323],[121.68376359975639,24.995747426666078],[121.68425551037643,24.994928150800007],[121.68452168741,24.9939633324491],[121.68477867301615,24.993158693806635],[121.68502646719487,24.9925142348726],[121.68526506994613,24.99202995564701],[121.68549448126998,24.99170585612985],[121.68574729756949,24.991431517474396],[121.6860235188447,24.991206939680648],[121.68632314509557,24.991032122748607],[121.68664617632214,24.99090706667827],[121.68688335039931,24.99070098572864],[121.68703466732711,24.990413879899723],[121.68710012710555,24.99004574919152],[121.68707972973458,24.989596593604023],[121.6870413337429,24.98914743801653],[121.68698493913053,24.988698282429034],[121.6869105458974,24.988249126841538],[121.68681815404359,24.98779997125404],[121.686076814206,24.98695961729305],[121.68468652638465,24.985728064958558],[121.68264729057952,24.98410531425057],[121.67995910679065,24.982091365169087],[121.67659330453799,24.9804106572471],[121.67254988382159,24.979063190484613],[121.6678288446414,24.978048964881626],[121.66243018699748,24.977367980438135],[121.65844569904087,24.976744953208648],[121.6558753807716,24.976179883193154],[121.65471923218965,24.975672770391665],[121.65497725329504,24.975223614804168],[121.65558864863324,24.974684861373145],[121.65655341820423,24.974056510098592],[121.65787156200803,24.973338560980505],[121.65954308004463,24.972531014018887],[121.66166755710246,24.971678084950586],[121.66424499318154,24.970779773775597],[121.66727538828187,24.969836080493916],[121.67075874240345,24.968847005105548],[121.67404516105981,24.967431465183033],[121.67713464425093,24.96558946072636],[121.6800271919768,24.963320991735536],[121.68272280423747,24.960626058210565],[121.6854299194458,24.95818289711317],[121.6881485376018,24.95599150844335],[121.69087865870547,24.954051892201107],[121.69362028275681,24.952364048386443],[121.69691547168888,24.95074861192808],[121.70076422550166,24.94920558282603],[121.70516654419515,24.947734961080283],[121.71012242776936,24.946336746690843],[121.71409938137778,24.944936711481056],[121.71709740502043,24.943534855450906],[121.71911649869728,24.942131178600413],[121.72015666240831,24.940725680929557],[121.72091415051217,24.939222402088927],[121.72138896300886,24.93762134207851],[121.72158109989833,24.93592250089831],[121.72149056118063,24.93412587854833],[121.72118525089401,24.932492570250844],[121.7206651690385,24.931022576005848],[121.71993031561406,24.92971589581335],[121.71898069062071,24.928572529673342],[121.71777288351826,24.927515652767788],[121.71630689430677,24.926545265096685],[121.71458272298617,24.925661366660037],[121.71260036955647,24.92486395745784],[121.70987463359066,24.92416974177249],[121.7064055150887,24.92357871960398],[121.70219301405064,24.92309089095232],[121.69723713047642,24.9227062558175],[121.69203345272349,24.922533162983786],[121.68658198079186,24.922571612451176],[121.68088271468152,24.922821604219667],[121.67493565439247,24.923283138289264],[121.66973197663954,24.92357610862874],[121.66527168142275,24.923700515238092],[121.66155476874209,24.923656358117327],[121.65858123859756,24.923443637266438],[121.65412094338078,24.923579444991447],[121.64817388309172,24.924063781292354],[121.64074005773041,24.924896646169156],[121.63181946729682,24.926078039621853],[121.62376125367787,24.926401863384662],[121.61656541687354,24.925868117457586],[121.61023195688382,24.92447680184062],[121.60476087370876,24.922227916533764],[121.60064272690857,24.92042896365675],[121.5978775164833,24.919079943209574],[121.59646524243293,24.91818085519224],[121.59640590475748,24.917731699604744],[121.59737231544544,24.916435075309153],[121.59936447449685,24.914290982305467],[121.6023823819117,24.911299420593693],[121.60642603768997,24.907460390173817],[121.60974112049266,24.90385654151077],[121.61232763031973,24.900487874604554],[121.6141855671712,24.89735438945517],[121.61531493104705,24.89445608606261],[121.61570362453762,24.890934891755702],[121.61535164764287,24.88679080653445],[121.61425900036282,24.88202383039885],[121.61242568269746,24.876633963348905],[121.6108624661807,24.871468674092707],[121.60956935081254,24.866527962630254],[121.60854633659297,24.861811828961553],[121.60779342352201,24.857320273086597],[121.60682050795192,24.853165583902264],[121.60562758988272,24.849347761408552],[121.6042146693144,24.84586680560546],[121.60258174624695,24.842722716492993],[121.60064273635608,24.839628183722],[121.59839763964179,24.836583207292474],[121.59584645610407,24.83358778720443],[121.59298918574291,24.830641923457854],[121.58997895334655,24.82793998651069],[121.58681575891501,24.825481976362923],[121.58349960244826,24.82326789301457],[121.58003048394632,24.821297736465624],[121.57643746835501,24.8195651523555],[121.57272055567435,24.818070140684206],[121.56887974590434,24.816812701451727],[121.56491503904496,24.815792834658073],[121.56082643509625,24.815047363477554],[121.55661393405816,24.81457628791016],[121.55227753593073,24.814379607955903],[121.54781724071394,24.81445732361478],[121.5434808425865,24.81481017937392],[121.53926834154842,24.815438175233332],[121.53517973759969,24.816341311193007],[121.53121503074033,24.81751958725295],[121.52743295880029,24.818899534759254],[121.52383352177958,24.820481153711913],[121.52041671967817,24.82226444411094],[121.51718255249612,24.824249405956326],[121.51386143511337,24.82663643851535],[121.51045336752992,24.829425541788027],[121.50695834974576,24.832616715774346],[121.5033763817609,24.83620996047431],[121.50021714594752,24.839578627380526],[121.49748064230559,24.842722716492993],[121.49516687083509,24.845642227811716],[121.49327583153607,24.848337161336687],[121.49144531030619,24.851368961552282],[121.48967530714546,24.854737628458498],[121.4879658220539,24.858443162055337],[121.48631685503149,24.862485562342794],[121.4850864774816,24.866191095939634],[121.48427468940424,24.86955976284585],[121.48388149079942,24.872591563061444],[121.48390688166711,24.87528649658642],[121.48419452540374,24.87798143011139],[121.48474442200927,24.880676363636365],[121.48555657148374,24.883371297161336],[121.48663097382713,24.88606623068631],[121.48714902377755,24.888796724827873],[121.48711072133494,24.891562779586025],[121.48651606649935,24.894364394960764],[121.48536505927076,24.897201570952095],[121.48400621549192,24.899696827150585],[121.48243953516277,24.90185016355623],[121.48066501828336,24.903661580169036],[121.47868266485368,24.905131076988997],[121.47682420851335,24.906119965909564],[121.47508964926237,24.906628246930726],[121.47347898710076,24.906655920052497],[121.47199222202849,24.906202985274874],[121.47043435961739,24.90557358306448],[121.46880539986743,24.90476771342132],[121.46710534277867,24.903785376345393],[121.46533418835104,24.9026265718367],[121.46415352168987,24.901083735073936],[121.46356334279514,24.899156866057105],[121.46356365166687,24.896845964786202],[121.46415444830508,24.89415103126123],[121.46452094396301,24.89186588192237],[121.4646631386407,24.88999051676963],[121.46458103233812,24.888524935802995],[121.4642746250553,24.887469139022482],[121.46305364287832,24.886153698392498],[121.46091808580724,24.88457861391305],[121.457867953842,24.882743885584137],[121.45390324698262,24.880649513405753],[121.44993854012326,24.87895103325341],[121.44597383326389,24.87764844512711],[121.44200912640451,24.876741749026852],[121.43804441954515,24.87623094495263],[121.43443375602766,24.876201640670878],[121.43117713585201,24.87665383618159],[121.42827455901825,24.877587531484764],[121.42572602552636,24.879002726580403],[121.42342403465392,24.88040098959275],[121.42136858640094,24.881782320521815],[121.41955968076742,24.883146719367588],[121.41799731775336,24.884494186130077],[121.41649040163638,24.885539825268143],[121.41503893241652,24.886283636781787],[121.41364291009374,24.88672562067101],[121.41230233466807,24.886865776935814],[121.41121517631352,24.88581296609948],[121.41038143503009,24.883567188162],[121.40980111081777,24.880128443123382],[121.40947420367658,24.875496730983624],[121.40901459258549,24.87157379129131],[121.4084222775445,24.86835962404644],[121.40769725855361,24.865854229249013],[121.4068395356128,24.86405760689903],[121.40589963234618,24.86237327344592],[121.40487754875373,24.860801228889688],[121.40377328483547,24.859341473230327],[121.40258684059137,24.85799400646784],[121.39968793711334,24.855690892873398],[121.39507657440141,24.852432132447],[121.38875275245557,24.848217725188643],[121.38071647127582,24.843047671098333],[121.37406977494423,24.838920496954085],[121.36881266346079,24.8358362027559],[121.36494513682553,24.833794788503777],[121.36246719503842,24.832796254197717],[121.36011315034067,24.831975766965627],[121.35788300273227,24.831333326807517],[121.35577675221323,24.83086893372338],[121.35379439878355,24.830582587713216],[121.35181204535387,24.830417367755015],[121.34982969192419,24.830373273848775],[121.34784733849449,24.830450305994496],[121.34586498506481,24.83064846419218],[121.34387298428811,24.83101381013017],[121.34187133616439,24.831546343808466],[121.33986004069367,24.832246065227064],[121.3378390978759,24.833112974385973],[121.3359359163227,24.83410002294577],[121.33415049603403,24.835207210906464],[121.3324828370099,24.836434538268055],[121.33093293925032,24.837782005030544],[121.32954981284067,24.8392417606899],[121.32833345778093,24.84081380524614],[121.32728387407114,24.842498138699245],[121.32640106171127,24.844294761049227],[121.32571771819815,24.84609138339921],[121.32523384353178,24.84788800574919],[121.32494943771216,24.849684628099173],[121.32486450073927,24.851481250449154],[121.32496836265098,24.853277872799136],[121.32526102344727,24.85507449514912],[121.32574248312815,24.856871117499104],[121.32641274169359,24.858667739849086],[121.327546782155,24.86057665109594],[121.32914460451235,24.86259785123967],[121.33120620876562,24.864731340280272],[121.33373159491487,24.86697711821775],[121.3361787376846,24.8693351850521],[121.33854763707483,24.871805540783328],[121.34083829308553,24.874388185411426],[121.3430507057167,24.8770831189364],[121.34399705997374,24.87975865296469],[121.34367735585658,24.882414787496298],[121.34209159336527,24.88505152253122],[121.33923977249978,24.887668858069468],[121.33676518980845,24.890437281497945],[121.33466784529126,24.893356792816665],[121.33294773894826,24.89642739202563],[121.33160487077942,24.899649079124824],[121.33043026111409,24.902065344449227],[121.3294239099523,24.903676187998826],[121.328585817294,24.904481609773626],[121.32791598313925,24.904481609773626],[121.32643001803183,24.903986366684727],[121.32412792197172,24.902995880506932],[121.32100969495895,24.901510151240238],[121.3170753369935,24.89952917888465],[121.313628980162,24.89813755512468],[121.31067062446442,24.897335279960345],[121.3082002699008,24.897122353391634],[121.30621791647111,24.89749877541855],[121.303809401511,24.898406807314654],[121.30097472502044,24.89984644907995],[121.29771388699945,24.901817700714425],[121.29402688744801,24.904320562218093],[121.29057272551067,24.907287453754368],[121.28735140118744,24.910718375323253],[121.28436291447831,24.91461332692475],[121.28160726538326,24.918972308558853],[121.27879714602584,24.922029459749513],[121.27593255640606,24.92378478049672],[121.2730134965239,24.92423827080048],[121.27003996637937,24.923389930660793],[121.26669474496677,24.9220135295788],[121.26297783228611,24.920109067554506],[121.2588892283374,24.91767654458791],[121.25442893312061,24.91471596067901],[121.24984474081445,24.91216606555579],[121.24513665141896,24.910026859218252],[121.2403046649341,24.908298341666388],[121.23534878135989,24.906980512900205],[121.23113168789422,24.905285772945742],[121.2276533845371,24.903214121803],[121.22491387128856,24.900765559471978],[121.22291314814855,24.89794008595268],[121.22091850719535,24.895371825225713],[121.21892994842896,24.893060777291073],[121.21694747184942,24.89100694214876],[121.21497107745668,24.889210319798778],[121.21274850179435,24.887479242102955],[121.2102797448624,24.8858137090613],[121.20756480666086,24.8842137206738],[121.2046036871897,24.882679276940465],[121.20163946505022,24.881363042440547],[121.19867214024238,24.880265017174043],[121.1957017127662,24.87938520114095],[121.19272818262166,24.87872359434127],[121.1898785495665,24.878226152312646],[121.18715281360068,24.87789287505507],[121.18455097472422,24.877723762568547],[121.18207303293711,24.877718814853072],[121.1793472969713,24.877855943730914],[121.17637376682677,24.87813514920207],[121.17315244250354,24.878556431266535],[121.16968332400158,24.879119789924317],[121.16646199967835,24.879377221389575],[121.16348846953382,24.879328725662308],[121.160762733568,24.87897430274251],[121.1582847917809,24.878313952630194],[121.1558068499938,24.877774455416205],[121.15332890820669,24.877355811100546],[121.15085096641958,24.877058019683215],[121.14837302463248,24.876881081164214],[121.14564728866665,24.876918190572017],[121.14267375852214,24.877169347906616],[121.13945243419889,24.87763455316802],[121.13598331569695,24.878313806356218],[121.13288588846306,24.879064546825923],[121.13016015249724,24.879886774577137],[121.1278061077995,24.880780489609855],[121.1258237543698,24.88174569192408],[121.12381274588883,24.882901789633397],[121.12177308235654,24.884248782737806],[121.11970476377296,24.8857866712373],[121.11760779013808,24.88751545513189],[121.11570904008691,24.889261198640323],[121.11400851361947,24.89102390176261],[121.11250621073573,24.89280356449874],[121.1112021314357,24.894600186848724],[121.10995926139022,24.896641781536324],[121.10877760059927,24.898928348561544],[121.10765714906285,24.901459887924375],[121.10659790678095,24.90423639962483],[121.10572172336036,24.906410677753176],[121.10502859880106,24.90798272230941],[121.10451853310303,24.908952533293533],[121.1041915262663,24.909320110705547],[121.10390412575859,24.909618720813683],[121.10365633157987,24.909848363617936],[121.10344814373016,24.91000903911831],[121.10327956220948,24.910100747314797],[121.10240974353283,24.909904486276552],[121.10083868770022,24.90942025600356],[121.09856639471164,24.90864805649584],[121.09559286456712,24.907587887753373],[121.09237154024387,24.906687917184176],[121.08890242174193,24.905948144788233],[121.08518550906128,24.905368570565557],[121.0812208022019,24.90494919451614],[121.07776096849967,24.90430788824668],[121.07480600795458,24.903444651757184],[121.07235592056665,24.90235948504764],[121.07041070633585,24.901052388118057],[121.06844692250561,24.899339682797432],[121.06646456907592,24.897221369085766],[121.0644636460468,24.89469744698306],[121.06244415341823,24.891767916489314],[121.06018615141066,24.88924709256844],[121.05768964002411,24.88713497522044],[121.05495461925858,24.885431564445312],[121.05198108911405,24.884136860243057],[121.04925535314824,24.883171411283964],[121.04677741136113,24.882535217568027],[121.04454726375273,24.88222827909525],[121.04256491032305,24.88225059586563],[121.04058255689337,24.882440671704718],[121.03860020346369,24.8827985066125],[121.036617850034,24.88332410058898],[121.03463549660431,24.884017453634158],[121.03276133564303,24.884853165153782],[121.03099536715015,24.88583123514785],[121.02933759112565,24.88695166361637],[121.02778800756955,24.888214450559328],[121.02639373034475,24.8895626119514],[121.0251547594512,24.890996147792585],[121.0240710948889,24.892515058082882],[121.02314273665789,24.894119342822293],[121.02241854267855,24.896044374160738],[121.02189851295088,24.898290152098216],[121.0215826474749,24.900856676634724]]],[[[121.03364431988948,24.807051255185662],[121.03364431988948,24.808199238029594],[121.03389211406818,24.809262975782268],[121.0343877024256,24.810242468443693],[121.03513108496173,24.81113771601387],[121.03612226167658,24.811948718492793],[121.03714169470493,24.812537510834073],[121.0381893840468,24.8129040930377],[121.0392653297022,24.81304846510369],[121.04036953167109,24.812970627032033],[121.04141486939841,24.81268767068454],[121.04240134288412,24.812199596061216],[121.04332895212822,24.811506403162056],[121.04419769713073,24.810608091987064],[121.04483994042907,24.809709780812074],[121.04525568202321,24.80881146963708],[121.04544492191316,24.807913158462092],[121.04540766009893,24.8070148472871],[121.04514358662769,24.806128399156634],[121.04465270149939,24.8052538140707],[121.04393500471407,24.804391092029288],[121.04299049627174,24.803540233032404],[121.04203432076125,24.802894526344968],[121.04106647818267,24.802453971966973],[121.04008696853595,24.80221856989842],[121.03909579182111,24.80218832013932],[121.03810461510626,24.802364778783684],[121.03711343839142,24.80274794583152],[121.03612226167658,24.803337821282824],[121.03513108496173,24.804134405137603],[121.0343877024256,24.805018838739667],[121.03389211406818,24.80599112208902],[121.03364431988948,24.807051255185662]]],[[[121.55194102682086,25.29074228802647],[121.55254266800996,25.290747538823783],[121.55296738569386,25.29073144221489],[121.55321517987258,25.290693998199792],[121.5532860505461,25.290635206778475],[121.55317999771441,25.29055506795095],[121.55297656100127,25.290513685837862],[121.55267574040671,25.2905110604392],[121.55227753593073,25.29054719175497],[121.5517819475733,25.29062207978518],[121.55156066660251,25.290679558507165],[121.55161369301837,25.29071962792093],[121.55194102682086,25.29074228802647]]],[[[121.72727664216164,24.751865296251754],[121.72714905674998,24.75398260858109],[121.72716671411274,24.756019748415593],[121.72732961424992,24.75797671575525],[121.7276377571615,24.759853510600074],[121.72809114284749,24.761650132950056],[121.72900022850574,24.763783621990658],[121.73036501413627,24.766253977721885],[121.73218549973905,24.76906120014373],[121.73446168531409,24.7722052892562],[121.73611375139139,24.775237089471794],[121.73714169797093,24.778156600790513],[121.73754552505274,24.78096382321236],[121.73732523263679,24.783658756737335],[121.7373101080606,24.786241401365434],[121.73750015132418,24.78871175709666],[121.73789536242748,24.79106982393101],[121.73849574137054,24.79331560186849],[121.73943947837726,24.795549685872814],[121.74072657344766,24.797772075943993],[121.7423570265817,24.799982772082025],[121.7443308377794,24.802181774286904],[121.74654874594523,24.804179586564334],[121.7490107510792,24.805976208914316],[121.75171685318129,24.80757164133685],[121.7546670522515,24.808965883831934],[121.75650064657113,24.810909876878238],[121.75721763614013,24.81340362047576],[121.75681802095852,24.816447114624506],[121.75530180102629,24.82004035932447],[121.75421444976051,24.82318444843694],[121.7535559671612,24.82587938196191],[121.75332635322833,24.82812515989939],[121.7535256079619,24.82992178224937],[121.7539335284127,24.831718404599354],[121.75455011458074,24.833515026949335],[121.75537536646597,24.835311649299317],[121.75640928406843,24.8371082716493],[121.7575091111166,24.83872063255046],[121.7586748476105,24.840148732002802],[121.7599064935501,24.84139257000632],[121.76120404893544,24.84245214656102],[121.76267280383185,24.843428723488902],[121.76431275823936,24.844322300789962],[121.76612391215797,24.8451328784642],[121.76810626558765,24.84586045651162],[121.77008861901733,24.846412366515104],[121.77207097244701,24.84678860847466],[121.7740533258767,24.84698918239028],[121.77603567930639,24.847014088261968],[121.77814192982542,24.846856828409976],[121.78037207743382,24.846517402834305],[121.78272612213156,24.845995811534955],[121.78520406391867,24.845292054511926],[121.7875492495844,24.84549776095383],[121.78976167912874,24.84661293086066],[121.79184135255173,24.848637564232405],[121.79378826985332,24.851571661069087],[121.79587680230831,24.85408724032093],[121.79810694991671,24.856184301987927],[121.8004787126785,24.857862846070088],[121.8029920905937,24.859122872567404],[121.8051249182088,24.860446837402883],[121.80687719552384,24.86183474057651],[121.80824892253877,24.8632865820883],[121.8092400992536,24.864802361938246],[121.8103551730578,24.866204879305524],[121.81159414395135,24.867494134190146],[121.81295701193426,24.868670126592097],[121.81444377700653,24.86973285651139],[121.81605443916814,24.870591762245965],[121.81778899841912,24.87124684379581],[121.81964745475945,24.871698101160938],[121.82162980818913,24.87194553434134],[121.82361216161881,24.871921396871535],[121.82559451504851,24.87162568875153],[121.82757686847819,24.871058409981316],[121.82955922190787,24.870219560560894],[121.8313063803672,24.86922779907644],[121.83281834385616,24.86808312552795],[121.83409511237475,24.866785539915426],[121.835136685923,24.865335042238875],[121.8359402478958,24.86379801339396],[121.83650579829315,24.862174453380693],[121.83683333711508,24.860464362199068],[121.83692286436154,24.858667739849086],[121.83681021607461,24.856983406395976],[121.83649539225428,24.855411361839742],[121.83597839290053,24.85395160618038],[121.83525921801338,24.852604139417895],[121.83433366002211,24.85125667265541],[121.83320171892679,24.84990920589292],[121.83186339472735,24.848561739130435],[121.83031868742384,24.84721427236795],[121.82891083317102,24.84552993891484],[121.82763983196892,24.84350873877111],[121.82650568381752,24.84115067193676],[121.82550838871683,24.838455738411785],[121.82417786271127,24.836046088211777],[121.82251410580083,24.833921721336733],[121.82051711798557,24.83208263778665],[121.81818689926544,24.830528837561534],[121.8154480585105,24.829378632573462],[121.81230059572074,24.828632022822436],[121.80874451089618,24.828289008308456],[121.80477980403681,24.82834958903152],[121.80144735848347,24.82753315158372],[121.79874717423615,24.82583969596505],[121.79667925129488,24.82326922217552],[121.79524358965962,24.81982173021512],[121.79333974177155,24.816674666760456],[121.79096770763064,24.813828031811514],[121.7881274872369,24.811281825368308],[121.78481908059034,24.80903604743083],[121.78284443914704,24.80645340280273],[121.78220356290696,24.80353389148401],[121.78289645187013,24.80027751347467],[121.78492310603652,24.796684268774705],[121.78644290272386,24.79342789076536],[121.78745584193219,24.790508379446642],[121.78796192366146,24.78792573481854],[121.78796114791167,24.785679956881065],[121.78773419447094,24.78332189004671],[121.78728106333924,24.780851534315488],[121.78660175451658,24.77826888968739],[121.78569626800292,24.775573956162415],[121.78528780472126,24.772991311534316],[121.78537636467158,24.77052095580309],[121.7859619478539,24.76816288896874],[121.78704455426819,24.76591711103126],[121.78793657379467,24.763783621990658],[121.78863800643333,24.761762421846928],[121.78914885218421,24.759853510600074],[121.78946911104727,24.75805688825009],[121.78958970499839,24.756035688106362],[121.78951063403757,24.753789910168884],[121.78923189816483,24.751319554437657],[121.78875349738013,24.748624620912686],[121.7880783230483,24.74609726818868],[121.78720637516936,24.743737496265645],[121.78613765374328,24.741545305143582],[121.78487215877007,24.73952069482248],[121.78355134627212,24.73768037750652],[121.78217521624939,24.736024353195706],[121.78074376870188,24.73455262189003],[121.77925700362962,24.7332651835895],[121.777646341468,24.732060570462153],[121.77591178221702,24.730938782507998],[121.7740533258767,24.72989981972704],[121.77207097244701,24.728943682119272],[121.77008861901733,24.72812744000983],[121.76810626558765,24.72745109339871],[121.76612391215797,24.726914642285916],[121.76414155872827,24.726518086671444],[121.76203530820924,24.726259974489114],[121.75980516060083,24.726140305738934],[121.7574511159031,24.7261590804209],[121.75497317411599,24.726316298535007],[121.75261912941824,24.726604827629497],[121.75038898180983,24.72702466770436],[121.7482827312908,24.727575818759597],[121.74630037786112,24.728258280795217],[121.74431802443142,24.729116612132355],[121.74233567100174,24.730150812771008],[121.74035331757206,24.731360882711186],[121.73837096414238,24.73274682195288],[121.73657917403918,24.734171479203514],[121.73497794726245,24.73563485446309],[121.73356728381222,24.73713694773161],[121.73234718368846,24.738677759009068],[121.73124154526916,24.7403146394567],[121.73025036855432,24.742047589074488],[121.72937365354395,24.74387660786244],[121.72861140023801,24.745801695820564],[121.72800781390565,24.74777483987149],[121.72756289454685,24.74979604001522],[121.72727664216164,24.751865296251754]]],[[[121.75660017498403,24.673646275427078],[121.75619807715712,24.675430642726603],[121.75599702824367,24.677188260935537],[121.75599702824367,24.678919130053885],[121.75619807715712,24.68062325008164],[121.75660017498403,24.682300621018804],[121.75714954253291,24.683888688501924],[121.75784617980378,24.68538745253098],[121.75869008679665,24.686796913105983],[121.75968126351148,24.688117070226934],[121.76090074334773,24.689480695021857],[121.76234852630539,24.690887787490748],[121.76402461238446,24.692338347633616],[121.76592900158492,24.69383237545045],[121.76718435511914,24.695514340797452],[121.76779067298715,24.69738424367461],[121.76774795518891,24.699442084081927],[121.76705620172444,24.701687862019405],[121.76654909637932,24.703484484369387],[121.76622663915354,24.704831951131872],[121.76608883004712,24.705730262306865],[121.76613566906002,24.706179417894358],[121.7662155580606,24.706628573481854],[121.76632849704885,24.70707772906935],[121.7664744860247,24.707526884656847],[121.76665352498826,24.70797604024434],[121.76704766122957,24.70852670152701],[121.76765689474868,24.709178868504846],[121.76848122554554,24.709932541177853],[121.7695206536202,24.71078771954603],[121.77067191594425,24.71143079987478],[121.7719350125177,24.711861782164103],[121.77330994334056,24.712080666414],[121.77479670841284,24.71208745262447],[121.77622097221742,24.711764762240783],[121.77758273475433,24.711112595262946],[121.77888199602357,24.71013095169096],[121.78011875602512,24.708819831524817],[121.78095013435193,24.707387335812715],[121.78137613100397,24.70583346455465],[121.78139674598124,24.704158217750628],[121.78101197928378,24.702361595400646],[121.78078871310625,24.700789550844412],[121.78072694744868,24.699442084081927],[121.78082668231109,24.698319195113186],[121.78108791769343,24.697420883938197],[121.7817745420341,24.69629799496946],[121.78288655533306,24.69495052820697],[121.78442395759036,24.693378483650736],[121.786386748806,24.691581861300754],[121.7880669039763,24.68989752784765],[121.7894644231013,24.68832548329141],[121.79057930618093,24.686865727632053],[121.79141155321528,24.685518260869564],[121.79209475025871,24.684058505210206],[121.79262889731123,24.68248646065397],[121.79301399437283,24.680802127200863],[121.7932500414435,24.67900550485088],[121.79332998155401,24.67732117139777],[121.79325381470436,24.675749126841538],[121.79302154089453,24.674289371182176],[121.79263316012452,24.67294190441969],[121.79189847959519,24.67146151523499],[121.7908174993065,24.66984820362808],[121.78939021925845,24.668101969598958],[121.78761663945106,24.666222813147623],[121.78566696914874,24.664641449046616],[121.78354120835148,24.66335787729594],[121.7812393570593,24.662372097895595],[121.7787614152722,24.66168411084558],[121.7762834734851,24.661312302885804],[121.77380553169799,24.661256674016265],[121.77132758991088,24.661517224236967],[121.76884964812378,24.662093953547902],[121.76649560342602,24.66302716784132],[121.76426545581764,24.66431686711723],[121.76215920529859,24.665963051375616],[121.7601768518689,24.66796572061649],[121.75858956233992,24.669913814372023],[121.75739733671162,24.67180733264222],[121.75660017498403,24.673646275427078]]],[[[121.77867055469578,24.633722662897934],[121.77844478485903,24.63494754958928],[121.77837362495814,24.636203081298415],[121.77845707499311,24.637489258025333],[121.77869513496395,24.63880607977003],[121.77908780487067,24.64015354653252],[121.7798361706406,24.641536347142114],[121.78094023227384,24.642954481598817],[121.78239998977031,24.644407949902636],[121.78421544313005,24.64589675205356],[121.7859487244179,24.647068397771342],[121.7875998336339,24.64792288705598],[121.78916877077805,24.648460219907477],[121.7906555358503,24.648680396325823],[121.79212916163891,24.64875515068789],[121.79358964814388,24.648684482993673],[121.79503699536518,24.648468393243164],[121.79647120330281,24.64810688143638],[121.79780779271842,24.647645530455268],[121.79904676361197,24.64708434029984],[121.80018811598347,24.64642331097009],[121.80123184983293,24.64566244246602],[121.8021766309207,24.64483285262649],[121.80302245924675,24.643934541451497],[121.80376933481108,24.642967508941048],[121.80441725761372,24.641931755095136],[121.80488012927866,24.640593495226334],[121.8051579498059,24.63895272933464],[121.80525071919546,24.63700945742005],[121.80515843744733,24.634763679482575],[121.8049305935457,24.632854768235717],[121.80456718749063,24.631282723679483],[121.8040682192821,24.63004754581387],[121.8034336889201,24.62914923463888],[121.80260582220741,24.628261626141118],[121.80158461914404,24.627384720320592],[121.80037007972996,24.626518517177296],[121.7989622039652,24.62566301671123],[121.79728681169486,24.625030725408376],[121.79534390291893,24.624621643268732],[121.79313347763741,24.624435770292305],[121.7906555358503,24.624473106479087],[121.7884725877219,24.624705649688995],[121.7865846332522,24.625133399922024],[121.78499167244122,24.625756357178183],[121.78369370528893,24.626574521457467],[121.78254913335535,24.627443367478463],[121.78155795664051,24.62836289524117],[121.7807201751444,24.629333104745587],[121.78003578886701,24.63035399599172],[121.77946605669976,24.631425886099155],[121.7790109786427,24.632548775067896],[121.77867055469578,24.633722662897934]]],[[[121.81848097609335,24.607138726393384],[121.81836410812585,24.608936102526652],[121.81855346832081,24.61057424221318],[121.81904905667822,24.61205314545297],[121.81985087319812,24.613372812246013],[121.82095891788046,24.61453324259232],[121.82228553974963,24.61544283369662],[121.82383073880565,24.61610158555892],[121.82559451504851,24.61650949817922],[121.82757686847819,24.616666571557513],[121.82943652469622,24.616455000660086],[121.83117348370259,24.615874785486934],[121.83278774549728,24.614925926038058],[121.83427931008035,24.613608422313458],[121.83536785880403,24.612171138932506],[121.83605339166836,24.610614075895217],[121.83633590867329,24.60893723320158],[121.83621540981886,24.607140610851598],[121.83578226924588,24.605524181492655],[121.83503648695435,24.60408794512474],[121.83397806294428,24.602831901747866],[121.83260699721565,24.60175605136202],[121.83120700665111,24.600940910521103],[121.82977809125066,24.600386479225108],[121.82832025101432,24.60009275747404],[121.82683348594206,24.600059745267895],[121.82534672086979,24.600312013315456],[121.82385995579753,24.600849561616737],[121.82237319072526,24.60167239017173],[121.820886425653,24.60278049898043],[121.81974213485692,24.60406092462027],[121.81894031833704,24.605513667091255],[121.81848097609335,24.607138726393384]]],[[[121.90748173533218,25.12224625773222],[121.90722810396667,25.1235342181679],[121.90734908246264,25.124792765054316],[121.90784467082005,25.12602189839148],[121.90871486903893,25.127221618179373],[121.90995967711929,25.12839192441802],[121.9112649744476,25.129214052862785],[121.9126307610239,25.12968800351368],[121.91405703684818,25.129813776370707],[121.91554380192045,25.12959137143386],[121.91689929723915,25.129187592405778],[121.91812352280431,25.128602439286457],[121.91921647861594,25.1278359120759],[121.92017816467398,25.126888010774106],[121.92099443880727,25.125952507004012],[121.9216653010158,25.125029400765623],[121.92219075129957,25.12411869205893],[121.92257078965855,25.12322038088394],[121.92266343338258,25.121985203018326],[121.92246868247163,25.120413158462092],[121.92198653692573,25.118504247215235],[121.92121699674482,25.116258469277756],[121.92070566464943,25.114124980237154],[121.92045254063949,25.112103780093424],[121.92045762471507,25.11019486884657],[121.92072091687612,25.108398246496588],[121.92090721596496,25.106938490837226],[121.92101652198163,25.10581560186849],[121.9210488349261,25.10502957959037],[121.92100415479835,25.104580424002876],[121.92089684272455,25.10417507837358],[121.92072689870464,25.10381354270249],[121.92049432273866,25.103495816989597],[121.92019911482662,25.103221901234907],[121.91926732892682,25.10364638784193],[121.91769896503929,25.10476927681067],[121.91549402316404,25.106590568141126],[121.91265250330106,25.10911026183329],[121.91048836083343,25.111464064271612],[121.90900159576117,25.113651975456094],[121.90819220808427,25.11567399538673],[121.90806019780274,25.117530124063517],[121.90789778225019,25.119244210680026],[121.90770496142669,25.12081625523626],[121.90748173533218,25.12224625773222]]]]}},{"type":"Feature","properties":{"arrival_time":"09:00","cutoff":900,"departure_time":"09:00","layer":"network","minutes":15,"stop_id":"bus:101712-STOP_10038","stop_name":"長生街口","stroke":"#F7B731","time_slot":"09:00","time_type":"arrival","transit_type":"bus"},"geometry":{"type":"Point","coordinates":[121.50078899999998,25.067181]}},{"type":"Feature","properties":{"arrival_time":"09:00","cutoff":900,"departure_time":"09:00","layer":"network","minutes":15,"stop_id":"bus:101712-STOP_10040","stop_name":"三重派出所(福德北路)","stroke":"#F7B731","time_slot":"09:00","time_type":"arrival","transit_type":"bus"},"geometry":{"type":"Point","coordinates":[121.502278,25.064639]}},{"type":"Feature","properties":{"arrival_time":"09:00","cutoff":900,"departure_time":"09:00","layer":"network","minutes":15,"stop_id":"bus:101712-STOP_10042","stop_name":"捷運民權西路站","stroke":"#F7B731","time_slot":"09:00","time_type":"arrival","transit_type":"bus"},"geometry":{"type":"Point","coordinates":[121.5180735555555,25.0628667037037]}},{"type":"Feature","properties":{"arrival_time":"09:00","cutoff":900,"departure_time":"09:00","layer":"network","minutes":15,"stop_id":"bus:101712-STOP_10044","stop_name":"民權中山路口","stroke":"#F7B731","time_slot":"09:00","time_type":"arrival","transit_type":"bus"},"geometry":{"type":"Point","coordinates":[121.52247624999998,25.062749000000014]}},{"type":"Feature","properties":{"arrival_time":"09:00","cutoff":900,"departure_time":"09:00","layer":"network","minutes":15,"stop_id":"bus:101712-STOP_10046","stop_name":"捷運中山國小站","stroke":"#F7B731","time_slot":"09:00","time_type":"arrival","transit_type":"bus"},"geometry":{"type":"Point","coordinates":[121.52538414285712,25.062722476190476]}},{"type":"Feature","properties":{"arrival_time":"09:00","cutoff":900,"departure_time":"09:00","layer":"network","minutes":15,"stop_id":"bus:101712-STOP_10048","stop_name":"民權吉林路口","stroke":"#F7B731","time_slot":"09:00","time_type":"arrival","transit_type":"bus"},"geometry":{"type":"Point","coordinates":[121.52960600000003,25.062591499999996]}},{"type":"Feature","properties":{"arrival_time":"09:00","cutoff":900,"departure_time":"09:00","layer":"network","minutes":15,"stop_id":"bus:101712-STOP_10050","stop_name":"民權松江路口","stroke":"#F7B731","time_slot":"09:00","time_type":"arrival","transit_type":"bus"},"geometry":{"type":"Point","coordinates":[121.53318834782604,25.06242004347826]}},{"type":"Feature","properties":{"arrival_time":"09:00","cutoff":900,"departure_time":"09:00","layer":"network","minutes":15,"stop_id":"bus:101712-STOP_10051","stop_name":"民權復興路口","stroke":"#F7B731","time_slot":"09:00","time_type":"arrival","transit_type":"bus"},"geometry":{"type":"Point","coordinates":[121.54413000000002,25.062254666666675]}},{"type":"Feature","properties":{"arrival_time":"09:00","cutoff":900,"departure_time":"09:00","layer":"network","minutes":15,"stop_id":"bus:101712-STOP_10058","stop_name":"捷運中山國中站","stroke":"#F7B731","time_slot":"09:00","time_type":"arrival","transit_type":"bus"},"geometry":{"type":"Point","coordinates":[121.54424011111112,25.061133222222225]}},{"type":"Feature","properties":{"arrival_time":"09:00","cutoff":900,"departure_time":"09:00","layer":"network","minutes":15,"stop_id":"bus:101712-STOP_10067","stop_name":"成淵高中","stroke":"#F7B731","time_slot":"09:00","time_type":"arrival","transit_type":"bus"},"geometry":{"type":"Point","coordinates":[121.518101,25.061106999999996]}},{"type":"Feature","properties":{"arrival_time":"09:00","cutoff":900,"departure_time":"09:00","layer":"network","minutes":15,"stop_id":"bus:101712-STOP_10175","stop_name":"臺北車站(忠孝)","stroke":"#F7B731","time_slot":"09:00","time_type":"arrival","transit_type":"bus"},"geometry":{"type":"Point","coordinates":[121.51649173809524,25.046506309523814]}},{"type":"Feature","properties":{"arrival_time":"09:00","cutoff":900,"departure_time":"09:00","layer":"network","minutes":15,"stop_id":"bus:101712-STOP_10176","stop_name":"捷運善導寺站","stroke":"#F7B731","time_slot":"09:00","time_type":"arrival","transit_type":"bus"},"geometry":{"type":"Point","coordinates":[121.52270090476189,25.04497161904763]}},{"type":"Feature","properties":{"arrival_time":"09:00","cutoff":900,"departure_time":"09:00","layer":"network","minutes":15,"stop_id":"bus:101712-STOP_10177","stop_name":"華山文創園區","stroke":"#F7B731","time_slot":"09:00","time_type":"arrival","transit_type":"bus"},"geometry":{"type":"Point","coordinates":[121.52710366666665,25.04393733333334]}},{"type":"Feature","properties":{"arrival_time":"09:00","cutoff":900,"departure_time":"09:00","layer":"network","minutes":15,"stop_id":"bus:101712-STOP_10178","stop_name":"忠孝國小","stroke":"#F7B731","time_slot":"09:00","time_type":"arrival","transit_type":"bus"},"geometry":{"type":"Point","coordinates":[121.53125054545453,25.042790727272724]}},{"type":"Feature","properties":{"arrival_time":"09:00","cutoff":900,"departure_time":"09:00","layer":"network","minutes":15,"stop_id":"bus:101712-STOP_10179","stop_name":"臺北科技大學(忠孝)","stroke":"#F7B731","time_slot":"09:00","time_type":"arrival","transit_type":"bus"},"geometry":{"type":"Point","coordinates":[121.53443836363637,25.04212727272727]}},{"type":"Feature","properties":{"arrival_time":"09:00","cutoff":900,"departure_time":"09:00","layer":"network","minutes":15,"stop_id":"bus:101712-STOP_10180","stop_name":"正義郵局","stroke":"#F7B731","time_slot":"09:00","time_type":"arrival","transit_type":"bus"},"geometry":{"type":"Point","coordinates":[121.53883614285714,25.041704428571432]}},{"type":"Feature","properties":{"arrival_time":"09:00","cutoff":900,"departure_time":"09:00","layer":"network","minutes":15,"stop_id":"bus:101712-STOP_10181","stop_name":"懷生國中","stroke":"#F7B731","time_slot":"09:00","time_type":"arrival","transit_type":"bus"},"geometry":{"type":"Point","coordinates":[121.541082,25.041512]}},{"type":"Feature","properties":{"arrival_time":"09:00","cutoff":900,"departure_time":"09:00","layer":"network","minutes":15,"stop_id":"bus:101712-STOP_10183","stop_name":"頂好市場","stroke":"#F7B731","time_slot":"09:00","time_type":"arrival","transit_type":"bus"},"geometry":{"type":"Point","coordinates":[121.5468725882353,25.041609588235296]}},{"type":"Feature","properties":{"arrival_time":"09:00","cutoff":900,"departure_time":"09:00","layer":"network","minutes":15,"stop_id":"bus:101712-STOP_10184","stop_name":"捷運忠孝敦化站","stroke":"#F7B731","time_slot":"09:00","time_type":"arrival","transit_type":"bus"},"geometry":{"type":"Point","coordinates":[121.55027700000001,25.041512]}},{"type":"Feature","properties":{"arrival_time":"09:00","cutoff":900,"departure_time":"09:00","layer":"network","minutes":15,"stop_id":"bus:101712-STOP_10185","stop_name":"阿波羅大廈","stroke":"#F7B731","time_slot":"09:00","time_type":"arrival","transit_type":"bus"},"geometry":{"type":"Point","coordinates":[121.553469,25.041397909090907]}},{"type":"Feature","properties":{"arrival_time":"09:00","cutoff":900,"departure_time":"09:00","layer":"network","minutes":15,"stop_id":"bus:101712-STOP_10186","stop_name":"交通部觀光署","stroke":"#F7B731","time_slot":"09:00","time_type":"arrival","transit_type":"bus"},"geometry":{"type":"Point","coordinates":[121.55578390909092,25.041397909090907]}},{"type":"Feature","properties":{"arrival_time":"09:00","cutoff":900,"departure_time":"09:00","layer":"network","minutes":15,"stop_id":"bus:101712-STOP_10187","stop_name":"捷運國父紀念館站(忠孝)","stroke":"#F7B731","time_slot":"09:00","time_type":"arrival","transit_type":"bus"},"geometry":{"type":"Point","coordinates":[121.55910759999999,25.041395799999997]}},{"type":"Feature","properties":{"arrival_time":"09:00","cutoff":900,"departure_time":"09:00","layer":"network","minutes":15,"stop_id":"bus:101712-STOP_10193","stop_name":"永吉松山路口","stroke":"#F7B731","time_slot":"09:00","time_type":"arrival","transit_type":"bus"},"geometry":{"type":"Point","coordinates":[121.57787593333336,25.04499146666667]}},{"type":"Feature","properties":{"arrival_time":"09:00","cutoff":900,"departure_time":"09:00","layer":"network","minutes":15,"stop_id":"bus:101712-STOP_10320","stop_name":"祖師廟(貴陽)","stroke":"#F7B731","time_slot":"09:00","time_type":"arrival","transit_type":"bus"},"geometry":{"type":"Point","coordinates":[121.50248999999998,25.039973]}},{"type":"Feature","properties":{"arrival_time":"09:00","cutoff":900,"departure_time":"09:00","layer":"network","minutes":15,"stop_id":"bus:101712-STOP_10322","stop_name":"捷運西門站","stroke":"#F7B731","time_slot":"09:00","time_type":"arrival","transit_type":"bus"},"geometry":{"type":"Point","coordinates":[121.50818136585366,25.041361731707322]}},{"type":"Feature","properties":{"arrival_time":"09:00","cutoff":900,"departure_time":"09:00","layer":"network","minutes":15,"stop_id":"bus:101712-STOP_10324","stop_name":"寶慶路","stroke":"#F7B731","time_slot":"09:00","time_type":"arrival","transit_type":"bus"},"geometry":{"type":"Point","coordinates":[121.50983399999997,25.041492]}},{"type":"Feature","properties":{"arrival_time":"09:00","cutoff":900,"departure_time":"09:00","layer":"network","minutes":15,"stop_id":"bus:101712-STOP_10326","stop_name":"博愛路","stroke":"#F7B731","time_slot":"09:00","time_type":"arrival","transit_type":"bus"},"geometry":{"type":"Point","coordinates":[121.51155500000003,25.043262000000006]}},{"type":"Feature","properties":{"arrival_time":"09:00","cutoff":900,"departure_time":"09:00","layer":"network","minutes":15,"stop_id":"bus:101712-STOP_10328","stop_name":"臺北郵局","stroke":"#F7B731","time_slot":"09:00","time_type":"arrival","transit_type":"bus"},"geometry":{"type":"Point","coordinates":[121.511294,25.046764999999997]}},{"type":"Feature","properties":{"arrival_time":"09:00","cutoff":900,"departure_time":"09:00","layer":"network","minutes":15,"stop_id":"bus:101712-STOP_10330","stop_name":"臺北車站(重慶)","stroke":"#F7B731","time_slot":"09:00","time_type":"arrival","transit_type":"bus"},"geometry":{"type":"Point","coordinates":[121.51316199999998,25.046551999999995]}},{"type":"Feature","properties":{"arrival_time":"09:00","cutoff":900,"departure_time":"09:00","layer":"network","minutes":15,"stop_id":"bus:101712-STOP_10332","stop_name":"博物館(襄陽)","stroke":"#F7B731","time_slot":"09:00","time_type":"arrival","transit_type":"bus"},"geometry":{"type":"Point","coordinates":[121.51526515384617,25.043378615384615]}},{"type":"Feature","properties":{"arrival_time":"09:00","cutoff":900,"departure_time":"09:00","layer":"network","minutes":15,"stop_id":"bus:101712-STOP_10334","stop_name":"捷運台大醫院站","stroke":"#F7B731","time_slot":"09:00","time_type":"arrival","transit_type":"bus"},"geometry":{"type":"Point","coordinates":[121.51628466666668,25.041929999999986]}},{"type":"Feature","properties":{"arrival_time":"09:00","cutoff":900,"departure_time":"09:00","layer":"network","minutes":15,"stop_id":"bus:101712-STOP_10345","stop_name":"貴陽街","stroke":"#F7B731","time_slot":"09:00","time_type":"arrival","transit_type":"bus"},"geometry":{"type":"Point","coordinates":[121.50582399999999,25.039449999999995]}},{"type":"Feature","properties":{"arrival_time":"09:00","cutoff":900,"departure_time":"09:00","layer":"network","minutes":15,"stop_id":"bus:101712-STOP_10369","stop_name":"捷運台北橋站","stroke":"#F7B731","time_slot":"09:00","time_type":"arrival","transit_type":"bus"},"geometry":{"type":"Point","coordinates":[121.50043794444443,25.06306266666667]}},{"type":"Feature","properties":{"arrival_time":"09:00","cutoff":900,"departure_time":"09:00","layer":"network","minutes":15,"stop_id":"bus:101712-STOP_10373","stop_name":"新興國中(新生)","stroke":"#F7B731","time_slot":"09:00","time_type":"arrival","transit_type":"bus"},"geometry":{"type":"Point","coordinates":[121.527439,25.061005]}},{"type":"Feature","properties":{"arrival_time":"09:00","cutoff":900,"departure_time":"09:00","layer":"network","minutes":15,"stop_id":"bus:101712-STOP_10423","stop_name":"南京寧安街口","stroke":"#F7B731","time_slot":"09:00","time_type":"arrival","transit_type":"bus"},"geometry":{"type":"Point","coordinates":[121.55525572727267,25.05163899999999]}},{"type":"Feature","properties":{"arrival_time":"09:00","cutoff":900,"departure_time":"09:00","layer":"network","minutes":15,"stop_id":"bus:101712-STOP_10425","stop_name":"南京敦化路口(小巨蛋)","stroke":"#F7B731","time_slot":"09:00","time_type":"arrival","transit_type":"bus"},"geometry":{"type":"Point","coordinates":[121.54909627272724,25.051760636363625]}},{"type":"Feature","properties":{"arrival_time":"09:00","cutoff":900,"departure_time":"09:00","layer":"network","minutes":15,"stop_id":"bus:101712-STOP_10427","stop_name":"捷運南京復興站","stroke":"#F7B731","time_slot":"09:00","time_type":"arrival","transit_type":"bus"},"geometry":{"type":"Point","coordinates":[121.54408968000001,25.051901160000003]}},{"type":"Feature","properties":{"arrival_time":"09:00","cutoff":900,"departure_time":"09:00","layer":"network","minutes":15,"stop_id":"bus:101712-STOP_10429","stop_name":"南京龍江路口","stroke":"#F7B731","time_slot":"09:00","time_type":"arrival","transit_type":"bus"},"geometry":{"type":"Point","coordinates":[121.54047481818179,25.051950909090905]}},{"type":"Feature","properties":{"arrival_time":"09:00","cutoff":900,"departure_time":"09:00","layer":"network","minutes":15,"stop_id":"bus:101712-STOP_10431","stop_name":"南京建國路口","stroke":"#F7B731","time_slot":"09:00","time_type":"arrival","transit_type":"bus"},"geometry":{"type":"Point","coordinates":[121.53681736363637,25.052021363636367]}},{"type":"Feature","properties":{"arrival_time":"09:00","cutoff":900,"departure_time":"09:00","layer":"network","minutes":15,"stop_id":"bus:101712-STOP_10433","stop_name":"捷運松江南京站","stroke":"#F7B731","time_slot":"09:00","time_type":"arrival","transit_type":"bus"},"geometry":{"type":"Point","coordinates":[121.533000102564,25.052041307692306]}},{"type":"Feature","properties":{"arrival_time":"09:00","cutoff":900,"departure_time":"09:00","layer":"network","minutes":15,"stop_id":"bus:101712-STOP_10435","stop_name":"南京吉林路口","stroke":"#F7B731","time_slot":"09:00","time_type":"arrival","transit_type":"bus"},"geometry":{"type":"Point","coordinates":[121.53008142105261,25.05205773684211]}},{"type":"Feature","properties":{"arrival_time":"09:00","cutoff":900,"departure_time":"09:00","layer":"network","minutes":15,"stop_id":"bus:101712-STOP_10437","stop_name":"南京林森路口","stroke":"#F7B731","time_slot":"09:00","time_type":"arrival","transit_type":"bus"},"geometry":{"type":"Point","coordinates":[121.52542499999998,25.052124000000003]}},{"type":"Feature","properties":{"arrival_time":"09:00","cutoff":900,"departure_time":"09:00","layer":"network","minutes":15,"stop_id":"bus:101712-STOP_10439","stop_name":"捷運中山站(志仁高中)","stroke":"#F7B731","time_slot":"09:00","time_type":"arrival","transit_type":"bus"},"geometry":{"type":"Point","coordinates":[121.51977050000002,25.052788999999994]}},{"type":"Feature","properties":{"arrival_time":"09:00","cutoff":900,"departure_time":"09:00","layer":"network","minutes":15,"stop_id":"bus:101712-STOP_10466","stop_name":"臺北郵局(撫臺街洋樓)","stroke":"#F7B731","time_slot":"09:00","time_type":"arrival","transit_type":"bus"},"geometry":{"type":"Point","coordinates":[121.510186,25.046035]}},{"type":"Feature","properties":{"arrival_time":"09:00","cutoff":900,"departure_time":"09:00","layer":"network","minutes":15,"stop_id":"bus:101712-STOP_10529","stop_name":"捷運菜寮站","stroke":"#F7B731","time_slot":"09:00","time_type":"arrival","transit_type":"bus"},"geometry":{"type":"Point","coordinates":[121.4905892,25.059194800000007]}},{"type":"Feature","properties":{"arrival_time":"09:00","cutoff":900,"departure_time":"09:00","layer":"network","minutes":15,"stop_id":"bus:101712-STOP_10530","stop_name":"中山藝術公園","stroke":"#F7B731","time_slot":"09:00","time_type":"arrival","transit_type":"bus"},"geometry":{"type":"Point","coordinates":[121.4924541,25.0604654]}},{"type":"Feature","properties":{"arrival_time":"09:00","cutoff":900,"departure_time":"09:00","layer":"network","minutes":15,"stop_id":"bus:101712-STOP_10534","stop_name":"台泥大樓(馬偕醫院)","stroke":"#F7B731","time_slot":"09:00","time_type":"arrival","transit_type":"bus"},"geometry":{"type":"Point","coordinates":[121.52281983333332,25.06095616666667]}},{"type":"Feature","properties":{"arrival_time":"09:00","cutoff":900,"departure_time":"09:00","layer":"network","minutes":15,"stop_id":"bus:101712-STOP_10535","stop_name":"國賓飯店","stroke":"#F7B731","time_slot":"09:00","time_type":"arrival","transit_type":"bus"},"geometry":{"type":"Point","coordinates":[121.52269113333337,25.056401066666663]}},{"type":"Feature","properties":{"arrival_time":"09:00","cutoff":900,"departure_time":"09:00","layer":"network","minutes":15,"stop_id":"bus:101712-STOP_10599","stop_name":"捷運劍潭站(北藝中心)","stroke":"#F7B731","time_slot":"09:00","time_type":"arrival","transit_type":"bus"},"geometry":{"type":"Point","coordinates":[121.52494524242425,25.084920787878787]}},{"type":"Feature","properties":{"arrival_time":"09:00","cutoff":900,"departure_time":"09:00","layer":"network","minutes":15,"stop_id":"bus:101712-STOP_10632","stop_name":"小南門","stroke":"#F7B731","time_slot":"09:00","time_type":"arrival","transit_type":"bus"},"geometry":{"type":"Point","coordinates":[121.50704716129033,25.03802016129033]}},{"type":"Feature","properties":{"arrival_time":"09:00","cutoff":900,"departure_time":"09:00","layer":"network","minutes":15,"stop_id":"bus:101712-STOP_10648","stop_name":"捷運忠孝復興站","stroke":"#F7B731","time_slot":"09:00","time_type":"arrival","transit_type":"bus"},"geometry":{"type":"Point","coordinates":[121.542735,25.041824899999995]}},{"type":"Feature","properties":{"arrival_time":"09:00","cutoff":900,"departure_time":"09:00","layer":"network","minutes":15,"stop_id":"bus:101712-STOP_10655","stop_name":"中華路北站","stroke":"#F7B731","time_slot":"09:00","time_type":"arrival","transit_type":"bus"},"geometry":{"type":"Point","coordinates":[121.50920646938768,25.045437142857146]}},{"type":"Feature","properties":{"arrival_time":"09:00","cutoff":900,"departure_time":"09:00","layer":"network","minutes":15,"stop_id":"bus:101712-STOP_10656","stop_name":"捷運西門站","stroke":"#F7B731","time_slot":"09:00","time_type":"arrival","transit_type":"bus"},"geometry":{"type":"Point","coordinates":[121.50826699999999,25.042516999999986]}},{"type":"Feature","properties":{"arrival_time":"09:00","cutoff":900,"departure_time":"09:00","layer":"network","minutes":15,"stop_id":"bus:101712-STOP_10657","stop_name":"聯合醫院和平院區","stroke":"#F7B731","time_slot":"09:00","time_type":"arrival","transit_type":"bus"},"geometry":{"type":"Point","coordinates":[121.50654264999999,25.036215450000004]}},{"type":"Feature","properties":{"arrival_time":"09:00","cutoff":900,"departure_time":"09:00","layer":"network","minutes":15,"stop_id":"bus:101712-STOP_10658","stop_name":"大埔街","stroke":"#F7B731","time_slot":"09:00","time_type":"arrival","transit_type":"bus"},"geometry":{"type":"Point","coordinates":[121.50470128571429,25.0323232857143]}},{"type":"Feature","properties":{"arrival_time":"09:00","cutoff":900,"departure_time":"09:00","layer":"network","minutes":15,"stop_id":"bus:101712-STOP_10659","stop_name":"廈安里","stroke":"#F7B731","time_slot":"09:00","time_type":"arrival","transit_type":"bus"},"geometry":{"type":"Point","coordinates":[121.50417759999999,25.030435999999995]}},{"type":"Feature","properties":{"arrival_time":"09:00","cutoff":900,"departure_time":"09:00","layer":"network","minutes":15,"stop_id":"bus:101712-STOP_10660","stop_name":"南機場公寓","stroke":"#F7B731","time_slot":"09:00","time_type":"arrival","transit_type":"bus"},"geometry":{"type":"Point","coordinates":[121.50544464285713,25.028458928571435]}},{"type":"Feature","properties":{"arrival_time":"09:00","cutoff":900,"departure_time":"09:00","layer":"network","minutes":15,"stop_id":"bus:101712-STOP_10759","stop_name":"南京公寓(捷運南京三民)","stroke":"#F7B731","time_slot":"09:00","time_type":"arrival","transit_type":"bus"},"geometry":{"type":"Point","coordinates":[121.56484340000002,25.0514056]}},{"type":"Feature","properties":{"arrival_time":"09:00","cutoff":900,"departure_time":"09:00","layer":"network","minutes":15,"stop_id":"bus:101712-STOP_10767","stop_name":"捷運市政府站","stroke":"#F7B731","time_slot":"09:00","time_type":"arrival","transit_type":"bus"},"geometry":{"type":"Point","coordinates":[121.56602507894743,25.041043868421056]}},{"type":"Feature","properties":{"arrival_time":"09:00","cutoff":900,"departure_time":"09:00","layer":"network","minutes":15,"stop_id":"bus:101712-STOP_10810","stop_name":"中正新城","stroke":"#F7B731","time_slot":"09:00","time_type":"arrival","transit_type":"bus"},"geometry":{"type":"Point","coordinates":[121.50327339999998,25.0247878]}},{"type":"Feature","properties":{"arrival_time":"09:00","cutoff":900,"departure_time":"09:00","layer":"network","minutes":15,"stop_id":"bus:101712-STOP_10812","stop_name":"青年路","stroke":"#F7B731","time_slot":"09:00","time_type":"arrival","transit_type":"bus"},"geometry":{"type":"Point","coordinates":[121.5026746,25.022930800000005]}},{"type":"Feature","properties":{"arrival_time":"09:00","cutoff":900,"departure_time":"09:00","layer":"network","minutes":15,"stop_id":"bus:101712-STOP_10928","stop_name":"西門國小(臺大醫院北護分院)","stroke":"#F7B731","time_slot":"09:00","time_type":"arrival","transit_type":"bus"},"geometry":{"type":"Point","coordinates":[121.50241620000001,25.0424496]}},{"type":"Feature","properties":{"arrival_time":"09:00","cutoff":900,"departure_time":"09:00","layer":"network","minutes":15,"stop_id":"bus:101712-STOP_10930","stop_name":"臺北護理健康大學","stroke":"#F7B731","time_slot":"09:00","time_type":"arrival","transit_type":"bus"},"geometry":{"type":"Point","coordinates":[121.50367000000001,25.041536000000004]}},{"type":"Feature","properties":{"arrival_time":"09:00","cutoff":900,"departure_time":"09:00","layer":"network","minutes":15,"stop_id":"bus:101712-STOP_10932","stop_name":"內江街","stroke":"#F7B731","time_slot":"09:00","time_type":"arrival","transit_type":"bus"},"geometry":{"type":"Point","coordinates":[121.505132,25.041538]}},{"type":"Feature","properties":{"arrival_time":"09:00","cutoff":900,"departure_time":"09:00","layer":"network","minutes":15,"stop_id":"bus:101712-STOP_10934","stop_name":"西門市場(漢中)","stroke":"#F7B731","time_slot":"09:00","time_type":"arrival","transit_type":"bus"},"geometry":{"type":"Point","coordinates":[121.507436,25.042021000000002]}},{"type":"Feature","properties":{"arrival_time":"09:00","cutoff":900,"departure_time":"09:00","layer":"network","minutes":15,"stop_id":"bus:101712-STOP_10948","stop_name":"臺北科技大學","stroke":"#F7B731","time_slot":"09:00","time_type":"arrival","transit_type":"bus"},"geometry":{"type":"Point","coordinates":[121.53170066666667,25.044121666666666]}},{"type":"Feature","properties":{"arrival_time":"09:00","cutoff":900,"departure_time":"09:00","layer":"network","minutes":15,"stop_id":"bus:101712-STOP_10950","stop_name":"進安公園","stroke":"#F7B731","time_slot":"09:00","time_type":"arrival","transit_type":"bus"},"geometry":{"type":"Point","coordinates":[121.5373965,25.04617725]}},{"type":"Feature","properties":{"arrival_time":"09:00","cutoff":900,"departure_time":"09:00","layer":"network","minutes":15,"stop_id":"bus:101712-STOP_10952","stop_name":"中影八德大樓","stroke":"#F7B731","time_slot":"09:00","time_type":"arrival","transit_type":"bus"},"geometry":{"type":"Point","coordinates":[121.54084925,25.0467835]}},{"type":"Feature","properties":{"arrival_time":"09:00","cutoff":900,"departure_time":"09:00","layer":"network","minutes":15,"stop_id":"bus:101712-STOP_10954","stop_name":"中崙","stroke":"#F7B731","time_slot":"09:00","time_type":"arrival","transit_type":"bus"},"geometry":{"type":"Point","coordinates":[121.543023,25.047235500000003]}},{"type":"Feature","properties":{"arrival_time":"09:00","cutoff":900,"departure_time":"09:00","layer":"network","minutes":15,"stop_id":"bus:101712-STOP_10956","stop_name":"臺安醫院","stroke":"#F7B731","time_slot":"09:00","time_type":"arrival","transit_type":"bus"},"geometry":{"type":"Point","coordinates":[121.54587166666664,25.048183333333334]}},{"type":"Feature","properties":{"arrival_time":"09:00","cutoff":900,"departure_time":"09:00","layer":"network","minutes":15,"stop_id":"bus:101712-STOP_10958","stop_name":"臺視","stroke":"#F7B731","time_slot":"09:00","time_type":"arrival","transit_type":"bus"},"geometry":{"type":"Point","coordinates":[121.55094963636365,25.048230272727277]}},{"type":"Feature","properties":{"arrival_time":"09:00","cutoff":900,"departure_time":"09:00","layer":"network","minutes":15,"stop_id":"bus:101712-STOP_109833","stop_name":"玉成里(東新街)","stroke":"#F7B731","time_slot":"09:00","time_type":"arrival","transit_type":"bus"},"geometry":{"type":"Point","coordinates":[121.58272,25.0508]}},{"type":"Feature","properties":{"arrival_time":"09:00","cutoff":900,"departure_time":"09:00","layer":"network","minutes":15,"stop_id":"bus:101712-STOP_110046","stop_name":"江翠國小","stroke":"#F7B731","time_slot":"09:00","time_type":"arrival","transit_type":"bus"},"geometry":{"type":"Point","coordinates":[121.47531299999999,25.032472]}},{"type":"Feature","properties":{"arrival_time":"09:00","cutoff":900,"departure_time":"09:00","layer":"network","minutes":15,"stop_id":"bus:101712-STOP_110047","stop_name":"江翠國小(文化路)","stroke":"#F7B731","time_slot":"09:00","time_type":"arrival","transit_type":"bus"},"geometry":{"type":"Point","coordinates":[121.47366,25.03163]}},{"type":"Feature","properties":{"arrival_time":"09:00","cutoff":900,"departure_time":"09:00","layer":"network","minutes":15,"stop_id":"bus:101712-STOP_110048","stop_name":"雙十路","stroke":"#F7B731","time_slot":"09:00","time_type":"arrival","transit_type":"bus"},"geometry":{"type":"Point","coordinates":[121.4732525,25.0292535]}},{"type":"Feature","properties":{"arrival_time":"09:00","cutoff":900,"departure_time":"09:00","layer":"network","minutes":15,"stop_id":"bus:101712-STOP_11051","stop_name":"士林區農會","stroke":"#F7B731","time_slot":"09:00","time_type":"arrival","transit_type":"bus"},"geometry":{"type":"Point","coordinates":[121.525672,25.092863999999995]}},{"type":"Feature","properties":{"arrival_time":"09:00","cutoff":900,"departure_time":"09:00","layer":"network","minutes":15,"stop_id":"bus:101712-STOP_11416","stop_name":"捷運頂溪站","stroke":"#F7B731","time_slot":"09:00","time_type":"arrival","transit_type":"bus"},"geometry":{"type":"Point","coordinates":[121.515273,25.012580000000007]}},{"type":"Feature","properties":{"arrival_time":"09:00","cutoff":900,"departure_time":"09:00","layer":"network","minutes":15,"stop_id":"bus:101712-STOP_11418","stop_name":"中正橋頭","stroke":"#F7B731","time_slot":"09:00","time_type":"arrival","transit_type":"bus"},"geometry":{"type":"Point","coordinates":[121.516224,25.01604300000001]}},{"type":"Feature","properties":{"arrival_time":"09:00","cutoff":900,"departure_time":"09:00","layer":"network","minutes":15,"stop_id":"bus:101712-STOP_11420","stop_name":"重慶南路三段(中正橋)","stroke":"#F7B731","time_slot":"09:00","time_type":"arrival","transit_type":"bus"},"geometry":{"type":"Point","coordinates":[121.51679781818183,25.024404727272728]}},{"type":"Feature","properties":{"arrival_time":"09:00","cutoff":900,"departure_time":"09:00","layer":"network","minutes":15,"stop_id":"bus:101712-STOP_11422","stop_name":"福州街","stroke":"#F7B731","time_slot":"09:00","time_type":"arrival","transit_type":"bus"},"geometry":{"type":"Point","coordinates":[121.517445,25.028027]}},{"type":"Feature","properties":{"arrival_time":"09:00","cutoff":900,"departure_time":"09:00","layer":"network","minutes":15,"stop_id":"bus:101712-STOP_11424","stop_name":"自來水西分處(牯嶺)","stroke":"#F7B731","time_slot":"09:00","time_type":"arrival","transit_type":"bus"},"geometry":{"type":"Point","coordinates":[121.516634,25.029865]}},{"type":"Feature","properties":{"arrival_time":"09:00","cutoff":900,"departure_time":"09:00","layer":"network","minutes":15,"stop_id":"bus:101712-STOP_11426","stop_name":"南昌路","stroke":"#F7B731","time_slot":"09:00","time_type":"arrival","transit_type":"bus"},"geometry":{"type":"Point","coordinates":[121.5173585,25.031124000000002]}},{"type":"Feature","properties":{"arrival_time":"09:00","cutoff":900,"departure_time":"09:00","layer":"network","minutes":15,"stop_id":"bus:101712-STOP_11428","stop_name":"南門","stroke":"#F7B731","time_slot":"09:00","time_type":"arrival","transit_type":"bus"},"geometry":{"type":"Point","coordinates":[121.51568481818181,25.03338245454545]}},{"type":"Feature","properties":{"arrival_time":"09:00","cutoff":900,"departure_time":"09:00","layer":"network","minutes":15,"stop_id":"bus:101712-STOP_11430","stop_name":"一女中(公園)","stroke":"#F7B731","time_slot":"09:00","time_type":"arrival","transit_type":"bus"},"geometry":{"type":"Point","coordinates":[121.51513700000001,25.036829000000008]}},{"type":"Feature","properties":{"arrival_time":"09:00","cutoff":900,"departure_time":"09:00","layer":"network","minutes":15,"stop_id":"bus:101712-STOP_11434","stop_name":"臺北車站(青島)","stroke":"#F7B731","time_slot":"09:00","time_type":"arrival","transit_type":"bus"},"geometry":{"type":"Point","coordinates":[121.517704,25.044844]}},{"type":"Feature","properties":{"arrival_time":"09:00","cutoff":900,"departure_time":"09:00","layer":"network","minutes":15,"stop_id":"bus:101712-STOP_11436","stop_name":"行政院","stroke":"#F7B731","time_slot":"09:00","time_type":"arrival","transit_type":"bus"},"geometry":{"type":"Point","coordinates":[121.51989714285712,25.046511142857153]}},{"type":"Feature","properties":{"arrival_time":"09:00","cutoff":900,"departure_time":"09:00","layer":"network","minutes":15,"stop_id":"bus:101712-STOP_11438","stop_name":"中山市場","stroke":"#F7B731","time_slot":"09:00","time_type":"arrival","transit_type":"bus"},"geometry":{"type":"Point","coordinates":[121.52204305263159,25.051024157894737]}},{"type":"Feature","properties":{"arrival_time":"09:00","cutoff":900,"departure_time":"09:00","layer":"network","minutes":15,"stop_id":"bus:101712-STOP_11446","stop_name":"長春松江路口","stroke":"#F7B731","time_slot":"09:00","time_type":"arrival","transit_type":"bus"},"geometry":{"type":"Point","coordinates":[121.53308140000001,25.054748049999993]}},{"type":"Feature","properties":{"arrival_time":"09:00","cutoff":900,"departure_time":"09:00","layer":"network","minutes":15,"stop_id":"bus:101712-STOP_11448","stop_name":"民生松江路口","stroke":"#F7B731","time_slot":"09:00","time_type":"arrival","transit_type":"bus"},"geometry":{"type":"Point","coordinates":[121.5356075,25.057965500000005]}},{"type":"Feature","properties":{"arrival_time":"09:00","cutoff":900,"departure_time":"09:00","layer":"network","minutes":15,"stop_id":"bus:101712-STOP_11457","stop_name":"捷運公館站","stroke":"#F7B731","time_slot":"09:00","time_type":"arrival","transit_type":"bus"},"geometry":{"type":"Point","coordinates":[121.53501579166668,25.014086000000017]}},{"type":"Feature","properties":{"arrival_time":"09:00","cutoff":900,"departure_time":"09:00","layer":"network","minutes":15,"stop_id":"bus:101712-STOP_11459","stop_name":"台電大樓","stroke":"#F7B731","time_slot":"09:00","time_type":"arrival","transit_type":"bus"},"geometry":{"type":"Point","coordinates":[121.53077260869559,25.018336521739137]}},{"type":"Feature","properties":{"arrival_time":"09:00","cutoff":900,"departure_time":"09:00","layer":"network","minutes":15,"stop_id":"bus:101712-STOP_11461","stop_name":"捷運台電大樓站","stroke":"#F7B731","time_slot":"09:00","time_type":"arrival","transit_type":"bus"},"geometry":{"type":"Point","coordinates":[121.5281587368421,25.02076442105263]}},{"type":"Feature","properties":{"arrival_time":"09:00","cutoff":900,"departure_time":"09:00","layer":"network","minutes":15,"stop_id":"bus:101712-STOP_11463","stop_name":"羅斯福浦城街口","stroke":"#F7B731","time_slot":"09:00","time_type":"arrival","transit_type":"bus"},"geometry":{"type":"Point","coordinates":[121.52649357894737,25.022188263157904]}},{"type":"Feature","properties":{"arrival_time":"09:00","cutoff":900,"departure_time":"09:00","layer":"network","minutes":15,"stop_id":"bus:101712-STOP_11465","stop_name":"羅斯福金門街口","stroke":"#F7B731","time_slot":"09:00","time_type":"arrival","transit_type":"bus"},"geometry":{"type":"Point","coordinates":[121.52469863157897,25.024064999999997]}},{"type":"Feature","properties":{"arrival_time":"09:00","cutoff":900,"departure_time":"09:00","layer":"network","minutes":15,"stop_id":"bus:101712-STOP_11467","stop_name":"捷運古亭站(羅斯福)","stroke":"#F7B731","time_slot":"09:00","time_type":"arrival","transit_type":"bus"},"geometry":{"type":"Point","coordinates":[121.52264466666666,25.026830666666665]}},{"type":"Feature","properties":{"arrival_time":"09:00","cutoff":900,"departure_time":"09:00","layer":"network","minutes":15,"stop_id":"bus:101712-STOP_11471","stop_name":"南福板溪(南昌公園)","stroke":"#F7B731","time_slot":"09:00","time_type":"arrival","transit_type":"bus"},"geometry":{"type":"Point","coordinates":[121.52036266666664,25.02665333333334]}},{"type":"Feature","properties":{"arrival_time":"09:00","cutoff":900,"departure_time":"09:00","layer":"network","minutes":15,"stop_id":"bus:101712-STOP_11473","stop_name":"和平西路一段","stroke":"#F7B731","time_slot":"09:00","time_type":"arrival","transit_type":"bus"},"geometry":{"type":"Point","coordinates":[121.51737584615383,25.02689246153846]}},{"type":"Feature","properties":{"arrival_time":"09:00","cutoff":900,"departure_time":"09:00","layer":"network","minutes":15,"stop_id":"bus:101712-STOP_11475","stop_name":"三元街","stroke":"#F7B731","time_slot":"09:00","time_type":"arrival","transit_type":"bus"},"geometry":{"type":"Point","coordinates":[121.51256,25.02767]}},{"type":"Feature","properties":{"arrival_time":"09:00","cutoff":900,"departure_time":"09:00","layer":"network","minutes":15,"stop_id":"bus:101712-STOP_11483","stop_name":"和平中華路口","stroke":"#F7B731","time_slot":"09:00","time_type":"arrival","transit_type":"bus"},"geometry":{"type":"Point","coordinates":[121.50599085714285,25.032861857142855]}},{"type":"Feature","properties":{"arrival_time":"09:00","cutoff":900,"departure_time":"09:00","layer":"network","minutes":15,"stop_id":"bus:101712-STOP_11485","stop_name":"昆明街口","stroke":"#F7B731","time_slot":"09:00","time_type":"arrival","transit_type":"bus"},"geometry":{"type":"Point","coordinates":[121.50218875,25.035251625]}},{"type":"Feature","properties":{"arrival_time":"09:00","cutoff":900,"departure_time":"09:00","layer":"network","minutes":15,"stop_id":"bus:101712-STOP_11487","stop_name":"捷運龍山寺站","stroke":"#F7B731","time_slot":"09:00","time_type":"arrival","transit_type":"bus"},"geometry":{"type":"Point","coordinates":[121.50018380952382,25.035168]}},{"type":"Feature","properties":{"arrival_time":"09:00","cutoff":900,"departure_time":"09:00","layer":"network","minutes":15,"stop_id":"bus:101712-STOP_11489","stop_name":"大理服飾","stroke":"#F7B731","time_slot":"09:00","time_type":"arrival","transit_type":"bus"},"geometry":{"type":"Point","coordinates":[121.49871549999999,25.034153333333332]}},{"type":"Feature","properties":{"arrival_time":"09:00","cutoff":900,"departure_time":"09:00","layer":"network","minutes":15,"stop_id":"bus:101712-STOP_11491","stop_name":"西園29服飾基地","stroke":"#F7B731","time_slot":"09:00","time_type":"arrival","transit_type":"bus"},"geometry":{"type":"Point","coordinates":[121.49767500000002,25.032440000000005]}},{"type":"Feature","properties":{"arrival_time":"09:00","cutoff":900,"departure_time":"09:00","layer":"network","minutes":15,"stop_id":"bus:101712-STOP_11493","stop_name":"華江高中(西園)","stroke":"#F7B731","time_slot":"09:00","time_type":"arrival","transit_type":"bus"},"geometry":{"type":"Point","coordinates":[121.49612766666668,25.02959633333333]}},{"type":"Feature","properties":{"arrival_time":"09:00","cutoff":900,"departure_time":"09:00","layer":"network","minutes":15,"stop_id":"bus:101712-STOP_11495","stop_name":"聚福宮","stroke":"#F7B731","time_slot":"09:00","time_type":"arrival","transit_type":"bus"},"geometry":{"type":"Point","coordinates":[121.495902,25.026771]}},{"type":"Feature","properties":{"arrival_time":"09:00","cutoff":900,"departure_time":"09:00","layer":"network","minutes":15,"stop_id":"bus:101712-STOP_11497","stop_name":"保德里","stroke":"#F7B731","time_slot":"09:00","time_type":"arrival","transit_type":"bus"},"geometry":{"type":"Point","coordinates":[121.497207,25.024103]}},{"type":"Feature","properties":{"arrival_time":"09:00","cutoff":900,"departure_time":"09:00","layer":"network","minutes":15,"stop_id":"bus:101712-STOP_11499","stop_name":"東園國小","stroke":"#F7B731","time_slot":"09:00","time_type":"arrival","transit_type":"bus"},"geometry":{"type":"Point","coordinates":[121.497748,25.022981]}},{"type":"Feature","properties":{"arrival_time":"09:00","cutoff":900,"departure_time":"09:00","layer":"network","minutes":15,"stop_id":"bus:101712-STOP_11501","stop_name":"果菜市場","stroke":"#F7B731","time_slot":"09:00","time_type":"arrival","transit_type":"bus"},"geometry":{"type":"Point","coordinates":[121.49751236363637,25.019704545454548]}},{"type":"Feature","properties":{"arrival_time":"09:00","cutoff":900,"departure_time":"09:00","layer":"network","minutes":15,"stop_id":"bus:101712-STOP_11503","stop_name":"華中河濱公園","stroke":"#F7B731","time_slot":"09:00","time_type":"arrival","transit_type":"bus"},"geometry":{"type":"Point","coordinates":[121.49584028571431,25.01715328571429]}},{"type":"Feature","properties":{"arrival_time":"09:00","cutoff":900,"departure_time":"09:00","layer":"network","minutes":15,"stop_id":"bus:101712-STOP_11550","stop_name":"酒泉街","stroke":"#F7B731","time_slot":"09:00","time_type":"arrival","transit_type":"bus"},"geometry":{"type":"Point","coordinates":[121.5134358,25.072099599999998]}},{"type":"Feature","properties":{"arrival_time":"09:00","cutoff":900,"departure_time":"09:00","layer":"network","minutes":15,"stop_id":"bus:101712-STOP_11552","stop_name":"民族重慶路口","stroke":"#F7B731","time_slot":"09:00","time_type":"arrival","transit_type":"bus"},"geometry":{"type":"Point","coordinates":[121.51391249999996,25.06875249999999]}},{"type":"Feature","properties":{"arrival_time":"09:00","cutoff":900,"departure_time":"09:00","layer":"network","minutes":15,"stop_id":"bus:101712-STOP_11554","stop_name":"昌吉重慶路口","stroke":"#F7B731","time_slot":"09:00","time_type":"arrival","transit_type":"bus"},"geometry":{"type":"Point","coordinates":[121.51364400000004,25.066149999999997]}},{"type":"Feature","properties":{"arrival_time":"09:00","cutoff":900,"departure_time":"09:00","layer":"network","minutes":15,"stop_id":"bus:101712-STOP_11555","stop_name":"捷運大橋頭站","stroke":"#F7B731","time_slot":"09:00","time_type":"arrival","transit_type":"bus"},"geometry":{"type":"Point","coordinates":[121.51353107692307,25.063249692307693]}},{"type":"Feature","properties":{"arrival_time":"09:00","cutoff":900,"departure_time":"09:00","layer":"network","minutes":15,"stop_id":"bus:101712-STOP_11556","stop_name":"涼州重慶路口","stroke":"#F7B731","time_slot":"09:00","time_type":"arrival","transit_type":"bus"},"geometry":{"type":"Point","coordinates":[121.5134396842105,25.06092463157894]}},{"type":"Feature","properties":{"arrival_time":"09:00","cutoff":900,"departure_time":"09:00","layer":"network","minutes":15,"stop_id":"bus:101712-STOP_11557","stop_name":"保安街口","stroke":"#F7B731","time_slot":"09:00","time_type":"arrival","transit_type":"bus"},"geometry":{"type":"Point","coordinates":[121.511324,25.05983]}},{"type":"Feature","properties":{"arrival_time":"09:00","cutoff":900,"departure_time":"09:00","layer":"network","minutes":15,"stop_id":"bus:101712-STOP_11558","stop_name":"民生西路口(大稻埕碼頭)","stroke":"#F7B731","time_slot":"09:00","time_type":"arrival","transit_type":"bus"},"geometry":{"type":"Point","coordinates":[121.5114,25.057929]}},{"type":"Feature","properties":{"arrival_time":"09:00","cutoff":900,"departure_time":"09:00","layer":"network","minutes":15,"stop_id":"bus:101712-STOP_11559","stop_name":"南京西路口(鈕釦街)","stroke":"#F7B731","time_slot":"09:00","time_type":"arrival","transit_type":"bus"},"geometry":{"type":"Point","coordinates":[121.511621,25.054547]}},{"type":"Feature","properties":{"arrival_time":"09:00","cutoff":900,"departure_time":"09:00","layer":"network","minutes":15,"stop_id":"bus:101712-STOP_11560","stop_name":"南京西路口(塔城)","stroke":"#F7B731","time_slot":"09:00","time_type":"arrival","transit_type":"bus"},"geometry":{"type":"Point","coordinates":[121.5103708,25.0527308]}},{"type":"Feature","properties":{"arrival_time":"09:00","cutoff":900,"departure_time":"09:00","layer":"network","minutes":15,"stop_id":"bus:101712-STOP_11561","stop_name":"聯合醫院中興院區(塔城)","stroke":"#F7B731","time_slot":"09:00","time_type":"arrival","transit_type":"bus"},"geometry":{"type":"Point","coordinates":[121.510399,25.051335]}},{"type":"Feature","properties":{"arrival_time":"09:00","cutoff":900,"departure_time":"09:00","layer":"network","minutes":15,"stop_id":"bus:101712-STOP_11562","stop_name":"捷運北門站","stroke":"#F7B731","time_slot":"09:00","time_type":"arrival","transit_type":"bus"},"geometry":{"type":"Point","coordinates":[121.51024006666667,25.049134066666664]}},{"type":"Feature","properties":{"arrival_time":"09:00","cutoff":900,"departure_time":"09:00","layer":"network","minutes":15,"stop_id":"bus:101712-STOP_11566","stop_name":"龍山國中","stroke":"#F7B731","time_slot":"09:00","time_type":"arrival","transit_type":"bus"},"geometry":{"type":"Point","coordinates":[121.50416214285714,25.035760714285715]}},{"type":"Feature","properties":{"arrival_time":"09:00","cutoff":900,"departure_time":"09:00","layer":"network","minutes":15,"stop_id":"bus:101712-STOP_11568","stop_name":"龍山寺(康定)","stroke":"#F7B731","time_slot":"09:00","time_type":"arrival","transit_type":"bus"},"geometry":{"type":"Point","coordinates":[121.5013872857143,25.036310142857143]}},{"type":"Feature","properties":{"arrival_time":"09:00","cutoff":900,"departure_time":"09:00","layer":"network","minutes":15,"stop_id":"bus:101712-STOP_11622","stop_name":"捷運大安站(信義)","stroke":"#F7B731","time_slot":"09:00","time_type":"arrival","transit_type":"bus"},"geometry":{"type":"Point","coordinates":[121.54365929999999,25.0333953]}},{"type":"Feature","properties":{"arrival_time":"09:00","cutoff":900,"departure_time":"09:00","layer":"network","minutes":15,"stop_id":"bus:101712-STOP_11624","stop_name":"師大附中","stroke":"#F7B731","time_slot":"09:00","time_type":"arrival","transit_type":"bus"},"geometry":{"type":"Point","coordinates":[121.542275,25.033382]}},{"type":"Feature","properties":{"arrival_time":"09:00","cutoff":900,"departure_time":"09:00","layer":"network","minutes":15,"stop_id":"bus:101712-STOP_11626","stop_name":"信義建國路口","stroke":"#F7B731","time_slot":"09:00","time_type":"arrival","transit_type":"bus"},"geometry":{"type":"Point","coordinates":[121.53861375,25.033507999999998]}},{"type":"Feature","properties":{"arrival_time":"09:00","cutoff":900,"departure_time":"09:00","layer":"network","minutes":15,"stop_id":"bus:101712-STOP_11628","stop_name":"捷運大安森林公園站","stroke":"#F7B731","time_slot":"09:00","time_type":"arrival","transit_type":"bus"},"geometry":{"type":"Point","coordinates":[121.53580199999999,25.0335626]}},{"type":"Feature","properties":{"arrival_time":"09:00","cutoff":900,"departure_time":"09:00","layer":"network","minutes":15,"stop_id":"bus:101712-STOP_11630","stop_name":"信義新生路口","stroke":"#F7B731","time_slot":"09:00","time_type":"arrival","transit_type":"bus"},"geometry":{"type":"Point","coordinates":[121.53284547826088,25.033584826086955]}},{"type":"Feature","properties":{"arrival_time":"09:00","cutoff":900,"departure_time":"09:00","layer":"network","minutes":15,"stop_id":"bus:101712-STOP_11632","stop_name":"信義永康街口","stroke":"#F7B731","time_slot":"09:00","time_type":"arrival","transit_type":"bus"},"geometry":{"type":"Point","coordinates":[121.530395,25.033725]}},{"type":"Feature","properties":{"arrival_time":"09:00","cutoff":900,"departure_time":"09:00","layer":"network","minutes":15,"stop_id":"bus:101712-STOP_11634","stop_name":"捷運東門站","stroke":"#F7B731","time_slot":"09:00","time_type":"arrival","transit_type":"bus"},"geometry":{"type":"Point","coordinates":[121.52744599999998,25.03412]}},{"type":"Feature","properties":{"arrival_time":"09:00","cutoff":900,"departure_time":"09:00","layer":"network","minutes":15,"stop_id":"bus:101712-STOP_11636","stop_name":"信義杭州路口","stroke":"#F7B731","time_slot":"09:00","time_type":"arrival","transit_type":"bus"},"geometry":{"type":"Point","coordinates":[121.52456824999997,25.03537975]}},{"type":"Feature","properties":{"arrival_time":"09:00","cutoff":900,"departure_time":"09:00","layer":"network","minutes":15,"stop_id":"bus:101712-STOP_11638","stop_name":"中正紀念堂","stroke":"#F7B731","time_slot":"09:00","time_type":"arrival","transit_type":"bus"},"geometry":{"type":"Point","coordinates":[121.52067233333335,25.03730633333333]}},{"type":"Feature","properties":{"arrival_time":"09:00","cutoff":900,"departure_time":"09:00","layer":"network","minutes":15,"stop_id":"bus:101712-STOP_11644","stop_name":"衡陽路口","stroke":"#F7B731","time_slot":"09:00","time_type":"arrival","transit_type":"bus"},"geometry":{"type":"Point","coordinates":[121.51319066666666,25.042201333333335]}},{"type":"Feature","properties":{"arrival_time":"09:00","cutoff":900,"departure_time":"09:00","layer":"network","minutes":15,"stop_id":"bus:101712-STOP_11646","stop_name":"衡陽路","stroke":"#F7B731","time_slot":"09:00","time_type":"arrival","transit_type":"bus"},"geometry":{"type":"Point","coordinates":[121.51088,25.0423]}},{"type":"Feature","properties":{"arrival_time":"09:00","cutoff":900,"departure_time":"09:00","layer":"network","minutes":15,"stop_id":"bus:101712-STOP_11657","stop_name":"銘傳大學","stroke":"#F7B731","time_slot":"09:00","time_type":"arrival","transit_type":"bus"},"geometry":{"type":"Point","coordinates":[121.52677123076923,25.087446769230766]}},{"type":"Feature","properties":{"arrival_time":"09:00","cutoff":900,"departure_time":"09:00","layer":"network","minutes":15,"stop_id":"bus:101712-STOP_11724","stop_name":"臺大醫院","stroke":"#F7B731","time_slot":"09:00","time_type":"arrival","transit_type":"bus"},"geometry":{"type":"Point","coordinates":[121.518555,25.041403]}},{"type":"Feature","properties":{"arrival_time":"09:00","cutoff":900,"departure_time":"09:00","layer":"network","minutes":15,"stop_id":"bus:101712-STOP_11726","stop_name":"重慶南路一段","stroke":"#F7B731","time_slot":"09:00","time_type":"arrival","transit_type":"bus"},"geometry":{"type":"Point","coordinates":[121.51315342857147,25.04492071428572]}},{"type":"Feature","properties":{"arrival_time":"09:00","cutoff":900,"departure_time":"09:00","layer":"network","minutes":15,"stop_id":"bus:101712-STOP_11727","stop_name":"二二八和平公園","stroke":"#F7B731","time_slot":"09:00","time_type":"arrival","transit_type":"bus"},"geometry":{"type":"Point","coordinates":[121.512544,25.042369000000004]}},{"type":"Feature","properties":{"arrival_time":"09:00","cutoff":900,"departure_time":"09:00","layer":"network","minutes":15,"stop_id":"bus:101712-STOP_11809","stop_name":"大同分局","stroke":"#F7B731","time_slot":"09:00","time_type":"arrival","transit_type":"bus"},"geometry":{"type":"Point","coordinates":[121.514663,25.06011]}},{"type":"Feature","properties":{"arrival_time":"09:00","cutoff":900,"departure_time":"09:00","layer":"network","minutes":15,"stop_id":"bus:101712-STOP_11860","stop_name":"圓山皇宮大廈","stroke":"#F7B731","time_slot":"09:00","time_type":"arrival","transit_type":"bus"},"geometry":{"type":"Point","coordinates":[121.523371,25.083449333333334]}},{"type":"Feature","properties":{"arrival_time":"09:00","cutoff":900,"departure_time":"09:00","layer":"network","minutes":15,"stop_id":"bus:101712-STOP_11862","stop_name":"劍潭國小","stroke":"#F7B731","time_slot":"09:00","time_type":"arrival","transit_type":"bus"},"geometry":{"type":"Point","coordinates":[121.52240450000002,25.081058142857135]}},{"type":"Feature","properties":{"arrival_time":"09:00","cutoff":900,"departure_time":"09:00","layer":"network","minutes":15,"stop_id":"bus:101712-STOP_11864","stop_name":"明倫高中","stroke":"#F7B731","time_slot":"09:00","time_type":"arrival","transit_type":"bus"},"geometry":{"type":"Point","coordinates":[121.519152,25.07344]}},{"type":"Feature","properties":{"arrival_time":"09:00","cutoff":900,"departure_time":"09:00","layer":"network","minutes":15,"stop_id":"bus:101712-STOP_11866","stop_name":"庫倫街","stroke":"#F7B731","time_slot":"09:00","time_type":"arrival","transit_type":"bus"},"geometry":{"type":"Point","coordinates":[121.51790866666664,25.071925]}},{"type":"Feature","properties":{"arrival_time":"09:00","cutoff":900,"departure_time":"09:00","layer":"network","minutes":15,"stop_id":"bus:101712-STOP_11868","stop_name":"大龍峒保安宮","stroke":"#F7B731","time_slot":"09:00","time_type":"arrival","transit_type":"bus"},"geometry":{"type":"Point","coordinates":[121.51551233333332,25.07199966666667]}},{"type":"Feature","properties":{"arrival_time":"09:00","cutoff":900,"departure_time":"09:00","layer":"network","minutes":15,"stop_id":"bus:101712-STOP_11872","stop_name":"天師宮","stroke":"#F7B731","time_slot":"09:00","time_type":"arrival","transit_type":"bus"},"geometry":{"type":"Point","coordinates":[121.510875,25.068085]}},{"type":"Feature","properties":{"arrival_time":"09:00","cutoff":900,"departure_time":"09:00","layer":"network","minutes":15,"stop_id":"bus:101712-STOP_11873","stop_name":"延平國小","stroke":"#F7B731","time_slot":"09:00","time_type":"arrival","transit_type":"bus"},"geometry":{"type":"Point","coordinates":[121.510832,25.066175]}},{"type":"Feature","properties":{"arrival_time":"09:00","cutoff":900,"departure_time":"09:00","layer":"network","minutes":15,"stop_id":"bus:101712-STOP_11874","stop_name":"延三觀光夜市","stroke":"#F7B731","time_slot":"09:00","time_type":"arrival","transit_type":"bus"},"geometry":{"type":"Point","coordinates":[121.511052,25.06432]}},{"type":"Feature","properties":{"arrival_time":"09:00","cutoff":900,"departure_time":"09:00","layer":"network","minutes":15,"stop_id":"bus:101712-STOP_11875","stop_name":"臺北橋","stroke":"#F7B731","time_slot":"09:00","time_type":"arrival","transit_type":"bus"},"geometry":{"type":"Point","coordinates":[121.5112165,25.061925249999998]}},{"type":"Feature","properties":{"arrival_time":"09:00","cutoff":900,"departure_time":"09:00","layer":"network","minutes":15,"stop_id":"bus:101712-STOP_11882","stop_name":"捷運行天宮站(松江路)","stroke":"#F7B731","time_slot":"09:00","time_type":"arrival","transit_type":"bus"},"geometry":{"type":"Point","coordinates":[121.53313299999999,25.060643]}},{"type":"Feature","properties":{"arrival_time":"09:00","cutoff":900,"departure_time":"09:00","layer":"network","minutes":15,"stop_id":"bus:101712-STOP_11885","stop_name":"長安松江路口","stroke":"#F7B731","time_slot":"09:00","time_type":"arrival","transit_type":"bus"},"geometry":{"type":"Point","coordinates":[121.53295599999998,25.048461500000002]}},{"type":"Feature","properties":{"arrival_time":"09:00","cutoff":900,"departure_time":"09:00","layer":"network","minutes":15,"stop_id":"bus:101712-STOP_11886","stop_name":"光華商場","stroke":"#F7B731","time_slot":"09:00","time_type":"arrival","transit_type":"bus"},"geometry":{"type":"Point","coordinates":[121.53292549999998,25.044804000000006]}},{"type":"Feature","properties":{"arrival_time":"09:00","cutoff":900,"departure_time":"09:00","layer":"network","minutes":15,"stop_id":"bus:101712-STOP_11892","stop_name":"忠孝敦化路口","stroke":"#F7B731","time_slot":"09:00","time_type":"arrival","transit_type":"bus"},"geometry":{"type":"Point","coordinates":[121.54875400000002,25.041866]}},{"type":"Feature","properties":{"arrival_time":"09:00","cutoff":900,"departure_time":"09:00","layer":"network","minutes":15,"stop_id":"bus:101712-STOP_11893","stop_name":"仁愛敦化路口","stroke":"#F7B731","time_slot":"09:00","time_type":"arrival","transit_type":"bus"},"geometry":{"type":"Point","coordinates":[121.54869699999998,25.039042999999996]}},{"type":"Feature","properties":{"arrival_time":"09:00","cutoff":900,"departure_time":"09:00","layer":"network","minutes":15,"stop_id":"bus:101712-STOP_11944","stop_name":"興安華城","stroke":"#F7B731","time_slot":"09:00","time_type":"arrival","transit_type":"bus"},"geometry":{"type":"Point","coordinates":[121.543991,25.056972]}},{"type":"Feature","properties":{"arrival_time":"09:00","cutoff":900,"departure_time":"09:00","layer":"network","minutes":15,"stop_id":"bus:101712-STOP_11946","stop_name":"捷運南京復興站","stroke":"#F7B731","time_slot":"09:00","time_type":"arrival","transit_type":"bus"},"geometry":{"type":"Point","coordinates":[121.543919,25.05344]}},{"type":"Feature","properties":{"arrival_time":"09:00","cutoff":900,"departure_time":"09:00","layer":"network","minutes":15,"stop_id":"bus:101712-STOP_11948","stop_name":"芝麻大廈","stroke":"#F7B731","time_slot":"09:00","time_type":"arrival","transit_type":"bus"},"geometry":{"type":"Point","coordinates":[121.54385866666667,25.049189]}},{"type":"Feature","properties":{"arrival_time":"09:00","cutoff":900,"departure_time":"09:00","layer":"network","minutes":15,"stop_id":"bus:101712-STOP_11950","stop_name":"復興南路(埤頭里)","stroke":"#F7B731","time_slot":"09:00","time_type":"arrival","transit_type":"bus"},"geometry":{"type":"Point","coordinates":[121.54377,25.0465]}},{"type":"Feature","properties":{"arrival_time":"09:00","cutoff":900,"departure_time":"09:00","layer":"network","minutes":15,"stop_id":"bus:101712-STOP_11954","stop_name":"懷生國中","stroke":"#F7B731","time_slot":"09:00","time_type":"arrival","transit_type":"bus"},"geometry":{"type":"Point","coordinates":[121.543583,25.039866]}},{"type":"Feature","properties":{"arrival_time":"09:00","cutoff":900,"departure_time":"09:00","layer":"network","minutes":15,"stop_id":"bus:101712-STOP_11960","stop_name":"大安高工(捷運大安站)","stroke":"#F7B731","time_slot":"09:00","time_type":"arrival","transit_type":"bus"},"geometry":{"type":"Point","coordinates":[121.54345466666666,25.032332999999998]}},{"type":"Feature","properties":{"arrival_time":"09:00","cutoff":900,"departure_time":"09:00","layer":"network","minutes":15,"stop_id":"bus:101712-STOP_11964","stop_name":"捷運科技大樓站","stroke":"#F7B731","time_slot":"09:00","time_type":"arrival","transit_type":"bus"},"geometry":{"type":"Point","coordinates":[121.54341199999999,25.026523333333333]}},{"type":"Feature","properties":{"arrival_time":"09:00","cutoff":900,"departure_time":"09:00","layer":"network","minutes":15,"stop_id":"bus:101712-STOP_11978","stop_name":"師大","stroke":"#F7B731","time_slot":"09:00","time_type":"arrival","transit_type":"bus"},"geometry":{"type":"Point","coordinates":[121.52780675,25.026589875000003]}},{"type":"Feature","properties":{"arrival_time":"09:00","cutoff":900,"departure_time":"09:00","layer":"network","minutes":15,"stop_id":"bus:101712-STOP_11980","stop_name":"捷運古亭站(和平)","stroke":"#F7B731","time_slot":"09:00","time_type":"arrival","transit_type":"bus"},"geometry":{"type":"Point","coordinates":[121.52459933333331,25.026828500000004]}},{"type":"Feature","properties":{"arrival_time":"09:00","cutoff":900,"departure_time":"09:00","layer":"network","minutes":15,"stop_id":"bus:101712-STOP_12011","stop_name":"臺北市立美術館","stroke":"#F7B731","time_slot":"09:00","time_type":"arrival","transit_type":"bus"},"geometry":{"type":"Point","coordinates":[121.523095,25.070066]}},{"type":"Feature","properties":{"arrival_time":"09:00","cutoff":900,"departure_time":"09:00","layer":"network","minutes":15,"stop_id":"bus:101712-STOP_12013","stop_name":"捷運圓山站","stroke":"#F7B731","time_slot":"09:00","time_type":"arrival","transit_type":"bus"},"geometry":{"type":"Point","coordinates":[121.52017566666666,25.06965266666667]}},{"type":"Feature","properties":{"arrival_time":"09:00","cutoff":900,"departure_time":"09:00","layer":"network","minutes":15,"stop_id":"bus:101712-STOP_12112","stop_name":"臺北車站(鄭州)","stroke":"#F7B731","time_slot":"09:00","time_type":"arrival","transit_type":"bus"},"geometry":{"type":"Point","coordinates":[121.51722746666665,25.048518533333333]}},{"type":"Feature","properties":{"arrival_time":"09:00","cutoff":900,"departure_time":"09:00","layer":"network","minutes":15,"stop_id":"bus:101712-STOP_12157","stop_name":"捷運劍潭站(中山)","stroke":"#F7B731","time_slot":"09:00","time_type":"arrival","transit_type":"bus"},"geometry":{"type":"Point","coordinates":[121.52532700000003,25.085353]}},{"type":"Feature","properties":{"arrival_time":"09:00","cutoff":900,"departure_time":"09:00","layer":"network","minutes":15,"stop_id":"bus:101712-STOP_12159","stop_name":"劍潭","stroke":"#F7B731","time_slot":"09:00","time_type":"arrival","transit_type":"bus"},"geometry":{"type":"Point","coordinates":[121.52471199999998,25.081759999999996]}},{"type":"Feature","properties":{"arrival_time":"09:00","cutoff":900,"departure_time":"09:00","layer":"network","minutes":15,"stop_id":"bus:101712-STOP_12186","stop_name":"臺北小巨蛋","stroke":"#F7B731","time_slot":"09:00","time_type":"arrival","transit_type":"bus"},"geometry":{"type":"Point","coordinates":[121.5491660833333,25.052451375]}},{"type":"Feature","properties":{"arrival_time":"09:00","cutoff":900,"departure_time":"09:00","layer":"network","minutes":15,"stop_id":"bus:101712-STOP_122013","stop_name":"捷運古亭站(杭州)","stroke":"#F7B731","time_slot":"09:00","time_type":"arrival","transit_type":"bus"},"geometry":{"type":"Point","coordinates":[121.52193799999999,25.028861000000003]}},{"type":"Feature","properties":{"arrival_time":"09:00","cutoff":900,"departure_time":"09:00","layer":"network","minutes":15,"stop_id":"bus:101712-STOP_122014","stop_name":"潮州街口","stroke":"#F7B731","time_slot":"09:00","time_type":"arrival","transit_type":"bus"},"geometry":{"type":"Point","coordinates":[121.52231600000002,25.030574]}},{"type":"Feature","properties":{"arrival_time":"09:00","cutoff":900,"departure_time":"09:00","layer":"network","minutes":15,"stop_id":"bus:101712-STOP_122015","stop_name":"捷運中正紀念堂站(愛國)","stroke":"#F7B731","time_slot":"09:00","time_type":"arrival","transit_type":"bus"},"geometry":{"type":"Point","coordinates":[121.51992,25.0337]}},{"type":"Feature","properties":{"arrival_time":"09:00","cutoff":900,"departure_time":"09:00","layer":"network","minutes":15,"stop_id":"bus:101712-STOP_12206","stop_name":"大同公司(晴光市場)","stroke":"#F7B731","time_slot":"09:00","time_type":"arrival","transit_type":"bus"},"geometry":{"type":"Point","coordinates":[121.52230788235292,25.06433770588236]}},{"type":"Feature","properties":{"arrival_time":"09:00","cutoff":900,"departure_time":"09:00","layer":"network","minutes":15,"stop_id":"bus:101712-STOP_12210","stop_name":"臺北市立美術館","stroke":"#F7B731","time_slot":"09:00","time_type":"arrival","transit_type":"bus"},"geometry":{"type":"Point","coordinates":[121.52397429999999,25.072148899999995]}},{"type":"Feature","properties":{"arrival_time":"09:00","cutoff":900,"departure_time":"09:00","layer":"network","minutes":15,"stop_id":"bus:101712-STOP_122385","stop_name":"捷運新埔站","stroke":"#F7B731","time_slot":"09:00","time_type":"arrival","transit_type":"bus"},"geometry":{"type":"Point","coordinates":[121.46713702777785,25.02437769444445]}},{"type":"Feature","properties":{"arrival_time":"09:00","cutoff":900,"departure_time":"09:00","layer":"network","minutes":15,"stop_id":"bus:101712-STOP_122386","stop_name":"板橋花市","stroke":"#F7B731","time_slot":"09:00","time_type":"arrival","transit_type":"bus"},"geometry":{"type":"Point","coordinates":[121.46888133333339,25.021753222222223]}},{"type":"Feature","properties":{"arrival_time":"09:00","cutoff":900,"departure_time":"09:00","layer":"network","minutes":15,"stop_id":"bus:101712-STOP_122496","stop_name":"捷運永安市場站","stroke":"#F7B731","time_slot":"09:00","time_type":"arrival","transit_type":"bus"},"geometry":{"type":"Point","coordinates":[121.51100642857146,25.00252228571429]}},{"type":"Feature","properties":{"arrival_time":"09:00","cutoff":900,"departure_time":"09:00","layer":"network","minutes":15,"stop_id":"bus:101712-STOP_12358","stop_name":"葫東重慶路口","stroke":"#F7B731","time_slot":"09:00","time_type":"arrival","transit_type":"bus"},"geometry":{"type":"Point","coordinates":[121.51156022222222,25.08434222222222]}},{"type":"Feature","properties":{"arrival_time":"09:00","cutoff":900,"departure_time":"09:00","layer":"network","minutes":15,"stop_id":"bus:101712-STOP_12360","stop_name":"士林簡易庭","stroke":"#F7B731","time_slot":"09:00","time_type":"arrival","transit_type":"bus"},"geometry":{"type":"Point","coordinates":[121.51267655555554,25.08188422222222]}},{"type":"Feature","properties":{"arrival_time":"09:00","cutoff":900,"departure_time":"09:00","layer":"network","minutes":15,"stop_id":"bus:101712-STOP_12362","stop_name":"啟聰學校","stroke":"#F7B731","time_slot":"09:00","time_type":"arrival","transit_type":"bus"},"geometry":{"type":"Point","coordinates":[121.5137074705882,25.074498235294108]}},{"type":"Feature","properties":{"arrival_time":"09:00","cutoff":900,"departure_time":"09:00","layer":"network","minutes":15,"stop_id":"bus:101712-STOP_12364","stop_name":"酒泉重慶路口","stroke":"#F7B731","time_slot":"09:00","time_type":"arrival","transit_type":"bus"},"geometry":{"type":"Point","coordinates":[121.51367000000003,25.073280000000008]}},{"type":"Feature","properties":{"arrival_time":"09:00","cutoff":900,"departure_time":"09:00","layer":"network","minutes":15,"stop_id":"bus:101712-STOP_12373","stop_name":"民生重慶路口","stroke":"#F7B731","time_slot":"09:00","time_type":"arrival","transit_type":"bus"},"geometry":{"type":"Point","coordinates":[121.51370131250003,25.057125999999997]}},{"type":"Feature","properties":{"arrival_time":"09:00","cutoff":900,"departure_time":"09:00","layer":"network","minutes":15,"stop_id":"bus:101712-STOP_12374","stop_name":"朝陽公園(鈕釦街)","stroke":"#F7B731","time_slot":"09:00","time_type":"arrival","transit_type":"bus"},"geometry":{"type":"Point","coordinates":[121.5140318888889,25.05543877777777]}},{"type":"Feature","properties":{"arrival_time":"09:00","cutoff":900,"departure_time":"09:00","layer":"network","minutes":15,"stop_id":"bus:101712-STOP_123741","stop_name":"酒泉重慶路口","stroke":"#F7B731","time_slot":"09:00","time_type":"arrival","transit_type":"bus"},"geometry":{"type":"Point","coordinates":[121.51443850000001,25.072007000000003]}},{"type":"Feature","properties":{"arrival_time":"09:00","cutoff":900,"departure_time":"09:00","layer":"network","minutes":15,"stop_id":"bus:101712-STOP_123744","stop_name":"庫倫街口","stroke":"#F7B731","time_slot":"09:00","time_type":"arrival","transit_type":"bus"},"geometry":{"type":"Point","coordinates":[121.51833400000001,25.071066]}},{"type":"Feature","properties":{"arrival_time":"09:00","cutoff":900,"departure_time":"09:00","layer":"network","minutes":15,"stop_id":"bus:101712-STOP_123745","stop_name":"民族承德路口","stroke":"#F7B731","time_slot":"09:00","time_type":"arrival","transit_type":"bus"},"geometry":{"type":"Point","coordinates":[121.5183854705882,25.06840194117646]}},{"type":"Feature","properties":{"arrival_time":"09:00","cutoff":900,"departure_time":"09:00","layer":"network","minutes":15,"stop_id":"bus:101712-STOP_123746","stop_name":"大同國小","stroke":"#F7B731","time_slot":"09:00","time_type":"arrival","transit_type":"bus"},"geometry":{"type":"Point","coordinates":[121.5181,25.064874]}},{"type":"Feature","properties":{"arrival_time":"09:00","cutoff":900,"departure_time":"09:00","layer":"network","minutes":15,"stop_id":"bus:101712-STOP_123748","stop_name":"新興國中","stroke":"#F7B731","time_slot":"09:00","time_type":"arrival","transit_type":"bus"},"geometry":{"type":"Point","coordinates":[121.52554516666665,25.061123166666665]}},{"type":"Feature","properties":{"arrival_time":"09:00","cutoff":900,"departure_time":"09:00","layer":"network","minutes":15,"stop_id":"bus:101712-STOP_123749","stop_name":"聚盛里","stroke":"#F7B731","time_slot":"09:00","time_type":"arrival","transit_type":"bus"},"geometry":{"type":"Point","coordinates":[121.52551333333334,25.0588]}},{"type":"Feature","properties":{"arrival_time":"09:00","cutoff":900,"departure_time":"09:00","layer":"network","minutes":15,"stop_id":"bus:101712-STOP_12375","stop_name":"圓環(重慶)","stroke":"#F7B731","time_slot":"09:00","time_type":"arrival","transit_type":"bus"},"geometry":{"type":"Point","coordinates":[121.51406060000004,25.052983200000007]}},{"type":"Feature","properties":{"arrival_time":"09:00","cutoff":900,"departure_time":"09:00","layer":"network","minutes":15,"stop_id":"bus:101712-STOP_123750","stop_name":"華泰飯店","stroke":"#F7B731","time_slot":"09:00","time_type":"arrival","transit_type":"bus"},"geometry":{"type":"Point","coordinates":[121.52443625000001,25.058068500000005]}},{"type":"Feature","properties":{"arrival_time":"09:00","cutoff":900,"departure_time":"09:00","layer":"network","minutes":15,"stop_id":"bus:101712-STOP_123751","stop_name":"馬偕醫院","stroke":"#F7B731","time_slot":"09:00","time_type":"arrival","transit_type":"bus"},"geometry":{"type":"Point","coordinates":[121.52138828571427,25.057840857142857]}},{"type":"Feature","properties":{"arrival_time":"09:00","cutoff":900,"departure_time":"09:00","layer":"network","minutes":15,"stop_id":"bus:101712-STOP_123752","stop_name":"捷運雙連站","stroke":"#F7B731","time_slot":"09:00","time_type":"arrival","transit_type":"bus"},"geometry":{"type":"Point","coordinates":[121.51899200000001,25.057514333333334]}},{"type":"Feature","properties":{"arrival_time":"09:00","cutoff":900,"departure_time":"09:00","layer":"network","minutes":15,"stop_id":"bus:101712-STOP_123753","stop_name":"靜修高中","stroke":"#F7B731","time_slot":"09:00","time_type":"arrival","transit_type":"bus"},"geometry":{"type":"Point","coordinates":[121.514916,25.057165]}},{"type":"Feature","properties":{"arrival_time":"09:00","cutoff":900,"departure_time":"09:00","layer":"network","minutes":15,"stop_id":"bus:101712-STOP_123755","stop_name":"圓環(南京)","stroke":"#F7B731","time_slot":"09:00","time_type":"arrival","transit_type":"bus"},"geometry":{"type":"Point","coordinates":[121.51603792307694,25.053632538461535]}},{"type":"Feature","properties":{"arrival_time":"09:00","cutoff":900,"departure_time":"09:00","layer":"network","minutes":15,"stop_id":"bus:101712-STOP_123756","stop_name":"臺北車站(承德)","stroke":"#F7B731","time_slot":"09:00","time_type":"arrival","transit_type":"bus"},"geometry":{"type":"Point","coordinates":[121.51677300000003,25.050735]}},{"type":"Feature","properties":{"arrival_time":"09:00","cutoff":900,"departure_time":"09:00","layer":"network","minutes":15,"stop_id":"bus:101712-STOP_123757","stop_name":"聯合醫院中興院區(西寧)","stroke":"#F7B731","time_slot":"09:00","time_type":"arrival","transit_type":"bus"},"geometry":{"type":"Point","coordinates":[121.5084,25.05126]}},{"type":"Feature","properties":{"arrival_time":"09:00","cutoff":900,"departure_time":"09:00","layer":"network","minutes":15,"stop_id":"bus:101712-STOP_12376","stop_name":"後車站","stroke":"#F7B731","time_slot":"09:00","time_type":"arrival","transit_type":"bus"},"geometry":{"type":"Point","coordinates":[121.51346815384613,25.050395692307692]}},{"type":"Feature","properties":{"arrival_time":"09:00","cutoff":900,"departure_time":"09:00","layer":"network","minutes":15,"stop_id":"bus:101712-STOP_12382","stop_name":"萬華車站","stroke":"#F7B731","time_slot":"09:00","time_type":"arrival","transit_type":"bus"},"geometry":{"type":"Point","coordinates":[121.50109300000001,25.034419]}},{"type":"Feature","properties":{"arrival_time":"09:00","cutoff":900,"departure_time":"09:00","layer":"network","minutes":15,"stop_id":"bus:101712-STOP_12383","stop_name":"莒光路口","stroke":"#F7B731","time_slot":"09:00","time_type":"arrival","transit_type":"bus"},"geometry":{"type":"Point","coordinates":[121.5005625,25.031795499999998]}},{"type":"Feature","properties":{"arrival_time":"09:00","cutoff":900,"departure_time":"09:00","layer":"network","minutes":15,"stop_id":"bus:101712-STOP_12384","stop_name":"萬大路","stroke":"#F7B731","time_slot":"09:00","time_type":"arrival","transit_type":"bus"},"geometry":{"type":"Point","coordinates":[121.50055400000001,25.030774499999996]}},{"type":"Feature","properties":{"arrival_time":"09:00","cutoff":900,"departure_time":"09:00","layer":"network","minutes":15,"stop_id":"bus:101712-STOP_12385","stop_name":"西藏路口","stroke":"#F7B731","time_slot":"09:00","time_type":"arrival","transit_type":"bus"},"geometry":{"type":"Point","coordinates":[121.5004806,25.028858599999996]}},{"type":"Feature","properties":{"arrival_time":"09:00","cutoff":900,"departure_time":"09:00","layer":"network","minutes":15,"stop_id":"bus:101712-STOP_12386","stop_name":"德昌街口","stroke":"#F7B731","time_slot":"09:00","time_type":"arrival","transit_type":"bus"},"geometry":{"type":"Point","coordinates":[121.50037911764706,25.02504829411765]}},{"type":"Feature","properties":{"arrival_time":"09:00","cutoff":900,"departure_time":"09:00","layer":"network","minutes":15,"stop_id":"bus:101712-STOP_12387","stop_name":"萬大國小","stroke":"#F7B731","time_slot":"09:00","time_type":"arrival","transit_type":"bus"},"geometry":{"type":"Point","coordinates":[121.49994152941177,25.023633588235292]}},{"type":"Feature","properties":{"arrival_time":"09:00","cutoff":900,"departure_time":"09:00","layer":"network","minutes":15,"stop_id":"bus:101712-STOP_12405","stop_name":"光仁國小","stroke":"#F7B731","time_slot":"09:00","time_type":"arrival","transit_type":"bus"},"geometry":{"type":"Point","coordinates":[121.5003162,25.0212554]}},{"type":"Feature","properties":{"arrival_time":"09:00","cutoff":900,"departure_time":"09:00","layer":"network","minutes":15,"stop_id":"bus:101712-STOP_12407","stop_name":"青年路派出所","stroke":"#F7B731","time_slot":"09:00","time_type":"arrival","transit_type":"bus"},"geometry":{"type":"Point","coordinates":[121.50208342857142,25.022052714285714]}},{"type":"Feature","properties":{"arrival_time":"09:00","cutoff":900,"departure_time":"09:00","layer":"network","minutes":15,"stop_id":"bus:101712-STOP_12431","stop_name":"西藏路","stroke":"#F7B731","time_slot":"09:00","time_type":"arrival","transit_type":"bus"},"geometry":{"type":"Point","coordinates":[121.5019286,25.029626599999997]}},{"type":"Feature","properties":{"arrival_time":"09:00","cutoff":900,"departure_time":"09:00","layer":"network","minutes":15,"stop_id":"bus:101712-STOP_12439","stop_name":"龍山寺(剝皮寮)","stroke":"#F7B731","time_slot":"09:00","time_type":"arrival","transit_type":"bus"},"geometry":{"type":"Point","coordinates":[121.501585,25.036891]}},{"type":"Feature","properties":{"arrival_time":"09:00","cutoff":900,"departure_time":"09:00","layer":"network","minutes":15,"stop_id":"bus:101712-STOP_12441","stop_name":"老松國小","stroke":"#F7B731","time_slot":"09:00","time_type":"arrival","transit_type":"bus"},"geometry":{"type":"Point","coordinates":[121.50247959999999,25.0382648]}},{"type":"Feature","properties":{"arrival_time":"09:00","cutoff":900,"departure_time":"09:00","layer":"network","minutes":15,"stop_id":"bus:101712-STOP_12443","stop_name":"昆明活動中心","stroke":"#F7B731","time_slot":"09:00","time_type":"arrival","transit_type":"bus"},"geometry":{"type":"Point","coordinates":[121.504023,25.038711]}},{"type":"Feature","properties":{"arrival_time":"09:00","cutoff":900,"departure_time":"09:00","layer":"network","minutes":15,"stop_id":"bus:101712-STOP_12445","stop_name":"昆明街","stroke":"#F7B731","time_slot":"09:00","time_type":"arrival","transit_type":"bus"},"geometry":{"type":"Point","coordinates":[121.50469,25.0422]}},{"type":"Feature","properties":{"arrival_time":"09:00","cutoff":900,"departure_time":"09:00","layer":"network","minutes":15,"stop_id":"bus:101712-STOP_12447","stop_name":"市立中醫醫院","stroke":"#F7B731","time_slot":"09:00","time_type":"arrival","transit_type":"bus"},"geometry":{"type":"Point","coordinates":[121.50533,25.04463]}},{"type":"Feature","properties":{"arrival_time":"09:00","cutoff":900,"departure_time":"09:00","layer":"network","minutes":15,"stop_id":"bus:101712-STOP_12449","stop_name":"洛陽停車場","stroke":"#F7B731","time_slot":"09:00","time_type":"arrival","transit_type":"bus"},"geometry":{"type":"Point","coordinates":[121.50613,25.047537]}},{"type":"Feature","properties":{"arrival_time":"09:00","cutoff":900,"departure_time":"09:00","layer":"network","minutes":15,"stop_id":"bus:101712-STOP_12500","stop_name":"捷運大安站(復興)","stroke":"#F7B731","time_slot":"09:00","time_type":"arrival","transit_type":"bus"},"geometry":{"type":"Point","coordinates":[121.54387,25.0341]}},{"type":"Feature","properties":{"arrival_time":"09:00","cutoff":900,"departure_time":"09:00","layer":"network","minutes":15,"stop_id":"bus:101712-STOP_12504","stop_name":"聯合醫院仁愛院區","stroke":"#F7B731","time_slot":"09:00","time_type":"arrival","transit_type":"bus"},"geometry":{"type":"Point","coordinates":[121.543905,25.038504]}},{"type":"Feature","properties":{"arrival_time":"09:00","cutoff":900,"departure_time":"09:00","layer":"network","minutes":15,"stop_id":"bus:101712-STOP_12506","stop_name":"捷運忠孝復興站","stroke":"#F7B731","time_slot":"09:00","time_type":"arrival","transit_type":"bus"},"geometry":{"type":"Point","coordinates":[121.54391,25.042932]}},{"type":"Feature","properties":{"arrival_time":"09:00","cutoff":900,"departure_time":"09:00","layer":"network","minutes":15,"stop_id":"bus:101712-STOP_12507","stop_name":"復興南路(中崙里)","stroke":"#F7B731","time_slot":"09:00","time_type":"arrival","transit_type":"bus"},"geometry":{"type":"Point","coordinates":[121.54399,25.04531]}},{"type":"Feature","properties":{"arrival_time":"09:00","cutoff":900,"departure_time":"09:00","layer":"network","minutes":15,"stop_id":"bus:101712-STOP_12510","stop_name":"興安華城","stroke":"#F7B731","time_slot":"09:00","time_type":"arrival","transit_type":"bus"},"geometry":{"type":"Point","coordinates":[121.544225,25.055306]}},{"type":"Feature","properties":{"arrival_time":"09:00","cutoff":900,"departure_time":"09:00","layer":"network","minutes":15,"stop_id":"bus:101712-STOP_12516","stop_name":"中山國小(新生)","stroke":"#F7B731","time_slot":"09:00","time_type":"arrival","transit_type":"bus"},"geometry":{"type":"Point","coordinates":[121.52776742857142,25.063632285714288]}},{"type":"Feature","properties":{"arrival_time":"09:00","cutoff":900,"departure_time":"09:00","layer":"network","minutes":15,"stop_id":"bus:101712-STOP_125243","stop_name":"安和敦化路口","stroke":"#F7B731","time_slot":"09:00","time_type":"arrival","transit_type":"bus"},"geometry":{"type":"Point","coordinates":[121.54916299999996,25.039335999999995]}},{"type":"Feature","properties":{"arrival_time":"09:00","cutoff":900,"departure_time":"09:00","layer":"network","minutes":15,"stop_id":"bus:101712-STOP_125244","stop_name":"捷運忠孝敦化站","stroke":"#F7B731","time_slot":"09:00","time_type":"arrival","transit_type":"bus"},"geometry":{"type":"Point","coordinates":[121.54917399999997,25.043012999999988]}},{"type":"Feature","properties":{"arrival_time":"09:00","cutoff":900,"departure_time":"09:00","layer":"network","minutes":15,"stop_id":"bus:101712-STOP_125645","stop_name":"福星公園","stroke":"#F7B731","time_slot":"09:00","time_type":"arrival","transit_type":"bus"},"geometry":{"type":"Point","coordinates":[121.505691,25.045968]}},{"type":"Feature","properties":{"arrival_time":"09:00","cutoff":900,"departure_time":"09:00","layer":"network","minutes":15,"stop_id":"bus:101712-STOP_125646","stop_name":"聯合醫院中興院區","stroke":"#F7B731","time_slot":"09:00","time_type":"arrival","transit_type":"bus"},"geometry":{"type":"Point","coordinates":[121.509278,25.050252]}},{"type":"Feature","properties":{"arrival_time":"09:00","cutoff":900,"departure_time":"09:00","layer":"network","minutes":15,"stop_id":"bus:101712-STOP_12602","stop_name":"新壽公園","stroke":"#F7B731","time_slot":"09:00","time_type":"arrival","transit_type":"bus"},"geometry":{"type":"Point","coordinates":[121.5303195,25.06335175]}},{"type":"Feature","properties":{"arrival_time":"09:00","cutoff":900,"departure_time":"09:00","layer":"network","minutes":15,"stop_id":"bus:101712-STOP_12732","stop_name":"玉成里","stroke":"#F7B731","time_slot":"09:00","time_type":"arrival","transit_type":"bus"},"geometry":{"type":"Point","coordinates":[121.58093999999994,25.050905833333342]}},{"type":"Feature","properties":{"arrival_time":"09:00","cutoff":900,"departure_time":"09:00","layer":"network","minutes":15,"stop_id":"bus:101712-STOP_12734","stop_name":"松山車站(八德)","stroke":"#F7B731","time_slot":"09:00","time_type":"arrival","transit_type":"bus"},"geometry":{"type":"Point","coordinates":[121.57675228571435,25.050122285714277]}},{"type":"Feature","properties":{"arrival_time":"09:00","cutoff":900,"departure_time":"09:00","layer":"network","minutes":15,"stop_id":"bus:101712-STOP_127465","stop_name":"捷運江子翠站","stroke":"#F7B731","time_slot":"09:00","time_type":"arrival","transit_type":"bus"},"geometry":{"type":"Point","coordinates":[121.47336036363636,25.03099009090909]}},{"type":"Feature","properties":{"arrival_time":"09:00","cutoff":900,"departure_time":"09:00","layer":"network","minutes":15,"stop_id":"bus:101712-STOP_127466","stop_name":"江翠國中","stroke":"#F7B731","time_slot":"09:00","time_type":"arrival","transit_type":"bus"},"geometry":{"type":"Point","coordinates":[121.470732,25.02821]}},{"type":"Feature","properties":{"arrival_time":"09:00","cutoff":900,"departure_time":"09:00","layer":"network","minutes":15,"stop_id":"bus:101712-STOP_127467","stop_name":"捷運新埔站(文化路)","stroke":"#F7B731","time_slot":"09:00","time_type":"arrival","transit_type":"bus"},"geometry":{"type":"Point","coordinates":[121.46886580000003,25.024307200000003]}},{"type":"Feature","properties":{"arrival_time":"09:00","cutoff":900,"departure_time":"09:00","layer":"network","minutes":15,"stop_id":"bus:101712-STOP_12756","stop_name":"長安復興路口","stroke":"#F7B731","time_slot":"09:00","time_type":"arrival","transit_type":"bus"},"geometry":{"type":"Point","coordinates":[121.54288825,25.0483045]}},{"type":"Feature","properties":{"arrival_time":"09:00","cutoff":900,"departure_time":"09:00","layer":"network","minutes":15,"stop_id":"bus:101712-STOP_127575","stop_name":"仁愛路","stroke":"#F7B731","time_slot":"09:00","time_type":"arrival","transit_type":"bus"},"geometry":{"type":"Point","coordinates":[121.514536,25.013404]}},{"type":"Feature","properties":{"arrival_time":"09:00","cutoff":900,"departure_time":"09:00","layer":"network","minutes":15,"stop_id":"bus:101712-STOP_12758","stop_name":"長安龍江路口","stroke":"#F7B731","time_slot":"09:00","time_type":"arrival","transit_type":"bus"},"geometry":{"type":"Point","coordinates":[121.54091500000001,25.048337500000002]}},{"type":"Feature","properties":{"arrival_time":"09:00","cutoff":900,"departure_time":"09:00","layer":"network","minutes":15,"stop_id":"bus:101712-STOP_12760","stop_name":"中山女高","stroke":"#F7B731","time_slot":"09:00","time_type":"arrival","transit_type":"bus"},"geometry":{"type":"Point","coordinates":[121.53787425,25.048403]}},{"type":"Feature","properties":{"arrival_time":"09:00","cutoff":900,"departure_time":"09:00","layer":"network","minutes":15,"stop_id":"bus:101712-STOP_12762","stop_name":"長安東路二段","stroke":"#F7B731","time_slot":"09:00","time_type":"arrival","transit_type":"bus"},"geometry":{"type":"Point","coordinates":[121.533856,25.0484535]}},{"type":"Feature","properties":{"arrival_time":"09:00","cutoff":900,"departure_time":"09:00","layer":"network","minutes":15,"stop_id":"bus:101712-STOP_127646","stop_name":"竹林路口","stroke":"#F7B731","time_slot":"09:00","time_type":"arrival","transit_type":"bus"},"geometry":{"type":"Point","coordinates":[121.51760185714285,25.014343]}},{"type":"Feature","properties":{"arrival_time":"09:00","cutoff":900,"departure_time":"09:00","layer":"network","minutes":15,"stop_id":"bus:101712-STOP_12768","stop_name":"捷運行天宮站(松江路)","stroke":"#F7B731","time_slot":"09:00","time_type":"arrival","transit_type":"bus"},"geometry":{"type":"Point","coordinates":[121.533177,25.057614]}},{"type":"Feature","properties":{"arrival_time":"09:00","cutoff":900,"departure_time":"09:00","layer":"network","minutes":15,"stop_id":"bus:101712-STOP_12809","stop_name":"稻江護校","stroke":"#F7B731","time_slot":"09:00","time_type":"arrival","transit_type":"bus"},"geometry":{"type":"Point","coordinates":[121.52763,25.065040999999997]}},{"type":"Feature","properties":{"arrival_time":"09:00","cutoff":900,"departure_time":"09:00","layer":"network","minutes":15,"stop_id":"bus:101712-STOP_12939","stop_name":"臺大醫院","stroke":"#F7B731","time_slot":"09:00","time_type":"arrival","transit_type":"bus"},"geometry":{"type":"Point","coordinates":[121.51846500000002,25.042526]}},{"type":"Feature","properties":{"arrival_time":"09:00","cutoff":900,"departure_time":"09:00","layer":"network","minutes":15,"stop_id":"bus:101712-STOP_12940","stop_name":"捷運中正紀念堂站(中山)","stroke":"#F7B731","time_slot":"09:00","time_type":"arrival","transit_type":"bus"},"geometry":{"type":"Point","coordinates":[121.51673,25.03643]}},{"type":"Feature","properties":{"arrival_time":"09:00","cutoff":900,"departure_time":"09:00","layer":"network","minutes":15,"stop_id":"bus:101712-STOP_12942","stop_name":"寧波重慶路口","stroke":"#F7B731","time_slot":"09:00","time_type":"arrival","transit_type":"bus"},"geometry":{"type":"Point","coordinates":[121.51547900000001,25.028980500000003]}},{"type":"Feature","properties":{"arrival_time":"09:00","cutoff":900,"departure_time":"09:00","layer":"network","minutes":15,"stop_id":"bus:101712-STOP_12944","stop_name":"捷運頂溪站","stroke":"#F7B731","time_slot":"09:00","time_type":"arrival","transit_type":"bus"},"geometry":{"type":"Point","coordinates":[121.51556375,25.014376000000002]}},{"type":"Feature","properties":{"arrival_time":"09:00","cutoff":900,"departure_time":"09:00","layer":"network","minutes":15,"stop_id":"bus:101712-STOP_12945","stop_name":"中興街口","stroke":"#F7B731","time_slot":"09:00","time_type":"arrival","transit_type":"bus"},"geometry":{"type":"Point","coordinates":[121.51474600000003,25.011596]}},{"type":"Feature","properties":{"arrival_time":"09:00","cutoff":900,"departure_time":"09:00","layer":"network","minutes":15,"stop_id":"bus:101712-STOP_129757","stop_name":"天台廣場","stroke":"#F7B731","time_slot":"09:00","time_type":"arrival","transit_type":"bus"},"geometry":{"type":"Point","coordinates":[121.49832300000001,25.062276999999998]}},{"type":"Feature","properties":{"arrival_time":"09:00","cutoff":900,"departure_time":"09:00","layer":"network","minutes":15,"stop_id":"bus:101712-STOP_129898","stop_name":"成淵高中","stroke":"#F7B731","time_slot":"09:00","time_type":"arrival","transit_type":"bus"},"geometry":{"type":"Point","coordinates":[121.518152,25.062226000000003]}},{"type":"Feature","properties":{"arrival_time":"09:00","cutoff":900,"departure_time":"09:00","layer":"network","minutes":15,"stop_id":"bus:101712-STOP_129899","stop_name":"民生西路口","stroke":"#F7B731","time_slot":"09:00","time_type":"arrival","transit_type":"bus"},"geometry":{"type":"Point","coordinates":[121.51799000000003,25.056726]}},{"type":"Feature","properties":{"arrival_time":"09:00","cutoff":900,"departure_time":"09:00","layer":"network","minutes":15,"stop_id":"bus:101712-STOP_130123","stop_name":"捷運忠孝復興站","stroke":"#F7B731","time_slot":"09:00","time_type":"arrival","transit_type":"bus"},"geometry":{"type":"Point","coordinates":[121.543572,25.040903]}},{"type":"Feature","properties":{"arrival_time":"09:00","cutoff":900,"departure_time":"09:00","layer":"network","minutes":15,"stop_id":"bus:101712-STOP_13120","stop_name":"長春一江街口","stroke":"#F7B731","time_slot":"09:00","time_type":"arrival","transit_type":"bus"},"geometry":{"type":"Point","coordinates":[121.53171,25.05493]}},{"type":"Feature","properties":{"arrival_time":"09:00","cutoff":900,"departure_time":"09:00","layer":"network","minutes":15,"stop_id":"bus:101712-STOP_13121","stop_name":"吉林國小","stroke":"#F7B731","time_slot":"09:00","time_type":"arrival","transit_type":"bus"},"geometry":{"type":"Point","coordinates":[121.5299965,25.054202500000002]}},{"type":"Feature","properties":{"arrival_time":"09:00","cutoff":900,"departure_time":"09:00","layer":"network","minutes":15,"stop_id":"bus:101712-STOP_131536","stop_name":"福德南路","stroke":"#F7B731","time_slot":"09:00","time_type":"arrival","transit_type":"bus"},"geometry":{"type":"Point","coordinates":[121.503152,25.062224]}},{"type":"Feature","properties":{"arrival_time":"09:00","cutoff":900,"departure_time":"09:00","layer":"network","minutes":15,"stop_id":"bus:101712-STOP_13275","stop_name":"捷運忠孝新生站","stroke":"#F7B731","time_slot":"09:00","time_type":"arrival","transit_type":"bus"},"geometry":{"type":"Point","coordinates":[121.532693,25.040288]}},{"type":"Feature","properties":{"arrival_time":"09:00","cutoff":900,"departure_time":"09:00","layer":"network","minutes":15,"stop_id":"bus:101712-STOP_13276","stop_name":"仁愛新生路口","stroke":"#F7B731","time_slot":"09:00","time_type":"arrival","transit_type":"bus"},"geometry":{"type":"Point","coordinates":[121.53277309090909,25.03817250000001]}},{"type":"Feature","properties":{"arrival_time":"09:00","cutoff":900,"departure_time":"09:00","layer":"network","minutes":15,"stop_id":"bus:101712-STOP_13278","stop_name":"金華新生路口","stroke":"#F7B731","time_slot":"09:00","time_type":"arrival","transit_type":"bus"},"geometry":{"type":"Point","coordinates":[121.53367714285717,25.030647142857145]}},{"type":"Feature","properties":{"arrival_time":"09:00","cutoff":900,"departure_time":"09:00","layer":"network","minutes":15,"stop_id":"bus:101712-STOP_13280","stop_name":"龍安國小(公務人力發展學院)","stroke":"#F7B731","time_slot":"09:00","time_type":"arrival","transit_type":"bus"},"geometry":{"type":"Point","coordinates":[121.53472149999997,25.024967500000002]}},{"type":"Feature","properties":{"arrival_time":"09:00","cutoff":900,"departure_time":"09:00","layer":"network","minutes":15,"stop_id":"bus:101712-STOP_13391","stop_name":"三軍總醫院","stroke":"#F7B731","time_slot":"09:00","time_type":"arrival","transit_type":"bus"},"geometry":{"type":"Point","coordinates":[121.52922,25.01723]}},{"type":"Feature","properties":{"arrival_time":"09:00","cutoff":900,"departure_time":"09:00","layer":"network","minutes":15,"stop_id":"bus:101712-STOP_13392","stop_name":"耕莘文教院","stroke":"#F7B731","time_slot":"09:00","time_type":"arrival","transit_type":"bus"},"geometry":{"type":"Point","coordinates":[121.528858,25.018986]}},{"type":"Feature","properties":{"arrival_time":"09:00","cutoff":900,"departure_time":"09:00","layer":"network","minutes":15,"stop_id":"bus:101712-STOP_13399","stop_name":"幸安國小","stroke":"#F7B731","time_slot":"09:00","time_type":"arrival","transit_type":"bus"},"geometry":{"type":"Point","coordinates":[121.5343368888889,25.038131222222226]}},{"type":"Feature","properties":{"arrival_time":"09:00","cutoff":900,"departure_time":"09:00","layer":"network","minutes":15,"stop_id":"bus:101712-STOP_13402","stop_name":"仁愛大安路口(仁愛醫院)","stroke":"#F7B731","time_slot":"09:00","time_type":"arrival","transit_type":"bus"},"geometry":{"type":"Point","coordinates":[121.545738,25.03784]}},{"type":"Feature","properties":{"arrival_time":"09:00","cutoff":900,"departure_time":"09:00","layer":"network","minutes":15,"stop_id":"bus:101712-STOP_13414","stop_name":"松山車站","stroke":"#F7B731","time_slot":"09:00","time_type":"arrival","transit_type":"bus"},"geometry":{"type":"Point","coordinates":[121.57820599999997,25.049805999999993]}},{"type":"Feature","properties":{"arrival_time":"09:00","cutoff":900,"departure_time":"09:00","layer":"network","minutes":15,"stop_id":"bus:101712-STOP_13512","stop_name":"防癆協會","stroke":"#F7B731","time_slot":"09:00","time_type":"arrival","transit_type":"bus"},"geometry":{"type":"Point","coordinates":[121.51846,25.06357]}},{"type":"Feature","properties":{"arrival_time":"09:00","cutoff":900,"departure_time":"09:00","layer":"network","minutes":15,"stop_id":"bus:101712-STOP_13513","stop_name":"大同國小","stroke":"#F7B731","time_slot":"09:00","time_type":"arrival","transit_type":"bus"},"geometry":{"type":"Point","coordinates":[121.518517,25.066329]}},{"type":"Feature","properties":{"arrival_time":"09:00","cutoff":900,"departure_time":"09:00","layer":"network","minutes":15,"stop_id":"bus:101712-STOP_13515","stop_name":"庫倫街口","stroke":"#F7B731","time_slot":"09:00","time_type":"arrival","transit_type":"bus"},"geometry":{"type":"Point","coordinates":[121.519041,25.072586]}},{"type":"Feature","properties":{"arrival_time":"09:00","cutoff":900,"departure_time":"09:00","layer":"network","minutes":15,"stop_id":"bus:101712-STOP_13516","stop_name":"明倫高中","stroke":"#F7B731","time_slot":"09:00","time_type":"arrival","transit_type":"bus"},"geometry":{"type":"Point","coordinates":[121.519975,25.074249]}},{"type":"Feature","properties":{"arrival_time":"09:00","cutoff":900,"departure_time":"09:00","layer":"network","minutes":15,"stop_id":"bus:101712-STOP_136135","stop_name":"開南中學","stroke":"#F7B731","time_slot":"09:00","time_type":"arrival","transit_type":"bus"},"geometry":{"type":"Point","coordinates":[121.522377,25.041655499999997]}},{"type":"Feature","properties":{"arrival_time":"09:00","cutoff":900,"departure_time":"09:00","layer":"network","minutes":15,"stop_id":"bus:101712-STOP_13650","stop_name":"仁愛復興路口(福華飯店)","stroke":"#F7B731","time_slot":"09:00","time_type":"arrival","transit_type":"bus"},"geometry":{"type":"Point","coordinates":[121.54356766666668,25.037945555555556]}},{"type":"Feature","properties":{"arrival_time":"09:00","cutoff":900,"departure_time":"09:00","layer":"network","minutes":15,"stop_id":"bus:101712-STOP_13653","stop_name":"仁愛臨沂街口","stroke":"#F7B731","time_slot":"09:00","time_type":"arrival","transit_type":"bus"},"geometry":{"type":"Point","coordinates":[121.52952,25.03834]}},{"type":"Feature","properties":{"arrival_time":"09:00","cutoff":900,"departure_time":"09:00","layer":"network","minutes":15,"stop_id":"bus:101712-STOP_13654","stop_name":"仁愛杭州路口","stroke":"#F7B731","time_slot":"09:00","time_type":"arrival","transit_type":"bus"},"geometry":{"type":"Point","coordinates":[121.52545500000001,25.038352]}},{"type":"Feature","properties":{"arrival_time":"09:00","cutoff":900,"departure_time":"09:00","layer":"network","minutes":15,"stop_id":"bus:101712-STOP_13656","stop_name":"仁愛林森路口","stroke":"#F7B731","time_slot":"09:00","time_type":"arrival","transit_type":"bus"},"geometry":{"type":"Point","coordinates":[121.52123642857144,25.038851285714287]}},{"type":"Feature","properties":{"arrival_time":"09:00","cutoff":900,"departure_time":"09:00","layer":"network","minutes":15,"stop_id":"bus:101712-STOP_13657","stop_name":"仁愛中山路口","stroke":"#F7B731","time_slot":"09:00","time_type":"arrival","transit_type":"bus"},"geometry":{"type":"Point","coordinates":[121.51839128571429,25.039224]}},{"type":"Feature","properties":{"arrival_time":"09:00","cutoff":900,"departure_time":"09:00","layer":"network","minutes":15,"stop_id":"bus:101712-STOP_137244","stop_name":"捷運北門站","stroke":"#F7B731","time_slot":"09:00","time_type":"arrival","transit_type":"bus"},"geometry":{"type":"Point","coordinates":[121.51061,25.05061]}},{"type":"Feature","properties":{"arrival_time":"09:00","cutoff":900,"departure_time":"09:00","layer":"network","minutes":15,"stop_id":"bus:101712-STOP_137794","stop_name":"西門市場(成都)","stroke":"#F7B731","time_slot":"09:00","time_type":"arrival","transit_type":"bus"},"geometry":{"type":"Point","coordinates":[121.506654,25.04269]}},{"type":"Feature","properties":{"arrival_time":"09:00","cutoff":900,"departure_time":"09:00","layer":"network","minutes":15,"stop_id":"bus:101712-STOP_138415","stop_name":"桂林昆明街口","stroke":"#F7B731","time_slot":"09:00","time_type":"arrival","transit_type":"bus"},"geometry":{"type":"Point","coordinates":[121.5043,25.0381]}},{"type":"Feature","properties":{"arrival_time":"09:00","cutoff":900,"departure_time":"09:00","layer":"network","minutes":15,"stop_id":"bus:101712-STOP_138491","stop_name":"蘭州國中","stroke":"#F7B731","time_slot":"09:00","time_type":"arrival","transit_type":"bus"},"geometry":{"type":"Point","coordinates":[121.51625857142857,25.068501428571427]}},{"type":"Feature","properties":{"arrival_time":"09:00","cutoff":900,"departure_time":"09:00","layer":"network","minutes":15,"stop_id":"bus:101712-STOP_138493","stop_name":"捷運圓山站(圓山轉運站)","stroke":"#F7B731","time_slot":"09:00","time_type":"arrival","transit_type":"bus"},"geometry":{"type":"Point","coordinates":[121.520043,25.07157]}},{"type":"Feature","properties":{"arrival_time":"09:00","cutoff":900,"departure_time":"09:00","layer":"network","minutes":15,"stop_id":"bus:101712-STOP_138550","stop_name":"成淵高中","stroke":"#F7B731","time_slot":"09:00","time_type":"arrival","transit_type":"bus"},"geometry":{"type":"Point","coordinates":[121.518366,25.059364]}},{"type":"Feature","properties":{"arrival_time":"09:00","cutoff":900,"departure_time":"09:00","layer":"network","minutes":15,"stop_id":"bus:101712-STOP_138800","stop_name":"江翠國中","stroke":"#F7B731","time_slot":"09:00","time_type":"arrival","transit_type":"bus"},"geometry":{"type":"Point","coordinates":[121.47165800000002,25.028965]}},{"type":"Feature","properties":{"arrival_time":"09:00","cutoff":900,"departure_time":"09:00","layer":"network","minutes":15,"stop_id":"bus:101712-STOP_138802","stop_name":"華江橋","stroke":"#F7B731","time_slot":"09:00","time_type":"arrival","transit_type":"bus"},"geometry":{"type":"Point","coordinates":[121.47600272727273,25.033893545454553]}},{"type":"Feature","properties":{"arrival_time":"09:00","cutoff":900,"departure_time":"09:00","layer":"network","minutes":15,"stop_id":"bus:101712-STOP_138803","stop_name":"中國時報","stroke":"#F7B731","time_slot":"09:00","time_type":"arrival","transit_type":"bus"},"geometry":{"type":"Point","coordinates":[121.49673015384617,25.035250076923074]}},{"type":"Feature","properties":{"arrival_time":"09:00","cutoff":900,"departure_time":"09:00","layer":"network","minutes":15,"stop_id":"bus:101712-STOP_138804","stop_name":"捷運龍山寺站","stroke":"#F7B731","time_slot":"09:00","time_type":"arrival","transit_type":"bus"},"geometry":{"type":"Point","coordinates":[121.498804,25.035205]}},{"type":"Feature","properties":{"arrival_time":"09:00","cutoff":900,"departure_time":"09:00","layer":"network","minutes":15,"stop_id":"bus:101712-STOP_138806","stop_name":"祖師廟(康定)","stroke":"#F7B731","time_slot":"09:00","time_type":"arrival","transit_type":"bus"},"geometry":{"type":"Point","coordinates":[121.50196354545456,25.039660818181822]}},{"type":"Feature","properties":{"arrival_time":"09:00","cutoff":900,"departure_time":"09:00","layer":"network","minutes":15,"stop_id":"bus:101712-STOP_139346","stop_name":"松山機場","stroke":"#F7B731","time_slot":"09:00","time_type":"arrival","transit_type":"bus"},"geometry":{"type":"Point","coordinates":[121.55177846153846,25.063272384615384]}},{"type":"Feature","properties":{"arrival_time":"09:00","cutoff":900,"departure_time":"09:00","layer":"network","minutes":15,"stop_id":"bus:101712-STOP_14271","stop_name":"捷運忠孝新生站","stroke":"#F7B731","time_slot":"09:00","time_type":"arrival","transit_type":"bus"},"geometry":{"type":"Point","coordinates":[121.53287600000002,25.04199]}},{"type":"Feature","properties":{"arrival_time":"09:00","cutoff":900,"departure_time":"09:00","layer":"network","minutes":15,"stop_id":"bus:101712-STOP_14277","stop_name":"行天宮","stroke":"#F7B731","time_slot":"09:00","time_type":"arrival","transit_type":"bus"},"geometry":{"type":"Point","coordinates":[121.53333057142858,25.063246285714282]}},{"type":"Feature","properties":{"arrival_time":"09:00","cutoff":900,"departure_time":"09:00","layer":"network","minutes":15,"stop_id":"bus:101712-STOP_143357","stop_name":"仁愛杭州路口","stroke":"#F7B731","time_slot":"09:00","time_type":"arrival","transit_type":"bus"},"geometry":{"type":"Point","coordinates":[121.52487,25.03676]}},{"type":"Feature","properties":{"arrival_time":"09:00","cutoff":900,"departure_time":"09:00","layer":"network","minutes":15,"stop_id":"bus:101712-STOP_14377","stop_name":"文化路","stroke":"#F7B731","time_slot":"09:00","time_type":"arrival","transit_type":"bus"},"geometry":{"type":"Point","coordinates":[121.5147165,25.01507]}},{"type":"Feature","properties":{"arrival_time":"09:00","cutoff":900,"departure_time":"09:00","layer":"network","minutes":15,"stop_id":"bus:101712-STOP_14633","stop_name":"臺北市立大學","stroke":"#F7B731","time_slot":"09:00","time_type":"arrival","transit_type":"bus"},"geometry":{"type":"Point","coordinates":[121.513763,25.035465]}},{"type":"Feature","properties":{"arrival_time":"09:00","cutoff":900,"departure_time":"09:00","layer":"network","minutes":15,"stop_id":"bus:101712-STOP_14634","stop_name":"臺北法院","stroke":"#F7B731","time_slot":"09:00","time_type":"arrival","transit_type":"bus"},"geometry":{"type":"Point","coordinates":[121.511455,25.035878]}},{"type":"Feature","properties":{"arrival_time":"09:00","cutoff":900,"departure_time":"09:00","layer":"network","minutes":15,"stop_id":"bus:101712-STOP_14635","stop_name":"臺北地院","stroke":"#F7B731","time_slot":"09:00","time_type":"arrival","transit_type":"bus"},"geometry":{"type":"Point","coordinates":[121.510993,25.037375]}},{"type":"Feature","properties":{"arrival_time":"09:00","cutoff":900,"departure_time":"09:00","layer":"network","minutes":15,"stop_id":"bus:101712-STOP_147792","stop_name":"萬華運動中心","stroke":"#F7B731","time_slot":"09:00","time_type":"arrival","transit_type":"bus"},"geometry":{"type":"Point","coordinates":[121.50705,25.04701]}},{"type":"Feature","properties":{"arrival_time":"09:00","cutoff":900,"departure_time":"09:00","layer":"network","minutes":15,"stop_id":"bus:101712-STOP_147793","stop_name":"漢口中華路口","stroke":"#F7B731","time_slot":"09:00","time_type":"arrival","transit_type":"bus"},"geometry":{"type":"Point","coordinates":[121.507984,25.045384]}},{"type":"Feature","properties":{"arrival_time":"09:00","cutoff":900,"departure_time":"09:00","layer":"network","minutes":15,"stop_id":"bus:101712-STOP_148549","stop_name":"三重派出所(重新路)","stroke":"#F7B731","time_slot":"09:00","time_type":"arrival","transit_type":"bus"},"geometry":{"type":"Point","coordinates":[121.50188177777778,25.0636075]}},{"type":"Feature","properties":{"arrival_time":"09:00","cutoff":900,"departure_time":"09:00","layer":"network","minutes":15,"stop_id":"bus:101712-STOP_148806","stop_name":"信義永康街口(捷運東門站)","stroke":"#F7B731","time_slot":"09:00","time_type":"arrival","transit_type":"bus"},"geometry":{"type":"Point","coordinates":[121.529725,25.033727]}},{"type":"Feature","properties":{"arrival_time":"09:00","cutoff":900,"departure_time":"09:00","layer":"network","minutes":15,"stop_id":"bus:101712-STOP_14947","stop_name":"聯合醫院婦幼院區","stroke":"#F7B731","time_slot":"09:00","time_type":"arrival","transit_type":"bus"},"geometry":{"type":"Point","coordinates":[121.518303,25.028563]}},{"type":"Feature","properties":{"arrival_time":"09:00","cutoff":900,"departure_time":"09:00","layer":"network","minutes":15,"stop_id":"bus:101712-STOP_14948","stop_name":"聯合醫院婦幼院區一","stroke":"#F7B731","time_slot":"09:00","time_type":"arrival","transit_type":"bus"},"geometry":{"type":"Point","coordinates":[121.51813962500002,25.029985]}},{"type":"Feature","properties":{"arrival_time":"09:00","cutoff":900,"departure_time":"09:00","layer":"network","minutes":15,"stop_id":"bus:101712-STOP_14954","stop_name":"一女中(貴陽)","stroke":"#F7B731","time_slot":"09:00","time_type":"arrival","transit_type":"bus"},"geometry":{"type":"Point","coordinates":[121.51449033333334,25.03860733333333]}},{"type":"Feature","properties":{"arrival_time":"09:00","cutoff":900,"departure_time":"09:00","layer":"network","minutes":15,"stop_id":"bus:101712-STOP_150567","stop_name":"臺北商大(濟南)","stroke":"#F7B731","time_slot":"09:00","time_type":"arrival","transit_type":"bus"},"geometry":{"type":"Point","coordinates":[121.52480199999998,25.041963999999997]}},{"type":"Feature","properties":{"arrival_time":"09:00","cutoff":900,"departure_time":"09:00","layer":"network","minutes":15,"stop_id":"bus:101712-STOP_150576","stop_name":"捷運信義安和站(信義)","stroke":"#F7B731","time_slot":"09:00","time_type":"arrival","transit_type":"bus"},"geometry":{"type":"Point","coordinates":[121.552849,25.033222999999996]}},{"type":"Feature","properties":{"arrival_time":"09:00","cutoff":900,"departure_time":"09:00","layer":"network","minutes":15,"stop_id":"bus:101712-STOP_151560","stop_name":"東吳大學城中校區","stroke":"#F7B731","time_slot":"09:00","time_type":"arrival","transit_type":"bus"},"geometry":{"type":"Point","coordinates":[121.50915250000001,25.039074999999997]}},{"type":"Feature","properties":{"arrival_time":"09:00","cutoff":900,"departure_time":"09:00","layer":"network","minutes":15,"stop_id":"bus:101712-STOP_15240","stop_name":"莒光派出所","stroke":"#F7B731","time_slot":"09:00","time_type":"arrival","transit_type":"bus"},"geometry":{"type":"Point","coordinates":[121.502765,25.031269999999996]}},{"type":"Feature","properties":{"arrival_time":"09:00","cutoff":900,"departure_time":"09:00","layer":"network","minutes":15,"stop_id":"bus:101712-STOP_15252","stop_name":"行政院","stroke":"#F7B731","time_slot":"09:00","time_type":"arrival","transit_type":"bus"},"geometry":{"type":"Point","coordinates":[121.521508,25.044831]}},{"type":"Feature","properties":{"arrival_time":"09:00","cutoff":900,"departure_time":"09:00","layer":"network","minutes":15,"stop_id":"bus:101712-STOP_15254","stop_name":"青島林森路口","stroke":"#F7B731","time_slot":"09:00","time_type":"arrival","transit_type":"bus"},"geometry":{"type":"Point","coordinates":[121.522279,25.04373]}},{"type":"Feature","properties":{"arrival_time":"09:00","cutoff":900,"departure_time":"09:00","layer":"network","minutes":15,"stop_id":"bus:101712-STOP_15256","stop_name":"北平林森路口","stroke":"#F7B731","time_slot":"09:00","time_type":"arrival","transit_type":"bus"},"geometry":{"type":"Point","coordinates":[121.523978,25.046758999999998]}},{"type":"Feature","properties":{"arrival_time":"09:00","cutoff":900,"departure_time":"09:00","layer":"network","minutes":15,"stop_id":"bus:101712-STOP_15258","stop_name":"華山公園","stroke":"#F7B731","time_slot":"09:00","time_type":"arrival","transit_type":"bus"},"geometry":{"type":"Point","coordinates":[121.52424214285715,25.04814014285714]}},{"type":"Feature","properties":{"arrival_time":"09:00","cutoff":900,"departure_time":"09:00","layer":"network","minutes":15,"stop_id":"bus:101712-STOP_15260","stop_name":"林森北路一","stroke":"#F7B731","time_slot":"09:00","time_type":"arrival","transit_type":"bus"},"geometry":{"type":"Point","coordinates":[121.52489640000002,25.050579199999998]}},{"type":"Feature","properties":{"arrival_time":"09:00","cutoff":900,"departure_time":"09:00","layer":"network","minutes":15,"stop_id":"bus:101712-STOP_153877","stop_name":"捷運中正紀念堂站(勞保局)","stroke":"#F7B731","time_slot":"09:00","time_type":"arrival","transit_type":"bus"},"geometry":{"type":"Point","coordinates":[121.517306,25.033718]}},{"type":"Feature","properties":{"arrival_time":"09:00","cutoff":900,"departure_time":"09:00","layer":"network","minutes":15,"stop_id":"bus:101712-STOP_154282","stop_name":"松山車站(松山)","stroke":"#F7B731","time_slot":"09:00","time_type":"arrival","transit_type":"bus"},"geometry":{"type":"Point","coordinates":[121.577875,25.047250666666667]}},{"type":"Feature","properties":{"arrival_time":"09:00","cutoff":900,"departure_time":"09:00","layer":"network","minutes":15,"stop_id":"bus:101712-STOP_154283","stop_name":"五分埔商圈(中坡北)","stroke":"#F7B731","time_slot":"09:00","time_type":"arrival","transit_type":"bus"},"geometry":{"type":"Point","coordinates":[121.58047400000001,25.0475352]}},{"type":"Feature","properties":{"arrival_time":"09:00","cutoff":900,"departure_time":"09:00","layer":"network","minutes":15,"stop_id":"bus:101712-STOP_155441","stop_name":"三軍總醫院(辛亥)","stroke":"#F7B731","time_slot":"09:00","time_type":"arrival","transit_type":"bus"},"geometry":{"type":"Point","coordinates":[121.52802,25.01912]}},{"type":"Feature","properties":{"arrival_time":"09:00","cutoff":900,"departure_time":"09:00","layer":"network","minutes":15,"stop_id":"bus:101712-STOP_155442","stop_name":"水源路口","stroke":"#F7B731","time_slot":"09:00","time_type":"arrival","transit_type":"bus"},"geometry":{"type":"Point","coordinates":[121.52501975,25.02146075]}},{"type":"Feature","properties":{"arrival_time":"09:00","cutoff":900,"departure_time":"09:00","layer":"network","minutes":15,"stop_id":"bus:101712-STOP_155443","stop_name":"河堤國小","stroke":"#F7B731","time_slot":"09:00","time_type":"arrival","transit_type":"bus"},"geometry":{"type":"Point","coordinates":[121.52324924999999,25.02292675]}},{"type":"Feature","properties":{"arrival_time":"09:00","cutoff":900,"departure_time":"09:00","layer":"network","minutes":15,"stop_id":"bus:101712-STOP_155444","stop_name":"新民高中","stroke":"#F7B731","time_slot":"09:00","time_type":"arrival","transit_type":"bus"},"geometry":{"type":"Point","coordinates":[121.52038774999998,25.02475325]}},{"type":"Feature","properties":{"arrival_time":"09:00","cutoff":900,"departure_time":"09:00","layer":"network","minutes":15,"stop_id":"bus:101712-STOP_155445","stop_name":"廈門街口","stroke":"#F7B731","time_slot":"09:00","time_type":"arrival","transit_type":"bus"},"geometry":{"type":"Point","coordinates":[121.5178875,25.02532525]}},{"type":"Feature","properties":{"arrival_time":"09:00","cutoff":900,"departure_time":"09:00","layer":"network","minutes":15,"stop_id":"bus:101712-STOP_155446","stop_name":"螢橋國小","stroke":"#F7B731","time_slot":"09:00","time_type":"arrival","transit_type":"bus"},"geometry":{"type":"Point","coordinates":[121.514658,25.026152]}},{"type":"Feature","properties":{"arrival_time":"09:00","cutoff":900,"departure_time":"09:00","layer":"network","minutes":15,"stop_id":"bus:101712-STOP_15550","stop_name":"雙十路口","stroke":"#F7B731","time_slot":"09:00","time_type":"arrival","transit_type":"bus"},"geometry":{"type":"Point","coordinates":[121.477947,25.025105]}},{"type":"Feature","properties":{"arrival_time":"09:00","cutoff":900,"departure_time":"09:00","layer":"network","minutes":15,"stop_id":"bus:101712-STOP_15552","stop_name":"環南市場(西藏)","stroke":"#F7B731","time_slot":"09:00","time_type":"arrival","transit_type":"bus"},"geometry":{"type":"Point","coordinates":[121.493132,25.028426]}},{"type":"Feature","properties":{"arrival_time":"09:00","cutoff":900,"departure_time":"09:00","layer":"network","minutes":15,"stop_id":"bus:101712-STOP_15554","stop_name":"華江高中(西藏)","stroke":"#F7B731","time_slot":"09:00","time_type":"arrival","transit_type":"bus"},"geometry":{"type":"Point","coordinates":[121.4964985,25.029042500000003]}},{"type":"Feature","properties":{"arrival_time":"09:00","cutoff":900,"departure_time":"09:00","layer":"network","minutes":15,"stop_id":"bus:101712-STOP_15556","stop_name":"萬華國中","stroke":"#F7B731","time_slot":"09:00","time_type":"arrival","transit_type":"bus"},"geometry":{"type":"Point","coordinates":[121.49903499999999,25.029411500000002]}},{"type":"Feature","properties":{"arrival_time":"09:00","cutoff":900,"departure_time":"09:00","layer":"network","minutes":15,"stop_id":"bus:101712-STOP_156247","stop_name":"客家文化主題公園","stroke":"#F7B731","time_slot":"09:00","time_type":"arrival","transit_type":"bus"},"geometry":{"type":"Point","coordinates":[121.52587,25.01996]}},{"type":"Feature","properties":{"arrival_time":"09:00","cutoff":900,"departure_time":"09:00","layer":"network","minutes":15,"stop_id":"bus:101712-STOP_15719","stop_name":"仁愛紹興街口","stroke":"#F7B731","time_slot":"09:00","time_type":"arrival","transit_type":"bus"},"geometry":{"type":"Point","coordinates":[121.523588,25.038453]}},{"type":"Feature","properties":{"arrival_time":"09:00","cutoff":900,"departure_time":"09:00","layer":"network","minutes":15,"stop_id":"bus:101712-STOP_15720","stop_name":"仁愛臨沂街口","stroke":"#F7B731","time_slot":"09:00","time_type":"arrival","transit_type":"bus"},"geometry":{"type":"Point","coordinates":[121.528045,25.038219]}},{"type":"Feature","properties":{"arrival_time":"09:00","cutoff":900,"departure_time":"09:00","layer":"network","minutes":15,"stop_id":"bus:101712-STOP_15861","stop_name":"花博公園","stroke":"#F7B731","time_slot":"09:00","time_type":"arrival","transit_type":"bus"},"geometry":{"type":"Point","coordinates":[121.521996,25.06837]}},{"type":"Feature","properties":{"arrival_time":"09:00","cutoff":900,"departure_time":"09:00","layer":"network","minutes":15,"stop_id":"bus:101712-STOP_15867","stop_name":"中山國小","stroke":"#F7B731","time_slot":"09:00","time_type":"arrival","transit_type":"bus"},"geometry":{"type":"Point","coordinates":[121.525574,25.063803333333336]}},{"type":"Feature","properties":{"arrival_time":"09:00","cutoff":900,"departure_time":"09:00","layer":"network","minutes":15,"stop_id":"bus:101712-STOP_15881","stop_name":"迪化街","stroke":"#F7B731","time_slot":"09:00","time_type":"arrival","transit_type":"bus"},"geometry":{"type":"Point","coordinates":[121.510951,25.057056]}},{"type":"Feature","properties":{"arrival_time":"09:00","cutoff":900,"departure_time":"09:00","layer":"network","minutes":15,"stop_id":"bus:101712-STOP_15885","stop_name":"延平宮","stroke":"#F7B731","time_slot":"09:00","time_type":"arrival","transit_type":"bus"},"geometry":{"type":"Point","coordinates":[121.507112,25.053428]}},{"type":"Feature","properties":{"arrival_time":"09:00","cutoff":900,"departure_time":"09:00","layer":"network","minutes":15,"stop_id":"bus:101712-STOP_16124","stop_name":"錦輝電纜","stroke":"#F7B731","time_slot":"09:00","time_type":"arrival","transit_type":"bus"},"geometry":{"type":"Point","coordinates":[121.470221,25.032956]}},{"type":"Feature","properties":{"arrival_time":"09:00","cutoff":900,"departure_time":"09:00","layer":"network","minutes":15,"stop_id":"bus:101712-STOP_16128","stop_name":"華江橋(長江路)","stroke":"#F7B731","time_slot":"09:00","time_type":"arrival","transit_type":"bus"},"geometry":{"type":"Point","coordinates":[121.475095,25.034382]}},{"type":"Feature","properties":{"arrival_time":"09:00","cutoff":900,"departure_time":"09:00","layer":"network","minutes":15,"stop_id":"bus:101712-STOP_16135","stop_name":"峨眉街口(中醫院區)","stroke":"#F7B731","time_slot":"09:00","time_type":"arrival","transit_type":"bus"},"geometry":{"type":"Point","coordinates":[121.50307399999998,25.044994]}},{"type":"Feature","properties":{"arrival_time":"09:00","cutoff":900,"departure_time":"09:00","layer":"network","minutes":15,"stop_id":"bus:101712-STOP_163251","stop_name":"忠泰美術館","stroke":"#F7B731","time_slot":"09:00","time_type":"arrival","transit_type":"bus"},"geometry":{"type":"Point","coordinates":[121.5373,25.0446]}},{"type":"Feature","properties":{"arrival_time":"09:00","cutoff":900,"departure_time":"09:00","layer":"network","minutes":15,"stop_id":"bus:101712-STOP_163252","stop_name":"懷生國小","stroke":"#F7B731","time_slot":"09:00","time_type":"arrival","transit_type":"bus"},"geometry":{"type":"Point","coordinates":[121.54157,25.044438]}},{"type":"Feature","properties":{"arrival_time":"09:00","cutoff":900,"departure_time":"09:00","layer":"network","minutes":15,"stop_id":"bus:101712-STOP_163388","stop_name":"臺北大學(臺北校區)","stroke":"#F7B731","time_slot":"09:00","time_type":"arrival","transit_type":"bus"},"geometry":{"type":"Point","coordinates":[121.536835,25.056964999999998]}},{"type":"Feature","properties":{"arrival_time":"09:00","cutoff":900,"departure_time":"09:00","layer":"network","minutes":15,"stop_id":"bus:101712-STOP_163389","stop_name":"長春國小","stroke":"#F7B731","time_slot":"09:00","time_type":"arrival","transit_type":"bus"},"geometry":{"type":"Point","coordinates":[121.536968,25.054565999999998]}},{"type":"Feature","properties":{"arrival_time":"09:00","cutoff":900,"departure_time":"09:00","layer":"network","minutes":15,"stop_id":"bus:101712-STOP_163390","stop_name":"中山女高","stroke":"#F7B731","time_slot":"09:00","time_type":"arrival","transit_type":"bus"},"geometry":{"type":"Point","coordinates":[121.536712,25.049639]}},{"type":"Feature","properties":{"arrival_time":"09:00","cutoff":900,"departure_time":"09:00","layer":"network","minutes":15,"stop_id":"bus:101712-STOP_163391","stop_name":"建國啤酒廠","stroke":"#F7B731","time_slot":"09:00","time_type":"arrival","transit_type":"bus"},"geometry":{"type":"Point","coordinates":[121.53638,25.047067]}},{"type":"Feature","properties":{"arrival_time":"09:00","cutoff":900,"departure_time":"09:00","layer":"network","minutes":15,"stop_id":"bus:101712-STOP_163392","stop_name":"空軍總部","stroke":"#F7B731","time_slot":"09:00","time_type":"arrival","transit_type":"bus"},"geometry":{"type":"Point","coordinates":[121.5376325,25.040264]}},{"type":"Feature","properties":{"arrival_time":"09:00","cutoff":900,"departure_time":"09:00","layer":"network","minutes":15,"stop_id":"bus:101712-STOP_163394","stop_name":"信義市場","stroke":"#F7B731","time_slot":"09:00","time_type":"arrival","transit_type":"bus"},"geometry":{"type":"Point","coordinates":[121.537803,25.034025]}},{"type":"Feature","properties":{"arrival_time":"09:00","cutoff":900,"departure_time":"09:00","layer":"network","minutes":15,"stop_id":"bus:101712-STOP_163395","stop_name":"建國南路","stroke":"#F7B731","time_slot":"09:00","time_type":"arrival","transit_type":"bus"},"geometry":{"type":"Point","coordinates":[121.537439,25.031344]}},{"type":"Feature","properties":{"arrival_time":"09:00","cutoff":900,"departure_time":"09:00","layer":"network","minutes":15,"stop_id":"bus:101712-STOP_16427","stop_name":"延平長安路口","stroke":"#F7B731","time_slot":"09:00","time_type":"arrival","transit_type":"bus"},"geometry":{"type":"Point","coordinates":[121.511619,25.052937]}},{"type":"Feature","properties":{"arrival_time":"09:00","cutoff":900,"departure_time":"09:00","layer":"network","minutes":15,"stop_id":"bus:101712-STOP_16428","stop_name":"延平鄭州路口","stroke":"#F7B731","time_slot":"09:00","time_type":"arrival","transit_type":"bus"},"geometry":{"type":"Point","coordinates":[121.511882,25.05079]}},{"type":"Feature","properties":{"arrival_time":"09:00","cutoff":900,"departure_time":"09:00","layer":"network","minutes":15,"stop_id":"bus:101712-STOP_16499","stop_name":"客家文化主題公園(師大路)","stroke":"#F7B731","time_slot":"09:00","time_type":"arrival","transit_type":"bus"},"geometry":{"type":"Point","coordinates":[121.52443,25.020668]}},{"type":"Feature","properties":{"arrival_time":"09:00","cutoff":900,"departure_time":"09:00","layer":"network","minutes":15,"stop_id":"bus:101712-STOP_16852","stop_name":"華江派出所","stroke":"#F7B731","time_slot":"09:00","time_type":"arrival","transit_type":"bus"},"geometry":{"type":"Point","coordinates":[121.49334100000002,25.034114]}},{"type":"Feature","properties":{"arrival_time":"09:00","cutoff":900,"departure_time":"09:00","layer":"network","minutes":15,"stop_id":"bus:101712-STOP_16864","stop_name":"自來水西分處(寧波)","stroke":"#F7B731","time_slot":"09:00","time_type":"arrival","transit_type":"bus"},"geometry":{"type":"Point","coordinates":[121.51570000000001,25.029828000000002]}},{"type":"Feature","properties":{"arrival_time":"09:00","cutoff":900,"departure_time":"09:00","layer":"network","minutes":15,"stop_id":"bus:101712-STOP_16867","stop_name":"南昌家具街","stroke":"#F7B731","time_slot":"09:00","time_type":"arrival","transit_type":"bus"},"geometry":{"type":"Point","coordinates":[121.520491,25.027269333333333]}},{"type":"Feature","properties":{"arrival_time":"09:00","cutoff":900,"departure_time":"09:00","layer":"network","minutes":15,"stop_id":"bus:101712-STOP_16948","stop_name":"建國中學","stroke":"#F7B731","time_slot":"09:00","time_type":"arrival","transit_type":"bus"},"geometry":{"type":"Point","coordinates":[121.513095,25.029178]}},{"type":"Feature","properties":{"arrival_time":"09:00","cutoff":900,"departure_time":"09:00","layer":"network","minutes":15,"stop_id":"bus:101712-STOP_16966","stop_name":"龍山國小","stroke":"#F7B731","time_slot":"09:00","time_type":"arrival","transit_type":"bus"},"geometry":{"type":"Point","coordinates":[121.4953,25.0362]}},{"type":"Feature","properties":{"arrival_time":"09:00","cutoff":900,"departure_time":"09:00","layer":"network","minutes":15,"stop_id":"bus:101712-STOP_16968","stop_name":"萬華分局","stroke":"#F7B731","time_slot":"09:00","time_type":"arrival","transit_type":"bus"},"geometry":{"type":"Point","coordinates":[121.49791,25.038421]}},{"type":"Feature","properties":{"arrival_time":"09:00","cutoff":900,"departure_time":"09:00","layer":"network","minutes":15,"stop_id":"bus:101712-STOP_16970","stop_name":"桂林路","stroke":"#F7B731","time_slot":"09:00","time_type":"arrival","transit_type":"bus"},"geometry":{"type":"Point","coordinates":[121.50099399999999,25.0384]}},{"type":"Feature","properties":{"arrival_time":"09:00","cutoff":900,"departure_time":"09:00","layer":"network","minutes":15,"stop_id":"bus:101712-STOP_16984","stop_name":"臺北車站(忠孝)","stroke":"#F7B731","time_slot":"09:00","time_type":"arrival","transit_type":"bus"},"geometry":{"type":"Point","coordinates":[121.51446337499999,25.046860000000002]}},{"type":"Feature","properties":{"arrival_time":"09:00","cutoff":900,"departure_time":"09:00","layer":"network","minutes":15,"stop_id":"bus:101712-STOP_169903","stop_name":"泉州街","stroke":"#F7B731","time_slot":"09:00","time_type":"arrival","transit_type":"bus"},"geometry":{"type":"Point","coordinates":[121.51416520000001,25.0279008]}},{"type":"Feature","properties":{"arrival_time":"09:00","cutoff":900,"departure_time":"09:00","layer":"network","minutes":15,"stop_id":"bus:101712-STOP_169904","stop_name":"龍口市場","stroke":"#F7B731","time_slot":"09:00","time_type":"arrival","transit_type":"bus"},"geometry":{"type":"Point","coordinates":[121.5117906,25.029211999999994]}},{"type":"Feature","properties":{"arrival_time":"09:00","cutoff":900,"departure_time":"09:00","layer":"network","minutes":15,"stop_id":"bus:101712-STOP_171043","stop_name":"捷運中正紀念堂站","stroke":"#F7B731","time_slot":"09:00","time_type":"arrival","transit_type":"bus"},"geometry":{"type":"Point","coordinates":[121.517358,25.034101]}},{"type":"Feature","properties":{"arrival_time":"09:00","cutoff":900,"departure_time":"09:00","layer":"network","minutes":15,"stop_id":"bus:101712-STOP_17125","stop_name":"長安國小(長安)","stroke":"#F7B731","time_slot":"09:00","time_type":"arrival","transit_type":"bus"},"geometry":{"type":"Point","coordinates":[121.5313885,25.048496]}},{"type":"Feature","properties":{"arrival_time":"09:00","cutoff":900,"departure_time":"09:00","layer":"network","minutes":15,"stop_id":"bus:101712-STOP_17126","stop_name":"長安國小(吉林)","stroke":"#F7B731","time_slot":"09:00","time_type":"arrival","transit_type":"bus"},"geometry":{"type":"Point","coordinates":[121.530068,25.049486]}},{"type":"Feature","properties":{"arrival_time":"09:00","cutoff":900,"departure_time":"09:00","layer":"network","minutes":15,"stop_id":"bus:101712-STOP_17127","stop_name":"南京東路口","stroke":"#F7B731","time_slot":"09:00","time_type":"arrival","transit_type":"bus"},"geometry":{"type":"Point","coordinates":[121.530156,25.051132]}},{"type":"Feature","properties":{"arrival_time":"09:00","cutoff":900,"departure_time":"09:00","layer":"network","minutes":15,"stop_id":"bus:101712-STOP_17131","stop_name":"圓環(天水)","stroke":"#F7B731","time_slot":"09:00","time_type":"arrival","transit_type":"bus"},"geometry":{"type":"Point","coordinates":[121.51347700000001,25.053167]}},{"type":"Feature","properties":{"arrival_time":"09:00","cutoff":900,"departure_time":"09:00","layer":"network","minutes":15,"stop_id":"bus:101712-STOP_17235","stop_name":"羅斯福潮州街口","stroke":"#F7B731","time_slot":"09:00","time_type":"arrival","transit_type":"bus"},"geometry":{"type":"Point","coordinates":[121.52096000000002,25.02922]}},{"type":"Feature","properties":{"arrival_time":"09:00","cutoff":900,"departure_time":"09:00","layer":"network","minutes":15,"stop_id":"bus:101712-STOP_17237","stop_name":"捷運中正紀念堂站(羅斯福)","stroke":"#F7B731","time_slot":"09:00","time_type":"arrival","transit_type":"bus"},"geometry":{"type":"Point","coordinates":[121.518806,25.03225]}},{"type":"Feature","properties":{"arrival_time":"09:00","cutoff":900,"departure_time":"09:00","layer":"network","minutes":15,"stop_id":"bus:101712-STOP_17240","stop_name":"博物館(館前)","stroke":"#F7B731","time_slot":"09:00","time_type":"arrival","transit_type":"bus"},"geometry":{"type":"Point","coordinates":[121.51505699999998,25.044176999999998]}},{"type":"Feature","properties":{"arrival_time":"09:00","cutoff":900,"departure_time":"09:00","layer":"network","minutes":15,"stop_id":"bus:101712-STOP_17242","stop_name":"臺北車站(開封)","stroke":"#F7B731","time_slot":"09:00","time_type":"arrival","transit_type":"bus"},"geometry":{"type":"Point","coordinates":[121.51387900000002,25.046027]}},{"type":"Feature","properties":{"arrival_time":"09:00","cutoff":900,"departure_time":"09:00","layer":"network","minutes":15,"stop_id":"bus:101712-STOP_17486","stop_name":"金華大廈","stroke":"#F7B731","time_slot":"09:00","time_type":"arrival","transit_type":"bus"},"geometry":{"type":"Point","coordinates":[121.52907,25.02982]}},{"type":"Feature","properties":{"arrival_time":"09:00","cutoff":900,"departure_time":"09:00","layer":"network","minutes":15,"stop_id":"bus:101712-STOP_17487","stop_name":"公企中心","stroke":"#F7B731","time_slot":"09:00","time_type":"arrival","transit_type":"bus"},"geometry":{"type":"Point","coordinates":[121.52776,25.03003]}},{"type":"Feature","properties":{"arrival_time":"09:00","cutoff":900,"departure_time":"09:00","layer":"network","minutes":15,"stop_id":"bus:101712-STOP_17488","stop_name":"愛國金山路口","stroke":"#F7B731","time_slot":"09:00","time_type":"arrival","transit_type":"bus"},"geometry":{"type":"Point","coordinates":[121.526147,25.031908]}},{"type":"Feature","properties":{"arrival_time":"09:00","cutoff":900,"departure_time":"09:00","layer":"network","minutes":15,"stop_id":"bus:101712-STOP_17489","stop_name":"愛國東路口","stroke":"#F7B731","time_slot":"09:00","time_type":"arrival","transit_type":"bus"},"geometry":{"type":"Point","coordinates":[121.522887,25.03276]}},{"type":"Feature","properties":{"arrival_time":"09:00","cutoff":900,"departure_time":"09:00","layer":"network","minutes":15,"stop_id":"bus:101712-STOP_17490","stop_name":"金甌女中","stroke":"#F7B731","time_slot":"09:00","time_type":"arrival","transit_type":"bus"},"geometry":{"type":"Point","coordinates":[121.52418600000001,25.034934]}},{"type":"Feature","properties":{"arrival_time":"09:00","cutoff":900,"departure_time":"09:00","layer":"network","minutes":15,"stop_id":"bus:101712-STOP_17491","stop_name":"仁愛路二段","stroke":"#F7B731","time_slot":"09:00","time_type":"arrival","transit_type":"bus"},"geometry":{"type":"Point","coordinates":[121.52567,25.039509999999996]}},{"type":"Feature","properties":{"arrival_time":"09:00","cutoff":900,"departure_time":"09:00","layer":"network","minutes":15,"stop_id":"bus:101712-STOP_17622","stop_name":"捷運國父紀念館站(光復)","stroke":"#F7B731","time_slot":"09:00","time_type":"arrival","transit_type":"bus"},"geometry":{"type":"Point","coordinates":[121.557761,25.042728599999997]}},{"type":"Feature","properties":{"arrival_time":"09:00","cutoff":900,"departure_time":"09:00","layer":"network","minutes":15,"stop_id":"bus:101712-STOP_17855","stop_name":"聯合醫院和平院區","stroke":"#F7B731","time_slot":"09:00","time_type":"arrival","transit_type":"bus"},"geometry":{"type":"Point","coordinates":[121.506284,25.035011]}},{"type":"Feature","properties":{"arrival_time":"09:00","cutoff":900,"departure_time":"09:00","layer":"network","minutes":15,"stop_id":"bus:101712-STOP_180065","stop_name":"延平一站(南京)","stroke":"#F7B731","time_slot":"09:00","time_type":"arrival","transit_type":"bus"},"geometry":{"type":"Point","coordinates":[121.5113,25.0538]}},{"type":"Feature","properties":{"arrival_time":"09:00","cutoff":900,"departure_time":"09:00","layer":"network","minutes":15,"stop_id":"bus:101712-STOP_180066","stop_name":"圓環(鈕釦街)","stroke":"#F7B731","time_slot":"09:00","time_type":"arrival","transit_type":"bus"},"geometry":{"type":"Point","coordinates":[121.513268,25.053955]}},{"type":"Feature","properties":{"arrival_time":"09:00","cutoff":900,"departure_time":"09:00","layer":"network","minutes":15,"stop_id":"bus:101712-STOP_18087","stop_name":"西門國小(臺大醫院北護分院)","stroke":"#F7B731","time_slot":"09:00","time_type":"arrival","transit_type":"bus"},"geometry":{"type":"Point","coordinates":[121.501993,25.040741]}},{"type":"Feature","properties":{"arrival_time":"09:00","cutoff":900,"departure_time":"09:00","layer":"network","minutes":15,"stop_id":"bus:101712-STOP_181043","stop_name":"玉泉里","stroke":"#F7B731","time_slot":"09:00","time_type":"arrival","transit_type":"bus"},"geometry":{"type":"Point","coordinates":[121.50867,25.052779]}},{"type":"Feature","properties":{"arrival_time":"09:00","cutoff":900,"departure_time":"09:00","layer":"network","minutes":15,"stop_id":"bus:101712-STOP_181044","stop_name":"南京西寧路口","stroke":"#F7B731","time_slot":"09:00","time_type":"arrival","transit_type":"bus"},"geometry":{"type":"Point","coordinates":[121.508763,25.053617]}},{"type":"Feature","properties":{"arrival_time":"09:00","cutoff":900,"departure_time":"09:00","layer":"network","minutes":15,"stop_id":"bus:101712-STOP_181058","stop_name":"龍山寺(西園)","stroke":"#F7B731","time_slot":"09:00","time_type":"arrival","transit_type":"bus"},"geometry":{"type":"Point","coordinates":[121.499673,25.03777]}},{"type":"Feature","properties":{"arrival_time":"09:00","cutoff":900,"departure_time":"09:00","layer":"network","minutes":15,"stop_id":"bus:101712-STOP_181061","stop_name":"長沙街","stroke":"#F7B731","time_slot":"09:00","time_type":"arrival","transit_type":"bus"},"geometry":{"type":"Point","coordinates":[121.505529,25.040658]}},{"type":"Feature","properties":{"arrival_time":"09:00","cutoff":900,"departure_time":"09:00","layer":"network","minutes":15,"stop_id":"bus:101712-STOP_181847","stop_name":"成功中學(林森)","stroke":"#F7B731","time_slot":"09:00","time_type":"arrival","transit_type":"bus"},"geometry":{"type":"Point","coordinates":[121.5227136,25.0429668]}},{"type":"Feature","properties":{"arrival_time":"09:00","cutoff":900,"departure_time":"09:00","layer":"network","minutes":15,"stop_id":"bus:101712-STOP_181925","stop_name":"臺北科技大學(建國)","stroke":"#F7B731","time_slot":"09:00","time_type":"arrival","transit_type":"bus"},"geometry":{"type":"Point","coordinates":[121.53678033333334,25.043074]}},{"type":"Feature","properties":{"arrival_time":"09:00","cutoff":900,"departure_time":"09:00","layer":"network","minutes":15,"stop_id":"bus:101712-STOP_182129","stop_name":"後車站","stroke":"#F7B731","time_slot":"09:00","time_type":"arrival","transit_type":"bus"},"geometry":{"type":"Point","coordinates":[121.51512399999999,25.051429000000002]}},{"type":"Feature","properties":{"arrival_time":"09:00","cutoff":900,"departure_time":"09:00","layer":"network","minutes":15,"stop_id":"bus:101712-STOP_18366","stop_name":"中山里(民生)","stroke":"#F7B731","time_slot":"09:00","time_type":"arrival","transit_type":"bus"},"geometry":{"type":"Point","coordinates":[121.52693,25.05795]}},{"type":"Feature","properties":{"arrival_time":"09:00","cutoff":900,"departure_time":"09:00","layer":"network","minutes":15,"stop_id":"bus:101712-STOP_18367","stop_name":"中原街口(老人住宅)","stroke":"#F7B731","time_slot":"09:00","time_type":"arrival","transit_type":"bus"},"geometry":{"type":"Point","coordinates":[121.528881,25.058003666666668]}},{"type":"Feature","properties":{"arrival_time":"09:00","cutoff":900,"departure_time":"09:00","layer":"network","minutes":15,"stop_id":"bus:101712-STOP_18368","stop_name":"捷運行天宮站(民生東路)","stroke":"#F7B731","time_slot":"09:00","time_type":"arrival","transit_type":"bus"},"geometry":{"type":"Point","coordinates":[121.532404,25.05788533333333]}},{"type":"Feature","properties":{"arrival_time":"09:00","cutoff":900,"departure_time":"09:00","layer":"network","minutes":15,"stop_id":"bus:101712-STOP_185324","stop_name":"新北板橋公車站(新府路)","stroke":"#F7B731","time_slot":"09:00","time_type":"arrival","transit_type":"bus"},"geometry":{"type":"Point","coordinates":[121.462831,25.013373]}},{"type":"Feature","properties":{"arrival_time":"09:00","cutoff":900,"departure_time":"09:00","layer":"network","minutes":15,"stop_id":"bus:101712-STOP_18534","stop_name":"臺北市憲兵隊","stroke":"#F7B731","time_slot":"09:00","time_type":"arrival","transit_type":"bus"},"geometry":{"type":"Point","coordinates":[121.509124,25.040727]}},{"type":"Feature","properties":{"arrival_time":"09:00","cutoff":900,"departure_time":"09:00","layer":"network","minutes":15,"stop_id":"bus:101712-STOP_18540","stop_name":"一女中(公園)","stroke":"#F7B731","time_slot":"09:00","time_type":"arrival","transit_type":"bus"},"geometry":{"type":"Point","coordinates":[121.514963,25.038008]}},{"type":"Feature","properties":{"arrival_time":"09:00","cutoff":900,"departure_time":"09:00","layer":"network","minutes":15,"stop_id":"bus:101712-STOP_18542","stop_name":"市立大學附小","stroke":"#F7B731","time_slot":"09:00","time_type":"arrival","transit_type":"bus"},"geometry":{"type":"Point","coordinates":[121.514976,25.036463]}},{"type":"Feature","properties":{"arrival_time":"09:00","cutoff":900,"departure_time":"09:00","layer":"network","minutes":15,"stop_id":"bus:101712-STOP_18580","stop_name":"敦化安和路口","stroke":"#F7B731","time_slot":"09:00","time_type":"arrival","transit_type":"bus"},"geometry":{"type":"Point","coordinates":[121.549708,25.039649]}},{"type":"Feature","properties":{"arrival_time":"09:00","cutoff":900,"departure_time":"09:00","layer":"network","minutes":15,"stop_id":"bus:101712-STOP_18742","stop_name":"松山車站(松隆)","stroke":"#F7B731","time_slot":"09:00","time_type":"arrival","transit_type":"bus"},"geometry":{"type":"Point","coordinates":[121.578909,25.048259]}},{"type":"Feature","properties":{"arrival_time":"09:00","cutoff":900,"departure_time":"09:00","layer":"network","minutes":15,"stop_id":"bus:101712-STOP_18837","stop_name":"雙園街口","stroke":"#F7B731","time_slot":"09:00","time_type":"arrival","transit_type":"bus"},"geometry":{"type":"Point","coordinates":[121.494195,25.031208666666668]}},{"type":"Feature","properties":{"arrival_time":"09:00","cutoff":900,"departure_time":"09:00","layer":"network","minutes":15,"stop_id":"bus:101712-STOP_18839","stop_name":"時報大樓","stroke":"#F7B731","time_slot":"09:00","time_type":"arrival","transit_type":"bus"},"geometry":{"type":"Point","coordinates":[121.49707333333333,25.033023333333333]}},{"type":"Feature","properties":{"arrival_time":"09:00","cutoff":900,"departure_time":"09:00","layer":"network","minutes":15,"stop_id":"bus:101712-STOP_18840","stop_name":"萬華車站","stroke":"#F7B731","time_slot":"09:00","time_type":"arrival","transit_type":"bus"},"geometry":{"type":"Point","coordinates":[121.50038566666666,25.032967000000003]}},{"type":"Feature","properties":{"arrival_time":"09:00","cutoff":900,"departure_time":"09:00","layer":"network","minutes":15,"stop_id":"bus:101712-STOP_18841","stop_name":"艋舺大道","stroke":"#F7B731","time_slot":"09:00","time_type":"arrival","transit_type":"bus"},"geometry":{"type":"Point","coordinates":[121.50284466666666,25.033374666666663]}},{"type":"Feature","properties":{"arrival_time":"09:00","cutoff":900,"departure_time":"09:00","layer":"network","minutes":15,"stop_id":"bus:101712-STOP_19113","stop_name":"長安東路一段","stroke":"#F7B731","time_slot":"09:00","time_type":"arrival","transit_type":"bus"},"geometry":{"type":"Point","coordinates":[121.522494,25.049576]}},{"type":"Feature","properties":{"arrival_time":"09:00","cutoff":900,"departure_time":"09:00","layer":"network","minutes":15,"stop_id":"bus:101712-STOP_19114","stop_name":"長安林森路口","stroke":"#F7B731","time_slot":"09:00","time_type":"arrival","transit_type":"bus"},"geometry":{"type":"Point","coordinates":[121.525758,25.048866500000003]}},{"type":"Feature","properties":{"arrival_time":"09:00","cutoff":900,"departure_time":"09:00","layer":"network","minutes":15,"stop_id":"bus:101712-STOP_19115","stop_name":"正守公園","stroke":"#F7B731","time_slot":"09:00","time_type":"arrival","transit_type":"bus"},"geometry":{"type":"Point","coordinates":[121.52872550000001,25.048208000000002]}},{"type":"Feature","properties":{"arrival_time":"09:00","cutoff":900,"departure_time":"09:00","layer":"network","minutes":15,"stop_id":"bus:101712-STOP_192760","stop_name":"大龍街口","stroke":"#F7B731","time_slot":"09:00","time_type":"arrival","transit_type":"bus"},"geometry":{"type":"Point","coordinates":[121.517328,25.063069]}},{"type":"Feature","properties":{"arrival_time":"09:00","cutoff":900,"departure_time":"09:00","layer":"network","minutes":15,"stop_id":"bus:101712-STOP_19311","stop_name":"景福門","stroke":"#F7B731","time_slot":"09:00","time_type":"arrival","transit_type":"bus"},"geometry":{"type":"Point","coordinates":[121.51751,25.03787]}},{"type":"Feature","properties":{"arrival_time":"09:00","cutoff":900,"departure_time":"09:00","layer":"network","minutes":15,"stop_id":"bus:101712-STOP_19317","stop_name":"欣欣大眾公司","stroke":"#F7B731","time_slot":"09:00","time_type":"arrival","transit_type":"bus"},"geometry":{"type":"Point","coordinates":[121.52533466666665,25.053246333333334]}},{"type":"Feature","properties":{"arrival_time":"09:00","cutoff":900,"departure_time":"09:00","layer":"network","minutes":15,"stop_id":"bus:101712-STOP_19318","stop_name":"華泰飯店","stroke":"#F7B731","time_slot":"09:00","time_type":"arrival","transit_type":"bus"},"geometry":{"type":"Point","coordinates":[121.52545400000001,25.056845999999997]}},{"type":"Feature","properties":{"arrival_time":"09:00","cutoff":900,"departure_time":"09:00","layer":"network","minutes":15,"stop_id":"bus:101712-STOP_195105","stop_name":"民生西路口","stroke":"#F7B731","time_slot":"09:00","time_type":"arrival","transit_type":"bus"},"geometry":{"type":"Point","coordinates":[121.51829,25.05801]}},{"type":"Feature","properties":{"arrival_time":"09:00","cutoff":900,"departure_time":"09:00","layer":"network","minutes":15,"stop_id":"bus:101712-STOP_197031","stop_name":"捷運西門站","stroke":"#F7B731","time_slot":"09:00","time_type":"arrival","transit_type":"bus"},"geometry":{"type":"Point","coordinates":[121.507884,25.039986]}},{"type":"Feature","properties":{"arrival_time":"09:00","cutoff":900,"departure_time":"09:00","layer":"network","minutes":15,"stop_id":"bus:101712-STOP_198537","stop_name":"臺北商大(杭州)","stroke":"#F7B731","time_slot":"09:00","time_type":"arrival","transit_type":"bus"},"geometry":{"type":"Point","coordinates":[121.526368,25.04197]}},{"type":"Feature","properties":{"arrival_time":"09:00","cutoff":900,"departure_time":"09:00","layer":"network","minutes":15,"stop_id":"bus:101712-STOP_200218","stop_name":"立法院","stroke":"#F7B731","time_slot":"09:00","time_type":"arrival","transit_type":"bus"},"geometry":{"type":"Point","coordinates":[121.519461,25.043292]}},{"type":"Feature","properties":{"arrival_time":"09:00","cutoff":900,"departure_time":"09:00","layer":"network","minutes":15,"stop_id":"bus:101712-STOP_20141","stop_name":"小南門(和平院區)","stroke":"#F7B731","time_slot":"09:00","time_type":"arrival","transit_type":"bus"},"geometry":{"type":"Point","coordinates":[121.5085589,25.036666299999997]}},{"type":"Feature","properties":{"arrival_time":"09:00","cutoff":900,"departure_time":"09:00","layer":"network","minutes":15,"stop_id":"bus:101712-STOP_202764","stop_name":"捷運古亭站(和平)","stroke":"#F7B731","time_slot":"09:00","time_type":"arrival","transit_type":"bus"},"geometry":{"type":"Point","coordinates":[121.52337149999998,25.027007]}},{"type":"Feature","properties":{"arrival_time":"09:00","cutoff":900,"departure_time":"09:00","layer":"network","minutes":15,"stop_id":"bus:101712-STOP_203531","stop_name":"花博公園","stroke":"#F7B731","time_slot":"09:00","time_type":"arrival","transit_type":"bus"},"geometry":{"type":"Point","coordinates":[121.520798,25.068596]}},{"type":"Feature","properties":{"arrival_time":"09:00","cutoff":900,"departure_time":"09:00","layer":"network","minutes":15,"stop_id":"bus:101712-STOP_208370","stop_name":"承德路口","stroke":"#F7B731","time_slot":"09:00","time_type":"arrival","transit_type":"bus"},"geometry":{"type":"Point","coordinates":[121.518809,25.068454]}},{"type":"Feature","properties":{"arrival_time":"09:00","cutoff":900,"departure_time":"09:00","layer":"network","minutes":15,"stop_id":"bus:101712-STOP_208863","stop_name":"西園路二段","stroke":"#F7B731","time_slot":"09:00","time_type":"arrival","transit_type":"bus"},"geometry":{"type":"Point","coordinates":[121.49405600000001,25.027080124999998]}},{"type":"Feature","properties":{"arrival_time":"09:00","cutoff":900,"departure_time":"09:00","layer":"network","minutes":15,"stop_id":"bus:101712-STOP_210366","stop_name":"羅斯福潮州街口","stroke":"#F7B731","time_slot":"09:00","time_type":"arrival","transit_type":"bus"},"geometry":{"type":"Point","coordinates":[121.520154,25.03009]}},{"type":"Feature","properties":{"arrival_time":"09:00","cutoff":900,"departure_time":"09:00","layer":"network","minutes":15,"stop_id":"bus:101712-STOP_215863","stop_name":"民生東路口","stroke":"#F7B731","time_slot":"09:00","time_type":"arrival","transit_type":"bus"},"geometry":{"type":"Point","coordinates":[121.5301925,25.058385]}},{"type":"Feature","properties":{"arrival_time":"09:00","cutoff":900,"departure_time":"09:00","layer":"network","minutes":15,"stop_id":"bus:101712-STOP_215864","stop_name":"錦州街口","stroke":"#F7B731","time_slot":"09:00","time_type":"arrival","transit_type":"bus"},"geometry":{"type":"Point","coordinates":[121.5302585,25.0605305]}},{"type":"Feature","properties":{"arrival_time":"09:00","cutoff":900,"departure_time":"09:00","layer":"network","minutes":15,"stop_id":"bus:101712-STOP_217144","stop_name":"金山泰安街口","stroke":"#F7B731","time_slot":"09:00","time_type":"arrival","transit_type":"bus"},"geometry":{"type":"Point","coordinates":[121.52910225000001,25.040370499999998]}},{"type":"Feature","properties":{"arrival_time":"09:00","cutoff":900,"departure_time":"09:00","layer":"network","minutes":15,"stop_id":"bus:101712-STOP_217523","stop_name":"晶華飯店","stroke":"#F7B731","time_slot":"09:00","time_type":"arrival","transit_type":"bus"},"geometry":{"type":"Point","coordinates":[121.52282,25.054183]}},{"type":"Feature","properties":{"arrival_time":"09:00","cutoff":900,"departure_time":"09:00","layer":"network","minutes":15,"stop_id":"bus:101712-STOP_217525","stop_name":"臺北車站(忠孝)","stroke":"#F7B731","time_slot":"09:00","time_type":"arrival","transit_type":"bus"},"geometry":{"type":"Point","coordinates":[121.51776,25.046456]}},{"type":"Feature","properties":{"arrival_time":"09:00","cutoff":900,"departure_time":"09:00","layer":"network","minutes":15,"stop_id":"bus:101712-STOP_217695","stop_name":"水源市場","stroke":"#F7B731","time_slot":"09:00","time_type":"arrival","transit_type":"bus"},"geometry":{"type":"Point","coordinates":[121.535791,25.013102]}},{"type":"Feature","properties":{"arrival_time":"09:00","cutoff":900,"departure_time":"09:00","layer":"network","minutes":15,"stop_id":"bus:101712-STOP_22177","stop_name":"捷運東門站(金山)","stroke":"#F7B731","time_slot":"09:00","time_type":"arrival","transit_type":"bus"},"geometry":{"type":"Point","coordinates":[121.52713499999999,25.033195999999997]}},{"type":"Feature","properties":{"arrival_time":"09:00","cutoff":900,"departure_time":"09:00","layer":"network","minutes":15,"stop_id":"bus:101712-STOP_22933","stop_name":"成功中學(濟南)","stroke":"#F7B731","time_slot":"09:00","time_type":"arrival","transit_type":"bus"},"geometry":{"type":"Point","coordinates":[121.52301925,25.04239125]}},{"type":"Feature","properties":{"arrival_time":"09:00","cutoff":900,"departure_time":"09:00","layer":"network","minutes":15,"stop_id":"bus:101712-STOP_23671","stop_name":"建國中學(歷史博物館)","stroke":"#F7B731","time_slot":"09:00","time_type":"arrival","transit_type":"bus"},"geometry":{"type":"Point","coordinates":[121.512879,25.031565]}},{"type":"Feature","properties":{"arrival_time":"09:00","cutoff":900,"departure_time":"09:00","layer":"network","minutes":15,"stop_id":"bus:101712-STOP_30451","stop_name":"金山潮州街口","stroke":"#F7B731","time_slot":"09:00","time_type":"arrival","transit_type":"bus"},"geometry":{"type":"Point","coordinates":[121.52628599999998,25.028558999999998]}},{"type":"Feature","properties":{"arrival_time":"09:00","cutoff":900,"departure_time":"09:00","layer":"network","minutes":15,"stop_id":"bus:101712-STOP_30452","stop_name":"公企中心","stroke":"#F7B731","time_slot":"09:00","time_type":"arrival","transit_type":"bus"},"geometry":{"type":"Point","coordinates":[121.52670025,25.0307935]}},{"type":"Feature","properties":{"arrival_time":"09:00","cutoff":900,"departure_time":"09:00","layer":"network","minutes":15,"stop_id":"bus:101712-STOP_30454","stop_name":"仁愛路二段","stroke":"#F7B731","time_slot":"09:00","time_type":"arrival","transit_type":"bus"},"geometry":{"type":"Point","coordinates":[121.52813042857143,25.037685142857146]}},{"type":"Feature","properties":{"arrival_time":"09:00","cutoff":900,"departure_time":"09:00","layer":"network","minutes":15,"stop_id":"bus:101712-STOP_30456","stop_name":"新生南路一段","stroke":"#F7B731","time_slot":"09:00","time_type":"arrival","transit_type":"bus"},"geometry":{"type":"Point","coordinates":[121.53180000000002,25.040218999999997]}},{"type":"Feature","properties":{"arrival_time":"09:00","cutoff":900,"departure_time":"09:00","layer":"network","minutes":15,"stop_id":"bus:101712-STOP_30462","stop_name":"松江新村","stroke":"#F7B731","time_slot":"09:00","time_type":"arrival","transit_type":"bus"},"geometry":{"type":"Point","coordinates":[121.53335,25.061268]}},{"type":"Feature","properties":{"arrival_time":"09:00","cutoff":900,"departure_time":"09:00","layer":"network","minutes":15,"stop_id":"bus:101712-STOP_33246","stop_name":"漢口街","stroke":"#F7B731","time_slot":"09:00","time_type":"arrival","transit_type":"bus"},"geometry":{"type":"Point","coordinates":[121.505237,25.045991]}},{"type":"Feature","properties":{"arrival_time":"09:00","cutoff":900,"departure_time":"09:00","layer":"network","minutes":15,"stop_id":"bus:101712-STOP_34508","stop_name":"中正二分局","stroke":"#F7B731","time_slot":"09:00","time_type":"arrival","transit_type":"bus"},"geometry":{"type":"Point","coordinates":[121.51400557142858,25.032532857142858]}},{"type":"Feature","properties":{"arrival_time":"09:00","cutoff":900,"departure_time":"09:00","layer":"network","minutes":15,"stop_id":"bus:101712-STOP_35233","stop_name":"迪化街口(永樂市場)","stroke":"#F7B731","time_slot":"09:00","time_type":"arrival","transit_type":"bus"},"geometry":{"type":"Point","coordinates":[121.511243,25.053919]}},{"type":"Feature","properties":{"arrival_time":"09:00","cutoff":900,"departure_time":"09:00","layer":"network","minutes":15,"stop_id":"bus:101712-STOP_35430","stop_name":"市民林森路口","stroke":"#F7B731","time_slot":"09:00","time_type":"arrival","transit_type":"bus"},"geometry":{"type":"Point","coordinates":[121.5232335,25.04787]}},{"type":"Feature","properties":{"arrival_time":"09:00","cutoff":900,"departure_time":"09:00","layer":"network","minutes":15,"stop_id":"bus:101712-STOP_35431","stop_name":"華山公園(市民)","stroke":"#F7B731","time_slot":"09:00","time_type":"arrival","transit_type":"bus"},"geometry":{"type":"Point","coordinates":[121.526495,25.047122]}},{"type":"Feature","properties":{"arrival_time":"09:00","cutoff":900,"departure_time":"09:00","layer":"network","minutes":15,"stop_id":"bus:101712-STOP_35432","stop_name":"華山公園(市民大道一)","stroke":"#F7B731","time_slot":"09:00","time_type":"arrival","transit_type":"bus"},"geometry":{"type":"Point","coordinates":[121.528667,25.046487]}},{"type":"Feature","properties":{"arrival_time":"09:00","cutoff":900,"departure_time":"09:00","layer":"network","minutes":15,"stop_id":"bus:101712-STOP_35433","stop_name":"光華商場","stroke":"#F7B731","time_slot":"09:00","time_type":"arrival","transit_type":"bus"},"geometry":{"type":"Point","coordinates":[121.531544,25.045643]}},{"type":"Feature","properties":{"arrival_time":"09:00","cutoff":900,"departure_time":"09:00","layer":"network","minutes":15,"stop_id":"bus:101712-STOP_35434","stop_name":"懷生國宅","stroke":"#F7B731","time_slot":"09:00","time_type":"arrival","transit_type":"bus"},"geometry":{"type":"Point","coordinates":[121.535621,25.044698]}},{"type":"Feature","properties":{"arrival_time":"09:00","cutoff":900,"departure_time":"09:00","layer":"network","minutes":15,"stop_id":"bus:101712-STOP_35437","stop_name":"微風廣場","stroke":"#F7B731","time_slot":"09:00","time_type":"arrival","transit_type":"bus"},"geometry":{"type":"Point","coordinates":[121.54502,25.04474]}},{"type":"Feature","properties":{"arrival_time":"09:00","cutoff":900,"departure_time":"09:00","layer":"network","minutes":15,"stop_id":"bus:101712-STOP_36812","stop_name":"民權大龍街口","stroke":"#F7B731","time_slot":"09:00","time_type":"arrival","transit_type":"bus"},"geometry":{"type":"Point","coordinates":[121.516467,25.062976]}},{"type":"Feature","properties":{"arrival_time":"09:00","cutoff":900,"departure_time":"09:00","layer":"network","minutes":15,"stop_id":"bus:101712-STOP_38744","stop_name":"龍山寺(西園)","stroke":"#F7B731","time_slot":"09:00","time_type":"arrival","transit_type":"bus"},"geometry":{"type":"Point","coordinates":[121.499237,25.03634]}},{"type":"Feature","properties":{"arrival_time":"09:00","cutoff":900,"departure_time":"09:00","layer":"network","minutes":15,"stop_id":"bus:101712-STOP_38892","stop_name":"長安東路二段","stroke":"#F7B731","time_slot":"09:00","time_type":"arrival","transit_type":"bus"},"geometry":{"type":"Point","coordinates":[121.533116,25.049534]}},{"type":"Feature","properties":{"arrival_time":"09:00","cutoff":900,"departure_time":"09:00","layer":"network","minutes":15,"stop_id":"bus:101712-STOP_39755","stop_name":"捷運小南門站","stroke":"#F7B731","time_slot":"09:00","time_type":"arrival","transit_type":"bus"},"geometry":{"type":"Point","coordinates":[121.511867,25.035160999999995]}},{"type":"Feature","properties":{"arrival_time":"09:00","cutoff":900,"departure_time":"09:00","layer":"network","minutes":15,"stop_id":"bus:101712-STOP_39814","stop_name":"東園公園","stroke":"#F7B731","time_slot":"09:00","time_type":"arrival","transit_type":"bus"},"geometry":{"type":"Point","coordinates":[121.495968,25.021365]}},{"type":"Feature","properties":{"arrival_time":"09:00","cutoff":900,"departure_time":"09:00","layer":"network","minutes":15,"stop_id":"bus:101712-STOP_39817","stop_name":"寶興街","stroke":"#F7B731","time_slot":"09:00","time_type":"arrival","transit_type":"bus"},"geometry":{"type":"Point","coordinates":[121.494436,25.025956]}},{"type":"Feature","properties":{"arrival_time":"09:00","cutoff":900,"departure_time":"09:00","layer":"network","minutes":15,"stop_id":"bus:101712-STOP_39862","stop_name":"延平一站(長安)","stroke":"#F7B731","time_slot":"09:00","time_type":"arrival","transit_type":"bus"},"geometry":{"type":"Point","coordinates":[121.512558,25.051883]}},{"type":"Feature","properties":{"arrival_time":"09:00","cutoff":900,"departure_time":"09:00","layer":"network","minutes":15,"stop_id":"bus:101712-STOP_39869","stop_name":"長春國小","stroke":"#F7B731","time_slot":"09:00","time_type":"arrival","transit_type":"bus"},"geometry":{"type":"Point","coordinates":[121.53409,25.05472]}},{"type":"Feature","properties":{"arrival_time":"09:00","cutoff":900,"departure_time":"09:00","layer":"network","minutes":15,"stop_id":"bus:101712-STOP_39870","stop_name":"臺北大學(臺北校區)","stroke":"#F7B731","time_slot":"09:00","time_type":"arrival","transit_type":"bus"},"geometry":{"type":"Point","coordinates":[121.53808,25.054575]}},{"type":"Feature","properties":{"arrival_time":"09:00","cutoff":900,"departure_time":"09:00","layer":"network","minutes":15,"stop_id":"bus:101712-STOP_39871","stop_name":"長春市場","stroke":"#F7B731","time_slot":"09:00","time_type":"arrival","transit_type":"bus"},"geometry":{"type":"Point","coordinates":[121.541495,25.054562]}},{"type":"Feature","properties":{"arrival_time":"09:00","cutoff":900,"departure_time":"09:00","layer":"network","minutes":15,"stop_id":"bus:101712-STOP_39872","stop_name":"慶城街口","stroke":"#F7B731","time_slot":"09:00","time_type":"arrival","transit_type":"bus"},"geometry":{"type":"Point","coordinates":[121.545383,25.054472]}},{"type":"Feature","properties":{"arrival_time":"09:00","cutoff":900,"departure_time":"09:00","layer":"network","minutes":15,"stop_id":"bus:101712-STOP_40541","stop_name":"一女中(重慶)","stroke":"#F7B731","time_slot":"09:00","time_type":"arrival","transit_type":"bus"},"geometry":{"type":"Point","coordinates":[121.512761,25.037508]}},{"type":"Feature","properties":{"arrival_time":"09:00","cutoff":900,"departure_time":"09:00","layer":"network","minutes":15,"stop_id":"bus:101712-STOP_40848","stop_name":"建國錦州街口","stroke":"#F7B731","time_slot":"09:00","time_type":"arrival","transit_type":"bus"},"geometry":{"type":"Point","coordinates":[121.537253,25.059999]}},{"type":"Feature","properties":{"arrival_time":"09:00","cutoff":900,"departure_time":"09:00","layer":"network","minutes":15,"stop_id":"bus:101712-STOP_42655","stop_name":"中山里","stroke":"#F7B731","time_slot":"09:00","time_type":"arrival","transit_type":"bus"},"geometry":{"type":"Point","coordinates":[121.525348,25.05519]}},{"type":"Feature","properties":{"arrival_time":"09:00","cutoff":900,"departure_time":"09:00","layer":"network","minutes":15,"stop_id":"bus:101712-STOP_42659","stop_name":"捷運善導寺站","stroke":"#F7B731","time_slot":"09:00","time_type":"arrival","transit_type":"bus"},"geometry":{"type":"Point","coordinates":[121.523545,25.045866]}},{"type":"Feature","properties":{"arrival_time":"09:00","cutoff":900,"departure_time":"09:00","layer":"network","minutes":15,"stop_id":"bus:101712-STOP_42661","stop_name":"濟南路二段","stroke":"#F7B731","time_slot":"09:00","time_type":"arrival","transit_type":"bus"},"geometry":{"type":"Point","coordinates":[121.5269255,25.0414025]}},{"type":"Feature","properties":{"arrival_time":"09:00","cutoff":900,"departure_time":"09:00","layer":"network","minutes":15,"stop_id":"bus:101712-STOP_42662","stop_name":"濟南金山路口","stroke":"#F7B731","time_slot":"09:00","time_type":"arrival","transit_type":"bus"},"geometry":{"type":"Point","coordinates":[121.5285,25.040986]}},{"type":"Feature","properties":{"arrival_time":"09:00","cutoff":900,"departure_time":"09:00","layer":"network","minutes":15,"stop_id":"bus:101712-STOP_42956","stop_name":"民族西路","stroke":"#F7B731","time_slot":"09:00","time_type":"arrival","transit_type":"bus"},"geometry":{"type":"Point","coordinates":[121.512749,25.068586]}},{"type":"Feature","properties":{"arrival_time":"09:00","cutoff":900,"departure_time":"09:00","layer":"network","minutes":15,"stop_id":"bus:101712-STOP_43431","stop_name":"長安新生北路口","stroke":"#F7B731","time_slot":"09:00","time_type":"arrival","transit_type":"bus"},"geometry":{"type":"Point","coordinates":[121.5293,25.04879]}},{"type":"Feature","properties":{"arrival_time":"09:00","cutoff":900,"departure_time":"09:00","layer":"network","minutes":15,"stop_id":"bus:101712-STOP_43432","stop_name":"南京新生北路口","stroke":"#F7B731","time_slot":"09:00","time_type":"arrival","transit_type":"bus"},"geometry":{"type":"Point","coordinates":[121.5282,25.05085]}},{"type":"Feature","properties":{"arrival_time":"09:00","cutoff":900,"departure_time":"09:00","layer":"network","minutes":15,"stop_id":"bus:101712-STOP_43433","stop_name":"吉林國小","stroke":"#F7B731","time_slot":"09:00","time_type":"arrival","transit_type":"bus"},"geometry":{"type":"Point","coordinates":[121.52765,25.05411]}},{"type":"Feature","properties":{"arrival_time":"09:00","cutoff":900,"departure_time":"09:00","layer":"network","minutes":15,"stop_id":"bus:101712-STOP_43434","stop_name":"中山老人住宅","stroke":"#F7B731","time_slot":"09:00","time_type":"arrival","transit_type":"bus"},"geometry":{"type":"Point","coordinates":[121.52781,25.05699]}},{"type":"Feature","properties":{"arrival_time":"09:00","cutoff":900,"departure_time":"09:00","layer":"network","minutes":15,"stop_id":"bus:101712-STOP_43838","stop_name":"康定路口","stroke":"#F7B731","time_slot":"09:00","time_type":"arrival","transit_type":"bus"},"geometry":{"type":"Point","coordinates":[121.502402,25.040579]}},{"type":"Feature","properties":{"arrival_time":"09:00","cutoff":900,"departure_time":"09:00","layer":"network","minutes":15,"stop_id":"bus:101712-STOP_56098","stop_name":"台北銀行","stroke":"#F7B731","time_slot":"09:00","time_type":"arrival","transit_type":"bus"},"geometry":{"type":"Point","coordinates":[121.530053,25.056343]}},{"type":"Feature","properties":{"arrival_time":"09:00","cutoff":900,"departure_time":"09:00","layer":"network","minutes":15,"stop_id":"bus:101712-STOP_56100","stop_name":"長安國小(吉林)","stroke":"#F7B731","time_slot":"09:00","time_type":"arrival","transit_type":"bus"},"geometry":{"type":"Point","coordinates":[121.529929,25.051342]}},{"type":"Feature","properties":{"arrival_time":"09:00","cutoff":900,"departure_time":"09:00","layer":"network","minutes":15,"stop_id":"bus:101712-STOP_58652","stop_name":"仁愛林森路口","stroke":"#F7B731","time_slot":"09:00","time_type":"arrival","transit_type":"bus"},"geometry":{"type":"Point","coordinates":[121.521879,25.040352]}},{"type":"Feature","properties":{"arrival_time":"09:00","cutoff":900,"departure_time":"09:00","layer":"network","minutes":15,"stop_id":"bus:101712-STOP_59571","stop_name":"中山女高","stroke":"#F7B731","time_slot":"09:00","time_type":"arrival","transit_type":"bus"},"geometry":{"type":"Point","coordinates":[121.535846,25.048321]}},{"type":"Feature","properties":{"arrival_time":"09:00","cutoff":900,"departure_time":"09:00","layer":"network","minutes":15,"stop_id":"bus:101712-STOP_59619","stop_name":"捷運公館站","stroke":"#F7B731","time_slot":"09:00","time_type":"arrival","transit_type":"bus"},"geometry":{"type":"Point","coordinates":[121.534086,25.015228]}},{"type":"Feature","properties":{"arrival_time":"09:00","cutoff":900,"departure_time":"09:00","layer":"network","minutes":15,"stop_id":"jumpfrog:101712-STOP_185280","stop_name":"啟聰學校","stroke":"#A55EEA","time_slot":"09:00","time_type":"arrival","transit_type":"jumpfrog"},"geometry":{"type":"Point","coordinates":[121.513689,25.07451]}},{"type":"Feature","properties":{"arrival_time":"09:00","cutoff":900,"departure_time":"09:00","layer":"network","minutes":15,"stop_id":"jumpfrog:101712-STOP_185281","stop_name":"酒泉重慶路口","stroke":"#A55EEA","time_slot":"09:00","time_type":"arrival","transit_type":"jumpfrog"},"geometry":{"type":"Point","coordinates":[121.51367,25.07328]}},{"type":"Feature","properties":{"arrival_time":"09:00","cutoff":900,"departure_time":"09:00","layer":"network","minutes":15,"stop_id":"jumpfrog:101712-STOP_185282","stop_name":"民族重慶路口","stroke":"#A55EEA","time_slot":"09:00","time_type":"arrival","transit_type":"jumpfrog"},"geometry":{"type":"Point","coordinates":[121.51425,25.06854]}},{"type":"Feature","properties":{"arrival_time":"09:00","cutoff":900,"departure_time":"09:00","layer":"network","minutes":15,"stop_id":"jumpfrog:101712-STOP_185283","stop_name":"蘭州國中","stroke":"#A55EEA","time_slot":"09:00","time_type":"arrival","transit_type":"jumpfrog"},"geometry":{"type":"Point","coordinates":[121.51626,25.06847]}},{"type":"Feature","properties":{"arrival_time":"09:00","cutoff":900,"departure_time":"09:00","layer":"network","minutes":15,"stop_id":"jumpfrog:101712-STOP_185284","stop_name":"民族承德路口","stroke":"#A55EEA","time_slot":"09:00","time_type":"arrival","transit_type":"jumpfrog"},"geometry":{"type":"Point","coordinates":[121.518549,25.06894]}},{"type":"Feature","properties":{"arrival_time":"09:00","cutoff":900,"departure_time":"09:00","layer":"network","minutes":15,"stop_id":"jumpfrog:101712-STOP_185285","stop_name":"捷運圓山站(圓山轉運站)","stroke":"#A55EEA","time_slot":"09:00","time_type":"arrival","transit_type":"jumpfrog"},"geometry":{"type":"Point","coordinates":[121.520043,25.07157]}},{"type":"Feature","properties":{"arrival_time":"09:00","cutoff":900,"departure_time":"09:00","layer":"network","minutes":15,"stop_id":"jumpfrog:101712-STOP_187622","stop_name":"萬華車站","stroke":"#A55EEA","time_slot":"09:00","time_type":"arrival","transit_type":"jumpfrog"},"geometry":{"type":"Point","coordinates":[121.50076,25.032838]}},{"type":"Feature","properties":{"arrival_time":"09:00","cutoff":900,"departure_time":"09:00","layer":"network","minutes":15,"stop_id":"jumpfrog:101712-STOP_187623","stop_name":"捷運西門站","stroke":"#A55EEA","time_slot":"09:00","time_type":"arrival","transit_type":"jumpfrog"},"geometry":{"type":"Point","coordinates":[121.508219,25.040946]}},{"type":"Feature","properties":{"arrival_time":"09:00","cutoff":900,"departure_time":"09:00","layer":"network","minutes":15,"stop_id":"jumpfrog:101712-STOP_187624","stop_name":"寶慶路","stroke":"#A55EEA","time_slot":"09:00","time_type":"arrival","transit_type":"jumpfrog"},"geometry":{"type":"Point","coordinates":[121.509834,25.041492]}},{"type":"Feature","properties":{"arrival_time":"09:00","cutoff":900,"departure_time":"09:00","layer":"network","minutes":15,"stop_id":"jumpfrog:101712-STOP_187625","stop_name":"博物館(襄陽)","stroke":"#A55EEA","time_slot":"09:00","time_type":"arrival","transit_type":"jumpfrog"},"geometry":{"type":"Point","coordinates":[121.514667,25.043373]}},{"type":"Feature","properties":{"arrival_time":"09:00","cutoff":900,"departure_time":"09:00","layer":"network","minutes":15,"stop_id":"jumpfrog:101712-STOP_187626","stop_name":"捷運台大醫院站","stroke":"#A55EEA","time_slot":"09:00","time_type":"arrival","transit_type":"jumpfrog"},"geometry":{"type":"Point","coordinates":[121.516148,25.041936]}},{"type":"Feature","properties":{"arrival_time":"09:00","cutoff":900,"departure_time":"09:00","layer":"network","minutes":15,"stop_id":"jumpfrog:101712-STOP_187918","stop_name":"捷運圓山站(圓山轉運站)","stroke":"#A55EEA","time_slot":"09:00","time_type":"arrival","transit_type":"jumpfrog"},"geometry":{"type":"Point","coordinates":[121.520043,25.07157]}},{"type":"Feature","properties":{"arrival_time":"09:00","cutoff":900,"departure_time":"09:00","layer":"network","minutes":15,"stop_id":"jumpfrog:101712-STOP_187919","stop_name":"庫倫街","stroke":"#A55EEA","time_slot":"09:00","time_type":"arrival","transit_type":"jumpfrog"},"geometry":{"type":"Point","coordinates":[121.517684,25.072013]}},{"type":"Feature","properties":{"arrival_time":"09:00","cutoff":900,"departure_time":"09:00","layer":"network","minutes":15,"stop_id":"jumpfrog:101712-STOP_187920","stop_name":"大龍峒保安宮","stroke":"#A55EEA","time_slot":"09:00","time_type":"arrival","transit_type":"jumpfrog"},"geometry":{"type":"Point","coordinates":[121.515621,25.072091]}},{"type":"Feature","properties":{"arrival_time":"09:00","cutoff":900,"departure_time":"09:00","layer":"network","minutes":15,"stop_id":"jumpfrog:101712-STOP_187921","stop_name":"酒泉重慶路口","stroke":"#A55EEA","time_slot":"09:00","time_type":"arrival","transit_type":"jumpfrog"},"geometry":{"type":"Point","coordinates":[121.514591,25.072042]}},{"type":"Feature","properties":{"arrival_time":"09:00","cutoff":900,"departure_time":"09:00","layer":"network","minutes":15,"stop_id":"jumpfrog:101712-STOP_187922","stop_name":"啟聰學校","stroke":"#A55EEA","time_slot":"09:00","time_type":"arrival","transit_type":"jumpfrog"},"geometry":{"type":"Point","coordinates":[121.514003,25.07431]}},{"type":"Feature","properties":{"arrival_time":"09:00","cutoff":900,"departure_time":"09:00","layer":"network","minutes":15,"stop_id":"jumpfrog:101712-STOP_192858","stop_name":"捷運新埔站","stroke":"#A55EEA","time_slot":"09:00","time_type":"arrival","transit_type":"jumpfrog"},"geometry":{"type":"Point","coordinates":[121.467161,25.023861]}},{"type":"Feature","properties":{"arrival_time":"09:00","cutoff":900,"departure_time":"09:00","layer":"network","minutes":15,"stop_id":"jumpfrog:101712-STOP_193291","stop_name":"萬華車站","stroke":"#A55EEA","time_slot":"09:00","time_type":"arrival","transit_type":"jumpfrog"},"geometry":{"type":"Point","coordinates":[121.50076,25.032838]}},{"type":"Feature","properties":{"arrival_time":"09:00","cutoff":900,"departure_time":"09:00","layer":"network","minutes":15,"stop_id":"jumpfrog:101712-STOP_193292","stop_name":"聯合醫院和平院區","stroke":"#A55EEA","time_slot":"09:00","time_type":"arrival","transit_type":"jumpfrog"},"geometry":{"type":"Point","coordinates":[121.506607,25.0357]}},{"type":"Feature","properties":{"arrival_time":"09:00","cutoff":900,"departure_time":"09:00","layer":"network","minutes":15,"stop_id":"jumpfrog:101712-STOP_193293","stop_name":"捷運西門站","stroke":"#A55EEA","time_slot":"09:00","time_type":"arrival","transit_type":"jumpfrog"},"geometry":{"type":"Point","coordinates":[121.508219,25.040946]}},{"type":"Feature","properties":{"arrival_time":"09:00","cutoff":900,"departure_time":"09:00","layer":"network","minutes":15,"stop_id":"jumpfrog:101712-STOP_193294","stop_name":"捷運中正紀念堂站(中山)","stroke":"#A55EEA","time_slot":"09:00","time_type":"arrival","transit_type":"jumpfrog"},"geometry":{"type":"Point","coordinates":[121.51673,25.03643]}},{"type":"Feature","properties":{"arrival_time":"09:00","cutoff":900,"departure_time":"09:00","layer":"network","minutes":15,"stop_id":"jumpfrog:101712-STOP_193295","stop_name":"民權復興路口","stroke":"#A55EEA","time_slot":"09:00","time_type":"arrival","transit_type":"jumpfrog"},"geometry":{"type":"Point","coordinates":[121.543869,25.062272]}},{"type":"Feature","properties":{"arrival_time":"09:00","cutoff":900,"departure_time":"09:00","layer":"network","minutes":15,"stop_id":"jumpfrog:101712-STOP_194080","stop_name":"啟聰學校","stroke":"#A55EEA","time_slot":"09:00","time_type":"arrival","transit_type":"jumpfrog"},"geometry":{"type":"Point","coordinates":[121.513689,25.07451]}},{"type":"Feature","properties":{"arrival_time":"09:00","cutoff":900,"departure_time":"09:00","layer":"network","minutes":15,"stop_id":"jumpfrog:101712-STOP_194081","stop_name":"捷運圓山站(圓山轉運站)","stroke":"#A55EEA","time_slot":"09:00","time_type":"arrival","transit_type":"jumpfrog"},"geometry":{"type":"Point","coordinates":[121.520043,25.07157]}},{"type":"Feature","properties":{"arrival_time":"09:00","cutoff":900,"departure_time":"09:00","layer":"network","minutes":15,"stop_id":"jumpfrog:101712-STOP_194083","stop_name":"啟聰學校","stroke":"#A55EEA","time_slot":"09:00","time_type":"arrival","transit_type":"jumpfrog"},"geometry":{"type":"Point","coordinates":[121.514003,25.07431]}},{"type":"Feature","properties":{"arrival_time":"09:00","cutoff":900,"departure_time":"09:00","layer":"network","minutes":15,"stop_id":"jumpfrog:101712-STOP_194806","stop_name":"捷運新埔站","stroke":"#A55EEA","time_slot":"09:00","time_type":"arrival","transit_type":"jumpfrog"},"geometry":{"type":"Point","coordinates":[121.467161,25.023861]}},{"type":"Feature","properties":{"arrival_time":"09:00","cutoff":900,"departure_time":"09:00","layer":"network","minutes":15,"stop_id":"jumpfrog:101712-STOP_195761","stop_name":"松山車站","stroke":"#A55EEA","time_slot":"09:00","time_type":"arrival","transit_type":"jumpfrog"},"geometry":{"type":"Point","coordinates":[121.578206,25.049806]}},{"type":"Feature","properties":{"arrival_time":"09:00","cutoff":900,"departure_time":"09:00","layer":"network","minutes":15,"stop_id":"jumpfrog:101712-STOP_195762","stop_name":"松山車站","stroke":"#A55EEA","time_slot":"09:00","time_type":"arrival","transit_type":"jumpfrog"},"geometry":{"type":"Point","coordinates":[121.578206,25.049806]}},{"type":"Feature","properties":{"arrival_time":"09:00","cutoff":900,"departure_time":"09:00","layer":"network","minutes":15,"stop_id":"jumpfrog:101712-STOP_195804","stop_name":"松山車站","stroke":"#A55EEA","time_slot":"09:00","time_type":"arrival","transit_type":"jumpfrog"},"geometry":{"type":"Point","coordinates":[121.578206,25.049806]}},{"type":"Feature","properties":{"arrival_time":"09:00","cutoff":900,"departure_time":"09:00","layer":"network","minutes":15,"stop_id":"jumpfrog:101712-STOP_195805","stop_name":"松山車站","stroke":"#A55EEA","time_slot":"09:00","time_type":"arrival","transit_type":"jumpfrog"},"geometry":{"type":"Point","coordinates":[121.578206,25.049806]}},{"type":"Feature","properties":{"arrival_time":"09:00","cutoff":900,"departure_time":"09:00","layer":"network","minutes":15,"stop_id":"jumpfrog:101712-STOP_196229","stop_name":"捷運市政府站","stroke":"#A55EEA","time_slot":"09:00","time_type":"arrival","transit_type":"jumpfrog"},"geometry":{"type":"Point","coordinates":[121.565249,25.040991]}},{"type":"Feature","properties":{"arrival_time":"09:00","cutoff":900,"departure_time":"09:00","layer":"network","minutes":15,"stop_id":"jumpfrog:101712-STOP_196400","stop_name":"行天宮","stroke":"#A55EEA","time_slot":"09:00","time_type":"arrival","transit_type":"jumpfrog"},"geometry":{"type":"Point","coordinates":[121.53307,25.06338]}},{"type":"Feature","properties":{"arrival_time":"09:00","cutoff":900,"departure_time":"09:00","layer":"network","minutes":15,"stop_id":"jumpfrog:101712-STOP_196401","stop_name":"捷運行天宮站(松江路)","stroke":"#A55EEA","time_slot":"09:00","time_type":"arrival","transit_type":"jumpfrog"},"geometry":{"type":"Point","coordinates":[121.533133,25.060643]}},{"type":"Feature","properties":{"arrival_time":"09:00","cutoff":900,"departure_time":"09:00","layer":"network","minutes":15,"stop_id":"jumpfrog:101712-STOP_198933","stop_name":"捷運新埔站","stroke":"#A55EEA","time_slot":"09:00","time_type":"arrival","transit_type":"jumpfrog"},"geometry":{"type":"Point","coordinates":[121.467161,25.023861]}},{"type":"Feature","properties":{"arrival_time":"09:00","cutoff":900,"departure_time":"09:00","layer":"network","minutes":15,"stop_id":"jumpfrog:101712-STOP_205132","stop_name":"庫倫街口","stroke":"#A55EEA","time_slot":"09:00","time_type":"arrival","transit_type":"jumpfrog"},"geometry":{"type":"Point","coordinates":[121.518334,25.071066]}},{"type":"Feature","properties":{"arrival_time":"09:00","cutoff":900,"departure_time":"09:00","layer":"network","minutes":15,"stop_id":"jumpfrog:101712-STOP_205133","stop_name":"成淵高中","stroke":"#A55EEA","time_slot":"09:00","time_type":"arrival","transit_type":"jumpfrog"},"geometry":{"type":"Point","coordinates":[121.518101,25.061107]}},{"type":"Feature","properties":{"arrival_time":"09:00","cutoff":900,"departure_time":"09:00","layer":"network","minutes":15,"stop_id":"jumpfrog:101712-STOP_205134","stop_name":"民生西路口","stroke":"#A55EEA","time_slot":"09:00","time_type":"arrival","transit_type":"jumpfrog"},"geometry":{"type":"Point","coordinates":[121.51799,25.056726]}},{"type":"Feature","properties":{"arrival_time":"09:00","cutoff":900,"departure_time":"09:00","layer":"network","minutes":15,"stop_id":"jumpfrog:101712-STOP_205135","stop_name":"臺北車站(承德)","stroke":"#A55EEA","time_slot":"09:00","time_type":"arrival","transit_type":"jumpfrog"},"geometry":{"type":"Point","coordinates":[121.516773,25.050735]}},{"type":"Feature","properties":{"arrival_time":"09:00","cutoff":900,"departure_time":"09:00","layer":"network","minutes":15,"stop_id":"jumpfrog:101712-STOP_205149","stop_name":"松山機場","stroke":"#A55EEA","time_slot":"09:00","time_type":"arrival","transit_type":"jumpfrog"},"geometry":{"type":"Point","coordinates":[121.55137,25.063262]}},{"type":"Feature","properties":{"arrival_time":"09:00","cutoff":900,"departure_time":"09:00","layer":"network","minutes":15,"stop_id":"jumpfrog:101712-STOP_205150","stop_name":"忠孝敦化路口","stroke":"#A55EEA","time_slot":"09:00","time_type":"arrival","transit_type":"jumpfrog"},"geometry":{"type":"Point","coordinates":[121.548754,25.041866]}},{"type":"Feature","properties":{"arrival_time":"09:00","cutoff":900,"departure_time":"09:00","layer":"network","minutes":15,"stop_id":"jumpfrog:101712-STOP_206053","stop_name":"啟聰學校","stroke":"#A55EEA","time_slot":"09:00","time_type":"arrival","transit_type":"jumpfrog"},"geometry":{"type":"Point","coordinates":[121.513689,25.07451]}},{"type":"Feature","properties":{"arrival_time":"09:00","cutoff":900,"departure_time":"09:00","layer":"network","minutes":15,"stop_id":"jumpfrog:101712-STOP_206247","stop_name":"捷運頂溪站","stroke":"#A55EEA","time_slot":"09:00","time_type":"arrival","transit_type":"jumpfrog"},"geometry":{"type":"Point","coordinates":[121.515273,25.01258]}},{"type":"Feature","properties":{"arrival_time":"09:00","cutoff":900,"departure_time":"09:00","layer":"network","minutes":15,"stop_id":"jumpfrog:101712-STOP_207038","stop_name":"仁愛路","stroke":"#A55EEA","time_slot":"09:00","time_type":"arrival","transit_type":"jumpfrog"},"geometry":{"type":"Point","coordinates":[121.514536,25.013404]}},{"type":"Feature","properties":{"arrival_time":"09:00","cutoff":900,"departure_time":"09:00","layer":"network","minutes":15,"stop_id":"jumpfrog:101712-STOP_207463","stop_name":"捷運頂溪站","stroke":"#A55EEA","time_slot":"09:00","time_type":"arrival","transit_type":"jumpfrog"},"geometry":{"type":"Point","coordinates":[121.515577,25.01443]}},{"type":"Feature","properties":{"arrival_time":"09:00","cutoff":900,"departure_time":"09:00","layer":"network","minutes":15,"stop_id":"jumpfrog:101712-STOP_207464","stop_name":"中興街口","stroke":"#A55EEA","time_slot":"09:00","time_type":"arrival","transit_type":"jumpfrog"},"geometry":{"type":"Point","coordinates":[121.514746,25.011596]}},{"type":"Feature","properties":{"arrival_time":"09:00","cutoff":900,"departure_time":"09:00","layer":"network","minutes":15,"stop_id":"jumpfrog:101712-STOP_207616","stop_name":"啟聰學校","stroke":"#A55EEA","time_slot":"09:00","time_type":"arrival","transit_type":"jumpfrog"},"geometry":{"type":"Point","coordinates":[121.513689,25.07451]}},{"type":"Feature","properties":{"arrival_time":"09:00","cutoff":900,"departure_time":"09:00","layer":"network","minutes":15,"stop_id":"jumpfrog:101712-STOP_207617","stop_name":"捷運圓山站(圓山轉運站)","stroke":"#A55EEA","time_slot":"09:00","time_type":"arrival","transit_type":"jumpfrog"},"geometry":{"type":"Point","coordinates":[121.520043,25.07157]}},{"type":"Feature","properties":{"arrival_time":"09:00","cutoff":900,"departure_time":"09:00","layer":"network","minutes":15,"stop_id":"jumpfrog:101712-STOP_212842","stop_name":"松山車站","stroke":"#A55EEA","time_slot":"09:00","time_type":"arrival","transit_type":"jumpfrog"},"geometry":{"type":"Point","coordinates":[121.578206,25.049806]}},{"type":"Feature","properties":{"arrival_time":"09:00","cutoff":900,"departure_time":"09:00","layer":"network","minutes":15,"stop_id":"jumpfrog:101712-STOP_212843","stop_name":"松山車站","stroke":"#A55EEA","time_slot":"09:00","time_type":"arrival","transit_type":"jumpfrog"},"geometry":{"type":"Point","coordinates":[121.578206,25.049806]}},{"type":"Feature","properties":{"arrival_time":"09:00","cutoff":900,"departure_time":"09:00","layer":"network","minutes":15,"stop_id":"jumpfrog:101712-STOP_218503","stop_name":"捷運忠孝復興站","stroke":"#A55EEA","time_slot":"09:00","time_type":"arrival","transit_type":"jumpfrog"},"geometry":{"type":"Point","coordinates":[121.543572,25.040903]}},{"type":"Feature","properties":{"arrival_time":"09:00","cutoff":900,"departure_time":"09:00","layer":"network","minutes":15,"stop_id":"jumpfrog:101712-STOP_221540","stop_name":"捷運科技大樓站","stroke":"#A55EEA","time_slot":"09:00","time_type":"arrival","transit_type":"jumpfrog"},"geometry":{"type":"Point","coordinates":[121.543578,25.025986]}},{"type":"Feature","properties":{"arrival_time":"09:00","cutoff":900,"departure_time":"09:00","layer":"network","minutes":15,"stop_id":"jumpfrog:101712-STOP_221541","stop_name":"捷運大安站(復興)","stroke":"#A55EEA","time_slot":"09:00","time_type":"arrival","transit_type":"jumpfrog"},"geometry":{"type":"Point","coordinates":[121.54387,25.0341]}},{"type":"Feature","properties":{"arrival_time":"09:00","cutoff":900,"departure_time":"09:00","layer":"network","minutes":15,"stop_id":"jumpfrog:101712-STOP_221542","stop_name":"捷運忠孝復興站","stroke":"#A55EEA","time_slot":"09:00","time_type":"arrival","transit_type":"jumpfrog"},"geometry":{"type":"Point","coordinates":[121.54391,25.042932]}},{"type":"Feature","properties":{"arrival_time":"09:00","cutoff":900,"departure_time":"09:00","layer":"network","minutes":15,"stop_id":"jumpfrog:101712-STOP_222329","stop_name":"民權復興路口","stroke":"#A55EEA","time_slot":"09:00","time_type":"arrival","transit_type":"jumpfrog"},"geometry":{"type":"Point","coordinates":[121.543869,25.062272]}},{"type":"Feature","properties":{"arrival_time":"09:00","cutoff":900,"departure_time":"09:00","layer":"network","minutes":15,"stop_id":"rail:BL07","stop_name":"板橋","stroke":"#20BF6B","time_slot":"09:00","time_type":"arrival","transit_type":"rail"},"geometry":{"type":"Point","coordinates":[121.462671,25.014098]}},{"type":"Feature","properties":{"arrival_time":"09:00","cutoff":900,"departure_time":"09:00","layer":"network","minutes":15,"stop_id":"rail:BL08","stop_name":"新埔","stroke":"#20BF6B","time_slot":"09:00","time_type":"arrival","transit_type":"rail"},"geometry":{"type":"Point","coordinates":[121.468363,25.023736]}},{"type":"Feature","properties":{"arrival_time":"09:00","cutoff":900,"departure_time":"09:00","layer":"network","minutes":15,"stop_id":"rail:BL09","stop_name":"江子翠","stroke":"#20BF6B","time_slot":"09:00","time_type":"arrival","transit_type":"rail"},"geometry":{"type":"Point","coordinates":[121.47257,25.030265]}},{"type":"Feature","properties":{"arrival_time":"09:00","cutoff":900,"departure_time":"09:00","layer":"network","minutes":15,"stop_id":"rail:BL10","stop_name":"龍山寺","stroke":"#20BF6B","time_slot":"09:00","time_type":"arrival","transit_type":"rail"},"geometry":{"type":"Point","coordinates":[121.500325,25.03528]}},{"type":"Feature","properties":{"arrival_time":"09:00","cutoff":900,"departure_time":"09:00","layer":"network","minutes":15,"stop_id":"rail:BL11","stop_name":"西門","stroke":"#20BF6B","time_slot":"09:00","time_type":"arrival","transit_type":"rail"},"geometry":{"type":"Point","coordinates":[121.508511,25.042274]}},{"type":"Feature","properties":{"arrival_time":"09:00","cutoff":900,"departure_time":"09:00","layer":"network","minutes":15,"stop_id":"rail:BL12","stop_name":"台北車站","stroke":"#20BF6B","time_slot":"09:00","time_type":"arrival","transit_type":"rail"},"geometry":{"type":"Point","coordinates":[121.517415,25.04631]}},{"type":"Feature","properties":{"arrival_time":"09:00","cutoff":900,"departure_time":"09:00","layer":"network","minutes":15,"stop_id":"rail:BL13","stop_name":"善導寺","stroke":"#20BF6B","time_slot":"09:00","time_type":"arrival","transit_type":"rail"},"geometry":{"type":"Point","coordinates":[121.523885,25.04468]}},{"type":"Feature","properties":{"arrival_time":"09:00","cutoff":900,"departure_time":"09:00","layer":"network","minutes":15,"stop_id":"rail:BL14","stop_name":"忠孝新生","stroke":"#20BF6B","time_slot":"09:00","time_type":"arrival","transit_type":"rail"},"geometry":{"type":"Point","coordinates":[121.5328,25.0423]}},{"type":"Feature","properties":{"arrival_time":"09:00","cutoff":900,"departure_time":"09:00","layer":"network","minutes":15,"stop_id":"rail:BL15","stop_name":"忠孝復興","stroke":"#20BF6B","time_slot":"09:00","time_type":"arrival","transit_type":"rail"},"geometry":{"type":"Point","coordinates":[121.543769,25.041633]}},{"type":"Feature","properties":{"arrival_time":"09:00","cutoff":900,"departure_time":"09:00","layer":"network","minutes":15,"stop_id":"rail:BL16","stop_name":"忠孝敦化","stroke":"#20BF6B","time_slot":"09:00","time_type":"arrival","transit_type":"rail"},"geometry":{"type":"Point","coordinates":[121.55045,25.041505]}},{"type":"Feature","properties":{"arrival_time":"09:00","cutoff":900,"departure_time":"09:00","layer":"network","minutes":15,"stop_id":"rail:BL17","stop_name":"國父紀念館","stroke":"#20BF6B","time_slot":"09:00","time_type":"arrival","transit_type":"rail"},"geometry":{"type":"Point","coordinates":[121.557815,25.04137]}},{"type":"Feature","properties":{"arrival_time":"09:00","cutoff":900,"departure_time":"09:00","layer":"network","minutes":15,"stop_id":"rail:BL18","stop_name":"市政府","stroke":"#20BF6B","time_slot":"09:00","time_type":"arrival","transit_type":"rail"},"geometry":{"type":"Point","coordinates":[121.565685,25.041135]}},{"type":"Feature","properties":{"arrival_time":"09:00","cutoff":900,"departure_time":"09:00","layer":"network","minutes":15,"stop_id":"rail:BR08","stop_name":"科技大樓","stroke":"#20BF6B","time_slot":"09:00","time_type":"arrival","transit_type":"rail"},"geometry":{"type":"Point","coordinates":[121.543462,25.02612]}},{"type":"Feature","properties":{"arrival_time":"09:00","cutoff":900,"departure_time":"09:00","layer":"network","minutes":15,"stop_id":"rail:BR09","stop_name":"大安","stroke":"#20BF6B","time_slot":"09:00","time_type":"arrival","transit_type":"rail"},"geometry":{"type":"Point","coordinates":[121.54237,25.033311]}},{"type":"Feature","properties":{"arrival_time":"09:00","cutoff":900,"departure_time":"09:00","layer":"network","minutes":15,"stop_id":"rail:BR10","stop_name":"忠孝復興","stroke":"#20BF6B","time_slot":"09:00","time_type":"arrival","transit_type":"rail"},"geometry":{"type":"Point","coordinates":[121.543703,25.041104]}},{"type":"Feature","properties":{"arrival_time":"09:00","cutoff":900,"departure_time":"09:00","layer":"network","minutes":15,"stop_id":"rail:BR11","stop_name":"南京復興","stroke":"#20BF6B","time_slot":"09:00","time_type":"arrival","transit_type":"rail"},"geometry":{"type":"Point","coordinates":[121.544303,25.052044]}},{"type":"Feature","properties":{"arrival_time":"09:00","cutoff":900,"departure_time":"09:00","layer":"network","minutes":15,"stop_id":"rail:BR12","stop_name":"中山國中","stroke":"#20BF6B","time_slot":"09:00","time_type":"arrival","transit_type":"rail"},"geometry":{"type":"Point","coordinates":[121.544215,25.06085]}},{"type":"Feature","properties":{"arrival_time":"09:00","cutoff":900,"departure_time":"09:00","layer":"network","minutes":15,"stop_id":"rail:BR13","stop_name":"松山機場","stroke":"#20BF6B","time_slot":"09:00","time_type":"arrival","transit_type":"rail"},"geometry":{"type":"Point","coordinates":[121.55162,25.063111]}},{"type":"Feature","properties":{"arrival_time":"09:00","cutoff":900,"departure_time":"09:00","layer":"network","minutes":15,"stop_id":"rail:G06","stop_name":"萬隆","stroke":"#20BF6B","time_slot":"09:00","time_type":"arrival","transit_type":"rail"},"geometry":{"type":"Point","coordinates":[121.539008,25.001978]}},{"type":"Feature","properties":{"arrival_time":"09:00","cutoff":900,"departure_time":"09:00","layer":"network","minutes":15,"stop_id":"rail:G07","stop_name":"公館","stroke":"#20BF6B","time_slot":"09:00","time_type":"arrival","transit_type":"rail"},"geometry":{"type":"Point","coordinates":[121.534358,25.014781]}},{"type":"Feature","properties":{"arrival_time":"09:00","cutoff":900,"departure_time":"09:00","layer":"network","minutes":15,"stop_id":"rail:G08","stop_name":"台電大樓","stroke":"#20BF6B","time_slot":"09:00","time_type":"arrival","transit_type":"rail"},"geometry":{"type":"Point","coordinates":[121.528143,25.020733]}},{"type":"Feature","properties":{"arrival_time":"09:00","cutoff":900,"departure_time":"09:00","layer":"network","minutes":15,"stop_id":"rail:G09","stop_name":"古亭","stroke":"#20BF6B","time_slot":"09:00","time_type":"arrival","transit_type":"rail"},"geometry":{"type":"Point","coordinates":[121.522868,25.026373]}},{"type":"Feature","properties":{"arrival_time":"09:00","cutoff":900,"departure_time":"09:00","layer":"network","minutes":15,"stop_id":"rail:G10","stop_name":"中正紀念堂","stroke":"#20BF6B","time_slot":"09:00","time_type":"arrival","transit_type":"rail"},"geometry":{"type":"Point","coordinates":[121.518273,25.032767]}},{"type":"Feature","properties":{"arrival_time":"09:00","cutoff":900,"departure_time":"09:00","layer":"network","minutes":15,"stop_id":"rail:G11","stop_name":"小南門","stroke":"#20BF6B","time_slot":"09:00","time_type":"arrival","transit_type":"rail"},"geometry":{"type":"Point","coordinates":[121.510798,25.035619]}},{"type":"Feature","properties":{"arrival_time":"09:00","cutoff":900,"departure_time":"09:00","layer":"network","minutes":15,"stop_id":"rail:G12","stop_name":"西門","stroke":"#20BF6B","time_slot":"09:00","time_type":"arrival","transit_type":"rail"},"geometry":{"type":"Point","coordinates":[121.508511,25.042274]}},{"type":"Feature","properties":{"arrival_time":"09:00","cutoff":900,"departure_time":"09:00","layer":"network","minutes":15,"stop_id":"rail:G13","stop_name":"北門","stroke":"#20BF6B","time_slot":"09:00","time_type":"arrival","transit_type":"rail"},"geometry":{"type":"Point","coordinates":[121.510184,25.049554]}},{"type":"Feature","properties":{"arrival_time":"09:00","cutoff":900,"departure_time":"09:00","layer":"network","minutes":15,"stop_id":"rail:G14","stop_name":"中山","stroke":"#20BF6B","time_slot":"09:00","time_type":"arrival","transit_type":"rail"},"geometry":{"type":"Point","coordinates":[121.520364,25.052621]}},{"type":"Feature","properties":{"arrival_time":"09:00","cutoff":900,"departure_time":"09:00","layer":"network","minutes":15,"stop_id":"rail:G15","stop_name":"松江南京","stroke":"#20BF6B","time_slot":"09:00","time_type":"arrival","transit_type":"rail"},"geometry":{"type":"Point","coordinates":[121.53285,25.052693]}},{"type":"Feature","properties":{"arrival_time":"09:00","cutoff":900,"departure_time":"09:00","layer":"network","minutes":15,"stop_id":"rail:G16","stop_name":"南京復興","stroke":"#20BF6B","time_slot":"09:00","time_type":"arrival","transit_type":"rail"},"geometry":{"type":"Point","coordinates":[121.544303,25.052044]}},{"type":"Feature","properties":{"arrival_time":"09:00","cutoff":900,"departure_time":"09:00","layer":"network","minutes":15,"stop_id":"rail:G17","stop_name":"台北小巨蛋","stroke":"#20BF6B","time_slot":"09:00","time_type":"arrival","transit_type":"rail"},"geometry":{"type":"Point","coordinates":[121.552549,25.05152]}},{"type":"Feature","properties":{"arrival_time":"09:00","cutoff":900,"departure_time":"09:00","layer":"network","minutes":15,"stop_id":"rail:G18","stop_name":"南京三民","stroke":"#20BF6B","time_slot":"09:00","time_type":"arrival","transit_type":"rail"},"geometry":{"type":"Point","coordinates":[121.56471,25.051588]}},{"type":"Feature","properties":{"arrival_time":"09:00","cutoff":900,"departure_time":"09:00","layer":"network","minutes":15,"stop_id":"rail:G19","stop_name":"松山","stroke":"#20BF6B","time_slot":"09:00","time_type":"arrival","transit_type":"rail"},"geometry":{"type":"Point","coordinates":[121.577706,25.050118]}},{"type":"Feature","properties":{"arrival_time":"09:00","cutoff":900,"departure_time":"09:00","layer":"network","minutes":15,"stop_id":"rail:O03","stop_name":"永安市場","stroke":"#20BF6B","time_slot":"09:00","time_type":"arrival","transit_type":"rail"},"geometry":{"type":"Point","coordinates":[121.511225,25.002895]}},{"type":"Feature","properties":{"arrival_time":"09:00","cutoff":900,"departure_time":"09:00","layer":"network","minutes":15,"stop_id":"rail:O04","stop_name":"頂溪","stroke":"#20BF6B","time_slot":"09:00","time_type":"arrival","transit_type":"rail"},"geometry":{"type":"Point","coordinates":[121.515398,25.01308]}},{"type":"Feature","properties":{"arrival_time":"09:00","cutoff":900,"departure_time":"09:00","layer":"network","minutes":15,"stop_id":"rail:O05","stop_name":"古亭","stroke":"#20BF6B","time_slot":"09:00","time_type":"arrival","transit_type":"rail"},"geometry":{"type":"Point","coordinates":[121.522868,25.026373]}},{"type":"Feature","properties":{"arrival_time":"09:00","cutoff":900,"departure_time":"09:00","layer":"network","minutes":15,"stop_id":"rail:O06","stop_name":"東門","stroke":"#20BF6B","time_slot":"09:00","time_type":"arrival","transit_type":"rail"},"geometry":{"type":"Point","coordinates":[121.528766,25.033894]}},{"type":"Feature","properties":{"arrival_time":"09:00","cutoff":900,"departure_time":"09:00","layer":"network","minutes":15,"stop_id":"rail:O07","stop_name":"忠孝新生","stroke":"#20BF6B","time_slot":"09:00","time_type":"arrival","transit_type":"rail"},"geometry":{"type":"Point","coordinates":[121.532856,25.041797]}},{"type":"Feature","properties":{"arrival_time":"09:00","cutoff":900,"departure_time":"09:00","layer":"network","minutes":15,"stop_id":"rail:O08","stop_name":"松江南京","stroke":"#20BF6B","time_slot":"09:00","time_type":"arrival","transit_type":"rail"},"geometry":{"type":"Point","coordinates":[121.53285,25.052693]}},{"type":"Feature","properties":{"arrival_time":"09:00","cutoff":900,"departure_time":"09:00","layer":"network","minutes":15,"stop_id":"rail:O09","stop_name":"行天宮","stroke":"#20BF6B","time_slot":"09:00","time_type":"arrival","transit_type":"rail"},"geometry":{"type":"Point","coordinates":[121.53315,25.05924]}},{"type":"Feature","properties":{"arrival_time":"09:00","cutoff":900,"departure_time":"09:00","layer":"network","minutes":15,"stop_id":"rail:O10","stop_name":"中山國小","stroke":"#20BF6B","time_slot":"09:00","time_type":"arrival","transit_type":"rail"},"geometry":{"type":"Point","coordinates":[121.526609,25.062665]}},{"type":"Feature","properties":{"arrival_time":"09:00","cutoff":900,"departure_time":"09:00","layer":"network","minutes":15,"stop_id":"rail:O11","stop_name":"民權西路","stroke":"#20BF6B","time_slot":"09:00","time_type":"arrival","transit_type":"rail"},"geometry":{"type":"Point","coordinates":[121.519585,25.06235]}},{"type":"Feature","properties":{"arrival_time":"09:00","cutoff":900,"departure_time":"09:00","layer":"network","minutes":15,"stop_id":"rail:O12","stop_name":"大橋頭","stroke":"#20BF6B","time_slot":"09:00","time_type":"arrival","transit_type":"rail"},"geometry":{"type":"Point","coordinates":[121.513003,25.06322]}},{"type":"Feature","properties":{"arrival_time":"09:00","cutoff":900,"departure_time":"09:00","layer":"network","minutes":15,"stop_id":"rail:O13","stop_name":"台北橋","stroke":"#20BF6B","time_slot":"09:00","time_type":"arrival","transit_type":"rail"},"geometry":{"type":"Point","coordinates":[121.500575,25.063075]}},{"type":"Feature","properties":{"arrival_time":"09:00","cutoff":900,"departure_time":"09:00","layer":"network","minutes":15,"stop_id":"rail:O14","stop_name":"菜寮","stroke":"#20BF6B","time_slot":"09:00","time_type":"arrival","transit_type":"rail"},"geometry":{"type":"Point","coordinates":[121.491451,25.059808]}},{"type":"Feature","properties":{"arrival_time":"09:00","cutoff":900,"departure_time":"09:00","layer":"network","minutes":15,"stop_id":"rail:R04","stop_name":"信義安和","stroke":"#20BF6B","time_slot":"09:00","time_type":"arrival","transit_type":"rail"},"geometry":{"type":"Point","coordinates":[121.55265,25.03331]}},{"type":"Feature","properties":{"arrival_time":"09:00","cutoff":900,"departure_time":"09:00","layer":"network","minutes":15,"stop_id":"rail:R05","stop_name":"大安","stroke":"#20BF6B","time_slot":"09:00","time_type":"arrival","transit_type":"rail"},"geometry":{"type":"Point","coordinates":[121.54237,25.033311]}},{"type":"Feature","properties":{"arrival_time":"09:00","cutoff":900,"departure_time":"09:00","layer":"network","minutes":15,"stop_id":"rail:R06","stop_name":"大安森林公園","stroke":"#20BF6B","time_slot":"09:00","time_type":"arrival","transit_type":"rail"},"geometry":{"type":"Point","coordinates":[121.536151,25.033225]}},{"type":"Feature","properties":{"arrival_time":"09:00","cutoff":900,"departure_time":"09:00","layer":"network","minutes":15,"stop_id":"rail:R07","stop_name":"東門","stroke":"#20BF6B","time_slot":"09:00","time_type":"arrival","transit_type":"rail"},"geometry":{"type":"Point","coordinates":[121.528766,25.033894]}},{"type":"Feature","properties":{"arrival_time":"09:00","cutoff":900,"departure_time":"09:00","layer":"network","minutes":15,"stop_id":"rail:R08","stop_name":"中正紀念堂","stroke":"#20BF6B","time_slot":"09:00","time_type":"arrival","transit_type":"rail"},"geometry":{"type":"Point","coordinates":[121.518273,25.032767]}},{"type":"Feature","properties":{"arrival_time":"09:00","cutoff":900,"departure_time":"09:00","layer":"network","minutes":15,"stop_id":"rail:R09","stop_name":"台大醫院","stroke":"#20BF6B","time_slot":"09:00","time_type":"arrival","transit_type":"rail"},"geometry":{"type":"Point","coordinates":[121.51602,25.041399]}},{"type":"Feature","properties":{"arrival_time":"09:00","cutoff":900,"departure_time":"09:00","layer":"network","minutes":15,"stop_id":"rail:R10","stop_name":"台北車站","stroke":"#20BF6B","time_slot":"09:00","time_type":"arrival","transit_type":"rail"},"geometry":{"type":"Point","coordinates":[121.517415,25.04631]}},{"type":"Feature","properties":{"arrival_time":"09:00","cutoff":900,"departure_time":"09:00","layer":"network","minutes":15,"stop_id":"rail:R11","stop_name":"中山","stroke":"#20BF6B","time_slot":"09:00","time_type":"arrival","transit_type":"rail"},"geometry":{"type":"Point","coordinates":[121.520364,25.052621]}},{"type":"Feature","properties":{"arrival_time":"09:00","cutoff":900,"departure_time":"09:00","layer":"network","minutes":15,"stop_id":"rail:R12","stop_name":"雙連","stroke":"#20BF6B","time_slot":"09:00","time_type":"arrival","transit_type":"rail"},"geometry":{"type":"Point","coordinates":[121.520685,25.057575]}},{"type":"Feature","properties":{"arrival_time":"09:00","cutoff":900,"departure_time":"09:00","layer":"network","minutes":15,"stop_id":"rail:R13","stop_name":"民權西路","stroke":"#20BF6B","time_slot":"09:00","time_type":"arrival","transit_type":"rail"},"geometry":{"type":"Point","coordinates":[121.519585,25.06235]}},{"type":"Feature","properties":{"arrival_time":"09:00","cutoff":900,"departure_time":"09:00","layer":"network","minutes":15,"stop_id":"rail:R14","stop_name":"圓山","stroke":"#20BF6B","time_slot":"09:00","time_type":"arrival","transit_type":"rail"},"geometry":{"type":"Point","coordinates":[121.520074,25.071409]}},{"type":"Feature","properties":{"arrival_time":"09:00","cutoff":900,"departure_time":"09:00","layer":"network","minutes":15,"stop_id":"rail:R15","stop_name":"劍潭","stroke":"#20BF6B","time_slot":"09:00","time_type":"arrival","transit_type":"rail"},"geometry":{"type":"Point","coordinates":[121.524955,25.084201]}},{"type":"Feature","properties":{"arrival_time":"09:00","cutoff":900,"departure_time":"09:00","layer":"network","minutes":15,"stop_id":"rail:R16","stop_name":"士林","stroke":"#20BF6B","time_slot":"09:00","time_type":"arrival","transit_type":"rail"},"geometry":{"type":"Point","coordinates":[121.52623,25.093492]}},{"type":"Feature","properties":{"arrival_time":"09:00","cutoff":900,"departure_time":"09:00","layer":"network","minutes":15,"stop_id":"rail:Y16","stop_name":"板橋","stroke":"#20BF6B","time_slot":"09:00","time_type":"arrival","transit_type":"rail"},"geometry":{"type":"Point","coordinates":[121.464825,25.015156]}},{"type":"Feature","properties":{"arrival_time":"09:00","cutoff":900,"departure_time":"09:00","layer":"network","minutes":15,"stop_id":"train:0980","stop_name":"南港","stroke":"#EB3B5A","time_slot":"09:00","time_type":"arrival","transit_type":"train"},"geometry":{"type":"Point","coordinates":[121.60706,25.05348]}},{"type":"Feature","properties":{"arrival_time":"09:00","cutoff":900,"departure_time":"09:00","layer":"network","minutes":15,"stop_id":"train:0990","stop_name":"松山","stroke":"#EB3B5A","time_slot":"09:00","time_type":"arrival","transit_type":"train"},"geometry":{"type":"Point","coordinates":[121.57906,25.04927]}},{"type":"Feature","properties":{"arrival_time":"09:00","cutoff":900,"departure_time":"09:00","layer":"network","minutes":15,"stop_id":"train:1000","stop_name":"臺北","stroke":"#EB3B5A","time_slot":"09:00","time_type":"arrival","transit_type":"train"},"geometry":{"type":"Point","coordinates":[121.51711,25.04775]}},{"type":"Feature","properties":{"arrival_time":"09:00","cutoff":900,"departure_time":"09:00","layer":"network","minutes":15,"stop_id":"train:1010","stop_name":"萬華","stroke":"#EB3B5A","time_slot":"09:00","time_type":"arrival","transit_type":"train"},"geometry":{"type":"Point","coordinates":[121.50081,25.03342]}},{"type":"Feature","properties":{"arrival_time":"09:00","cutoff":900,"departure_time":"09:00","layer":"network","minutes":15,"stop_id":"train:1020","stop_name":"板橋","stroke":"#EB3B5A","time_slot":"09:00","time_type":"arrival","transit_type":"train"},"geometry":{"type":"Point","coordinates":[121.46377,25.01434]}},{"type":"Feature","properties":{"arrival_time":"09:00","cutoff":900,"departure_time":"09:00","layer":"network","minutes":15,"route_id":"bus:101712-10162:5703:2282:2283:2284:2285:2286:2287:3057:3058:3059:3025:3026:2474:2475:404:2476:2477:2478:2479:2480:3027:3028:1542:1543:1233:2483:1522:1237:443:1173:1172:1171:1471:2354:2355:1469:2356:2357:792:836:242:146:147:148:881:151:152","stroke":"#F7B731","time_slot":"09:00","time_type":"arrival","transit_type":"bus"},"geometry":{"type":"LineString","coordinates":[[121.51526515384617,25.043378615384615],[121.51315342857147,25.04492071428572]]}},{"type":"Feature","properties":{"arrival_time":"09:00","cutoff":900,"departure_time":"09:00","layer":"network","minutes":15,"route_id":"bus:101712-10278:5368:3070:221:222:819:820:821:822:823:901:902:903:904:905:830:831:832:4464:4465:987:6028:6029:6030:6031:6032:4436:4437:6033:909:6034:6035:6036:289:291:2175:308:310:312","stroke":"#F7B731","time_slot":"09:00","time_type":"arrival","transit_type":"bus"},"geometry":{"type":"LineString","coordinates":[[121.5232335,25.04787],[121.526495,25.047122]]}},{"type":"Feature","properties":{"arrival_time":"09:00","cutoff":900,"departure_time":"09:00","layer":"network","minutes":15,"route_id":"bus:101712-10416:0:3062:1179:1180:1181:1182:1183:1184:1185:1186:1187:1188:1189:1190:1191:1720:10:12:14:16:18:20:1723:1722:1721:981:2318:2319:4675:1679:1680:3016:144:145:153:146:147:148:149:89:90","stroke":"#F7B731","time_slot":"09:00","time_type":"arrival","transit_type":"bus"},"geometry":{"type":"LineString","coordinates":[[121.51649173809524,25.046506309523814],[121.511294,25.046764999999997]]}},{"type":"Feature","properties":{"arrival_time":"09:00","cutoff":900,"departure_time":"09:00","layer":"network","minutes":15,"route_id":"bus:101712-10453:3183:1639:1640:1641:1642:1643:2576:3072:3661:3660:5121:3659:3658:3657:976:977:978:1718:1719:1675:1676:1679:1680:3016:144:309:311:313:315:147:869:151","stroke":"#F7B731","time_slot":"09:00","time_type":"arrival","transit_type":"bus"},"geometry":{"type":"LineString","coordinates":[[121.50983399999997,25.041492],[121.507436,25.042021000000002]]}},{"type":"Feature","properties":{"arrival_time":"09:00","cutoff":900,"departure_time":"09:00","layer":"network","minutes":15,"route_id":"bus:101712-15322:1758:838:839:840:841:842:844:846:848:850:852:854:856:858:860:862:865:814:815:816:817:818:819:820:821:822:823:824:1197:900:899:1198:2342:827:828:829:1194:1196:1208:1209","stroke":"#F7B731","time_slot":"09:00","time_type":"arrival","transit_type":"bus"},"geometry":{"type":"LineString","coordinates":[[121.51833400000001,25.071066],[121.51625857142857,25.068501428571427]]}},{"type":"Feature","properties":{"arrival_time":"09:00","cutoff":900,"departure_time":"09:00","layer":"network","minutes":15,"route_id":"bus:101712-10326:2768:1795:1796:5086:636:637:638:639:640:641:642:643:4613:5016:5640:4613:644:645:646:647:648:552:553:554:555:556:557:3386:558:559:560:561:562:1066:1067:1069:572:573:574:575:1075:1076:1077:1078:1079:1080:1081:752:753:754:755:756:757:758:1083:1084:1085:738:152:739","stroke":"#F7B731","time_slot":"09:00","time_type":"arrival","transit_type":"bus"},"geometry":{"type":"LineString","coordinates":[[121.51628466666668,25.041929999999986],[121.51513700000001,25.036829000000008]]}},{"type":"Feature","properties":{"arrival_time":"09:00","cutoff":900,"departure_time":"09:00","layer":"network","minutes":15,"route_id":"bus:101712-10711:2212:1373:2156:1769:2315:1277:2811:2812:2813:3167:3044:2569:2567:2565:2165:3046:2563:2562:2800:2801:2802:2803:4519:952:745:747:752:753:754:755:756:757:758:4540:4543:738:152:4545:4549","stroke":"#F7B731","time_slot":"09:00","time_type":"arrival","transit_type":"bus"},"geometry":{"type":"LineString","coordinates":[[121.52264466666666,25.026830666666665],[121.52096000000002,25.02922]]}},{"type":"Feature","properties":{"arrival_time":"09:00","cutoff":900,"departure_time":"09:00","layer":"network","minutes":15,"route_id":"bus:101712-16111:5176:5094:5854:2424:2425:2426:2427:2428:2429:2353:441:442:443:1237:3174:1234:1545:1546:394:393:1547:5311:1548:1549:1550:1551:1422:1423:2078:1424:1425:2079:5371:3086:812:1217:1216:1215:1214:3091:247:246:146:244:89:3098:3100:3102:3104:3123:198:197:195:193:191:189:187:185:183:3173:2067:2068:2069:302:63:299","stroke":"#F7B731","time_slot":"09:00","time_type":"arrival","transit_type":"bus"},"geometry":{"type":"LineString","coordinates":[[121.522279,25.04373],[121.523978,25.046758999999998]]}},{"type":"Feature","properties":{"arrival_time":"09:00","cutoff":900,"departure_time":"09:00","layer":"network","minutes":15,"route_id":"bus:101712-17022:1379:1380:1381:906:743:4447:4448:4449:4450:4790:4451:4452:4453:4454:4455:937:935:1292:1291:1387:1388:4534:5408:935","stroke":"#F7B731","time_slot":"09:00","time_type":"arrival","transit_type":"bus"},"geometry":{"type":"LineString","coordinates":[[121.536712,25.049639],[121.53638,25.047067]]}},{"type":"Feature","properties":{"arrival_time":"09:00","cutoff":900,"departure_time":"09:00","layer":"network","minutes":15,"route_id":"rail:Green:7168:7169:7170:7172:7173:7174:7175:7176:7177:7178:7179:7180:7181:7182:7183:7184:7185:7186:7187","stroke":"#20BF6B","time_slot":"09:00","time_type":"arrival","transit_type":"rail"},"geometry":{"type":"LineString","coordinates":[[121.5115053,25.0357344],[121.5099663,25.0362047],[121.5097502,25.0362754],[121.5095396,25.0363619],[121.5094448,25.0364096],[121.509353,25.0364618],[121.5092115,25.0365548],[121.50913,25.0366161],[121.5090013,25.0367248],[121.5088348,25.0369082],[121.5087735,25.0369874],[121.5087172,25.0370689],[121.5086658,25.0371526],[121.5086185,25.0372407],[121.5085593,25.0373719],[121.508502,25.0375278],[121.5084571,25.0376724],[121.5080616,25.0390799],[121.5080125,25.0392787],[121.507991,25.0393894],[121.5079771,25.0394865],[121.5079686,25.0395835],[121.5079659,25.0396806],[121.5079688,25.0397822],[121.5079775,25.0398792],[121.5079918,25.0399762],[121.5080137,25.0400867],[121.5080474,25.0402265],[121.5080807,25.0403506],[121.5080832,25.0403596],[121.5085917,25.0421173],[121.5085917,25.0421173]]}},{"type":"Feature","properties":{"arrival_time":"09:00","cutoff":900,"departure_time":"09:00","layer":"network","minutes":15,"route_id":"bus:101712-10162:5703:2282:2283:2284:2285:2286:2287:3057:3058:3059:3025:3026:2474:2475:404:2476:2477:2478:2479:2480:3027:3028:1542:1543:1233:2483:1522:1237:443:1173:1172:1171:1471:2354:2355:1469:2356:2357:792:836:242:146:147:148:881:151:152","stroke":"#F7B731","time_slot":"09:00","time_type":"arrival","transit_type":"bus"},"geometry":{"type":"LineString","coordinates":[[121.50704716129033,25.03802016129033],[121.50416214285714,25.035760714285715]]}},{"type":"Feature","properties":{"arrival_time":"09:00","cutoff":900,"departure_time":"09:00","layer":"network","minutes":15,"route_id":"bus:101712-10173:3023:1119:5596:1424:1425:1426:713:720:721:722:1129:663:2290:2291:2292:5005:2293:2294:2295:2296:2297:2298:2299:2300:2301:2302:2303:2769:1555:1433:1554:1553:1518:1535:2306:2641:1532:732:733:3030:3031:736:737:738:3032:148","stroke":"#F7B731","time_slot":"09:00","time_type":"arrival","transit_type":"bus"},"geometry":{"type":"LineString","coordinates":[[121.5173585,25.031124000000002],[121.51813962500002,25.029985]]}},{"type":"Feature","properties":{"arrival_time":"09:00","cutoff":900,"departure_time":"09:00","layer":"network","minutes":15,"route_id":"bus:101712-10328:2768:1795:1796:5086:636:637:638:639:640:641:642:643:644:645:646:647:648:552:553:554:555:556:557:3386:558:559:560:561:562:1066:1067:1069:572:573:574:575:1075:1076:1077:1078:1079:1080:1081:752:753:1612:1611:1972:1954:863:1953:2677:908:907:197:742:1537:2712:2713:915:916:917:918","stroke":"#F7B731","time_slot":"09:00","time_type":"arrival","transit_type":"bus"},"geometry":{"type":"LineString","coordinates":[[121.53284547826088,25.033584826086955],[121.53367714285717,25.030647142857145]]}},{"type":"Feature","properties":{"arrival_time":"09:00","cutoff":900,"departure_time":"09:00","layer":"network","minutes":15,"route_id":"bus:101712-10414:5320:1645:1646:1647:1648:1649:216:1193:1192:975:976:977:978:1718:1719:1675:1676:4675:2320:984:985:1899:1900:1901:1902:1903:1904:1905:1906:1907:1908:42:205:206:741:740:1681","stroke":"#F7B731","time_slot":"09:00","time_type":"arrival","transit_type":"bus"},"geometry":{"type":"LineString","coordinates":[[121.51989714285712,25.046511142857153],[121.52204305263159,25.051024157894737]]}},{"type":"Feature","properties":{"arrival_time":"09:00","cutoff":900,"departure_time":"09:00","layer":"network","minutes":15,"route_id":"bus:101712-10475:1629:1630:182:1631:184:186:188:190:192:194:196:136:67:68:137:138:212:139:322:140:141:142:1026:143:144:145:153:146:147:148:201","stroke":"#F7B731","time_slot":"09:00","time_type":"arrival","transit_type":"bus"},"geometry":{"type":"LineString","coordinates":[[121.51155500000003,25.043262000000006],[121.510186,25.046035]]}},{"type":"Feature","properties":{"arrival_time":"09:00","cutoff":900,"departure_time":"09:00","layer":"network","minutes":15,"route_id":"bus:101712-10721:745:747:752:753:754:755:756:757:758:1083:759:760:761:762:763:764:765:778:792:795:796:797:5555:5556:3351:798:799:808:812:813","stroke":"#F7B731","time_slot":"09:00","time_type":"arrival","transit_type":"bus"},"geometry":{"type":"LineString","coordinates":[[121.52036266666664,25.02665333333334],[121.51737584615383,25.02689246153846]]}},{"type":"Feature","properties":{"arrival_time":"09:00","cutoff":900,"departure_time":"09:00","layer":"network","minutes":15,"route_id":"bus:101712-10723:4483:4484:4485:4486:2357:792:778:765:4840:4496:4488:3031:4492:757:756:755:948:753:1395:1393:1391:1435:1388:2171:2172:2173:2174:879:878:877:876:4494:874","stroke":"#F7B731","time_slot":"09:00","time_type":"arrival","transit_type":"bus"},"geometry":{"type":"LineString","coordinates":[[121.51570000000001,25.029828000000002],[121.513095,25.029178]]}},{"type":"Feature","properties":{"arrival_time":"09:00","cutoff":900,"departure_time":"09:00","layer":"network","minutes":15,"route_id":"bus:101712-10782:2985:6042:1169:2321:1673:1672:2805:4562:2804:956:954:4519:2803:2802:2801:3332:3333:3334:1768:3335:1389:1391:1393:1395:753:754:3018:3337:3338:3339:3340:3341:3342:3343:1273:253:250:249:248:247:246:2322:1281:4499:6043:795:796:797:3352:3353:1215:1216:1217:812:813","stroke":"#F7B731","time_slot":"09:00","time_type":"arrival","transit_type":"bus"},"geometry":{"type":"LineString","coordinates":[[121.50099399999999,25.0384],[121.499237,25.03634]]}},{"type":"Feature","properties":{"arrival_time":"09:00","cutoff":900,"departure_time":"09:00","layer":"network","minutes":15,"route_id":"bus:101712-10162:5703:2282:2283:2284:2285:2286:2287:3057:3058:3059:3025:3026:2474:2475:404:2476:2477:2478:2479:2480:3027:3028:1542:1543:1233:2483:1522:1237:443:1173:1172:1171:1471:2354:2355:1469:2356:2357:792:836:242:146:147:148:881:151:152","stroke":"#F7B731","time_slot":"09:00","time_type":"arrival","transit_type":"bus"},"geometry":{"type":"LineString","coordinates":[[121.51526515384617,25.043378615384615],[121.51628466666668,25.041929999999986]]}},{"type":"Feature","properties":{"arrival_time":"09:00","cutoff":900,"departure_time":"09:00","layer":"network","minutes":15,"route_id":"bus:101712-10792:745:747:752:753:1612:1611:1972:939:937:935:1292:1291:1313:1314:1315:1316:1317:1318:1319:325:1495:1513:1521:1523:4523:4524:4525:199:200:1208:4526:834","stroke":"#F7B731","time_slot":"09:00","time_type":"arrival","transit_type":"bus"},"geometry":{"type":"LineString","coordinates":[[121.5313885,25.048496],[121.530068,25.049486]]}},{"type":"Feature","properties":{"arrival_time":"09:00","cutoff":900,"departure_time":"09:00","layer":"network","minutes":15,"route_id":"bus:101712-10864:813:812:1218:1224:295:294:1245:1253:251:252:253:250:249:248:247:4667:146:244:2224:6061:1203:1208:200:199:198:197:6062:6063:6064:6065:1030:57:58:60:61:62:43:63","stroke":"#F7B731","time_slot":"09:00","time_type":"arrival","transit_type":"bus"},"geometry":{"type":"LineString","coordinates":[[121.51061,25.05061],[121.512558,25.051883]]}},{"type":"Feature","properties":{"arrival_time":"09:00","cutoff":900,"departure_time":"09:00","layer":"network","minutes":15,"route_id":"bus:101712-10932:1468:5037:378:379:380:381:2356:2357:792:836:242:146:147:869:151:152:2221:2220:3483:3484:1953:2093:2097:2102:2216:2104:2105:1308:1307:2110:2111:2112:101:293:292:290:107:5033:5872:314:316:5178:317:318:319:385","stroke":"#F7B731","time_slot":"09:00","time_type":"arrival","transit_type":"bus"},"geometry":{"type":"LineString","coordinates":[[121.52123642857144,25.038851285714287],[121.523588,25.038453]]}},{"type":"Feature","properties":{"arrival_time":"09:00","cutoff":900,"departure_time":"09:00","layer":"network","minutes":15,"route_id":"bus:101712-10961:299:63:302:303:61:60:58:57:1438:2456:1382:1383:1029:1384:909:96:243:94:93:92:91:90:89:244:245:5360:6056:6022:1683:733:1686:1689:6075:1519:1553:1536:2089:1711:1713:5471:5407:715:716:2289:2544:2640:707:1529:706:4741:1528:1114:1115:1116:1117:1422:1420:6076:1418:1417:1416:2491:2492:2493:2495:6073:3915:3914:3644:3642:3059:3058:3057:2287:2286:2285:2284","stroke":"#F7B731","time_slot":"09:00","time_type":"arrival","transit_type":"bus"},"geometry":{"type":"LineString","coordinates":[[121.51556375,25.014376000000002],[121.51474600000003,25.011596]]}},{"type":"Feature","properties":{"arrival_time":"09:00","cutoff":900,"departure_time":"09:00","layer":"network","minutes":15,"route_id":"bus:101712-11152:576:577:578:579:580:581:582:583:584:585:2763:2762:5692:5693:5694:5695:2767:1749:1750:1751:1752:1093:1092:999:998:997:996:432:230:896:897:898:1198:1199:1200:1756:1757:200:199:198:197:195:193:191:189:187:5882:4593:4591:4590:4589:4588:879:878:877:876:875:874:874:875:5704:5705:312:310:843:2113:293","stroke":"#F7B731","time_slot":"09:00","time_type":"arrival","transit_type":"bus"},"geometry":{"type":"LineString","coordinates":[[121.51977050000002,25.052788999999994],[121.51799000000003,25.056726]]}},{"type":"Feature","properties":{"arrival_time":"09:00","cutoff":900,"departure_time":"09:00","layer":"network","minutes":15,"route_id":"bus:101712-11212:813:812:1217:1216:1215:1278:249:250:4653:4803:4840:4496:4488:736:737:738:868:867:866:3014:863:4453:4452:4451:94:95:96:97:98:99:4591:4593:1320:185:183:3173:2066:1445:1444:1443:1276:4811:1332:4812:1613:254:4813:4576:1337","stroke":"#F7B731","time_slot":"09:00","time_type":"arrival","transit_type":"bus"},"geometry":{"type":"LineString","coordinates":[[121.5173585,25.031124000000002],[121.51570000000001,25.029828000000002]]}},{"type":"Feature","properties":{"arrival_time":"09:00","cutoff":900,"departure_time":"09:00","layer":"network","minutes":15,"route_id":"bus:101712-15111:650:651:1122:652:653:714:654:655:656:657:658:659:5407:715:664:663:1129:722:721:720:713:709:708:3086:812:1217:1216:1215:1214:3091:247:246:146:244:89:740:5056:5057:5063:4523:1523:1521:1513:1495:325:326:327:328:329:330:289:291:101:100","stroke":"#F7B731","time_slot":"09:00","time_type":"arrival","transit_type":"bus"},"geometry":{"type":"LineString","coordinates":[[121.50818136585366,25.041361731707322],[121.50654264999999,25.036215450000004]]}},{"type":"Feature","properties":{"arrival_time":"09:00","cutoff":900,"departure_time":"09:00","layer":"network","minutes":15,"route_id":"bus:101712-10417:0:2:4:6:8:10:12:14:16:18:20:22:1353:24:26:28:30:1899:1900:1901:1902:1903:2417:166:204:203:5989:5990:1679:1680:5634:5635:5031:5991:89:90:91:92:93:94:95:96:97:98:99:100:101:293:292:290:1021:106:105:3211","stroke":"#F7B731","time_slot":"09:00","time_type":"arrival","transit_type":"bus"},"geometry":{"type":"LineString","coordinates":[[121.53125054545453,25.042790727272724],[121.53443836363637,25.04212727272727]]}},{"type":"Feature","properties":{"arrival_time":"09:00","cutoff":900,"departure_time":"09:00","layer":"network","minutes":15,"route_id":"bus:101712-10472:1342:1340:1339:1343:523:522:521:520:517:1344:514:507:486:468:463:462:461:460:459:458:457:1345:455:454:453:452:451:450:444:433:528:228:230:897:898:6038:3002:167:2417:166:204:203:202:143:1026:142:141:322:6039:138:137:1912:1913:136:194:192:190:188:1741","stroke":"#F7B731","time_slot":"09:00","time_type":"arrival","transit_type":"bus"},"geometry":{"type":"LineString","coordinates":[[121.52240450000002,25.081058142857135],[121.519152,25.07344]]}},{"type":"Feature","properties":{"arrival_time":"09:00","cutoff":900,"departure_time":"09:00","layer":"network","minutes":15,"route_id":"bus:101712-10721:745:747:752:753:754:755:756:757:758:1083:759:760:761:762:763:764:765:778:792:795:796:797:5555:5556:3351:798:799:808:812:813","stroke":"#F7B731","time_slot":"09:00","time_type":"arrival","transit_type":"bus"},"geometry":{"type":"LineString","coordinates":[[121.497207,25.024103],[121.497748,25.022981]]}},{"type":"Feature","properties":{"arrival_time":"09:00","cutoff":900,"departure_time":"09:00","layer":"network","minutes":15,"route_id":"bus:101712-10873:4508:108:4509:314:4434:312:310:843:845:847:849:3055:851:853:855:857:859:861:863:864:866:867:868:152:151:869:870:146:242:246:247:248:249:250:253:1273:1274:3344:3345:5314:295:294:1245:1253:251","stroke":"#F7B731","time_slot":"09:00","time_type":"arrival","transit_type":"bus"},"geometry":{"type":"LineString","coordinates":[[121.53861375,25.033507999999998],[121.53580199999999,25.0335626]]}},{"type":"Feature","properties":{"arrival_time":"09:00","cutoff":900,"departure_time":"09:00","layer":"network","minutes":15,"route_id":"bus:101712-11232:5762:978:1718:1719:1675:1676:4675:2320:984:985:1899:1900:1901:1902:1903:1904:1905:1906:1908:42:44:1201:1202:5135:6114:5133:3123:3104:6115:5887:6116:6117:6012:1953:863:1954:939:937:935:1292:1291:1290:1289:1288:1287:3080","stroke":"#F7B731","time_slot":"09:00","time_type":"arrival","transit_type":"bus"},"geometry":{"type":"LineString","coordinates":[[121.52545400000001,25.056845999999997],[121.525348,25.05519]]}},{"type":"Feature","properties":{"arrival_time":"09:00","cutoff":900,"departure_time":"09:00","layer":"network","minutes":15,"route_id":"bus:101712-15711:6136:4726:5885:5233:6137:1379:1380:1381:5669:5668:6138:1823:6139:5063:5057:3104:6028:987","stroke":"#F7B731","time_slot":"09:00","time_type":"arrival","transit_type":"bus"},"geometry":{"type":"LineString","coordinates":[[121.5299965,25.054202500000002],[121.530053,25.056343]]}},{"type":"Feature","properties":{"arrival_time":"09:00","cutoff":900,"departure_time":"09:00","layer":"network","minutes":15,"route_id":"rail:Orange:7188:7189:7190:7191:7192:7193:7194:7195:7196:7197:7198:7199:7200:7201:7202:7203:7204:7205:7206:7207:7208","stroke":"#20BF6B","time_slot":"09:00","time_type":"arrival","transit_type":"rail"},"geometry":{"type":"LineString","coordinates":[[121.5276152,25.0341299],[121.5300494,25.0338053],[121.5303456,25.0337681],[121.5305356,25.0337494],[121.5307942,25.0337484],[121.5310101,25.033768],[121.5311301,25.0337879],[121.531272,25.0338212],[121.5314941,25.0338927],[121.5316873,25.0339755],[121.5318072,25.0340405],[121.5319596,25.034137],[121.5321373,25.0342741],[121.5323034,25.0344405],[121.5324208,25.0345845],[121.5325074,25.0347129],[121.5326036,25.0348908],[121.5326737,25.0350621],[121.5327249,25.0352357],[121.5327604,25.035432],[121.5327739,25.0356193],[121.5327729,25.0358156],[121.532747,25.0364725],[121.532744,25.0367795],[121.5328537,25.042381]]}},{"type":"Feature","properties":{"arrival_time":"09:00","cutoff":900,"departure_time":"09:00","layer":"network","minutes":15,"route_id":"bus:101712-10232:789:790:791:5:3:1:133:5649:5650:5651:5652:181:5221:183:185:187:189:191:193:195:197:198:199:200:1208:6023:833:834","stroke":"#F7B731","time_slot":"09:00","time_type":"arrival","transit_type":"bus"},"geometry":{"type":"LineString","coordinates":[[121.53008142105261,25.05205773684211],[121.52542499999998,25.052124000000003]]}},{"type":"Feature","properties":{"arrival_time":"09:00","cutoff":900,"departure_time":"09:00","layer":"network","minutes":15,"route_id":"bus:101712-10262:1758:838:839:840:841:842:844:846:848:850:852:854:856:858:860:862:865:814:815:816:817:818:819:820:821:822:823:824:825:826:827:828:829:1194:1196:1208:1209:987:740:1681","stroke":"#F7B731","time_slot":"09:00","time_type":"arrival","transit_type":"bus"},"geometry":{"type":"LineString","coordinates":[[121.5134396842105,25.06092463157894],[121.51370131250003,25.057125999999997]]}},{"type":"Feature","properties":{"arrival_time":"09:00","cutoff":900,"departure_time":"09:00","layer":"network","minutes":15,"route_id":"bus:101712-10278:5368:3070:221:222:819:820:821:822:823:901:902:903:904:905:830:831:832:4464:4465:987:6028:6029:6030:6031:6032:4436:4437:6033:909:6034:6035:6036:289:291:2175:308:310:312","stroke":"#F7B731","time_slot":"09:00","time_type":"arrival","transit_type":"bus"},"geometry":{"type":"LineString","coordinates":[[121.528667,25.046487],[121.531544,25.045643]]}},{"type":"Feature","properties":{"arrival_time":"09:00","cutoff":900,"departure_time":"09:00","layer":"network","minutes":15,"route_id":"bus:101712-10293:1337:4576:4813:254:1613:4812:1332:1614:1276:1443:1444:1445:2066:2067:2068:2069:303:61:60:58:57:56:55:746:744:743:4818:4816:1204:1205:1206:1207:1196","stroke":"#F7B731","time_slot":"09:00","time_type":"arrival","transit_type":"bus"},"geometry":{"type":"LineString","coordinates":[[121.52443625000001,25.058068500000005],[121.528881,25.058003666666668]]}},{"type":"Feature","properties":{"arrival_time":"09:00","cutoff":900,"departure_time":"09:00","layer":"network","minutes":15,"route_id":"bus:101712-10911:4809:267:269:271:273:274:225:227:229:278:279:281:1328:135:237:238:239:286:1329:288:290:292:1330:293:101:100:99:98:97:96:243:94:93:92:91:90:89:244:245:242:246:247:248:249:250:1253:1245:294:295:1224","stroke":"#F7B731","time_slot":"09:00","time_type":"arrival","transit_type":"bus"},"geometry":{"type":"LineString","coordinates":[[121.53883614285714,25.041704428571432],[121.542735,25.041824899999995]]}},{"type":"Feature","properties":{"arrival_time":"09:00","cutoff":900,"departure_time":"09:00","layer":"network","minutes":15,"route_id":"bus:101712-11245:4716:4708:2452:2451:4715:3795:3794:4814:4727:2863:2862:2861:986:34:36:38:40:1756:1206:1205:1204:4815:4816:4818:742:197:907:908:1952:1953:861:859:855:853:912:3078:849:3079:879:878:877:876:4494:874","stroke":"#F7B731","time_slot":"09:00","time_type":"arrival","transit_type":"bus"},"geometry":{"type":"LineString","coordinates":[[121.53580199999999,25.0335626],[121.53277309090909,25.03817250000001]]}},{"type":"Feature","properties":{"arrival_time":"09:00","cutoff":900,"departure_time":"09:00","layer":"network","minutes":15,"route_id":"bus:101712-16122:404:3021:403:402:401:400:399:398:3439:3452:3458:3464:3174:1237:443:1524:1473:1472:1109:3324:1108:3336:1354:3346:3347:3351:797:796:795:792:836:242:146:147:869:151:152:2221:2220:3483:3484:1953:2093:2097:2102:2216:2104:2105:1308:1307:2110:2111:2112:2113:2176:310:843","stroke":"#F7B731","time_slot":"09:00","time_type":"arrival","transit_type":"bus"},"geometry":{"type":"LineString","coordinates":[[121.49612766666668,25.02959633333333],[121.493132,25.028426]]}},{"type":"Feature","properties":{"arrival_time":"09:00","cutoff":900,"departure_time":"09:00","layer":"network","minutes":15,"route_id":"bus:101712-10283:1534:1595:1526:1390:1392:1394:1396:1397:1398:1399:1400:1596:1597:1598:1599:1917:1916:2535:194:196:136:67:68:137:138:212:139:322:140:141:142:1026:143:144:309:311:313:315:4910:3077:3032:4914:4915:737:4488:3031:4492:947:945:943:941:939:937:935:1292:1291:4923:4924:4925:4926:4927:4928:97:98:99","stroke":"#F7B731","time_slot":"09:00","time_type":"arrival","transit_type":"bus"},"geometry":{"type":"LineString","coordinates":[[121.505132,25.041538],[121.507436,25.042021000000002]]}},{"type":"Feature","properties":{"arrival_time":"09:00","cutoff":900,"departure_time":"09:00","layer":"network","minutes":15,"route_id":"bus:101712-10326:2768:1795:1796:5086:636:637:638:639:640:641:642:643:4613:5016:5640:4613:644:645:646:647:648:552:553:554:555:556:557:3386:558:559:560:561:562:1066:1067:1069:572:573:574:575:1075:1076:1077:1078:1079:1080:1081:752:753:754:755:756:757:758:1083:1084:1085:738:152:739","stroke":"#F7B731","time_slot":"09:00","time_type":"arrival","transit_type":"bus"},"geometry":{"type":"LineString","coordinates":[[121.52193799999999,25.028861000000003],[121.52231600000002,25.030574]]}},{"type":"Feature","properties":{"arrival_time":"09:00","cutoff":900,"departure_time":"09:00","layer":"network","minutes":15,"route_id":"bus:101712-10792:745:747:752:753:1612:1611:1972:939:937:935:1292:1291:1313:1314:1315:1316:1317:1318:1319:325:1495:1513:1521:1523:4523:4524:4525:199:200:1208:4526:834","stroke":"#F7B731","time_slot":"09:00","time_type":"arrival","transit_type":"bus"},"geometry":{"type":"LineString","coordinates":[[121.510399,25.051335],[121.51347700000001,25.053167]]}},{"type":"Feature","properties":{"arrival_time":"09:00","cutoff":900,"departure_time":"09:00","layer":"network","minutes":15,"route_id":"bus:101712-10823:813:812:1217:1216:1215:1214:3091:247:4667:146:244:835:987:741:206:205:1086:1088:1089:1090:873:872:1312:444:450:451:452:453:454:455:456:457:458:459:460:461:462:463:468:486:507:514:515:517:520:521:522:523:407:524:4504:1339:1340:525","stroke":"#F7B731","time_slot":"09:00","time_type":"arrival","transit_type":"bus"},"geometry":{"type":"LineString","coordinates":[[121.51024006666667,25.049134066666664],[121.51722746666665,25.048518533333333]]}},{"type":"Feature","properties":{"arrival_time":"09:00","cutoff":900,"departure_time":"09:00","layer":"network","minutes":15,"route_id":"bus:101712-11152:576:577:578:579:580:581:582:583:584:585:2763:2762:5692:5693:5694:5695:2767:1749:1750:1751:1752:1093:1092:999:998:997:996:432:230:896:897:898:1198:1199:1200:1756:1757:200:199:198:197:195:193:191:189:187:5882:4593:4591:4590:4589:4588:879:878:877:876:875:874:874:875:5704:5705:312:310:843:2113:293","stroke":"#F7B731","time_slot":"09:00","time_type":"arrival","transit_type":"bus"},"geometry":{"type":"LineString","coordinates":[[121.519152,25.07344],[121.51833400000001,25.071066]]}},{"type":"Feature","properties":{"arrival_time":"09:00","cutoff":900,"departure_time":"09:00","layer":"network","minutes":15,"route_id":"bus:101712-15561:1419:1420:1422:1423:2078:1424:1425:2079:1426:713:720:721:722:723:724:3851:1713:1711:2089:1536:1553:1518:1535:2306:2641:1532:732:733:760:759:5409:6009:6010:5855:6011:5696:6012:2677:908:907:197:742:1537:6013:52:53:51:49:5243:47:5244:45:43:41:39:37:35:180:179:178:938:940:942:944:946:5619:270:268:266:889:888:5995:886:885:5884:5883","stroke":"#F7B731","time_slot":"09:00","time_type":"arrival","transit_type":"bus"},"geometry":{"type":"LineString","coordinates":[[121.53287600000002,25.04199],[121.53180000000002,25.040218999999997]]}},{"type":"Feature","properties":{"arrival_time":"09:00","cutoff":900,"departure_time":"09:00","layer":"network","minutes":15,"route_id":"rail:Orange:7188:7189:7190:7191:7192:7193:7194:7195:7196:7197:7198:7199:7200:7201:7202:7203:7204:7205:7206:7207:7208","stroke":"#20BF6B","time_slot":"09:00","time_type":"arrival","transit_type":"rail"},"geometry":{"type":"LineString","coordinates":[[121.5328537,25.042381],[121.5328537,25.042381],[121.5328592,25.042661],[121.5328612,25.0445546],[121.5329746,25.0496506],[121.5330129,25.0520573]]}},{"type":"Feature","properties":{"arrival_time":"09:00","cutoff":900,"departure_time":"09:00","layer":"network","minutes":15,"route_id":"bus:101712-10116:3023:1123:1124:717:3845:3847:3848:2289:2290:2291:2292:5005:5361:5211:5364:5365:5366:6005:658:659:1717:1713:1711:2089:1536:1553:1519:1520:731:732:733:734:760:4501:4502:764:765:778:1280:2359:309:4144","stroke":"#F7B731","time_slot":"09:00","time_type":"arrival","transit_type":"bus"},"geometry":{"type":"LineString","coordinates":[[121.51737584615383,25.02689246153846],[121.51416520000001,25.0279008]]}},{"type":"Feature","properties":{"arrival_time":"09:00","cutoff":900,"departure_time":"09:00","layer":"network","minutes":15,"route_id":"bus:101712-10932:1468:5037:378:379:380:381:2356:2357:792:836:242:146:147:869:151:152:2221:2220:3483:3484:1953:2093:2097:2102:2216:2104:2105:1308:1307:2110:2111:2112:101:293:292:290:107:5033:5872:314:316:5178:317:318:319:385","stroke":"#F7B731","time_slot":"09:00","time_type":"arrival","transit_type":"bus"},"geometry":{"type":"LineString","coordinates":[[121.47531299999999,25.032472],[121.47600272727273,25.033893545454553]]}},{"type":"Feature","properties":{"arrival_time":"09:00","cutoff":900,"departure_time":"09:00","layer":"network","minutes":15,"route_id":"bus:101712-10116:3023:1123:1124:717:3845:3847:3848:2289:2290:2291:2292:5005:5361:5211:5364:5365:5366:6005:658:659:1717:1713:1711:2089:1536:1553:1519:1520:731:732:733:734:760:4501:4502:764:765:778:1280:2359:309:4144","stroke":"#F7B731","time_slot":"09:00","time_type":"arrival","transit_type":"bus"},"geometry":{"type":"LineString","coordinates":[[121.50241620000001,25.0424496],[121.50196354545456,25.039660818181822]]}},{"type":"Feature","properties":{"arrival_time":"09:00","cutoff":900,"departure_time":"09:00","layer":"network","minutes":15,"route_id":"bus:101712-10221:1534:1595:1526:1390:1392:1394:1396:1397:1398:1399:1400:1596:1597:1598:1599:1917:1916:1915:1914:65:66:136:67:4911:5354:70:71:1911:3635:2466:300:301:78:79:80:2163:81:82:83:84:85:86:87:88:164:165:166:1729:167:3002:42:2177:2178:1199:2179:2180:897:896:1755:5359:527:528:4533:432","stroke":"#F7B731","time_slot":"09:00","time_type":"arrival","transit_type":"bus"},"geometry":{"type":"LineString","coordinates":[[121.5180735555555,25.0628667037037],[121.51846,25.06357]]}},{"type":"Feature","properties":{"arrival_time":"09:00","cutoff":900,"departure_time":"09:00","layer":"network","minutes":15,"route_id":"bus:101712-10232:789:790:791:5:3:1:133:5649:5650:5651:5652:181:5221:183:185:187:189:191:193:195:197:198:199:200:1208:6023:833:834","stroke":"#F7B731","time_slot":"09:00","time_type":"arrival","transit_type":"bus"},"geometry":{"type":"LineString","coordinates":[[121.5103708,25.0527308],[121.510399,25.051335]]}},{"type":"Feature","properties":{"arrival_time":"09:00","cutoff":900,"departure_time":"09:00","layer":"network","minutes":15,"route_id":"bus:101712-10281:1534:1595:1526:1390:1392:1394:1396:1397:1398:1399:1400:1401:1402:1405:1406:1421:1436:188:190:192:194:196:136:67:68:137:138:212:139:322:140:141:142:1026:143:144:145:153:146:147:148:881:151:152","stroke":"#F7B731","time_slot":"09:00","time_type":"arrival","transit_type":"bus"},"geometry":{"type":"LineString","coordinates":[[121.50818136585366,25.041361731707322],[121.50582399999999,25.039449999999995]]}},{"type":"Feature","properties":{"arrival_time":"09:00","cutoff":900,"departure_time":"09:00","layer":"network","minutes":15,"route_id":"bus:101712-10431:931:933:3082:3083:1730:3084:3085:3906:883:884:885:886:887:888:889:890:891:892:893:275:276:277:39:41:43:45:47:49:51:53:52:50:48:46:44:42:59:894","stroke":"#F7B731","time_slot":"09:00","time_type":"arrival","transit_type":"bus"},"geometry":{"type":"LineString","coordinates":[[121.518101,25.061106999999996],[121.514663,25.06011]]}},{"type":"Feature","properties":{"arrival_time":"09:00","cutoff":900,"departure_time":"09:00","layer":"network","minutes":15,"route_id":"bus:101712-11152:576:577:578:579:580:581:582:583:584:585:2763:2762:5692:5693:5694:5695:2767:1749:1750:1751:1752:1093:1092:999:998:997:996:432:230:896:897:898:1198:1199:1200:1756:1757:200:199:198:197:195:193:191:189:187:5882:4593:4591:4590:4589:4588:879:878:877:876:875:874:874:875:5704:5705:312:310:843:2113:293","stroke":"#F7B731","time_slot":"09:00","time_type":"arrival","transit_type":"bus"},"geometry":{"type":"LineString","coordinates":[[121.51833400000001,25.071066],[121.5183854705882,25.06840194117646]]}},{"type":"Feature","properties":{"arrival_time":"09:00","cutoff":900,"departure_time":"09:00","layer":"network","minutes":15,"route_id":"bus:101712-11421:136:67:68:137:138:212:139:322:140:141:142:1026:143:144:145:153:146:147:148:149:150:151:152","stroke":"#F7B731","time_slot":"09:00","time_type":"arrival","transit_type":"bus"},"geometry":{"type":"LineString","coordinates":[[121.51316199999998,25.046551999999995],[121.51526515384617,25.043378615384615]]}},{"type":"Feature","properties":{"arrival_time":"09:00","cutoff":900,"departure_time":"09:00","layer":"network","minutes":15,"route_id":"bus:101712-15561:1419:1420:1422:1423:2078:1424:1425:2079:1426:713:720:721:722:723:724:3851:1713:1711:2089:1536:1553:1518:1535:2306:2641:1532:732:733:760:759:5409:6009:6010:5855:6011:5696:6012:2677:908:907:197:742:1537:6013:52:53:51:49:5243:47:5244:45:43:41:39:37:35:180:179:178:938:940:942:944:946:5619:270:268:266:889:888:5995:886:885:5884:5883","stroke":"#F7B731","time_slot":"09:00","time_type":"arrival","transit_type":"bus"},"geometry":{"type":"LineString","coordinates":[[121.52036266666664,25.02665333333334],[121.52337149999998,25.027007]]}},{"type":"Feature","properties":{"arrival_time":"09:00","cutoff":900,"departure_time":"09:00","layer":"network","minutes":15,"route_id":"bus:101712-10161:5703:2282:2283:2284:2285:2286:2287:3057:2492:2491:1416:1417:1418:1419:1420:1551:1550:1549:1548:392:391:390:6008:388:387:386:384:383:1469:2356:2357:2358:1280:2359:309:4144:6015","stroke":"#F7B731","time_slot":"09:00","time_type":"arrival","transit_type":"bus"},"geometry":{"type":"LineString","coordinates":[[121.50307399999998,25.044994],[121.505237,25.045991]]}},{"type":"Feature","properties":{"arrival_time":"09:00","cutoff":900,"departure_time":"09:00","layer":"network","minutes":15,"route_id":"bus:101712-10282:2241:2240:1597:1596:1401:1402:1405:1406:1421:1436:188:190:192:194:196:136:67:68:137:138:212:139:322:140:141:142:1026:143:144:145:153:3077:3032:4914:4915:737:4488:3031:4492:947:945:943:941:939:937:935:1292:1291:4923:4924:4925:4926:4927:4928:97:98:99","stroke":"#F7B731","time_slot":"09:00","time_type":"arrival","transit_type":"bus"},"geometry":{"type":"LineString","coordinates":[[121.51813962500002,25.029985],[121.520491,25.027269333333333]]}},{"type":"Feature","properties":{"arrival_time":"09:00","cutoff":900,"departure_time":"09:00","layer":"network","minutes":15,"route_id":"bus:101712-10874:993:314:1018:107:1021:106:241:104:1024:289:287:285:185:187:1029:1030:56:55:746:744:743:50:48:46:1086:1088:1089:1090:230:432:996:997:998:999:1092:1093:1094:1097:541:540:599","stroke":"#F7B731","time_slot":"09:00","time_type":"arrival","transit_type":"bus"},"geometry":{"type":"LineString","coordinates":[[121.53318834782604,25.06242004347826],[121.5356075,25.057965500000005]]}},{"type":"Feature","properties":{"arrival_time":"09:00","cutoff":900,"departure_time":"09:00","layer":"network","minutes":15,"route_id":"bus:101712-11861:706:1529:707:708:709:713:720:721:722:723:724:725:726:727:728:729:730:731:732:733:734:735:736:737:738:152:739:740:741:199:198:197:742:743:744:746:54:53:52:50","stroke":"#F7B731","time_slot":"09:00","time_type":"arrival","transit_type":"bus"},"geometry":{"type":"LineString","coordinates":[[121.52542499999998,25.052124000000003],[121.52204305263159,25.051024157894737]]}},{"type":"Feature","properties":{"arrival_time":"09:00","cutoff":900,"departure_time":"09:00","layer":"network","minutes":15,"route_id":"bus:101712-19408:576:577:578:579:580:581:582:583:584:585:2763:2762:5692:5693:5694:5695:2767:1749:1750:1751:1752:1093:1092:999:998:997:996:432:995:1009:1953:2093:2097:2102:2216:2104:2105:1308:1307:2110:2111:2112:2113:2175:4615","stroke":"#F7B731","time_slot":"09:00","time_type":"arrival","transit_type":"bus"},"geometry":{"type":"LineString","coordinates":[[121.52471199999998,25.081759999999996],[121.53277309090909,25.03817250000001]]}},{"type":"Feature","properties":{"arrival_time":"09:00","cutoff":900,"departure_time":"09:00","layer":"network","minutes":15,"route_id":"bus:101712-19618:299:63:302:303:282:283:284:183:3173:2066:1445:1444:2115","stroke":"#F7B731","time_slot":"09:00","time_type":"arrival","transit_type":"bus"},"geometry":{"type":"LineString","coordinates":[[121.57675228571435,25.050122285714277],[121.57820599999997,25.049805999999993]]}},{"type":"Feature","properties":{"arrival_time":"09:00","cutoff":900,"departure_time":"09:00","layer":"network","minutes":15,"route_id":"bus:101712-10172:3023:1119:5596:1424:1425:1426:5198:6140:6021:3855:1505:2775:2774:2773:2772:2771:732:733:1683:6022:2809:5360:146:244","stroke":"#F7B731","time_slot":"09:00","time_type":"arrival","transit_type":"bus"},"geometry":{"type":"LineString","coordinates":[[121.511455,25.035878],[121.51400557142858,25.032532857142858]]}},{"type":"Feature","properties":{"arrival_time":"09:00","cutoff":900,"departure_time":"09:00","layer":"network","minutes":15,"route_id":"bus:101712-10181:1738:2182:1739:1740:2183:2184:2185:2186:273:274:225:227:229:231:232:11:9:233:234:235:236:1439:1440:1441:1442:1443:1444:1445:1446:1452:1458:330:329:328:327:326:325:1495:1513:1521:4450:320:91:90:89:244:245:242:246:247:248:249:250:253:251:1253:1245:294:295:1224:1218","stroke":"#F7B731","time_slot":"09:00","time_type":"arrival","transit_type":"bus"},"geometry":{"type":"LineString","coordinates":[[121.50654264999999,25.036215450000004],[121.50470128571429,25.0323232857143]]}},{"type":"Feature","properties":{"arrival_time":"09:00","cutoff":900,"departure_time":"09:00","layer":"network","minutes":15,"route_id":"bus:101712-11742:608:609:610:2212:1373:2156:1769:2315:1277:2811:617:618:619:621:622:623:624:625:626:2546:4561:4560:4559:2571:2569:2567:2565:2165:3046:2563:2562:2800:3332:3333:3334:1768:3335:1388:2171:2172:2173:2174:845:843:310:2176:4615:292:290:1021:106:105:3211:2115","stroke":"#F7B731","time_slot":"09:00","time_type":"arrival","transit_type":"bus"},"geometry":{"type":"LineString","coordinates":[[121.57820599999997,25.049805999999993],[121.577875,25.047250666666667]]}},{"type":"Feature","properties":{"arrival_time":"09:00","cutoff":900,"departure_time":"09:00","layer":"network","minutes":15,"route_id":"bus:101712-16464:1468:5037:378:379:380:381:382:1469:1470:1471:1106:1107:1108:1472:1473:1474:1235:1475:1476:395:1477:1478:1479:1480:1481:1482:1483:1484:1485:1486:1487:1488:1489:1490:1411:1491:1492:1493:2496:5181:1494","stroke":"#F7B731","time_slot":"09:00","time_type":"arrival","transit_type":"bus"},"geometry":{"type":"LineString","coordinates":[[121.470732,25.02821],[121.46886580000003,25.024307200000003]]}},{"type":"Feature","properties":{"arrival_time":"09:00","cutoff":900,"departure_time":"09:00","layer":"network","minutes":15,"route_id":"bus:101712-16576:4555:2236:1223:1225:1226:1920:2242:2243:2244:1590:1591:1592:1825:1572:1394:1396:1397:1398:1399:1400:1596:1597:1598:1599:1600:1601:192:194:196:136:67:68:137:138:212:139:322:140:141:142:1026:143:144:145:1283:1284:244:2245","stroke":"#F7B731","time_slot":"09:00","time_type":"arrival","transit_type":"bus"},"geometry":{"type":"LineString","coordinates":[[121.50920646938768,25.045437142857146],[121.50533,25.04463]]}},{"type":"Feature","properties":{"arrival_time":"09:00","cutoff":900,"departure_time":"09:00","layer":"network","minutes":15,"route_id":"rail:Blue:7121:7122:7123:7124:7125:7126:7127:7128:7129:7130:7131:7132:7133:7134:7135:7136:7137:7138:7139:7140:7141:7142:7143","stroke":"#20BF6B","time_slot":"09:00","time_type":"arrival","transit_type":"rail"},"geometry":{"type":"LineString","coordinates":[[121.4718181,25.0294347],[121.4770181,25.0351579],[121.4772791,25.0353851],[121.4774375,25.0355087],[121.4775235,25.0355716],[121.4777008,25.0356884],[121.477792,25.0357446],[121.4779792,25.0358478],[121.4780751,25.0358949],[121.4782708,25.0359823],[121.4785313,25.0360808],[121.4788336,25.0361701],[121.4789911,25.0362057],[121.479204,25.0362456],[121.4795271,25.0362852],[121.479778,25.0362979],[121.4801134,25.0362969],[121.4836421,25.0361968],[121.4836421,25.0361968],[121.4836472,25.0361967],[121.4881044,25.0360725],[121.4887094,25.0360593],[121.4895886,25.0360519],[121.4899769,25.0360348],[121.4903078,25.0360111],[121.4906539,25.0359761],[121.4925693,25.0357554],[121.4931284,25.0357016],[121.4935039,25.0356733],[121.4942281,25.0356415],[121.4958293,25.0355978],[121.4959754,25.0355928],[121.4961875,25.0355763],[121.4964995,25.0355369],[121.4974985,25.0353711],[121.4977485,25.0353409],[121.4980371,25.0353196]]}},{"type":"Feature","properties":{"arrival_time":"09:00","cutoff":900,"departure_time":"09:00","layer":"network","minutes":15,"route_id":"rail:Brown:7144:7145:7146:7147:7148:7149:7150:7151:7152:7153:7154:7155:7156:7157:7158:7159:7160:7161:7162:7163:7164:7165:7166:7167","stroke":"#20BF6B","time_slot":"09:00","time_type":"arrival","transit_type":"rail"},"geometry":{"type":"LineString","coordinates":[[121.5440337,25.0520393],[121.5440551,25.0528946],[121.5441058,25.0558015],[121.5441917,25.0603266]]}},{"type":"Feature","properties":{"arrival_time":"09:00","cutoff":900,"departure_time":"09:00","layer":"network","minutes":15,"route_id":"rail:Orange:7188:7189:7190:7191:7192:7193:7194:7195:7196:7197:7198:7199:7200:7201:7202:7203:7204:7205:7206:7207:7208","stroke":"#20BF6B","time_slot":"09:00","time_type":"arrival","transit_type":"rail"},"geometry":{"type":"LineString","coordinates":[[121.5139886,25.0632823],[121.5142364,25.0632882],[121.5144629,25.0632874],[121.5146753,25.0632732],[121.5148818,25.0632499],[121.5162019,25.0630354],[121.5164632,25.0630006],[121.5167831,25.0629747],[121.5170922,25.0629646],[121.5193376,25.0629072],[121.5193376,25.0629072],[121.5211825,25.06286],[121.5235039,25.0627571],[121.5242435,25.0627342],[121.5292131,25.0626038],[121.5297251,25.0626042],[121.5307099,25.0626413],[121.531063,25.0626333],[121.5312893,25.0626099],[121.531457,25.06258],[121.5315944,25.0625456],[121.5318122,25.0624749],[121.532053,25.0623702],[121.5322134,25.0622816],[121.5323283,25.062209],[121.5326173,25.0619935],[121.5329119,25.0615794],[121.5329934,25.0614369],[121.533048,25.0613216],[121.5331129,25.0611386],[121.533157,25.0609465],[121.533185,25.0607004],[121.5331916,25.0604341],[121.5331035,25.0560963],[121.5330904,25.0550897],[121.5330384,25.0536589],[121.5330129,25.0520573],[121.5330129,25.0520573],[121.5329746,25.0496506],[121.5328612,25.0445546],[121.5328592,25.042661],[121.5328537,25.042381],[121.5328537,25.042381],[121.532744,25.0367795],[121.532747,25.0364725],[121.5327729,25.0358156],[121.5327739,25.0356193],[121.5327604,25.035432],[121.5327249,25.0352357],[121.5326737,25.0350621],[121.5326036,25.0348908],[121.5325074,25.0347129],[121.5324208,25.0345845],[121.5323034,25.0344405],[121.5321373,25.0342741],[121.5319596,25.034137],[121.5318072,25.0340405],[121.5316873,25.0339755],[121.5314941,25.0338927],[121.531272,25.0338212],[121.5311301,25.0337879],[121.5310101,25.033768],[121.5307942,25.0337484],[121.5305356,25.0337494],[121.5303456,25.0337681],[121.5300494,25.0338053],[121.5276152,25.0341299],[121.527406,25.0341645],[121.5272377,25.0342012],[121.5269816,25.0342788],[121.5267934,25.034354],[121.526667,25.0344131],[121.5264207,25.0345404],[121.5258745,25.0348335],[121.5257617,25.0348948],[121.5255627,25.0350016],[121.5254008,25.0350812],[121.525125,25.0351905],[121.5249128,25.0352499],[121.524769,25.0352798],[121.5246538,25.0352937],[121.5244427,25.035308],[121.5242714,25.0353018],[121.524119,25.0352866],[121.5240071,25.0352666],[121.5238279,25.0352266],[121.5236617,25.0351708],[121.5234749,25.0350925],[121.5233452,25.035023],[121.5232555,25.0349691],[121.5230085,25.0347939],[121.52283,25.0346005],[121.5227485,25.0344992],[121.522669,25.0343844],[121.5226176,25.0342988],[121.5225485,25.0341613],[121.5224956,25.0340306],[121.5224595,25.0339156],[121.5224293,25.0337893],[121.5224018,25.0335885],[121.5223983,25.033347],[121.5224099,25.0331664],[121.5224756,25.0325072],[121.5224903,25.0322498],[121.5224859,25.0320499],[121.5224859,25.0320499],[121.5224849,25.0320061],[121.5224585,25.0317782],[121.522423,25.0315842],[121.5222528,25.0308016],[121.5221633,25.0304453],[121.5220745,25.0301702],[121.5217906,25.0294332],[121.521767,25.0293633],[121.5217432,25.0292889],[121.5217259,25.029228],[121.5217152,25.0291829],[121.5216975,25.0291017],[121.5216845,25.0290183],[121.5216754,25.0289348],[121.52167,25.028831],[121.5216776,25.0286413],[121.5217068,25.0284539],[121.5217474,25.0283003],[121.5217795,25.0282076],[121.5218295,25.0280901],[121.5218992,25.0279567],[121.5219856,25.0278187],[121.5220792,25.0276852],[121.5227504,25.026769],[121.5248525,25.0238994],[121.5248648,25.0238813],[121.5249781,25.0237274],[121.5249953,25.0237025],[121.5251021,25.0235487],[121.5251838,25.0234158],[121.5251838,25.0234158],[121.5252218,25.0233541],[121.5253148,25.0231687],[121.5253953,25.0229563],[121.5254438,25.0227801],[121.5254789,25.0225791],[121.5254941,25.0223804],[121.5254905,25.0221885],[121.5254623,25.0219562],[121.5254106,25.0217351],[121.5253275,25.0215007],[121.5252462,25.0213227],[121.5251218,25.0211019],[121.5249613,25.0208655],[121.5248424,25.0207147],[121.524647,25.020501],[121.5244474,25.0203121],[121.5242296,25.0201413],[121.524143,25.0200829],[121.52397,25.0199707],[121.5237913,25.0198675],[121.5235166,25.0197263],[121.5228011,25.0193902],[121.5226584,25.0193275],[121.5224128,25.0192291],[121.5222531,25.0191755],[121.5221412,25.0191443],[121.5218787,25.0190888],[121.5216723,25.0190579],[121.5214945,25.0190427],[121.5211973,25.0190347],[121.5200168,25.0190449],[121.5200168,25.0190449],[121.5200143,25.019045],[121.5200143,25.019045],[121.5198775,25.0190481],[121.5198029,25.0190483],[121.5194468,25.019036],[121.5193427,25.0190274],[121.5191354,25.019001],[121.5189597,25.01897],[121.5187639,25.0189256],[121.5185707,25.0188721],[121.5184368,25.0188274],[121.5182485,25.0187536],[121.5180649,25.0186707],[121.5179755,25.0186281],[121.5178011,25.0185317],[121.5176331,25.0184262],[121.5174785,25.0183161],[121.5172116,25.0181004],[121.5170483,25.0179361],[121.5169277,25.0178034],[121.5168147,25.0176639],[121.51671,25.0175198],[121.5166134,25.0173689],[121.516527,25.0172157],[121.5164574,25.017076],[121.5163958,25.016934],[121.5163206,25.0167266],[121.5162814,25.0166026],[121.5148333,25.0113396],[121.5145133,25.0102573],[121.5143241,25.0095876],[121.5135936,25.0069584],[121.5132631,25.0057182],[121.5131883,25.0054679],[121.5131423,25.0053371],[121.5130763,25.0051771],[121.5129592,25.0049473],[121.5128803,25.0048166],[121.5127776,25.0046658],[121.5126481,25.0044992],[121.5125641,25.0043957],[121.5122754,25.0040671],[121.51017,25.0017067],[121.5082491,24.9994945],[121.5065028,24.9975458],[121.5063186,24.9973298],[121.506182,24.9971474],[121.506038,24.9969245],[121.5059535,24.996769],[121.5058786,24.996609],[121.5058004,24.9964129],[121.5057235,24.9961717],[121.5055198,24.9954117],[121.505082,24.9938874],[121.5050192,24.9936664],[121.504959,24.9934071],[121.5049324,24.993186],[121.5049303,24.9930483],[121.5049399,24.9929061],[121.5049775,24.9926938],[121.5050413,24.9924882],[121.5050977,24.9923571],[121.5051653,24.9922282],[121.5052875,24.9920449],[121.5053771,24.9919363],[121.5055032,24.9918005],[121.5056797,24.9916577],[121.5058062,24.9915669],[121.5059612,24.9914716],[121.50614,24.9913717],[121.5065234,24.9911695],[121.5077724,24.9905468],[121.5081388,24.9903673],[121.5098143,24.9895671],[121.4061208,25.0210469],[121.4063516,25.0210846],[121.4066081,25.0211155],[121.408051,25.0212591],[121.4080916,25.0212655],[121.4080916,25.0212655],[121.4080927,25.0212657],[121.4096062,25.0214163],[121.4098041,25.0214406],[121.4099132,25.0214584],[121.4100142,25.0214784],[121.4102132,25.0215298],[121.4104546,25.0216081],[121.4128951,25.0225651],[121.4133239,25.0227423],[121.4137259,25.022942],[121.4144356,25.0233356],[121.4144393,25.0233377],[121.4158774,25.0241352],[121.4162366,25.0243344],[121.4164016,25.0244288],[121.4165447,25.0245186],[121.4167592,25.0246783],[121.4168847,25.0248021],[121.4170009,25.0249349],[121.4170821,25.0250453],[121.4171649,25.0251782],[121.4172319,25.0253044],[121.4172999,25.0254487],[121.4178185,25.0266254],[121.4179523,25.0269049],[121.4180105,25.0270063],[121.4181132,25.0271595],[121.4181851,25.0272496],[121.4183628,25.0274409],[121.4185677,25.0276006],[121.4186835,25.027677],[121.4188048,25.0277466],[121.4189317,25.0278095],[121.4189835,25.0278311],[121.4190449,25.0278566],[121.4192588,25.0279304],[121.4213684,25.0285362],[121.4218265,25.0286771],[121.4243295,25.0294893],[121.4247381,25.0296168],[121.4263061,25.0300907],[121.4264548,25.0301356],[121.4297963,25.0311688],[121.4330466,25.0322217],[121.4330509,25.0322231],[121.4332979,25.0323031],[121.4335738,25.032388],[121.4338069,25.0324528],[121.4340152,25.0325019],[121.4344515,25.0325841],[121.4346583,25.0326181],[121.4393668,25.0333913],[121.4399193,25.0334912],[121.4418966,25.0338804],[121.4465681,25.0348664],[121.4493281,25.0354607],[121.4541831,25.0365339],[121.4545237,25.0366051],[121.4548528,25.0366606],[121.4551601,25.036698],[121.4560272,25.036763],[121.4563717,25.0367981],[121.4566153,25.0368425],[121.4568992,25.0369116],[121.4571209,25.0369854],[121.4573854,25.0370952],[121.4576259,25.0372163],[121.457859,25.037351],[121.4580461,25.0374665],[121.4595484,25.0383931],[121.4607105,25.0390847],[121.4626304,25.0402682],[121.4636949,25.0409533],[121.4656083,25.0421346],[121.4658132,25.0422716],[121.466039,25.0424402],[121.4662779,25.0426403],[121.4688818,25.0451465],[121.4690772,25.045313],[121.4692716,25.045459],[121.4694768,25.0455893],[121.4696367,25.0456791],[121.4698015,25.0457621],[121.4700189,25.0458562],[121.470179,25.0459166],[121.4735169,25.0470256],[121.4739764,25.0471731],[121.4746443,25.0473673],[121.4755182,25.0475925],[121.4759374,25.047704],[121.476232,25.0477978],[121.4765189,25.0479075],[121.4767332,25.0479971],[121.4769157,25.0480846],[121.4771687,25.0482282],[121.4773674,25.0483585],[121.4775093,25.0484664],[121.4776662,25.0485968],[121.4778867,25.0488127],[121.4780428,25.0489928],[121.4781945,25.0491955],[121.4783163,25.0493869],[121.4784988,25.0497204],[121.4806772,25.0539092],[121.4807864,25.0540962],[121.4809402,25.0543147],[121.4811114,25.054515],[121.4813231,25.054722],[121.4815014,25.0548591],[121.4816145,25.05494],[121.4818365,25.0550724],[121.4820618,25.0551845],[121.4821586,25.0552271],[121.4823459,25.0552965],[121.482476,25.0553352],[121.482476,25.0553352],[121.4824777,25.0553357],[121.4824777,25.0553357],[121.4825183,25.0553478],[121.4827385,25.055408],[121.4857216,25.056159],[121.485904,25.0562126],[121.4861037,25.0562841],[121.4863224,25.0563759],[121.4865189,25.0564746],[121.4868098,25.0566475],[121.4870414,25.0568024],[121.4884052,25.0577414],[121.489354,25.0583838],[121.4930643,25.0609334],[121.4932761,25.0610658],[121.4934546,25.0611578],[121.4935684,25.0612048],[121.4937046,25.061254],[121.4938541,25.0612964],[121.4939942,25.0613275],[121.4960024,25.0616639],[121.4964066,25.0617461],[121.4965635,25.0617839],[121.4968395,25.0618642],[121.4970901,25.0619447],[121.4990797,25.0626648],[121.4994684,25.0628034],[121.5014301,25.0635146]]}},{"type":"Feature","properties":{"arrival_time":"09:00","cutoff":900,"departure_time":"09:00","layer":"network","minutes":15,"route_id":"bus:101712-10282:2241:2240:1597:1596:1401:1402:1405:1406:1421:1436:188:190:192:194:196:136:67:68:137:138:212:139:322:140:141:142:1026:143:144:145:153:3077:3032:4914:4915:737:4488:3031:4492:947:945:943:941:939:937:935:1292:1291:4923:4924:4925:4926:4927:4928:97:98:99","stroke":"#F7B731","time_slot":"09:00","time_type":"arrival","transit_type":"bus"},"geometry":{"type":"LineString","coordinates":[[121.52459933333331,25.026828500000004],[121.520491,25.027269333333333]]}},{"type":"Feature","properties":{"arrival_time":"09:00","cutoff":900,"departure_time":"09:00","layer":"network","minutes":15,"route_id":"bus:101712-10772:4805:4806:4807:4808:5284:3096:3087:5211:5364:5365:5366:6005:658:659:1717:1713:1711:2089:1536:1553:1518:1535:2306:2641:1532:732:733:3030:1084:4582:4583:2735:2220:2221:152:4545:4549","stroke":"#F7B731","time_slot":"09:00","time_type":"arrival","transit_type":"bus"},"geometry":{"type":"LineString","coordinates":[[121.52123642857144,25.038851285714287],[121.52487,25.03676]]}},{"type":"Feature","properties":{"arrival_time":"09:00","cutoff":900,"departure_time":"09:00","layer":"network","minutes":15,"route_id":"bus:101712-10873:4508:108:4509:314:4434:312:310:843:845:847:849:3055:851:853:855:857:859:861:863:864:866:867:868:152:151:869:870:146:242:246:247:248:249:250:253:1273:1274:3344:3345:5314:295:294:1245:1253:251","stroke":"#F7B731","time_slot":"09:00","time_type":"arrival","transit_type":"bus"},"geometry":{"type":"LineString","coordinates":[[121.51628466666668,25.041929999999986],[121.52067233333335,25.03730633333333]]}},{"type":"Feature","properties":{"arrival_time":"09:00","cutoff":900,"departure_time":"09:00","layer":"network","minutes":15,"route_id":"bus:101712-11815:3228:2794:2795:5252:2796:2798:2799:2563:2562:2800:2801:2802:2803:4519:952:745:747:752:753:754:755:756:757:5409:6009:6010:5855:6011:5696:6124:6125:6126:6127:5668:5669:48:1304:1305:1306:1090:873:872:1312:529:530:531:532:533:534:535:536:2642:537:538:4772","stroke":"#F7B731","time_slot":"09:00","time_type":"arrival","transit_type":"bus"},"geometry":{"type":"LineString","coordinates":[[121.5282,25.05085],[121.52765,25.05411]]}},{"type":"Feature","properties":{"arrival_time":"09:00","cutoff":900,"departure_time":"09:00","layer":"network","minutes":15,"route_id":"bus:101712-15514:4433:800:773:774:775:776:777:779:780:781:782:783:784:785:786:787:231:232:11:9:233:234:235:236:1439:1440:1441:1442:1443:1444:1445:1446:1452:1458:330:329:328:327:326:909:96:243:94:93:92:91:90:89:150:881:4545","stroke":"#F7B731","time_slot":"09:00","time_type":"arrival","transit_type":"bus"},"geometry":{"type":"LineString","coordinates":[[121.51649173809524,25.046506309523814],[121.51316199999998,25.046551999999995]]}},{"type":"Feature","properties":{"arrival_time":"09:00","cutoff":900,"departure_time":"09:00","layer":"network","minutes":15,"route_id":"bus:101712-17022:1379:1380:1381:906:743:4447:4448:4449:4450:4790:4451:4452:4453:4454:4455:937:935:1292:1291:1387:1388:4534:5408:935","stroke":"#F7B731","time_slot":"09:00","time_type":"arrival","transit_type":"bus"},"geometry":{"type":"LineString","coordinates":[[121.53313299999999,25.060643],[121.5303195,25.06335175]]}},{"type":"Feature","properties":{"arrival_time":"09:00","cutoff":900,"departure_time":"09:00","layer":"network","minutes":15,"route_id":"bus:101712-18728:2345:2341:1177:1178:826:2342:1199:2343","stroke":"#F7B731","time_slot":"09:00","time_type":"arrival","transit_type":"bus"},"geometry":{"type":"LineString","coordinates":[[121.5183854705882,25.06840194117646],[121.520043,25.07157]]}},{"type":"Feature","properties":{"arrival_time":"09:00","cutoff":900,"departure_time":"09:00","layer":"network","minutes":15,"route_id":"bus:101712-10162:5703:2282:2283:2284:2285:2286:2287:3057:3058:3059:3025:3026:2474:2475:404:2476:2477:2478:2479:2480:3027:3028:1542:1543:1233:2483:1522:1237:443:1173:1172:1171:1471:2354:2355:1469:2356:2357:792:836:242:146:147:148:881:151:152","stroke":"#F7B731","time_slot":"09:00","time_type":"arrival","transit_type":"bus"},"geometry":{"type":"LineString","coordinates":[[121.50818136585366,25.041361731707322],[121.50704716129033,25.03802016129033]]}},{"type":"Feature","properties":{"arrival_time":"09:00","cutoff":900,"departure_time":"09:00","layer":"network","minutes":15,"route_id":"bus:101712-10736:2541:2545:626:625:624:623:4558:2573:2571:3331:3330:3329:4585:3328:3327:3326:2805:4562:1078:1079:1080:1081:752:753:754:3018:3337:3338:3339:3340:3341:3342:4650:4651:4652:4653:250:249:248:247:4667:146:244:89","stroke":"#F7B731","time_slot":"09:00","time_type":"arrival","transit_type":"bus"},"geometry":{"type":"LineString","coordinates":[[121.50818136585366,25.041361731707322],[121.506284,25.035011]]}},{"type":"Feature","properties":{"arrival_time":"09:00","cutoff":900,"departure_time":"09:00","layer":"network","minutes":15,"route_id":"bus:101712-10873:4508:108:4509:314:4434:312:310:843:845:847:849:3055:851:853:855:857:859:861:863:864:866:867:868:152:151:869:870:146:242:246:247:248:249:250:253:1273:1274:3344:3345:5314:295:294:1245:1253:251","stroke":"#F7B731","time_slot":"09:00","time_type":"arrival","transit_type":"bus"},"geometry":{"type":"LineString","coordinates":[[121.52456824999997,25.03537975],[121.52067233333335,25.03730633333333]]}},{"type":"Feature","properties":{"arrival_time":"09:00","cutoff":900,"departure_time":"09:00","layer":"network","minutes":15,"route_id":"bus:101712-11124:5826:4547:4551:3523:4553:705:6083:6084:2750:2751:2752:2753:2754:2755:1447:2756:2757:2758:2759:5729:5728:576:577:578:579:580:581:582:583:584:585:1012:2764:2765:1010:593:594:595:596:597:598:541:540:599:3570:6000:5999:5998:5997:1000:999:998:997:996:528:1174:223:1175:1176:1177:1178:826:827:828:829:1194:1196:1203:1211:150:201:244:245:242:246:247:248:249:250:251","stroke":"#F7B731","time_slot":"09:00","time_type":"arrival","transit_type":"bus"},"geometry":{"type":"LineString","coordinates":[[121.51391249999996,25.06875249999999],[121.51367000000003,25.073280000000008]]}},{"type":"Feature","properties":{"arrival_time":"09:00","cutoff":900,"departure_time":"09:00","layer":"network","minutes":15,"route_id":"bus:101712-10415:1298:1299:1300:1181:1180:1645:207:208:209:210:211:1654:1655:1656:1657:216:14:16:18:20:22:1353:2364:2363:2362:2361:985:1899:1900:1901:1902:1903:1904:1905:1906:1907:1908:42:205:206:741:740:89","stroke":"#F7B731","time_slot":"09:00","time_type":"arrival","transit_type":"bus"},"geometry":{"type":"LineString","coordinates":[[121.51649173809524,25.046506309523814],[121.51989714285712,25.046511142857153]]}},{"type":"Feature","properties":{"arrival_time":"09:00","cutoff":900,"departure_time":"09:00","layer":"network","minutes":15,"route_id":"bus:101712-11831:913:915:916:917:918:919:53:52:50:906:742:197:4523:5063:5057:3104:6115:89:244:146:4740:6128:2359:837:1212:1213:1214:1215:1216:1217:812:813","stroke":"#F7B731","time_slot":"09:00","time_type":"arrival","transit_type":"bus"},"geometry":{"type":"LineString","coordinates":[[121.533000102564,25.052041307692306],[121.5313885,25.048496]]}},{"type":"Feature","properties":{"arrival_time":"09:00","cutoff":900,"departure_time":"09:00","layer":"network","minutes":15,"route_id":"bus:101712-11831:913:915:916:917:918:919:53:52:50:906:742:197:4523:5063:5057:3104:6115:89:244:146:4740:6128:2359:837:1212:1213:1214:1215:1216:1217:812:813","stroke":"#F7B731","time_slot":"09:00","time_type":"arrival","transit_type":"bus"},"geometry":{"type":"LineString","coordinates":[[121.50196354545456,25.039660818181822],[121.502402,25.040579]]}},{"type":"Feature","properties":{"arrival_time":"09:00","cutoff":900,"departure_time":"09:00","layer":"network","minutes":15,"route_id":"rail:Brown:7144:7145:7146:7147:7148:7149:7150:7151:7152:7153:7154:7155:7156:7157:7158:7159:7160:7161:7162:7163:7164:7165:7166:7167","stroke":"#20BF6B","time_slot":"09:00","time_type":"arrival","transit_type":"rail"},"geometry":{"type":"LineString","coordinates":[[121.5437472,25.0406152],[121.5437719,25.0416548],[121.5437719,25.0416548],[121.5438408,25.0445579],[121.5440296,25.0518813],[121.5440296,25.0518813],[121.5440337,25.0520393]]}},{"type":"Feature","properties":{"arrival_time":"09:00","cutoff":900,"departure_time":"09:00","layer":"network","minutes":15,"route_id":"bus:101712-10173:3023:1119:5596:1424:1425:1426:713:720:721:722:1129:663:2290:2291:2292:5005:2293:2294:2295:2296:2297:2298:2299:2300:2301:2302:2303:2769:1555:1433:1554:1553:1518:1535:2306:2641:1532:732:733:3030:3031:736:737:738:3032:148","stroke":"#F7B731","time_slot":"09:00","time_type":"arrival","transit_type":"bus"},"geometry":{"type":"LineString","coordinates":[[121.51679781818183,25.024404727272728],[121.518303,25.028563]]}},{"type":"Feature","properties":{"arrival_time":"09:00","cutoff":900,"departure_time":"09:00","layer":"network","minutes":15,"route_id":"bus:101712-10181:1738:2182:1739:1740:2183:2184:2185:2186:273:274:225:227:229:231:232:11:9:233:234:235:236:1439:1440:1441:1442:1443:1444:1445:1446:1452:1458:330:329:328:327:326:325:1495:1513:1521:4450:320:91:90:89:244:245:242:246:247:248:249:250:253:251:1253:1245:294:295:1224:1218","stroke":"#F7B731","time_slot":"09:00","time_type":"arrival","transit_type":"bus"},"geometry":{"type":"LineString","coordinates":[[121.50704716129033,25.03802016129033],[121.50826699999999,25.042516999999986]]}},{"type":"Feature","properties":{"arrival_time":"09:00","cutoff":900,"departure_time":"09:00","layer":"network","minutes":15,"route_id":"bus:101712-10481:5257:2881:2882:2883:2884:4647:1538:1539:2475:4693:2478:2479:2480:3027:3028:1542:1543:1233:2483:1522:1237:443:1524:1473:5370:3306:3322:390:6008:388:1560:6014:5555:797:796:795:792:836:242:146:244:4500:90:4784:5347","stroke":"#F7B731","time_slot":"09:00","time_type":"arrival","transit_type":"bus"},"geometry":{"type":"LineString","coordinates":[[121.49871549999999,25.034153333333332],[121.49767500000002,25.032440000000005]]}},{"type":"Feature","properties":{"arrival_time":"09:00","cutoff":900,"departure_time":"09:00","layer":"network","minutes":15,"route_id":"bus:101712-10481:5257:2881:2882:2883:2884:4647:1538:1539:2475:4693:2478:2479:2480:3027:3028:1542:1543:1233:2483:1522:1237:443:1524:1473:5370:3306:3322:390:6008:388:1560:6014:5555:797:796:795:792:836:242:146:244:4500:90:4784:5347","stroke":"#F7B731","time_slot":"09:00","time_type":"arrival","transit_type":"bus"},"geometry":{"type":"LineString","coordinates":[[121.50018380952382,25.035168],[121.49871549999999,25.034153333333332]]}},{"type":"Feature","properties":{"arrival_time":"09:00","cutoff":900,"departure_time":"09:00","layer":"network","minutes":15,"route_id":"bus:101712-16111:5176:5094:5854:2424:2425:2426:2427:2428:2429:2353:441:442:443:1237:3174:1234:1545:1546:394:393:1547:5311:1548:1549:1550:1551:1422:1423:2078:1424:1425:2079:5371:3086:812:1217:1216:1215:1214:3091:247:246:146:244:89:3098:3100:3102:3104:3123:198:197:195:193:191:189:187:185:183:3173:2067:2068:2069:302:63:299","stroke":"#F7B731","time_slot":"09:00","time_type":"arrival","transit_type":"bus"},"geometry":{"type":"LineString","coordinates":[[121.51649173809524,25.046506309523814],[121.521508,25.044831]]}},{"type":"Feature","properties":{"arrival_time":"09:00","cutoff":900,"departure_time":"09:00","layer":"network","minutes":15,"route_id":"bus:101712-16157:5106:4236:259:260:261:2157:950:951:953:955:957:958:959:960:6116:3053:5887:2199:6169:5571:758:757:756:755:948:753:5727:1448:1433:1554:3013:1536:2089:1711:1713:5471:659:658:657:656:655:654:714:653:652:1122:651:650","stroke":"#F7B731","time_slot":"09:00","time_type":"arrival","transit_type":"bus"},"geometry":{"type":"LineString","coordinates":[[121.522377,25.041655499999997],[121.52301925,25.04239125]]}},{"type":"Feature","properties":{"arrival_time":"09:00","cutoff":900,"departure_time":"09:00","layer":"network","minutes":15,"route_id":"rail:Red:7214:7215:7216:7217:7218:7219:7220:7221:7222:7223:7224:7225:7226:7227:7228:7229:7230:7231:7232:7233:7234:7236:7237:7238:7239:7240:7241","stroke":"#20BF6B","time_slot":"09:00","time_type":"arrival","transit_type":"rail"},"geometry":{"type":"LineString","coordinates":[[121.520153,25.0713817],[121.5202367,25.0719795],[121.5203402,25.0727782],[121.5203808,25.0730015],[121.5204168,25.0731639],[121.5204674,25.0733442],[121.5205283,25.0735291],[121.5205843,25.0736643],[121.5207587,25.0740384],[121.5214346,25.0754106],[121.5217351,25.0760099],[121.5220957,25.0766745],[121.523549,25.0793937],[121.523654,25.0796032],[121.5237438,25.0798128],[121.5238269,25.0800472],[121.5238926,25.0802749],[121.5242866,25.0817271],[121.5244039,25.0821397],[121.5246067,25.0828252],[121.5247133,25.0832062],[121.5247756,25.0834408]]}},{"type":"Feature","properties":{"arrival_time":"09:00","cutoff":900,"departure_time":"09:00","layer":"network","minutes":15,"route_id":"bus:101712-10232:789:790:791:5:3:1:133:5649:5650:5651:5652:181:5221:183:185:187:189:191:193:195:197:198:199:200:1208:6023:833:834","stroke":"#F7B731","time_slot":"09:00","time_type":"arrival","transit_type":"bus"},"geometry":{"type":"LineString","coordinates":[[121.51603792307694,25.053632538461535],[121.511243,25.053919]]}},{"type":"Feature","properties":{"arrival_time":"09:00","cutoff":900,"departure_time":"09:00","layer":"network","minutes":15,"route_id":"bus:101712-10278:5368:3070:221:222:819:820:821:822:823:901:902:903:904:905:830:831:832:4464:4465:987:6028:6029:6030:6031:6032:4436:4437:6033:909:6034:6035:6036:289:291:2175:308:310:312","stroke":"#F7B731","time_slot":"09:00","time_type":"arrival","transit_type":"bus"},"geometry":{"type":"LineString","coordinates":[[121.510875,25.068085],[121.510832,25.066175]]}},{"type":"Feature","properties":{"arrival_time":"09:00","cutoff":900,"departure_time":"09:00","layer":"network","minutes":15,"route_id":"bus:101712-10328:2768:1795:1796:5086:636:637:638:639:640:641:642:643:644:645:646:647:648:552:553:554:555:556:557:3386:558:559:560:561:562:1066:1067:1069:572:573:574:575:1075:1076:1077:1078:1079:1080:1081:752:753:1612:1611:1972:1954:863:1953:2677:908:907:197:742:1537:2712:2713:915:916:917:918","stroke":"#F7B731","time_slot":"09:00","time_type":"arrival","transit_type":"bus"},"geometry":{"type":"LineString","coordinates":[[121.53284547826088,25.033584826086955],[121.53277309090909,25.03817250000001]]}},{"type":"Feature","properties":{"arrival_time":"09:00","cutoff":900,"departure_time":"09:00","layer":"network","minutes":15,"route_id":"bus:101712-10862:6052:6053:6054:5556:6055:4485:4486:2357:792:836:5360:6056:737:4488:3031:1084:4582:4583:866:3014:863:861:4455","stroke":"#F7B731","time_slot":"09:00","time_type":"arrival","transit_type":"bus"},"geometry":{"type":"LineString","coordinates":[[121.52744599999998,25.03412],[121.529725,25.033727]]}},{"type":"Feature","properties":{"arrival_time":"09:00","cutoff":900,"departure_time":"09:00","layer":"network","minutes":15,"route_id":"bus:101712-10262:1758:838:839:840:841:842:844:846:848:850:852:854:856:858:860:862:865:814:815:816:817:818:819:820:821:822:823:824:825:826:827:828:829:1194:1196:1208:1209:987:740:1681","stroke":"#F7B731","time_slot":"09:00","time_type":"arrival","transit_type":"bus"},"geometry":{"type":"LineString","coordinates":[[121.51370131250003,25.057125999999997],[121.5140318888889,25.05543877777777]]}},{"type":"Feature","properties":{"arrival_time":"09:00","cutoff":900,"departure_time":"09:00","layer":"network","minutes":15,"route_id":"bus:101712-10726:4483:4484:4485:4486:4497:4498:4499:1282:313:315:147:148:149:4500:1681:1682:3175:4488:3031:4492:947:945:943:941:939:937:935:1292:1291:1290:1289:1288:1287:3080","stroke":"#F7B731","time_slot":"09:00","time_type":"arrival","transit_type":"bus"},"geometry":{"type":"LineString","coordinates":[[121.504023,25.038711],[121.50099399999999,25.0384]]}},{"type":"Feature","properties":{"arrival_time":"09:00","cutoff":900,"departure_time":"09:00","layer":"network","minutes":15,"route_id":"bus:101712-10171:3023:1119:1423:1422:1551:1550:1549:1548:1527:1113:4741:1528:706:1529:707:3086:812:1217:1216:1215:1214:1213:1212:792:4739:4499:837","stroke":"#F7B731","time_slot":"09:00","time_type":"arrival","transit_type":"bus"},"geometry":{"type":"LineString","coordinates":[[121.50037911764706,25.02504829411765],[121.49994152941177,25.023633588235292]]}},{"type":"Feature","properties":{"arrival_time":"09:00","cutoff":900,"departure_time":"09:00","layer":"network","minutes":15,"route_id":"bus:101712-10326:2768:1795:1796:5086:636:637:638:639:640:641:642:643:4613:5016:5640:4613:644:645:646:647:648:552:553:554:555:556:557:3386:558:559:560:561:562:1066:1067:1069:572:573:574:575:1075:1076:1077:1078:1079:1080:1081:752:753:754:755:756:757:758:1083:1084:1085:738:152:739","stroke":"#F7B731","time_slot":"09:00","time_type":"arrival","transit_type":"bus"},"geometry":{"type":"LineString","coordinates":[[121.5281587368421,25.02076442105263],[121.52649357894737,25.022188263157904]]}},{"type":"Feature","properties":{"arrival_time":"09:00","cutoff":900,"departure_time":"09:00","layer":"network","minutes":15,"route_id":"bus:101712-11861:706:1529:707:708:709:713:720:721:722:723:724:725:726:727:728:729:730:731:732:733:734:735:736:737:738:152:739:740:741:199:198:197:742:743:744:746:54:53:52:50","stroke":"#F7B731","time_slot":"09:00","time_type":"arrival","transit_type":"bus"},"geometry":{"type":"LineString","coordinates":[[121.517445,25.028027],[121.516634,25.029865]]}},{"type":"Feature","properties":{"arrival_time":"09:00","cutoff":900,"departure_time":"09:00","layer":"network","minutes":15,"route_id":"rail:Red:7214:7215:7216:7217:7218:7219:7220:7221:7222:7223:7224:7225:7226:7227:7228:7229:7230:7231:7232:7233:7234:7236:7237:7238:7239:7240:7241","stroke":"#20BF6B","time_slot":"09:00","time_type":"arrival","transit_type":"rail"},"geometry":{"type":"LineString","coordinates":[[121.5164412,25.0426917],[121.5165806,25.0431336],[121.5166,25.0431945],[121.5167026,25.0435124],[121.5167803,25.0437716],[121.5172713,25.0454988],[121.5173454,25.0457491],[121.5174646,25.0460963],[121.5174996,25.0461854],[121.5174996,25.0461854],[121.517524,25.0462473]]}},{"type":"Feature","properties":{"arrival_time":"09:00","cutoff":900,"departure_time":"09:00","layer":"network","minutes":15,"route_id":"bus:101712-10232:789:790:791:5:3:1:133:5649:5650:5651:5652:181:5221:183:185:187:189:191:193:195:197:198:199:200:1208:6023:833:834","stroke":"#F7B731","time_slot":"09:00","time_type":"arrival","transit_type":"bus"},"geometry":{"type":"LineString","coordinates":[[121.53681736363637,25.052021363636367],[121.533000102564,25.052041307692306]]}},{"type":"Feature","properties":{"arrival_time":"09:00","cutoff":900,"departure_time":"09:00","layer":"network","minutes":15,"route_id":"bus:101712-10782:2985:6042:1169:2321:1673:1672:2805:4562:2804:956:954:4519:2803:2802:2801:3332:3333:3334:1768:3335:1389:1391:1393:1395:753:754:3018:3337:3338:3339:3340:3341:3342:3343:1273:253:250:249:248:247:246:2322:1281:4499:6043:795:796:797:3352:3353:1215:1216:1217:812:813","stroke":"#F7B731","time_slot":"09:00","time_type":"arrival","transit_type":"bus"},"geometry":{"type":"LineString","coordinates":[[121.49871549999999,25.034153333333332],[121.499237,25.03634]]}},{"type":"Feature","properties":{"arrival_time":"09:00","cutoff":900,"departure_time":"09:00","layer":"network","minutes":15,"route_id":"bus:101712-11232:5762:978:1718:1719:1675:1676:4675:2320:984:985:1899:1900:1901:1902:1903:1904:1905:1906:1908:42:44:1201:1202:5135:6114:5133:3123:3104:6115:5887:6116:6117:6012:1953:863:1954:939:937:935:1292:1291:1290:1289:1288:1287:3080","stroke":"#F7B731","time_slot":"09:00","time_type":"arrival","transit_type":"bus"},"geometry":{"type":"LineString","coordinates":[[121.53180000000002,25.040218999999997],[121.5285,25.040986]]}},{"type":"Feature","properties":{"arrival_time":"09:00","cutoff":900,"departure_time":"09:00","layer":"network","minutes":15,"route_id":"bus:101712-15391:1568:1567:1566:1564:535:534:533:532:531:530:1593:529:871:872:873:995:1009:1306:1594:1304:48:906:1822:1823:197:195:193:191:189:187:185:285:287:289:115:104:105:240:1861:238:237:135:134:133:3088:1862:1865:1875","stroke":"#F7B731","time_slot":"09:00","time_type":"arrival","transit_type":"bus"},"geometry":{"type":"LineString","coordinates":[[121.533000102564,25.052041307692306],[121.5299965,25.054202500000002]]}},{"type":"Feature","properties":{"arrival_time":"09:00","cutoff":900,"departure_time":"09:00","layer":"network","minutes":15,"route_id":"bus:101712-16191:1468:5037:378:379:380:381:382:383:384:386:387:388:389:390:391:392:1547:393:394:395:1293:397:398:399:400:401:402:403:3021:404","stroke":"#F7B731","time_slot":"09:00","time_type":"arrival","transit_type":"bus"},"geometry":{"type":"LineString","coordinates":[[121.47531299999999,25.032472],[121.47366,25.03163]]}},{"type":"Feature","properties":{"arrival_time":"09:00","cutoff":900,"departure_time":"09:00","layer":"network","minutes":15,"route_id":"bus:101712-10221:1534:1595:1526:1390:1392:1394:1396:1397:1398:1399:1400:1596:1597:1598:1599:1917:1916:1915:1914:65:66:136:67:4911:5354:70:71:1911:3635:2466:300:301:78:79:80:2163:81:82:83:84:85:86:87:88:164:165:166:1729:167:3002:42:2177:2178:1199:2179:2180:897:896:1755:5359:527:528:4533:432","stroke":"#F7B731","time_slot":"09:00","time_type":"arrival","transit_type":"bus"},"geometry":{"type":"LineString","coordinates":[[121.51846,25.06357],[121.518517,25.066329]]}},{"type":"Feature","properties":{"arrival_time":"09:00","cutoff":900,"departure_time":"09:00","layer":"network","minutes":15,"route_id":"bus:101712-10745:608:609:610:2212:1373:2156:1769:2315:1277:2210:2211:1769:616:2814:2813:3043:621:622:4558:2573:2571:2569:2567:2565:2165:3046:2563:2562:2800:3332:3333:3334:1768:3335:4534:5408:935:936:937:939:941:943:945:5409:1083:1084:4582:4583:5855","stroke":"#F7B731","time_slot":"09:00","time_type":"arrival","transit_type":"bus"},"geometry":{"type":"LineString","coordinates":[[121.52231600000002,25.030574],[121.522887,25.03276]]}},{"type":"Feature","properties":{"arrival_time":"09:00","cutoff":900,"departure_time":"09:00","layer":"network","minutes":15,"route_id":"bus:101712-10452:5127:3184:3185:3186:3187:3188:3189:3190:3191:3191:3190:3189:3188:3187:3186:3185:3184:3183:1639:1640:1641:1642:1643:2576:3072:3661:3660:5121:3659:3658:3657:976:977:978:1718:1719:1675:1676:164:165:166:1729:167:3002:829:1194:1196:1203:1211:987","stroke":"#F7B731","time_slot":"09:00","time_type":"arrival","transit_type":"bus"},"geometry":{"type":"LineString","coordinates":[[121.5140318888889,25.05543877777777],[121.51406060000004,25.052983200000007]]}},{"type":"Feature","properties":{"arrival_time":"09:00","cutoff":900,"departure_time":"09:00","layer":"network","minutes":15,"route_id":"bus:101712-10161:5703:2282:2283:2284:2285:2286:2287:3057:2492:2491:1416:1417:1418:1419:1420:1551:1550:1549:1548:392:391:390:6008:388:387:386:384:383:1469:2356:2357:2358:1280:2359:309:4144:6015","stroke":"#F7B731","time_slot":"09:00","time_type":"arrival","transit_type":"bus"},"geometry":{"type":"LineString","coordinates":[[121.501585,25.036891],[121.498804,25.035205]]}},{"type":"Feature","properties":{"arrival_time":"09:00","cutoff":900,"departure_time":"09:00","layer":"network","minutes":15,"route_id":"bus:101712-10181:1738:2182:1739:1740:2183:2184:2185:2186:273:274:225:227:229:231:232:11:9:233:234:235:236:1439:1440:1441:1442:1443:1444:1445:1446:1452:1458:330:329:328:327:326:325:1495:1513:1521:4450:320:91:90:89:244:245:242:246:247:248:249:250:253:251:1253:1245:294:295:1224:1218","stroke":"#F7B731","time_slot":"09:00","time_type":"arrival","transit_type":"bus"},"geometry":{"type":"LineString","coordinates":[[121.53170066666667,25.044121666666666],[121.53638,25.047067]]}},{"type":"Feature","properties":{"arrival_time":"09:00","cutoff":900,"departure_time":"09:00","layer":"network","minutes":15,"route_id":"bus:101712-10723:4483:4484:4485:4486:2357:792:778:765:4840:4496:4488:3031:4492:757:756:755:948:753:1395:1393:1391:1435:1388:2171:2172:2173:2174:879:878:877:876:4494:874","stroke":"#F7B731","time_slot":"09:00","time_type":"arrival","transit_type":"bus"},"geometry":{"type":"LineString","coordinates":[[121.49673015384617,25.035250076923074],[121.49334100000002,25.034114]]}},{"type":"Feature","properties":{"arrival_time":"09:00","cutoff":900,"departure_time":"09:00","layer":"network","minutes":15,"route_id":"bus:101712-10726:4483:4484:4485:4486:4497:4498:4499:1282:313:315:147:148:149:4500:1681:1682:3175:4488:3031:4492:947:945:943:941:939:937:935:1292:1291:1290:1289:1288:1287:3080","stroke":"#F7B731","time_slot":"09:00","time_type":"arrival","transit_type":"bus"},"geometry":{"type":"LineString","coordinates":[[121.51846500000002,25.042526],[121.51446337499999,25.046860000000002]]}},{"type":"Feature","properties":{"arrival_time":"09:00","cutoff":900,"departure_time":"09:00","layer":"network","minutes":15,"route_id":"bus:101712-10863:6057:6058:6059:6060:5555:797:796:795:792","stroke":"#F7B731","time_slot":"09:00","time_type":"arrival","transit_type":"bus"},"geometry":{"type":"LineString","coordinates":[[121.49405600000001,25.027080124999998],[121.494436,25.025956]]}},{"type":"Feature","properties":{"arrival_time":"09:00","cutoff":900,"departure_time":"09:00","layer":"network","minutes":15,"route_id":"bus:101712-10942:4694:4898:5084:296:4493:297:298:2466:300:301:304:76:75:305:306:2525:307:322:140:141:142:1026:143:144:309:311:313:315:147:148:149:89:90:91:320:321:323:324:325:326:327:328:329:330:289:115:104:105:106:107:5033:5872:314:316:5178:317:318:319:368:370:371:372:373:374:375:376:377:385:396:405","stroke":"#F7B731","time_slot":"09:00","time_type":"arrival","transit_type":"bus"},"geometry":{"type":"LineString","coordinates":[[121.543023,25.047235500000003],[121.54587166666664,25.048183333333334]]}},{"type":"Feature","properties":{"arrival_time":"09:00","cutoff":900,"departure_time":"09:00","layer":"network","minutes":15,"route_id":"bus:101712-16588:2350:1459:1460:2351:2352:2353:441:442:1173:1172:1171:1471:2354:2355:1469:2356:2357:2358:837:2359:309:144:5825:2360:202:203:204:166:1903:1902:1901:1900:1899:985:2361:2362:2363:2364:2365:1353:22:20:1724:2366:2367:2368:213:211:209:208:207:3062:1645","stroke":"#F7B731","time_slot":"09:00","time_type":"arrival","transit_type":"bus"},"geometry":{"type":"LineString","coordinates":[[121.5013872857143,25.036310142857143],[121.498804,25.035205]]}},{"type":"Feature","properties":{"arrival_time":"09:00","cutoff":900,"departure_time":"09:00","layer":"network","minutes":15,"route_id":"bus:101712-10326:2768:1795:1796:5086:636:637:638:639:640:641:642:643:4613:5016:5640:4613:644:645:646:647:648:552:553:554:555:556:557:3386:558:559:560:561:562:1066:1067:1069:572:573:574:575:1075:1076:1077:1078:1079:1080:1081:752:753:754:755:756:757:758:1083:1084:1085:738:152:739","stroke":"#F7B731","time_slot":"09:00","time_type":"arrival","transit_type":"bus"},"geometry":{"type":"LineString","coordinates":[[121.51513700000001,25.036829000000008],[121.51992,25.0337]]}},{"type":"Feature","properties":{"arrival_time":"09:00","cutoff":900,"departure_time":"09:00","layer":"network","minutes":15,"route_id":"bus:101712-10472:1342:1340:1339:1343:523:522:521:520:517:1344:514:507:486:468:463:462:461:460:459:458:457:1345:455:454:453:452:451:450:444:433:528:228:230:897:898:6038:3002:167:2417:166:204:203:202:143:1026:142:141:322:6039:138:137:1912:1913:136:194:192:190:188:1741","stroke":"#F7B731","time_slot":"09:00","time_type":"arrival","transit_type":"bus"},"geometry":{"type":"LineString","coordinates":[[121.52494524242425,25.084920787878787],[121.52240450000002,25.081058142857135]]}},{"type":"Feature","properties":{"arrival_time":"09:00","cutoff":900,"departure_time":"09:00","layer":"network","minutes":15,"route_id":"bus:101712-10261:819:820:821:822:823:824:825:900:899:962:3663:3664:3665:3666:1201:1202:1204:1205:1206:1207:3688:3689:3705","stroke":"#F7B731","time_slot":"09:00","time_type":"arrival","transit_type":"bus"},"geometry":{"type":"LineString","coordinates":[[121.52138828571427,25.057840857142857],[121.51899200000001,25.057514333333334]]}},{"type":"Feature","properties":{"arrival_time":"09:00","cutoff":900,"departure_time":"09:00","layer":"network","minutes":15,"route_id":"bus:101712-10842:5881:256:635:275:5880:1087:5883:5884:884:883:3906:3085:3084:1730:3083:175:176:177:938:940:942:944:946:5619:270:268:266:265:264:263:949:950:951:953:4259:4260:5885:5233:5886:2712:906:742:197:907:908:1952:2218:4584:3053:5887:1681:152:151:869:870","stroke":"#F7B731","time_slot":"09:00","time_type":"arrival","transit_type":"bus"},"geometry":{"type":"LineString","coordinates":[[121.51628466666668,25.041929999999986],[121.51846500000002,25.042526]]}},{"type":"Feature","properties":{"arrival_time":"09:00","cutoff":900,"departure_time":"09:00","layer":"network","minutes":15,"route_id":"bus:101712-10864:813:812:1218:1224:295:294:1245:1253:251:252:253:250:249:248:247:4667:146:244:2224:6061:1203:1208:200:199:198:197:6062:6063:6064:6065:1030:57:58:60:61:62:43:63","stroke":"#F7B731","time_slot":"09:00","time_type":"arrival","transit_type":"bus"},"geometry":{"type":"LineString","coordinates":[[121.541495,25.054562],[121.545383,25.054472]]}},{"type":"Feature","properties":{"arrival_time":"09:00","cutoff":900,"departure_time":"09:00","layer":"network","minutes":15,"route_id":"bus:101712-11232:5762:978:1718:1719:1675:1676:4675:2320:984:985:1899:1900:1901:1902:1903:1904:1905:1906:1908:42:44:1201:1202:5135:6114:5133:3123:3104:6115:5887:6116:6117:6012:1953:863:1954:939:937:935:1292:1291:1290:1289:1288:1287:3080","stroke":"#F7B731","time_slot":"09:00","time_type":"arrival","transit_type":"bus"},"geometry":{"type":"LineString","coordinates":[[121.5269255,25.0414025],[121.5285,25.040986]]}},{"type":"Feature","properties":{"arrival_time":"09:00","cutoff":900,"departure_time":"09:00","layer":"network","minutes":15,"route_id":"bus:101712-11245:4716:4708:2452:2451:4715:3795:3794:4814:4727:2863:2862:2861:986:34:36:38:40:1756:1206:1205:1204:4815:4816:4818:742:197:907:908:1952:1953:861:859:855:853:912:3078:849:3079:879:878:877:876:4494:874","stroke":"#F7B731","time_slot":"09:00","time_type":"arrival","transit_type":"bus"},"geometry":{"type":"LineString","coordinates":[[121.51899200000001,25.057514333333334],[121.518152,25.062226000000003]]}},{"type":"Feature","properties":{"arrival_time":"09:00","cutoff":900,"departure_time":"09:00","layer":"network","minutes":15,"route_id":"bus:101712-11812:3228:2794:3251:3250:2832:2830:2829:2828:2827:4440:3076:1286:1287:1288:1289:1290:1291:1292:935:936:937:939:941:943:945:5409:4540:4543:4520:5131:880:89:881:882","stroke":"#F7B731","time_slot":"09:00","time_type":"arrival","transit_type":"bus"},"geometry":{"type":"LineString","coordinates":[[121.518555,25.041403],[121.51751,25.03787]]}},{"type":"Feature","properties":{"arrival_time":"09:00","cutoff":900,"departure_time":"09:00","layer":"network","minutes":15,"route_id":"bus:101712-10162:5703:2282:2283:2284:2285:2286:2287:3057:3058:3059:3025:3026:2474:2475:404:2476:2477:2478:2479:2480:3027:3028:1542:1543:1233:2483:1522:1237:443:1173:1172:1171:1471:2354:2355:1469:2356:2357:792:836:242:146:147:148:881:151:152","stroke":"#F7B731","time_slot":"09:00","time_type":"arrival","transit_type":"bus"},"geometry":{"type":"LineString","coordinates":[[121.50983399999997,25.041492],[121.51155500000003,25.043262000000006]]}},{"type":"Feature","properties":{"arrival_time":"09:00","cutoff":900,"departure_time":"09:00","layer":"network","minutes":15,"route_id":"bus:101712-10181:1738:2182:1739:1740:2183:2184:2185:2186:273:274:225:227:229:231:232:11:9:233:234:235:236:1439:1440:1441:1442:1443:1444:1445:1446:1452:1458:330:329:328:327:326:325:1495:1513:1521:4450:320:91:90:89:244:245:242:246:247:248:249:250:253:251:1253:1245:294:295:1224:1218","stroke":"#F7B731","time_slot":"09:00","time_type":"arrival","transit_type":"bus"},"geometry":{"type":"LineString","coordinates":[[121.5003162,25.0212554],[121.50208342857142,25.022052714285714]]}},{"type":"Feature","properties":{"arrival_time":"09:00","cutoff":900,"departure_time":"09:00","layer":"network","minutes":15,"route_id":"bus:101712-10736:2541:2545:626:625:624:623:4558:2573:2571:3331:3330:3329:4585:3328:3327:3326:2805:4562:1078:1079:1080:1081:752:753:754:3018:3337:3338:3339:3340:3341:3342:4650:4651:4652:4653:250:249:248:247:4667:146:244:89","stroke":"#F7B731","time_slot":"09:00","time_type":"arrival","transit_type":"bus"},"geometry":{"type":"LineString","coordinates":[[121.52038774999998,25.02475325],[121.5178875,25.02532525]]}},{"type":"Feature","properties":{"arrival_time":"09:00","cutoff":900,"departure_time":"09:00","layer":"network","minutes":15,"route_id":"bus:101712-10748:608:609:610:2212:1373:2156:1769:2315:2811:617:618:619:621:622:623:624:625:626:2546:2549:2555:2556:5078:2557:4645:3332:3333:3334:1768:3335:4534:5408:935:936:937:939:941:943:945:5409:4492:3031:736:737:738:152:739","stroke":"#F7B731","time_slot":"09:00","time_type":"arrival","transit_type":"bus"},"geometry":{"type":"LineString","coordinates":[[121.520491,25.027269333333333],[121.52337149999998,25.027007]]}},{"type":"Feature","properties":{"arrival_time":"09:00","cutoff":900,"departure_time":"09:00","layer":"network","minutes":15,"route_id":"bus:101712-11165:1753:1754:5869:1755:896:897:898:899:900:1197:826:827:828:829:1194:1196:1208:200:199:198:197:195:193:191:189:187:5882:4593:4591:4590:4589:4588:879:878:877:876:875:874","stroke":"#F7B731","time_slot":"09:00","time_type":"arrival","transit_type":"bus"},"geometry":{"type":"LineString","coordinates":[[121.519152,25.07344],[121.51790866666664,25.071925]]}},{"type":"Feature","properties":{"arrival_time":"09:00","cutoff":900,"departure_time":"09:00","layer":"network","minutes":15,"route_id":"bus:101712-10842:5881:256:635:275:5880:1087:5883:5884:884:883:3906:3085:3084:1730:3083:175:176:177:938:940:942:944:946:5619:270:268:266:265:264:263:949:950:951:953:4259:4260:5885:5233:5886:2712:906:742:197:907:908:1952:2218:4584:3053:5887:1681:152:151:869:870","stroke":"#F7B731","time_slot":"09:00","time_type":"arrival","transit_type":"bus"},"geometry":{"type":"LineString","coordinates":[[121.52952,25.03834],[121.52567,25.039509999999996]]}},{"type":"Feature","properties":{"arrival_time":"09:00","cutoff":900,"departure_time":"09:00","layer":"network","minutes":15,"route_id":"bus:101712-10851:5890:5873:5874:1765:1764:1763:128:129:19:21:23:925:927:929:931:933:3082:175:176:177:938:940:942:944:946:5619:270:268:266:265:264:263:949:950:951:953:955:957:958:959:960:961:1088:1086:205:206:741:740:89:881:882","stroke":"#F7B731","time_slot":"09:00","time_type":"arrival","transit_type":"bus"},"geometry":{"type":"LineString","coordinates":[[121.51649173809524,25.046506309523814],[121.51315342857147,25.04492071428572]]}},{"type":"Feature","properties":{"arrival_time":"09:00","cutoff":900,"departure_time":"09:00","layer":"network","minutes":15,"route_id":"bus:101712-16464:1468:5037:378:379:380:381:382:1469:1470:1471:1106:1107:1108:1472:1473:1474:1235:1475:1476:395:1477:1478:1479:1480:1481:1482:1483:1484:1485:1486:1487:1488:1489:1490:1411:1491:1492:1493:2496:5181:1494","stroke":"#F7B731","time_slot":"09:00","time_type":"arrival","transit_type":"bus"},"geometry":{"type":"LineString","coordinates":[[121.47336036363636,25.03099009090909],[121.470732,25.02821]]}},{"type":"Feature","properties":{"arrival_time":"09:00","cutoff":900,"departure_time":"09:00","layer":"network","minutes":15,"route_id":"bus:101712-16633:766:767:768:769:770:771:772:773:774:775:776:777:779:780:781:782:783:784:785:786:787:1761:4435:291:101:100:99:98:97:96:243:94:4790:4436:4437","stroke":"#F7B731","time_slot":"09:00","time_type":"arrival","transit_type":"bus"},"geometry":{"type":"LineString","coordinates":[[121.5373,25.0446],[121.53678033333334,25.043074]]}},{"type":"Feature","properties":{"arrival_time":"09:00","cutoff":900,"departure_time":"09:00","layer":"network","minutes":15,"route_id":"bus:101712-10161:5703:2282:2283:2284:2285:2286:2287:3057:2492:2491:1416:1417:1418:1419:1420:1551:1550:1549:1548:392:391:390:6008:388:387:386:384:383:1469:2356:2357:2358:1280:2359:309:4144:6015","stroke":"#F7B731","time_slot":"09:00","time_type":"arrival","transit_type":"bus"},"geometry":{"type":"LineString","coordinates":[[121.4732525,25.0292535],[121.47336036363636,25.03099009090909]]}},{"type":"Feature","properties":{"arrival_time":"09:00","cutoff":900,"departure_time":"09:00","layer":"network","minutes":15,"route_id":"bus:101712-10736:2541:2545:626:625:624:623:4558:2573:2571:3331:3330:3329:4585:3328:3327:3326:2805:4562:1078:1079:1080:1081:752:753:754:3018:3337:3338:3339:3340:3341:3342:4650:4651:4652:4653:250:249:248:247:4667:146:244:89","stroke":"#F7B731","time_slot":"09:00","time_type":"arrival","transit_type":"bus"},"geometry":{"type":"LineString","coordinates":[[121.5178875,25.02532525],[121.514658,25.026152]]}},{"type":"Feature","properties":{"arrival_time":"09:00","cutoff":900,"departure_time":"09:00","layer":"network","minutes":15,"route_id":"bus:101712-10823:525:1340:1339:4504:1343:523:522:521:520:517:1344:514:507:486:468:463:462:461:460:459:458:457:1345:455:454:453:452:451:450:444:871:872:873:995:1009:961:1088:1086:205:206:741:740:89:244:245:242:246:247:3091:1214:1215:1216:1217:812:813","stroke":"#F7B731","time_slot":"09:00","time_type":"arrival","transit_type":"bus"},"geometry":{"type":"LineString","coordinates":[[121.52677123076923,25.087446769230766],[121.52532700000003,25.085353]]}},{"type":"Feature","properties":{"arrival_time":"09:00","cutoff":900,"departure_time":"09:00","layer":"network","minutes":15,"route_id":"bus:101712-11831:913:915:916:917:918:919:53:52:50:906:742:197:4523:5063:5057:3104:6115:89:244:146:4740:6128:2359:837:1212:1213:1214:1215:1216:1217:812:813","stroke":"#F7B731","time_slot":"09:00","time_type":"arrival","transit_type":"bus"},"geometry":{"type":"LineString","coordinates":[[121.505529,25.040658],[121.502402,25.040579]]}},{"type":"Feature","properties":{"arrival_time":"09:00","cutoff":900,"departure_time":"09:00","layer":"network","minutes":15,"route_id":"bus:101712-16121:404:3021:403:402:401:400:399:398:397:1293:4908:1476:1235:1474:1473:5370:3306:3322:3323:1109:3324:1108:3336:1354:3346:3347:3351:3352:3353:1278:248:247:246:146:244:89:90:4784:5347","stroke":"#F7B731","time_slot":"09:00","time_type":"arrival","transit_type":"bus"},"geometry":{"type":"LineString","coordinates":[[121.5019286,25.029626599999997],[121.49903499999999,25.029411500000002]]}},{"type":"Feature","properties":{"arrival_time":"09:00","cutoff":900,"departure_time":"09:00","layer":"network","minutes":15,"route_id":"bus:101712-10278:5368:3070:221:222:819:820:821:822:823:901:902:903:904:905:830:831:832:4464:4465:987:6028:6029:6030:6031:6032:4436:4437:6033:909:6034:6035:6036:289:291:2175:308:310:312","stroke":"#F7B731","time_slot":"09:00","time_type":"arrival","transit_type":"bus"},"geometry":{"type":"LineString","coordinates":[[121.5373,25.0446],[121.54157,25.044438]]}},{"type":"Feature","properties":{"arrival_time":"09:00","cutoff":900,"departure_time":"09:00","layer":"network","minutes":15,"route_id":"bus:101712-10326:2768:1795:1796:5086:636:637:638:639:640:641:642:643:4613:5016:5640:4613:644:645:646:647:648:552:553:554:555:556:557:3386:558:559:560:561:562:1066:1067:1069:572:573:574:575:1075:1076:1077:1078:1079:1080:1081:752:753:754:755:756:757:758:1083:1084:1085:738:152:739","stroke":"#F7B731","time_slot":"09:00","time_type":"arrival","transit_type":"bus"},"geometry":{"type":"LineString","coordinates":[[121.51628466666668,25.041929999999986],[121.517704,25.044844]]}},{"type":"Feature","properties":{"arrival_time":"09:00","cutoff":900,"departure_time":"09:00","layer":"network","minutes":15,"route_id":"bus:101712-10736:2541:2545:626:625:624:623:4558:2573:2571:3331:3330:3329:4585:3328:3327:3326:2805:4562:1078:1079:1080:1081:752:753:754:3018:3337:3338:3339:3340:3341:3342:4650:4651:4652:4653:250:249:248:247:4667:146:244:89","stroke":"#F7B731","time_slot":"09:00","time_type":"arrival","transit_type":"bus"},"geometry":{"type":"LineString","coordinates":[[121.52802,25.01912],[121.52501975,25.02146075]]}},{"type":"Feature","properties":{"arrival_time":"09:00","cutoff":900,"departure_time":"09:00","layer":"network","minutes":15,"route_id":"bus:101712-10861:5790:5873:5874:1765:1764:1763:128:129:19:21:23:925:927:929:931:933:3082:175:176:177:178:179:180:35:37:39:41:43:45:47:1382:1383:1029:1384:909:910:911:2105:2216:2217:2093:1953:2218:2219:2220:2221:4914:4915:737:5891:4803:4653:1253:1245:294:295:1224:1218:812:813","stroke":"#F7B731","time_slot":"09:00","time_type":"arrival","transit_type":"bus"},"geometry":{"type":"LineString","coordinates":[[121.53277309090909,25.03817250000001],[121.5343368888889,25.038131222222226]]}},{"type":"Feature","properties":{"arrival_time":"09:00","cutoff":900,"departure_time":"09:00","layer":"network","minutes":15,"route_id":"bus:101712-11833:913:915:916:917:918:919:54:920:921:922:923:243:924:926:928:930:932:934:935:936:937:939:941:943:945:947:757:756:755:948:753:752:747:745:952:954:956","stroke":"#F7B731","time_slot":"09:00","time_type":"arrival","transit_type":"bus"},"geometry":{"type":"LineString","coordinates":[[121.54385866666667,25.049189],[121.54377,25.0465]]}},{"type":"Feature","properties":{"arrival_time":"09:00","cutoff":900,"departure_time":"09:00","layer":"network","minutes":15,"route_id":"bus:101712-16707:1929:1930:2415:2416:5594:1685:1687:668:669:670:671:672:673:665:1091:1688:1690:1691:1692:1693:1744:1745:1746:1747:1701:1702:703:1748:1749:1750:1751:1752:5007:5008:1753:1175:1176:1177:1178:826:827:828:829:1194:1196:1203:1211:2224","stroke":"#F7B731","time_slot":"09:00","time_type":"arrival","transit_type":"bus"},"geometry":{"type":"LineString","coordinates":[[121.51346815384613,25.050395692307692],[121.51061,25.05061]]}},{"type":"Feature","properties":{"arrival_time":"09:00","cutoff":900,"departure_time":"09:00","layer":"network","minutes":15,"route_id":"train:EAST:7270:7268:7266:7264:7468:7450:7437:7435:7431:7429:7424","stroke":"#EB3B5A","time_slot":"09:00","time_type":"arrival","transit_type":"train"},"geometry":{"type":"LineString","coordinates":[[121.60706,25.05348],[121.51711,25.04775]]}},{"type":"Feature","properties":{"arrival_time":"09:00","cutoff":900,"departure_time":"09:00","layer":"network","minutes":15,"route_id":"bus:101712-10231:3066:1:3:5:7:9:11:13:15:17:19:21:23:25:27:29:31:33:35:37:39:41:43:45:47:49:51:53:52:50:48:46:44:42:59","stroke":"#F7B731","time_slot":"09:00","time_type":"arrival","transit_type":"bus"},"geometry":{"type":"LineString","coordinates":[[121.5180735555555,25.0628667037037],[121.518101,25.061106999999996]]}},{"type":"Feature","properties":{"arrival_time":"09:00","cutoff":900,"departure_time":"09:00","layer":"network","minutes":15,"route_id":"bus:101712-10328:2768:1795:1796:5086:636:637:638:639:640:641:642:643:644:645:646:647:648:552:553:554:555:556:557:3386:558:559:560:561:562:1066:1067:1069:572:573:574:575:1075:1076:1077:1078:1079:1080:1081:752:753:1612:1611:1972:1954:863:1953:2677:908:907:197:742:1537:2712:2713:915:916:917:918","stroke":"#F7B731","time_slot":"09:00","time_type":"arrival","transit_type":"bus"},"geometry":{"type":"LineString","coordinates":[[121.53367714285717,25.030647142857145],[121.53472149999997,25.024967500000002]]}},{"type":"Feature","properties":{"arrival_time":"09:00","cutoff":900,"departure_time":"09:00","layer":"network","minutes":15,"route_id":"bus:101712-10417:0:2:4:6:8:10:12:14:16:18:20:22:1353:24:26:28:30:1899:1900:1901:1902:1903:2417:166:204:203:5989:5990:1679:1680:5634:5635:5031:5991:89:90:91:92:93:94:95:96:97:98:99:100:101:293:292:290:1021:106:105:3211","stroke":"#F7B731","time_slot":"09:00","time_type":"arrival","transit_type":"bus"},"geometry":{"type":"LineString","coordinates":[[121.53883614285714,25.041704428571432],[121.541082,25.041512]]}},{"type":"Feature","properties":{"arrival_time":"09:00","cutoff":900,"departure_time":"09:00","layer":"network","minutes":15,"route_id":"bus:101712-10736:2541:2545:626:625:624:623:4558:2573:2571:3331:3330:3329:4585:3328:3327:3326:2805:4562:1078:1079:1080:1081:752:753:754:3018:3337:3338:3339:3340:3341:3342:4650:4651:4652:4653:250:249:248:247:4667:146:244:89","stroke":"#F7B731","time_slot":"09:00","time_type":"arrival","transit_type":"bus"},"geometry":{"type":"LineString","coordinates":[[121.52501975,25.02146075],[121.52324924999999,25.02292675]]}},{"type":"Feature","properties":{"arrival_time":"09:00","cutoff":900,"departure_time":"09:00","layer":"network","minutes":15,"route_id":"bus:101712-10842:5881:256:635:275:5880:1087:5883:5884:884:883:3906:3085:3084:1730:3083:175:176:177:938:940:942:944:946:5619:270:268:266:265:264:263:949:950:951:953:4259:4260:5885:5233:5886:2712:906:742:197:907:908:1952:2218:4584:3053:5887:1681:152:151:869:870","stroke":"#F7B731","time_slot":"09:00","time_type":"arrival","transit_type":"bus"},"geometry":{"type":"LineString","coordinates":[[121.51319066666666,25.042201333333335],[121.51088,25.0423]]}},{"type":"Feature","properties":{"arrival_time":"09:00","cutoff":900,"departure_time":"09:00","layer":"network","minutes":15,"route_id":"bus:101712-16157:5106:4236:259:260:261:2157:950:951:953:955:957:958:959:960:6116:3053:5887:2199:6169:5571:758:757:756:755:948:753:5727:1448:1433:1554:3013:1536:2089:1711:1713:5471:659:658:657:656:655:654:714:653:652:1122:651:650","stroke":"#F7B731","time_slot":"09:00","time_type":"arrival","transit_type":"bus"},"geometry":{"type":"LineString","coordinates":[[121.520154,25.03009],[121.521879,25.040352]]}},{"type":"Feature","properties":{"arrival_time":"09:00","cutoff":900,"departure_time":"09:00","layer":"network","minutes":15,"route_id":"rail:Green:7168:7169:7170:7172:7173:7174:7175:7176:7177:7178:7179:7180:7181:7182:7183:7184:7185:7186:7187","stroke":"#20BF6B","time_slot":"09:00","time_type":"arrival","transit_type":"rail"},"geometry":{"type":"LineString","coordinates":[[121.5440296,25.0518813],[121.545772,25.0518456],[121.5498894,25.0517176]]}},{"type":"Feature","properties":{"arrival_time":"09:00","cutoff":900,"departure_time":"09:00","layer":"network","minutes":15,"route_id":"bus:101712-10278:5368:3070:221:222:819:820:821:822:823:901:902:903:904:905:830:831:832:4464:4465:987:6028:6029:6030:6031:6032:4436:4437:6033:909:6034:6035:6036:289:291:2175:308:310:312","stroke":"#F7B731","time_slot":"09:00","time_type":"arrival","transit_type":"bus"},"geometry":{"type":"LineString","coordinates":[[121.5114,25.057929],[121.511621,25.054547]]}},{"type":"Feature","properties":{"arrival_time":"09:00","cutoff":900,"departure_time":"09:00","layer":"network","minutes":15,"route_id":"bus:101712-10328:2768:1795:1796:5086:636:637:638:639:640:641:642:643:644:645:646:647:648:552:553:554:555:556:557:3386:558:559:560:561:562:1066:1067:1069:572:573:574:575:1075:1076:1077:1078:1079:1080:1081:752:753:1612:1611:1972:1954:863:1953:2677:908:907:197:742:1537:2712:2713:915:916:917:918","stroke":"#F7B731","time_slot":"09:00","time_type":"arrival","transit_type":"bus"},"geometry":{"type":"LineString","coordinates":[[121.53292549999998,25.044804000000006],[121.53287600000002,25.04199]]}},{"type":"Feature","properties":{"arrival_time":"09:00","cutoff":900,"departure_time":"09:00","layer":"network","minutes":15,"route_id":"bus:101712-10823:525:1340:1339:4504:1343:523:522:521:520:517:1344:514:507:486:468:463:462:461:460:459:458:457:1345:455:454:453:452:451:450:444:871:872:873:995:1009:961:1088:1086:205:206:741:740:89:244:245:242:246:247:3091:1214:1215:1216:1217:812:813","stroke":"#F7B731","time_slot":"09:00","time_type":"arrival","transit_type":"bus"},"geometry":{"type":"LineString","coordinates":[[121.50055400000001,25.030774499999996],[121.502765,25.031269999999996]]}},{"type":"Feature","properties":{"arrival_time":"09:00","cutoff":900,"departure_time":"09:00","layer":"network","minutes":15,"route_id":"bus:101712-11125:5826:4547:4551:3523:4553:2750:2751:2752:2753:2754:2755:1447:2756:2757:2758:2759:2760:2761:2762:2763:1012:2764:2765:2766:2767:1749:1750:1751:1752:1093:1092:999:998:997:996:528:1174:223:1175:1176:1177:1178:826:827:828:829:1194:1196:4526:834:835:244:146:242:1281","stroke":"#F7B731","time_slot":"09:00","time_type":"arrival","transit_type":"bus"},"geometry":{"type":"LineString","coordinates":[[121.50704716129033,25.03802016129033],[121.50247959999999,25.0382648]]}},{"type":"Feature","properties":{"arrival_time":"09:00","cutoff":900,"departure_time":"09:00","layer":"network","minutes":15,"route_id":"bus:101712-11212:813:812:1217:1216:1215:1278:249:250:4653:4803:4840:4496:4488:736:737:738:868:867:866:3014:863:4453:4452:4451:94:95:96:97:98:99:4591:4593:1320:185:183:3173:2066:1445:1444:1443:1276:4811:1332:4812:1613:254:4813:4576:1337","stroke":"#F7B731","time_slot":"09:00","time_type":"arrival","transit_type":"bus"},"geometry":{"type":"LineString","coordinates":[[121.5004806,25.028858599999996],[121.5019286,25.029626599999997]]}},{"type":"Feature","properties":{"arrival_time":"09:00","cutoff":900,"departure_time":"09:00","layer":"network","minutes":15,"route_id":"bus:101712-11815:3228:2794:2795:5252:2796:2798:2799:2563:2562:2800:2801:2802:2803:4519:952:745:747:752:753:754:755:756:757:5409:6009:6010:5855:6011:5696:6124:6125:6126:6127:5668:5669:48:1304:1305:1306:1090:873:872:1312:529:530:531:532:533:534:535:536:2642:537:538:4772","stroke":"#F7B731","time_slot":"09:00","time_type":"arrival","transit_type":"bus"},"geometry":{"type":"LineString","coordinates":[[121.52960600000003,25.062591499999996],[121.5302585,25.0605305]]}},{"type":"Feature","properties":{"arrival_time":"09:00","cutoff":900,"departure_time":"09:00","layer":"network","minutes":15,"route_id":"bus:101712-11245:4716:4708:2452:2451:4715:3795:3794:4814:4727:2863:2862:2861:986:34:36:38:40:1756:1206:1205:1204:4815:4816:4818:742:197:907:908:1952:1953:861:859:855:853:912:3078:849:3079:879:878:877:876:4494:874","stroke":"#F7B731","time_slot":"09:00","time_type":"arrival","transit_type":"bus"},"geometry":{"type":"LineString","coordinates":[[121.52443625000001,25.058068500000005],[121.52693,25.05795]]}},{"type":"Feature","properties":{"arrival_time":"09:00","cutoff":900,"departure_time":"09:00","layer":"network","minutes":15,"route_id":"bus:101712-11831:913:915:916:917:918:919:53:52:50:906:742:197:4523:5063:5057:3104:6115:89:244:146:4740:6128:2359:837:1212:1213:1214:1215:1216:1217:812:813","stroke":"#F7B731","time_slot":"09:00","time_type":"arrival","transit_type":"bus"},"geometry":{"type":"LineString","coordinates":[[121.52424214285715,25.04814014285714],[121.525758,25.048866500000003]]}},{"type":"Feature","properties":{"arrival_time":"09:00","cutoff":900,"departure_time":"09:00","layer":"network","minutes":15,"route_id":"bus:101712-15321:1758:838:839:840:841:842:844:846:848:850:852:854:856:858:860:862:865:814:815:816:817:818:223:527:528:433:871:872:873:995:230","stroke":"#F7B731","time_slot":"09:00","time_type":"arrival","transit_type":"bus"},"geometry":{"type":"LineString","coordinates":[[121.52494524242425,25.084920787878787],[121.52532700000003,25.085353]]}},{"type":"Feature","properties":{"arrival_time":"09:00","cutoff":900,"departure_time":"09:00","layer":"network","minutes":15,"route_id":"rail:Green:7168:7169:7170:7172:7173:7174:7175:7176:7177:7178:7179:7180:7181:7182:7183:7184:7185:7186:7187","stroke":"#20BF6B","time_slot":"09:00","time_type":"arrival","transit_type":"rail"},"geometry":{"type":"LineString","coordinates":[[121.5235769,25.0253913],[121.5218537,25.0277424],[121.5217684,25.0278601],[121.5216656,25.0280049],[121.5215483,25.0281701],[121.5214089,25.0283759],[121.5209751,25.0290411],[121.5207816,25.0293261],[121.5204675,25.0297583],[121.5201866,25.0301136],[121.5197771,25.0306026],[121.5194971,25.0309376],[121.51925,25.0312567],[121.5176596,25.0333894]]}},{"type":"Feature","properties":{"arrival_time":"09:00","cutoff":900,"departure_time":"09:00","layer":"network","minutes":15,"route_id":"bus:101712-10116:3023:1123:1124:717:3845:3847:3848:2289:2290:2291:2292:5005:5361:5211:5364:5365:5366:6005:658:659:1717:1713:1711:2089:1536:1553:1519:1520:731:732:733:734:760:4501:4502:764:765:778:1280:2359:309:4144","stroke":"#F7B731","time_slot":"09:00","time_type":"arrival","transit_type":"bus"},"geometry":{"type":"LineString","coordinates":[[121.50599085714285,25.032861857142855],[121.50218875,25.035251625]]}},{"type":"Feature","properties":{"arrival_time":"09:00","cutoff":900,"departure_time":"09:00","layer":"network","minutes":15,"route_id":"bus:101712-10326:2768:1795:1796:5086:636:637:638:639:640:641:642:643:4613:5016:5640:4613:644:645:646:647:648:552:553:554:555:556:557:3386:558:559:560:561:562:1066:1067:1069:572:573:574:575:1075:1076:1077:1078:1079:1080:1081:752:753:754:755:756:757:758:1083:1084:1085:738:152:739","stroke":"#F7B731","time_slot":"09:00","time_type":"arrival","transit_type":"bus"},"geometry":{"type":"LineString","coordinates":[[121.52649357894737,25.022188263157904],[121.52469863157897,25.024064999999997]]}},{"type":"Feature","properties":{"arrival_time":"09:00","cutoff":900,"departure_time":"09:00","layer":"network","minutes":15,"route_id":"bus:101712-10417:0:2:4:6:8:10:12:14:16:18:20:22:1353:24:26:28:30:1899:1900:1901:1902:1903:2417:166:204:203:5989:5990:1679:1680:5634:5635:5031:5991:89:90:91:92:93:94:95:96:97:98:99:100:101:293:292:290:1021:106:105:3211","stroke":"#F7B731","time_slot":"09:00","time_type":"arrival","transit_type":"bus"},"geometry":{"type":"LineString","coordinates":[[121.55578390909092,25.041397909090907],[121.55910759999999,25.041395799999997]]}},{"type":"Feature","properties":{"arrival_time":"09:00","cutoff":900,"departure_time":"09:00","layer":"network","minutes":15,"route_id":"bus:101712-10481:5257:2881:2882:2883:2884:4647:1538:1539:2475:4693:2478:2479:2480:3027:3028:1542:1543:1233:2483:1522:1237:443:1524:1473:5370:3306:3322:390:6008:388:1560:6014:5555:797:796:795:792:836:242:146:244:4500:90:4784:5347","stroke":"#F7B731","time_slot":"09:00","time_type":"arrival","transit_type":"bus"},"geometry":{"type":"LineString","coordinates":[[121.49767500000002,25.032440000000005],[121.49612766666668,25.02959633333333]]}},{"type":"Feature","properties":{"arrival_time":"09:00","cutoff":900,"departure_time":"09:00","layer":"network","minutes":15,"route_id":"bus:101712-10721:745:747:752:753:754:755:756:757:758:1083:759:760:761:762:763:764:765:778:792:795:796:797:5555:5556:3351:798:799:808:812:813","stroke":"#F7B731","time_slot":"09:00","time_type":"arrival","transit_type":"bus"},"geometry":{"type":"LineString","coordinates":[[121.52036266666664,25.02665333333334],[121.52193799999999,25.028861000000003]]}},{"type":"Feature","properties":{"arrival_time":"09:00","cutoff":900,"departure_time":"09:00","layer":"network","minutes":15,"route_id":"bus:101712-10847:5881:1294:4813:254:1613:1614:1276:1443:1444:1445:2066:2067:2068:2069:303:61:60:58:57:56:55:1367:54:53:52:50:48:46:44:42:1756:1757:1209","stroke":"#F7B731","time_slot":"09:00","time_type":"arrival","transit_type":"bus"},"geometry":{"type":"LineString","coordinates":[[121.5180735555555,25.0628667037037],[121.518152,25.062226000000003]]}},{"type":"Feature","properties":{"arrival_time":"09:00","cutoff":900,"departure_time":"09:00","layer":"network","minutes":15,"route_id":"bus:101712-11212:813:812:1217:1216:1215:1278:249:250:4653:4803:4840:4496:4488:736:737:738:868:867:866:3014:863:4453:4452:4451:94:95:96:97:98:99:4591:4593:1320:185:183:3173:2066:1445:1444:1443:1276:4811:1332:4812:1613:254:4813:4576:1337","stroke":"#F7B731","time_slot":"09:00","time_type":"arrival","transit_type":"bus"},"geometry":{"type":"LineString","coordinates":[[121.55578390909092,25.041397909090907],[121.557761,25.042728599999997]]}},{"type":"Feature","properties":{"arrival_time":"09:00","cutoff":900,"departure_time":"09:00","layer":"network","minutes":15,"route_id":"bus:101712-11813:3228:2794:2795:5252:2796:2798:2799:2563:2562:2800:2801:2802:2803:4519:952:745:747:752:753:1612:1611:1972:1954:863:1953:2677:908:907:197:742:1537:50:48:1304:1305:1306:1090:873:872:451:452:453:454:455:456:457:458:459:460:461:462:463:468:486:507:514:515:517:520:521:522:523:407:524:1339:1340:1342","stroke":"#F7B731","time_slot":"09:00","time_type":"arrival","transit_type":"bus"},"geometry":{"type":"LineString","coordinates":[[121.53318834782604,25.06242004347826],[121.533177,25.057614]]}},{"type":"Feature","properties":{"arrival_time":"09:00","cutoff":900,"departure_time":"09:00","layer":"network","minutes":15,"route_id":"bus:101712-10181:1738:2182:1739:1740:2183:2184:2185:2186:273:274:225:227:229:231:232:11:9:233:234:235:236:1439:1440:1441:1442:1443:1444:1445:1446:1452:1458:330:329:328:327:326:325:1495:1513:1521:4450:320:91:90:89:244:245:242:246:247:248:249:250:253:251:1253:1245:294:295:1224:1218","stroke":"#F7B731","time_slot":"09:00","time_type":"arrival","transit_type":"bus"},"geometry":{"type":"LineString","coordinates":[[121.54091500000001,25.048337500000002],[121.53787425,25.048403]]}},{"type":"Feature","properties":{"arrival_time":"09:00","cutoff":900,"departure_time":"09:00","layer":"network","minutes":15,"route_id":"bus:101712-10735:2541:2545:626:625:624:623:4558:2573:2571:2569:2567:2565:2165:3046:2563:2562:2800:2801:2802:2803:4519:952:745:747:752:753:1612:1611:1972:4578:4579:4580:4581:4582:4583:2735:4584:5276:90:89","stroke":"#F7B731","time_slot":"09:00","time_type":"arrival","transit_type":"bus"},"geometry":{"type":"LineString","coordinates":[[121.522887,25.03276],[121.52418600000001,25.034934]]}},{"type":"Feature","properties":{"arrival_time":"09:00","cutoff":900,"departure_time":"09:00","layer":"network","minutes":15,"route_id":"bus:101712-10745:608:609:610:2212:1373:2156:1769:2315:1277:2210:2211:1769:616:2814:2813:3043:621:622:4558:2573:2571:2569:2567:2565:2165:3046:2563:2562:2800:3332:3333:3334:1768:3335:4534:5408:935:936:937:939:941:943:945:5409:1083:1084:4582:4583:5855","stroke":"#F7B731","time_slot":"09:00","time_type":"arrival","transit_type":"bus"},"geometry":{"type":"LineString","coordinates":[[121.52780675,25.026589875000003],[121.52337149999998,25.027007]]}},{"type":"Feature","properties":{"arrival_time":"09:00","cutoff":900,"departure_time":"09:00","layer":"network","minutes":15,"route_id":"bus:101712-10873:4508:108:4509:314:4434:312:310:843:845:847:849:3055:851:853:855:857:859:861:863:864:866:867:868:152:151:869:870:146:242:246:247:248:249:250:253:1273:1274:3344:3345:5314:295:294:1245:1253:251","stroke":"#F7B731","time_slot":"09:00","time_type":"arrival","transit_type":"bus"},"geometry":{"type":"LineString","coordinates":[[121.542275,25.033382],[121.53861375,25.033507999999998]]}},{"type":"Feature","properties":{"arrival_time":"09:00","cutoff":900,"departure_time":"09:00","layer":"network","minutes":15,"route_id":"bus:101712-11421:136:67:68:137:138:212:139:322:140:141:142:1026:143:144:145:153:146:147:148:149:150:151:152","stroke":"#F7B731","time_slot":"09:00","time_type":"arrival","transit_type":"bus"},"geometry":{"type":"LineString","coordinates":[[121.511294,25.046764999999997],[121.51316199999998,25.046551999999995]]}},{"type":"Feature","properties":{"arrival_time":"09:00","cutoff":900,"departure_time":"09:00","layer":"network","minutes":15,"route_id":"bus:101712-16576:4555:2236:1223:1225:1226:1920:2242:2243:2244:1590:1591:1592:1825:1572:1394:1396:1397:1398:1399:1400:1596:1597:1598:1599:1600:1601:192:194:196:136:67:68:137:138:212:139:322:140:141:142:1026:143:144:145:1283:1284:244:2245","stroke":"#F7B731","time_slot":"09:00","time_type":"arrival","transit_type":"bus"},"geometry":{"type":"LineString","coordinates":[[121.50248999999998,25.039973],[121.50469,25.0422]]}},{"type":"Feature","properties":{"arrival_time":"09:00","cutoff":900,"departure_time":"09:00","layer":"network","minutes":15,"route_id":"bus:101712-10173:3023:1119:5596:1424:1425:1426:713:720:721:722:1129:663:2290:2291:2292:5005:2293:2294:2295:2296:2297:2298:2299:2300:2301:2302:2303:2769:1555:1433:1554:1553:1518:1535:2306:2641:1532:732:733:3030:3031:736:737:738:3032:148","stroke":"#F7B731","time_slot":"09:00","time_type":"arrival","transit_type":"bus"},"geometry":{"type":"LineString","coordinates":[[121.51155500000003,25.043262000000006],[121.51449033333334,25.03860733333333]]}},{"type":"Feature","properties":{"arrival_time":"09:00","cutoff":900,"departure_time":"09:00","layer":"network","minutes":15,"route_id":"bus:101712-10181:1738:2182:1739:1740:2183:2184:2185:2186:273:274:225:227:229:231:232:11:9:233:234:235:236:1439:1440:1441:1442:1443:1444:1445:1446:1452:1458:330:329:328:327:326:325:1495:1513:1521:4450:320:91:90:89:244:245:242:246:247:248:249:250:253:251:1253:1245:294:295:1224:1218","stroke":"#F7B731","time_slot":"09:00","time_type":"arrival","transit_type":"bus"},"geometry":{"type":"LineString","coordinates":[[121.50704716129033,25.03802016129033],[121.50654264999999,25.036215450000004]]}},{"type":"Feature","properties":{"arrival_time":"09:00","cutoff":900,"departure_time":"09:00","layer":"network","minutes":15,"route_id":"bus:101712-10253:177:938:940:942:944:1087:994:892:891:4505:5425:5426:5427:5428:958:959:960:961:5429:962","stroke":"#F7B731","time_slot":"09:00","time_type":"arrival","transit_type":"bus"},"geometry":{"type":"LineString","coordinates":[[121.52017566666666,25.06965266666667],[121.520798,25.068596]]}},{"type":"Feature","properties":{"arrival_time":"09:00","cutoff":900,"departure_time":"09:00","layer":"network","minutes":15,"route_id":"bus:101712-15563:1419:1420:1422:1423:2078:1424:1425:2079:1426:713:720:721:722:723:724:3851:1713:1711:2089:1536:3013:1553:1518:1517:2090:2091:2092:948:1612:1611:1972:1954:863:2093:2097:2102:2216:2104:2105:1308:1307:2110:2111:2112:2113:291:2114:1446:1445:2115","stroke":"#F7B731","time_slot":"09:00","time_type":"arrival","transit_type":"bus"},"geometry":{"type":"LineString","coordinates":[[121.52922,25.01723],[121.528858,25.018986]]}},{"type":"Feature","properties":{"arrival_time":"09:00","cutoff":900,"departure_time":"09:00","layer":"network","minutes":15,"route_id":"bus:101712-10785:2985:2542:5085:2298:1759:2543:1717:1713:1711:1134:1135:1555:1434:753:754:755:756:757:947:945:943:941:1954:863:1953:2677:908:907:6044:195:193:191:189:1029:1030:57:58:60:61","stroke":"#F7B731","time_slot":"09:00","time_type":"arrival","transit_type":"bus"},"geometry":{"type":"LineString","coordinates":[[121.53681736363637,25.052021363636367],[121.533116,25.049534]]}},{"type":"Feature","properties":{"arrival_time":"09:00","cutoff":900,"departure_time":"09:00","layer":"network","minutes":15,"route_id":"bus:101712-10873:4508:108:4509:314:4434:312:310:843:845:847:849:3055:851:853:855:857:859:861:863:864:866:867:868:152:151:869:870:146:242:246:247:248:249:250:253:1273:1274:3344:3345:5314:295:294:1245:1253:251","stroke":"#F7B731","time_slot":"09:00","time_type":"arrival","transit_type":"bus"},"geometry":{"type":"LineString","coordinates":[[121.54365929999999,25.0333953],[121.542275,25.033382]]}},{"type":"Feature","properties":{"arrival_time":"09:00","cutoff":900,"departure_time":"09:00","layer":"network","minutes":15,"route_id":"bus:101712-10443:0:3019:3020:1298:1299:1300:1181:1180:1179:0:2:4:6:8:10:12:14:16:18:20:22:1353:24:26:28:30:32:986:34:36:38:40:42:44:46:48:50:52:53:54:55:56:57:58:60:61:62:43:63","stroke":"#F7B731","time_slot":"09:00","time_type":"arrival","transit_type":"bus"},"geometry":{"type":"LineString","coordinates":[[121.50078899999998,25.067181],[121.502278,25.064639]]}},{"type":"Feature","properties":{"arrival_time":"09:00","cutoff":900,"departure_time":"09:00","layer":"network","minutes":15,"route_id":"bus:101712-10472:1342:1340:1339:1343:523:522:521:520:517:1344:514:507:486:468:463:462:461:460:459:458:457:1345:455:454:453:452:451:450:444:433:528:228:230:897:898:6038:3002:167:2417:166:204:203:202:143:1026:142:141:322:6039:138:137:1912:1913:136:194:192:190:188:1741","stroke":"#F7B731","time_slot":"09:00","time_type":"arrival","transit_type":"bus"},"geometry":{"type":"LineString","coordinates":[[121.50188177777778,25.0636075],[121.516467,25.062976]]}},{"type":"Feature","properties":{"arrival_time":"09:00","cutoff":900,"departure_time":"09:00","layer":"network","minutes":15,"route_id":"bus:101712-10711:2212:1373:2156:1769:2315:1277:2811:2812:2813:3167:3044:2569:2567:2565:2165:3046:2563:2562:2800:2801:2802:2803:4519:952:745:747:752:753:754:755:756:757:758:4540:4543:738:152:4545:4549","stroke":"#F7B731","time_slot":"09:00","time_type":"arrival","transit_type":"bus"},"geometry":{"type":"LineString","coordinates":[[121.51513700000001,25.036829000000008],[121.518806,25.03225]]}},{"type":"Feature","properties":{"arrival_time":"09:00","cutoff":900,"departure_time":"09:00","layer":"network","minutes":15,"route_id":"bus:101712-11023:3228:2794:2795:5252:3252:3253:615:616:2814:3167:3044:2569:2567:2565:2165:3046:2563:2562:2800:3332:3333:3334:1768:3335:4534:4535:4536:6080:4455:4453:4452:4451:4790:4449:4448:4447:6081","stroke":"#F7B731","time_slot":"09:00","time_type":"arrival","transit_type":"bus"},"geometry":{"type":"LineString","coordinates":[[121.536712,25.049639],[121.53678033333334,25.043074]]}},{"type":"Feature","properties":{"arrival_time":"09:00","cutoff":900,"departure_time":"09:00","layer":"network","minutes":15,"route_id":"bus:101712-15185:5086:636:637:638:639:640:641:642:643:644:645:646:647:648:552:553:554:555:556:649:650:651:1122:652:653:714:654:655:656:657:658:659:5407:715:716:2289:2544:2640:5371:3086:812:1217:1216:1215:1214:1213:1212:836:146:244:89:740:5056:5057:5063:4523:1523:6179","stroke":"#F7B731","time_slot":"09:00","time_type":"arrival","transit_type":"bus"},"geometry":{"type":"LineString","coordinates":[[121.50818136585366,25.041361731707322],[121.50416214285714,25.035760714285715]]}},{"type":"Feature","properties":{"arrival_time":"09:00","cutoff":900,"departure_time":"09:00","layer":"network","minutes":15,"route_id":"bus:101712-15313:3906:3085:3084:1730:175:176:177:178:179:180:35:37:39:41:63:302:303:61:60:58:57:56:920:921:922:325:909:96:1301:1302","stroke":"#F7B731","time_slot":"09:00","time_type":"arrival","transit_type":"bus"},"geometry":{"type":"LineString","coordinates":[[121.54587166666664,25.048183333333334],[121.54385866666667,25.049189]]}},{"type":"Feature","properties":{"arrival_time":"09:00","cutoff":900,"departure_time":"09:00","layer":"network","minutes":15,"route_id":"bus:101712-16405:5104:5094:2431:1098:1099:1100:1101:1102:1103:4810:1104:1105:1106:1107:1108:1109:1110:1111:5110:1112:1113:1114:1115:1116:1117:1118:1119:719:1120:1121","stroke":"#F7B731","time_slot":"09:00","time_type":"arrival","transit_type":"bus"},"geometry":{"type":"LineString","coordinates":[[121.46713702777785,25.02437769444445],[121.46888133333339,25.021753222222223]]}},{"type":"Feature","properties":{"arrival_time":"09:00","cutoff":900,"departure_time":"09:00","layer":"network","minutes":15,"route_id":"bus:101712-10171:3023:1119:1423:1422:1551:1550:1549:1548:1527:1113:4741:1528:706:1529:707:3086:812:1217:1216:1215:1214:1213:1212:792:4739:4499:837","stroke":"#F7B731","time_slot":"09:00","time_type":"arrival","transit_type":"bus"},"geometry":{"type":"LineString","coordinates":[[121.50018380952382,25.035168],[121.499673,25.03777]]}},{"type":"Feature","properties":{"arrival_time":"09:00","cutoff":900,"departure_time":"09:00","layer":"network","minutes":15,"route_id":"bus:101712-10725:4483:4484:4485:4486:2357:792:778:765:4840:4502:4501:760:759:947:945:943:941:939:937:935:1292:1291:1290:1289:1288:1287:3080","stroke":"#F7B731","time_slot":"09:00","time_type":"arrival","transit_type":"bus"},"geometry":{"type":"LineString","coordinates":[[121.52036266666664,25.02665333333334],[121.52459933333331,25.026828500000004]]}},{"type":"Feature","properties":{"arrival_time":"09:00","cutoff":900,"departure_time":"09:00","layer":"network","minutes":15,"route_id":"bus:101712-10745:608:609:610:2212:1373:2156:1769:2315:1277:2210:2211:1769:616:2814:2813:3043:621:622:4558:2573:2571:2569:2567:2565:2165:3046:2563:2562:2800:3332:3333:3334:1768:3335:4534:5408:935:936:937:939:941:943:945:5409:1083:1084:4582:4583:5855","stroke":"#F7B731","time_slot":"09:00","time_type":"arrival","transit_type":"bus"},"geometry":{"type":"LineString","coordinates":[[121.52193799999999,25.028861000000003],[121.52337149999998,25.027007]]}},{"type":"Feature","properties":{"arrival_time":"09:00","cutoff":900,"departure_time":"09:00","layer":"network","minutes":15,"route_id":"bus:101712-15322:1758:838:839:840:841:842:844:846:848:850:852:854:856:858:860:862:865:814:815:816:817:818:819:820:821:822:823:824:1197:900:899:1198:2342:827:828:829:1194:1196:1208:1209","stroke":"#F7B731","time_slot":"09:00","time_type":"arrival","transit_type":"bus"},"geometry":{"type":"LineString","coordinates":[[121.51364400000004,25.066149999999997],[121.51625857142857,25.068501428571427]]}},{"type":"Feature","properties":{"arrival_time":"09:00","cutoff":900,"departure_time":"09:00","layer":"network","minutes":15,"route_id":"rail:Blue:7121:7122:7123:7124:7125:7126:7127:7128:7129:7130:7131:7132:7133:7134:7135:7136:7137:7138:7139:7140:7141:7142:7143","stroke":"#20BF6B","time_slot":"09:00","time_type":"arrival","transit_type":"rail"},"geometry":{"type":"LineString","coordinates":[[121.5611727,25.0412705],[121.5617691,25.0412547],[121.5634365,25.0411942]]}},{"type":"Feature","properties":{"arrival_time":"09:00","cutoff":900,"departure_time":"09:00","layer":"network","minutes":15,"route_id":"bus:101712-10171:3023:1119:1423:1422:1551:1550:1549:1548:1527:1113:4741:1528:706:1529:707:3086:812:1217:1216:1215:1214:1213:1212:792:4739:4499:837","stroke":"#F7B731","time_slot":"09:00","time_type":"arrival","transit_type":"bus"},"geometry":{"type":"LineString","coordinates":[[121.50018380952382,25.035168],[121.50109300000001,25.034419]]}},{"type":"Feature","properties":{"arrival_time":"09:00","cutoff":900,"departure_time":"09:00","layer":"network","minutes":15,"route_id":"bus:101712-10172:3023:1119:5596:1424:1425:1426:5198:6140:6021:3855:1505:2775:2774:2773:2772:2771:732:733:1683:6022:2809:5360:146:244","stroke":"#F7B731","time_slot":"09:00","time_type":"arrival","transit_type":"bus"},"geometry":{"type":"LineString","coordinates":[[121.51679781818183,25.024404727272728],[121.51547900000001,25.028980500000003]]}},{"type":"Feature","properties":{"arrival_time":"09:00","cutoff":900,"departure_time":"09:00","layer":"network","minutes":15,"route_id":"bus:101712-10172:3023:1119:5596:1424:1425:1426:5198:6140:6021:3855:1505:2775:2774:2773:2772:2771:732:733:1683:6022:2809:5360:146:244","stroke":"#F7B731","time_slot":"09:00","time_type":"arrival","transit_type":"bus"},"geometry":{"type":"LineString","coordinates":[[121.51547900000001,25.028980500000003],[121.51400557142858,25.032532857142858]]}},{"type":"Feature","properties":{"arrival_time":"09:00","cutoff":900,"departure_time":"09:00","layer":"network","minutes":15,"route_id":"bus:101712-10181:1738:2182:1739:1740:2183:2184:2185:2186:273:274:225:227:229:231:232:11:9:233:234:235:236:1439:1440:1441:1442:1443:1444:1445:1446:1452:1458:330:329:328:327:326:325:1495:1513:1521:4450:320:91:90:89:244:245:242:246:247:248:249:250:253:251:1253:1245:294:295:1224:1218","stroke":"#F7B731","time_slot":"09:00","time_type":"arrival","transit_type":"bus"},"geometry":{"type":"LineString","coordinates":[[121.52270090476189,25.04497161904763],[121.52710366666665,25.04393733333334]]}},{"type":"Feature","properties":{"arrival_time":"09:00","cutoff":900,"departure_time":"09:00","layer":"network","minutes":15,"route_id":"bus:101712-10735:2541:2545:626:625:624:623:4558:2573:2571:2569:2567:2565:2165:3046:2563:2562:2800:2801:2802:2803:4519:952:745:747:752:753:1612:1611:1972:4578:4579:4580:4581:4582:4583:2735:4584:5276:90:89","stroke":"#F7B731","time_slot":"09:00","time_type":"arrival","transit_type":"bus"},"geometry":{"type":"LineString","coordinates":[[121.52487,25.03676],[121.52567,25.039509999999996]]}},{"type":"Feature","properties":{"arrival_time":"09:00","cutoff":900,"departure_time":"09:00","layer":"network","minutes":15,"route_id":"bus:101712-10856:5890:5873:5874:1765:1764:1763:128:129:17:15:13:232:11:9:233:234:235:236:134:135:237:238:239:240:3212:4999:3211:105:1021:290:292:5004:2176:312:2213:4456:2214","stroke":"#F7B731","time_slot":"09:00","time_type":"arrival","transit_type":"bus"},"geometry":{"type":"LineString","coordinates":[[121.577875,25.047250666666667],[121.578909,25.048259]]}},{"type":"Feature","properties":{"arrival_time":"09:00","cutoff":900,"departure_time":"09:00","layer":"network","minutes":15,"route_id":"bus:101712-11815:3228:2794:2795:5252:2796:2798:2799:2563:2562:2800:2801:2802:2803:4519:952:745:747:752:753:754:755:756:757:5409:6009:6010:5855:6011:5696:6124:6125:6126:6127:5668:5669:48:1304:1305:1306:1090:873:872:1312:529:530:531:532:533:534:535:536:2642:537:538:4772","stroke":"#F7B731","time_slot":"09:00","time_type":"arrival","transit_type":"bus"},"geometry":{"type":"LineString","coordinates":[[121.52765,25.05411],[121.52781,25.05699]]}},{"type":"Feature","properties":{"arrival_time":"09:00","cutoff":900,"departure_time":"09:00","layer":"network","minutes":15,"route_id":"bus:101712-16504:1742:1743:1270:673:665:1091:1688:1690:1691:1692:1693:1744:1745:1746:1747:1701:1702:703:1748:1749:1750:1751:1752:5007:5008:1753:1754:5869:1755:896:897:898:1198:1199:1200:1756:1757:1209:835","stroke":"#F7B731","time_slot":"09:00","time_type":"arrival","transit_type":"bus"},"geometry":{"type":"LineString","coordinates":[[121.51024006666667,25.049134066666664],[121.51677300000003,25.050735]]}},{"type":"Feature","properties":{"arrival_time":"09:00","cutoff":900,"departure_time":"09:00","layer":"network","minutes":15,"route_id":"bus:101712-10414:5320:1645:1646:1647:1648:1649:216:1193:1192:975:976:977:978:1718:1719:1675:1676:4675:2320:984:985:1899:1900:1901:1902:1903:1904:1905:1906:1907:1908:42:205:206:741:740:1681","stroke":"#F7B731","time_slot":"09:00","time_type":"arrival","transit_type":"bus"},"geometry":{"type":"LineString","coordinates":[[121.52281983333332,25.06095616666667],[121.52269113333337,25.056401066666663]]}},{"type":"Feature","properties":{"arrival_time":"09:00","cutoff":900,"departure_time":"09:00","layer":"network","minutes":15,"route_id":"bus:101712-10452:5127:3184:3185:3186:3187:3188:3189:3190:3191:3191:3190:3189:3188:3187:3186:3185:3184:3183:1639:1640:1641:1642:1643:2576:3072:3661:3660:5121:3659:3658:3657:976:977:978:1718:1719:1675:1676:164:165:166:1729:167:3002:829:1194:1196:1203:1211:987","stroke":"#F7B731","time_slot":"09:00","time_type":"arrival","transit_type":"bus"},"geometry":{"type":"LineString","coordinates":[[121.5134396842105,25.06092463157894],[121.50188177777778,25.0636075]]}},{"type":"Feature","properties":{"arrival_time":"09:00","cutoff":900,"departure_time":"09:00","layer":"network","minutes":15,"route_id":"bus:101712-10722:813:812:1218:1224:295:294:1245:1253:251:252:1273:1274:1275:252:253:250:249:1278:1214:1213:1212:1280:1281:1282:1283:1284:1355:1285:1356","stroke":"#F7B731","time_slot":"09:00","time_type":"arrival","transit_type":"bus"},"geometry":{"type":"LineString","coordinates":[[121.50055400000001,25.030774499999996],[121.5019286,25.029626599999997]]}},{"type":"Feature","properties":{"arrival_time":"09:00","cutoff":900,"departure_time":"09:00","layer":"network","minutes":15,"route_id":"bus:101712-16157:5106:4236:259:260:261:2157:950:951:953:955:957:958:959:960:6116:3053:5887:2199:6169:5571:758:757:756:755:948:753:5727:1448:1433:1554:3013:1536:2089:1711:1713:5471:659:658:657:656:655:654:714:653:652:1122:651:650","stroke":"#F7B731","time_slot":"09:00","time_type":"arrival","transit_type":"bus"},"geometry":{"type":"LineString","coordinates":[[121.52480199999998,25.041963999999997],[121.5269255,25.0414025]]}},{"type":"Feature","properties":{"arrival_time":"09:00","cutoff":900,"departure_time":"09:00","layer":"network","minutes":15,"route_id":"bus:101712-10116:3023:1123:1124:717:3845:3847:3848:2289:2290:2291:2292:5005:5361:5211:5364:5365:5366:6005:658:659:1717:1713:1711:2089:1536:1553:1519:1520:731:732:733:734:760:4501:4502:764:765:778:1280:2359:309:4144","stroke":"#F7B731","time_slot":"09:00","time_type":"arrival","transit_type":"bus"},"geometry":{"type":"LineString","coordinates":[[121.516224,25.01604300000001],[121.51679781818183,25.024404727272728]]}},{"type":"Feature","properties":{"arrival_time":"09:00","cutoff":900,"departure_time":"09:00","layer":"network","minutes":15,"route_id":"bus:101712-10333:2643:1059:1060:1061:1062:1063:1064:1065:563:564:5411:565:2797:566:567:568:569:570:571:572:573:574:575:1075:1076:1077:1078:1079:1080:1081:752:753:754:755:756:757:758:1083:1084:1085:2808:2809:2810:148","stroke":"#F7B731","time_slot":"09:00","time_type":"arrival","transit_type":"bus"},"geometry":{"type":"LineString","coordinates":[[121.51992,25.0337],[121.513763,25.035465]]}},{"type":"Feature","properties":{"arrival_time":"09:00","cutoff":900,"departure_time":"09:00","layer":"network","minutes":15,"route_id":"bus:101712-11232:5762:978:1718:1719:1675:1676:4675:2320:984:985:1899:1900:1901:1902:1903:1904:1905:1906:1908:42:44:1201:1202:5135:6114:5133:3123:3104:6115:5887:6116:6117:6012:1953:863:1954:939:937:935:1292:1291:1290:1289:1288:1287:3080","stroke":"#F7B731","time_slot":"09:00","time_type":"arrival","transit_type":"bus"},"geometry":{"type":"LineString","coordinates":[[121.52301925,25.04239125],[121.523545,25.045866]]}},{"type":"Feature","properties":{"arrival_time":"09:00","cutoff":900,"departure_time":"09:00","layer":"network","minutes":15,"route_id":"bus:101712-11815:3228:2794:2795:5252:2796:2798:2799:2563:2562:2800:2801:2802:2803:4519:952:745:747:752:753:754:755:756:757:5409:6009:6010:5855:6011:5696:6124:6125:6126:6127:5668:5669:48:1304:1305:1306:1090:873:872:1312:529:530:531:532:533:534:535:536:2642:537:538:4772","stroke":"#F7B731","time_slot":"09:00","time_type":"arrival","transit_type":"bus"},"geometry":{"type":"LineString","coordinates":[[121.5293,25.04879],[121.5282,25.05085]]}},{"type":"Feature","properties":{"arrival_time":"09:00","cutoff":900,"departure_time":"09:00","layer":"network","minutes":15,"route_id":"bus:101712-11871:5231:5232:5546:4748:4482:895:224:226:228:230:896:897:898:899:900:1197:825:901:902:903:904:905:829:828:42:44:46:48:906:742:197:907:908:321:323:324:325:909:910:911:912:853:855","stroke":"#F7B731","time_slot":"09:00","time_type":"arrival","transit_type":"bus"},"geometry":{"type":"LineString","coordinates":[[121.5373965,25.04617725],[121.53292549999998,25.044804000000006]]}},{"type":"Feature","properties":{"arrival_time":"09:00","cutoff":900,"departure_time":"09:00","layer":"network","minutes":15,"route_id":"bus:101712-10116:3023:1123:1124:717:3845:3847:3848:2289:2290:2291:2292:5005:5361:5211:5364:5365:5366:6005:658:659:1717:1713:1711:2089:1536:1553:1519:1520:731:732:733:734:760:4501:4502:764:765:778:1280:2359:309:4144","stroke":"#F7B731","time_slot":"09:00","time_type":"arrival","transit_type":"bus"},"geometry":{"type":"LineString","coordinates":[[121.50218875,25.035251625],[121.501585,25.036891]]}},{"type":"Feature","properties":{"arrival_time":"09:00","cutoff":900,"departure_time":"09:00","layer":"network","minutes":15,"route_id":"bus:101712-10721:745:747:752:753:754:755:756:757:758:1083:759:760:761:762:763:764:765:778:792:795:796:797:5555:5556:3351:798:799:808:812:813","stroke":"#F7B731","time_slot":"09:00","time_type":"arrival","transit_type":"bus"},"geometry":{"type":"LineString","coordinates":[[121.497748,25.022981],[121.49751236363637,25.019704545454548]]}},{"type":"Feature","properties":{"arrival_time":"09:00","cutoff":900,"departure_time":"09:00","layer":"network","minutes":15,"route_id":"bus:101712-10862:6052:6053:6054:5556:6055:4485:4486:2357:792:836:5360:6056:737:4488:3031:1084:4582:4583:866:3014:863:861:4455","stroke":"#F7B731","time_slot":"09:00","time_type":"arrival","transit_type":"bus"},"geometry":{"type":"LineString","coordinates":[[121.5085589,25.036666299999997],[121.511867,25.035160999999995]]}},{"type":"Feature","properties":{"arrival_time":"09:00","cutoff":900,"departure_time":"09:00","layer":"network","minutes":15,"route_id":"bus:101712-10932:1468:5037:378:379:380:381:2356:2357:792:836:242:146:147:869:151:152:2221:2220:3483:3484:1953:2093:2097:2102:2216:2104:2105:1308:1307:2110:2111:2112:101:293:292:290:107:5033:5872:314:316:5178:317:318:319:385","stroke":"#F7B731","time_slot":"09:00","time_type":"arrival","transit_type":"bus"},"geometry":{"type":"LineString","coordinates":[[121.53277309090909,25.03817250000001],[121.528045,25.038219]]}},{"type":"Feature","properties":{"arrival_time":"09:00","cutoff":900,"departure_time":"09:00","layer":"network","minutes":15,"route_id":"bus:101712-11861:706:1529:707:708:709:713:720:721:722:723:724:725:726:727:728:729:730:731:732:733:734:735:736:737:738:152:739:740:741:199:198:197:742:743:744:746:54:53:52:50","stroke":"#F7B731","time_slot":"09:00","time_type":"arrival","transit_type":"bus"},"geometry":{"type":"LineString","coordinates":[[121.517704,25.044844],[121.51989714285712,25.046511142857153]]}},{"type":"Feature","properties":{"arrival_time":"09:00","cutoff":900,"departure_time":"09:00","layer":"network","minutes":15,"route_id":"rail:Blue:7121:7122:7123:7124:7125:7126:7127:7128:7129:7130:7131:7132:7133:7134:7135:7136:7137:7138:7139:7140:7141:7142:7143","stroke":"#20BF6B","time_slot":"09:00","time_type":"arrival","transit_type":"rail"},"geometry":{"type":"LineString","coordinates":[[121.5084216,25.0421535],[121.5095517,25.0461032],[121.5096051,25.0462769],[121.5096677,25.0464482],[121.5097489,25.0466217],[121.5098531,25.0467923],[121.5098531,25.0467923],[121.5098534,25.0467929],[121.509977,25.046955],[121.5100455,25.0470315],[121.5102106,25.0471866],[121.5103923,25.0473237],[121.5104886,25.0473843],[121.5105885,25.0474427],[121.5107971,25.0475412],[121.5109025,25.0475793],[121.5111196,25.0476417],[121.5112302,25.0476639],[121.5113424,25.0476793],[121.5115683,25.0476966],[121.5116819,25.0476962],[121.5117949,25.047689],[121.5120058,25.0476635],[121.5121147,25.0476405],[121.512132,25.0476382],[121.5122041,25.0476222],[121.5122975,25.047597],[121.5123931,25.0475719],[121.5140068,25.0470675],[121.5147365,25.0468664],[121.5162197,25.0464956],[121.5174996,25.0461854]]}},{"type":"Feature","properties":{"arrival_time":"09:00","cutoff":900,"departure_time":"09:00","layer":"network","minutes":15,"route_id":"bus:101712-10873:4508:108:4509:314:4434:312:310:843:845:847:849:3055:851:853:855:857:859:861:863:864:866:867:868:152:151:869:870:146:242:246:247:248:249:250:253:1273:1274:3344:3345:5314:295:294:1245:1253:251","stroke":"#F7B731","time_slot":"09:00","time_type":"arrival","transit_type":"bus"},"geometry":{"type":"LineString","coordinates":[[121.50818136585366,25.041361731707322],[121.51088,25.0423]]}},{"type":"Feature","properties":{"arrival_time":"09:00","cutoff":900,"departure_time":"09:00","layer":"network","minutes":15,"route_id":"bus:101712-10874:993:314:1018:107:1021:106:241:104:1024:289:287:285:185:187:1029:1030:56:55:746:744:743:50:48:46:1086:1088:1089:1090:230:432:996:997:998:999:1092:1093:1094:1097:541:540:599","stroke":"#F7B731","time_slot":"09:00","time_type":"arrival","transit_type":"bus"},"geometry":{"type":"LineString","coordinates":[[121.55525572727267,25.05163899999999],[121.5491660833333,25.052451375]]}},{"type":"Feature","properties":{"arrival_time":"09:00","cutoff":900,"departure_time":"09:00","layer":"network","minutes":15,"route_id":"bus:101712-11815:3228:2794:2795:5252:2796:2798:2799:2563:2562:2800:2801:2802:2803:4519:952:745:747:752:753:754:755:756:757:5409:6009:6010:5855:6011:5696:6124:6125:6126:6127:5668:5669:48:1304:1305:1306:1090:873:872:1312:529:530:531:532:533:534:535:536:2642:537:538:4772","stroke":"#F7B731","time_slot":"09:00","time_type":"arrival","transit_type":"bus"},"geometry":{"type":"LineString","coordinates":[[121.52910225000001,25.040370499999998],[121.52813042857143,25.037685142857146]]}},{"type":"Feature","properties":{"arrival_time":"09:00","cutoff":900,"departure_time":"09:00","layer":"network","minutes":15,"route_id":"bus:101712-16633:766:767:768:769:770:771:772:773:774:775:776:777:779:780:781:782:783:784:785:786:787:1761:4435:291:101:100:99:98:97:96:243:94:4790:4436:4437","stroke":"#F7B731","time_slot":"09:00","time_type":"arrival","transit_type":"bus"},"geometry":{"type":"LineString","coordinates":[[121.53883614285714,25.041704428571432],[121.53678033333334,25.043074]]}},{"type":"Feature","properties":{"arrival_time":"09:00","cutoff":900,"departure_time":"09:00","layer":"network","minutes":15,"route_id":"rail:Blue:7121:7122:7123:7124:7125:7126:7127:7128:7129:7130:7131:7132:7133:7134:7135:7136:7137:7138:7139:7140:7141:7142:7143","stroke":"#20BF6B","time_slot":"09:00","time_type":"arrival","transit_type":"rail"},"geometry":{"type":"LineString","coordinates":[[121.4980371,25.0353196],[121.5035749,25.0351521],[121.5038855,25.0351465],[121.5042302,25.0351589],[121.5044459,25.0351807],[121.5046423,25.0352139],[121.5049278,25.0352806],[121.5052063,25.0353722],[121.5053707,25.0354371],[121.5055426,25.0355178],[121.5057334,25.035621],[121.5059778,25.0357759],[121.5062521,25.0359871],[121.5064881,25.0362256],[121.5066356,25.0363989],[121.5067459,25.0365475],[121.5068936,25.0367839],[121.5070116,25.0370183],[121.507082,25.0371918],[121.5071497,25.0373947],[121.5074088,25.0384231],[121.5076515,25.0394402],[121.5077376,25.0397626],[121.5077923,25.0399543],[121.5084216,25.0421535]]}},{"type":"Feature","properties":{"arrival_time":"09:00","cutoff":900,"departure_time":"09:00","layer":"network","minutes":15,"route_id":"bus:101712-10326:2768:1795:1796:5086:636:637:638:639:640:641:642:643:4613:5016:5640:4613:644:645:646:647:648:552:553:554:555:556:557:3386:558:559:560:561:562:1066:1067:1069:572:573:574:575:1075:1076:1077:1078:1079:1080:1081:752:753:754:755:756:757:758:1083:1084:1085:738:152:739","stroke":"#F7B731","time_slot":"09:00","time_type":"arrival","transit_type":"bus"},"geometry":{"type":"LineString","coordinates":[[121.53077260869559,25.018336521739137],[121.5281587368421,25.02076442105263]]}},{"type":"Feature","properties":{"arrival_time":"09:00","cutoff":900,"departure_time":"09:00","layer":"network","minutes":15,"route_id":"bus:101712-15711:6136:4726:5885:5233:6137:1379:1380:1381:5669:5668:6138:1823:6139:5063:5057:3104:6028:987","stroke":"#F7B731","time_slot":"09:00","time_type":"arrival","transit_type":"bus"},"geometry":{"type":"LineString","coordinates":[[121.5301925,25.058385],[121.530053,25.056343]]}},{"type":"Feature","properties":{"arrival_time":"09:00","cutoff":900,"departure_time":"09:00","layer":"network","minutes":15,"route_id":"bus:101712-16731:766:767:768:769:770:771:772:773:774:775:3203:3204:4409:3205:3206:2107:2106:4728:3207:3208:3209:4761:3210:2494:122:1712:1714:1715:784:785:786:787:231:13:788:789:790:791:5:3:1:134:135:237:238:239:286:1329:288:1021:106:105:3211:2115:3212","stroke":"#F7B731","time_slot":"09:00","time_type":"arrival","transit_type":"bus"},"geometry":{"type":"LineString","coordinates":[[121.57820599999997,25.049805999999993],[121.58047400000001,25.0475352]]}},{"type":"Feature","properties":{"arrival_time":"09:00","cutoff":900,"departure_time":"09:00","layer":"network","minutes":15,"route_id":"rail:Brown:7144:7145:7146:7147:7148:7149:7150:7151:7152:7153:7154:7155:7156:7157:7158:7159:7160:7161:7162:7163:7164:7165:7166:7167","stroke":"#20BF6B","time_slot":"09:00","time_type":"arrival","transit_type":"rail"},"geometry":{"type":"LineString","coordinates":[[121.5434421,25.0257062],[121.5434569,25.0270355],[121.5435082,25.0289719],[121.54358,25.0325288],[121.5435963,25.0333839],[121.5435963,25.0333839]]}},{"type":"Feature","properties":{"arrival_time":"09:00","cutoff":900,"departure_time":"09:00","layer":"network","minutes":15,"route_id":"bus:101712-10261:819:820:821:822:823:824:825:900:899:962:3663:3664:3665:3666:1201:1202:1204:1205:1206:1207:3688:3689:3705","stroke":"#F7B731","time_slot":"09:00","time_type":"arrival","transit_type":"bus"},"geometry":{"type":"LineString","coordinates":[[121.514916,25.057165],[121.510951,25.057056]]}},{"type":"Feature","properties":{"arrival_time":"09:00","cutoff":900,"departure_time":"09:00","layer":"network","minutes":15,"route_id":"bus:101712-10711:2212:1373:2156:1769:2315:1277:2811:2812:2813:3167:3044:2569:2567:2565:2165:3046:2563:2562:2800:2801:2802:2803:4519:952:745:747:752:753:754:755:756:757:758:4540:4543:738:152:4545:4549","stroke":"#F7B731","time_slot":"09:00","time_type":"arrival","transit_type":"bus"},"geometry":{"type":"LineString","coordinates":[[121.51628466666668,25.041929999999986],[121.51505699999998,25.044176999999998]]}},{"type":"Feature","properties":{"arrival_time":"09:00","cutoff":900,"departure_time":"09:00","layer":"network","minutes":15,"route_id":"bus:101712-10711:2212:1373:2156:1769:2315:1277:2811:2812:2813:3167:3044:2569:2567:2565:2165:3046:2563:2562:2800:2801:2802:2803:4519:952:745:747:752:753:754:755:756:757:758:4540:4543:738:152:4545:4549","stroke":"#F7B731","time_slot":"09:00","time_type":"arrival","transit_type":"bus"},"geometry":{"type":"LineString","coordinates":[[121.51505699999998,25.044176999999998],[121.51387900000002,25.046027]]}},{"type":"Feature","properties":{"arrival_time":"09:00","cutoff":900,"departure_time":"09:00","layer":"network","minutes":15,"route_id":"bus:101712-11831:913:915:916:917:918:919:53:52:50:906:742:197:4523:5063:5057:3104:6115:89:244:146:4740:6128:2359:837:1212:1213:1214:1215:1216:1217:812:813","stroke":"#F7B731","time_slot":"09:00","time_type":"arrival","transit_type":"bus"},"geometry":{"type":"LineString","coordinates":[[121.51649173809524,25.046506309523814],[121.523545,25.045866]]}},{"type":"Feature","properties":{"arrival_time":"09:00","cutoff":900,"departure_time":"09:00","layer":"network","minutes":15,"route_id":"bus:101712-16746:152:740:741:206:205:1086:1088:1089:1090:230:873:872:1312:444:450:451:452:454:455:456:457:458:459:460:461:462:463:468:486:507:514:515:517:521:523:524:1339:1340:1341:3293:3294:3295:3296:3297:4796:3298:3299:3300:4577:3301:3302:3303:3304:3305:3307:3385:3308:3309:3310:3311:3312:3313:3314:3315:3316:3317:3318:3319:3320:3321:3257:2934:2913:3258","stroke":"#F7B731","time_slot":"09:00","time_type":"arrival","transit_type":"bus"},"geometry":{"type":"LineString","coordinates":[[121.51628466666668,25.041929999999986],[121.51989714285712,25.046511142857153]]}},{"type":"Feature","properties":{"arrival_time":"09:00","cutoff":900,"departure_time":"09:00","layer":"network","minutes":15,"route_id":"bus:101712-18728:2345:2341:1177:1178:826:2342:1199:2343","stroke":"#F7B731","time_slot":"09:00","time_type":"arrival","transit_type":"bus"},"geometry":{"type":"LineString","coordinates":[[121.5183854705882,25.06840194117646],[121.51625857142857,25.068501428571427]]}},{"type":"Feature","properties":{"arrival_time":"09:00","cutoff":900,"departure_time":"09:00","layer":"network","minutes":15,"route_id":"bus:101712-10172:3023:1119:5596:1424:1425:1426:5198:6140:6021:3855:1505:2775:2774:2773:2772:2771:732:733:1683:6022:2809:5360:146:244","stroke":"#F7B731","time_slot":"09:00","time_type":"arrival","transit_type":"bus"},"geometry":{"type":"LineString","coordinates":[[121.50818136585366,25.041361731707322],[121.5085589,25.036666299999997]]}},{"type":"Feature","properties":{"arrival_time":"09:00","cutoff":900,"departure_time":"09:00","layer":"network","minutes":15,"route_id":"bus:101712-10262:1758:838:839:840:841:842:844:846:848:850:852:854:856:858:860:862:865:814:815:816:817:818:819:820:821:822:823:824:825:826:827:828:829:1194:1196:1208:1209:987:740:1681","stroke":"#F7B731","time_slot":"09:00","time_type":"arrival","transit_type":"bus"},"geometry":{"type":"LineString","coordinates":[[121.51722746666665,25.048518533333333],[121.51677300000003,25.050735]]}},{"type":"Feature","properties":{"arrival_time":"09:00","cutoff":900,"departure_time":"09:00","layer":"network","minutes":15,"route_id":"bus:101712-10842:5881:256:635:275:5880:1087:5883:5884:884:883:3906:3085:3084:1730:3083:175:176:177:938:940:942:944:946:5619:270:268:266:265:264:263:949:950:951:953:4259:4260:5885:5233:5886:2712:906:742:197:907:908:1952:2218:4584:3053:5887:1681:152:151:869:870","stroke":"#F7B731","time_slot":"09:00","time_type":"arrival","transit_type":"bus"},"geometry":{"type":"LineString","coordinates":[[121.53292549999998,25.044804000000006],[121.532693,25.040288]]}},{"type":"Feature","properties":{"arrival_time":"09:00","cutoff":900,"departure_time":"09:00","layer":"network","minutes":15,"route_id":"bus:101712-17800:89:245:242:5028:792:242:868:3014:861:855:912:849:4457:310:293:100:97:96:243:91:5711","stroke":"#F7B731","time_slot":"09:00","time_type":"arrival","transit_type":"bus"},"geometry":{"type":"LineString","coordinates":[[121.50704716129033,25.03802016129033],[121.50018380952382,25.035168]]}},{"type":"Feature","properties":{"arrival_time":"09:00","cutoff":900,"departure_time":"09:00","layer":"network","minutes":15,"route_id":"bus:101712-10181:1738:2182:1739:1740:2183:2184:2185:2186:273:274:225:227:229:231:232:11:9:233:234:235:236:1439:1440:1441:1442:1443:1444:1445:1446:1452:1458:330:329:328:327:326:325:1495:1513:1521:4450:320:91:90:89:244:245:242:246:247:248:249:250:253:251:1253:1245:294:295:1224:1218","stroke":"#F7B731","time_slot":"09:00","time_type":"arrival","transit_type":"bus"},"geometry":{"type":"LineString","coordinates":[[121.54587166666664,25.048183333333334],[121.54288825,25.0483045]]}},{"type":"Feature","properties":{"arrival_time":"09:00","cutoff":900,"departure_time":"09:00","layer":"network","minutes":15,"route_id":"bus:101712-10278:5368:3070:221:222:819:820:821:822:823:901:902:903:904:905:830:831:832:4464:4465:987:6028:6029:6030:6031:6032:4436:4437:6033:909:6034:6035:6036:289:291:2175:308:310:312","stroke":"#F7B731","time_slot":"09:00","time_type":"arrival","transit_type":"bus"},"geometry":{"type":"LineString","coordinates":[[121.511324,25.05983],[121.5112165,25.061925249999998]]}},{"type":"Feature","properties":{"arrival_time":"09:00","cutoff":900,"departure_time":"09:00","layer":"network","minutes":15,"route_id":"bus:101712-10282:2241:2240:1597:1596:1401:1402:1405:1406:1421:1436:188:190:192:194:196:136:67:68:137:138:212:139:322:140:141:142:1026:143:144:145:153:3077:3032:4914:4915:737:4488:3031:4492:947:945:943:941:939:937:935:1292:1291:4923:4924:4925:4926:4927:4928:97:98:99","stroke":"#F7B731","time_slot":"09:00","time_type":"arrival","transit_type":"bus"},"geometry":{"type":"LineString","coordinates":[[121.55027700000001,25.041512],[121.553469,25.041397909090907]]}},{"type":"Feature","properties":{"arrival_time":"09:00","cutoff":900,"departure_time":"09:00","layer":"network","minutes":15,"route_id":"bus:101712-10772:4805:4806:4807:4808:5284:3096:3087:5211:5364:5365:5366:6005:658:659:1717:1713:1711:2089:1536:1553:1518:1535:2306:2641:1532:732:733:3030:1084:4582:4583:2735:2220:2221:152:4545:4549","stroke":"#F7B731","time_slot":"09:00","time_type":"arrival","transit_type":"bus"},"geometry":{"type":"LineString","coordinates":[[121.51628466666668,25.041929999999986],[121.51839128571429,25.039224]]}},{"type":"Feature","properties":{"arrival_time":"09:00","cutoff":900,"departure_time":"09:00","layer":"network","minutes":15,"route_id":"bus:101712-10823:525:1340:1339:4504:1343:523:522:521:520:517:1344:514:507:486:468:463:462:461:460:459:458:457:1345:455:454:453:452:451:450:444:871:872:873:995:1009:961:1088:1086:205:206:741:740:89:244:245:242:246:247:3091:1214:1215:1216:1217:812:813","stroke":"#F7B731","time_slot":"09:00","time_type":"arrival","transit_type":"bus"},"geometry":{"type":"LineString","coordinates":[[121.50470128571429,25.0323232857143],[121.502765,25.031269999999996]]}},{"type":"Feature","properties":{"arrival_time":"09:00","cutoff":900,"departure_time":"09:00","layer":"network","minutes":15,"route_id":"bus:101712-15711:6136:4726:5885:5233:6137:1379:1380:1381:5669:5668:6138:1823:6139:5063:5057:3104:6028:987","stroke":"#F7B731","time_slot":"09:00","time_type":"arrival","transit_type":"bus"},"geometry":{"type":"LineString","coordinates":[[121.5299965,25.054202500000002],[121.529929,25.051342]]}},{"type":"Feature","properties":{"arrival_time":"09:00","cutoff":900,"departure_time":"09:00","layer":"network","minutes":15,"route_id":"bus:101712-16157:5106:4236:259:260:261:2157:950:951:953:955:957:958:959:960:6116:3053:5887:2199:6169:5571:758:757:756:755:948:753:5727:1448:1433:1554:3013:1536:2089:1711:1713:5471:659:658:657:656:655:654:714:653:652:1122:651:650","stroke":"#F7B731","time_slot":"09:00","time_type":"arrival","transit_type":"bus"},"geometry":{"type":"LineString","coordinates":[[121.52264466666666,25.026830666666665],[121.520154,25.03009]]}},{"type":"Feature","properties":{"arrival_time":"09:00","cutoff":900,"departure_time":"09:00","layer":"network","minutes":15,"route_id":"bus:101712-16571:683:682:681:680:679:2222:1839:1838:1837:1836:1835:1834:1833:1832:1831:1830:1829:1828:1827:2223:192:194:196:136:67:68:137:138:212:139:322:140:141:142:1026:143:144:145:153:146:244:2224:833:4717:4718:1208:1209","stroke":"#F7B731","time_slot":"09:00","time_type":"arrival","transit_type":"bus"},"geometry":{"type":"LineString","coordinates":[[121.51603792307694,25.053632538461535],[121.513268,25.053955]]}},{"type":"Feature","properties":{"arrival_time":"09:00","cutoff":900,"departure_time":"09:00","layer":"network","minutes":15,"route_id":"bus:101712-10278:5368:3070:221:222:819:820:821:822:823:901:902:903:904:905:830:831:832:4464:4465:987:6028:6029:6030:6031:6032:4436:4437:6033:909:6034:6035:6036:289:291:2175:308:310:312","stroke":"#F7B731","time_slot":"09:00","time_type":"arrival","transit_type":"bus"},"geometry":{"type":"LineString","coordinates":[[121.5373,25.0446],[121.535621,25.044698]]}},{"type":"Feature","properties":{"arrival_time":"09:00","cutoff":900,"departure_time":"09:00","layer":"network","minutes":15,"route_id":"bus:101712-10735:2541:2545:626:625:624:623:4558:2573:2571:2569:2567:2565:2165:3046:2563:2562:2800:2801:2802:2803:4519:952:745:747:752:753:1612:1611:1972:4578:4579:4580:4581:4582:4583:2735:4584:5276:90:89","stroke":"#F7B731","time_slot":"09:00","time_type":"arrival","transit_type":"bus"},"geometry":{"type":"LineString","coordinates":[[121.52487,25.03676],[121.52418600000001,25.034934]]}},{"type":"Feature","properties":{"arrival_time":"09:00","cutoff":900,"departure_time":"09:00","layer":"network","minutes":15,"route_id":"bus:101712-10792:745:747:752:753:1612:1611:1972:939:937:935:1292:1291:1313:1314:1315:1316:1317:1318:1319:325:1495:1513:1521:1523:4523:4524:4525:199:200:1208:4526:834","stroke":"#F7B731","time_slot":"09:00","time_type":"arrival","transit_type":"bus"},"geometry":{"type":"LineString","coordinates":[[121.52542499999998,25.052124000000003],[121.530156,25.051132]]}},{"type":"Feature","properties":{"arrival_time":"09:00","cutoff":900,"departure_time":"09:00","layer":"network","minutes":15,"route_id":"rail:Blue:7121:7122:7123:7124:7125:7126:7127:7128:7129:7130:7131:7132:7133:7134:7135:7136:7137:7138:7139:7140:7141:7142:7143","stroke":"#20BF6B","time_slot":"09:00","time_type":"arrival","transit_type":"rail"},"geometry":{"type":"LineString","coordinates":[[121.4633416,25.0149076],[121.4634571,25.0150653],[121.4635166,25.0151554],[121.4636207,25.0153356],[121.4636903,25.0154799],[121.4637531,25.0156377],[121.4638048,25.0158],[121.4638413,25.0159466],[121.4638932,25.0162489],[121.4639905,25.0169393],[121.4640167,25.0170746],[121.4640494,25.0172054],[121.4640961,25.0173542],[121.4641527,25.0175008],[121.4642186,25.0176428],[121.4642937,25.0177802],[121.4644061,25.0179559],[121.4645219,25.0181113],[121.4664503,25.0204933],[121.4667292,25.0208671],[121.4669113,25.0211351],[121.4670515,25.0213559],[121.467178,25.0215699],[121.4678383,25.022727]]}},{"type":"Feature","properties":{"arrival_time":"09:00","cutoff":900,"departure_time":"09:00","layer":"network","minutes":15,"route_id":"rail:Green:7168:7169:7170:7172:7173:7174:7175:7176:7177:7178:7179:7180:7181:7182:7183:7184:7185:7186:7187","stroke":"#20BF6B","time_slot":"09:00","time_type":"arrival","transit_type":"rail"},"geometry":{"type":"LineString","coordinates":[[121.5085917,25.0421173],[121.5090318,25.0436539],[121.5090444,25.0436967],[121.5091529,25.0441049],[121.5092361,25.0444454],[121.5093188,25.0447611],[121.5095662,25.0456293],[121.5095699,25.0456428],[121.5097148,25.0461501],[121.5097879,25.0464501],[121.5098267,25.046635],[121.5098531,25.0467923],[121.5098531,25.0467923],[121.5098788,25.0469463],[121.5099006,25.0471246],[121.5099305,25.0474495],[121.5099519,25.0477541],[121.5099776,25.0479888],[121.5100296,25.0482843],[121.5103895,25.0498963],[121.5103895,25.0498963]]}},{"type":"Feature","properties":{"arrival_time":"09:00","cutoff":900,"departure_time":"09:00","layer":"network","minutes":15,"route_id":"rail:Green:7168:7169:7170:7172:7173:7174:7175:7176:7177:7178:7179:7180:7181:7182:7183:7184:7185:7186:7187","stroke":"#20BF6B","time_slot":"09:00","time_type":"arrival","transit_type":"rail"},"geometry":{"type":"LineString","coordinates":[[121.5330129,25.0520573],[121.5353456,25.052037],[121.535847,25.0520306],[121.5387862,25.0519704],[121.5391052,25.051967],[121.5398148,25.0519644],[121.540415,25.0519554],[121.5440296,25.0518813],[121.5440296,25.0518813]]}},{"type":"Feature","properties":{"arrival_time":"09:00","cutoff":900,"departure_time":"09:00","layer":"network","minutes":15,"route_id":"rail:Orange:7188:7189:7190:7191:7192:7193:7194:7195:7196:7197:7198:7199:7200:7201:7202:7203:7204:7205:7206:7207:7208","stroke":"#20BF6B","time_slot":"09:00","time_type":"arrival","transit_type":"rail"},"geometry":{"type":"LineString","coordinates":[[121.5227504,25.026769],[121.5220792,25.0276852],[121.5219856,25.0278187],[121.5218992,25.0279567],[121.5218295,25.0280901],[121.5217795,25.0282076],[121.5217474,25.0283003],[121.5217068,25.0284539],[121.5216776,25.0286413],[121.52167,25.028831],[121.5216754,25.0289348],[121.5216845,25.0290183],[121.5216975,25.0291017],[121.5217152,25.0291829],[121.5217259,25.029228],[121.5217432,25.0292889],[121.521767,25.0293633],[121.5217906,25.0294332],[121.5220745,25.0301702],[121.5221633,25.0304453],[121.5222528,25.0308016],[121.522423,25.0315842],[121.5224585,25.0317782],[121.5224849,25.0320061],[121.5224859,25.0320499],[121.5224859,25.0320499],[121.5224903,25.0322498],[121.5224756,25.0325072],[121.5224099,25.0331664],[121.5223983,25.033347],[121.5224018,25.0335885],[121.5224293,25.0337893],[121.5224595,25.0339156],[121.5224956,25.0340306],[121.5225485,25.0341613],[121.5226176,25.0342988],[121.522669,25.0343844],[121.5227485,25.0344992],[121.52283,25.0346005],[121.5230085,25.0347939],[121.5232555,25.0349691],[121.5233452,25.035023],[121.5234749,25.0350925],[121.5236617,25.0351708],[121.5238279,25.0352266],[121.5240071,25.0352666],[121.524119,25.0352866],[121.5242714,25.0353018],[121.5244427,25.035308],[121.5246538,25.0352937],[121.524769,25.0352798],[121.5249128,25.0352499],[121.525125,25.0351905],[121.5254008,25.0350812],[121.5255627,25.0350016],[121.5257617,25.0348948],[121.5258745,25.0348335],[121.5264207,25.0345404],[121.526667,25.0344131],[121.5267934,25.034354],[121.5269816,25.0342788],[121.5272377,25.0342012],[121.527406,25.0341645],[121.5276152,25.0341299]]}},{"type":"Feature","properties":{"arrival_time":"09:00","cutoff":900,"departure_time":"09:00","layer":"network","minutes":15,"route_id":"bus:101712-10181:1738:2182:1739:1740:2183:2184:2185:2186:273:274:225:227:229:231:232:11:9:233:234:235:236:1439:1440:1441:1442:1443:1444:1445:1446:1452:1458:330:329:328:327:326:325:1495:1513:1521:4450:320:91:90:89:244:245:242:246:247:248:249:250:253:251:1253:1245:294:295:1224:1218","stroke":"#F7B731","time_slot":"09:00","time_type":"arrival","transit_type":"bus"},"geometry":{"type":"LineString","coordinates":[[121.5026746,25.022930800000005],[121.50208342857142,25.022052714285714]]}},{"type":"Feature","properties":{"arrival_time":"09:00","cutoff":900,"departure_time":"09:00","layer":"network","minutes":15,"route_id":"bus:101712-10472:186:188:190:192:194:136:67:68:137:138:212:139:322:141:142:1026:143:202:203:204:166:1729:167:3002:42:2179:897:230:228:528:433:444:450:451:452:453:454:455:456:457:458:459:460:461:462:463:468:486:507:514:515:517:520:521:522:523:407:524:1339:1340:1342","stroke":"#F7B731","time_slot":"09:00","time_type":"arrival","transit_type":"bus"},"geometry":{"type":"LineString","coordinates":[[121.52240450000002,25.081058142857135],[121.519041,25.072586]]}},{"type":"Feature","properties":{"arrival_time":"09:00","cutoff":900,"departure_time":"09:00","layer":"network","minutes":15,"route_id":"bus:101712-10492:3183:1639:1640:1641:1642:1643:687:686:685:684:683:682:681:680:679:2222:1839:1838:1837:1836:1835:1834:1833:1832:1831:1830:1829:1828:1827:2223:192:194:196:136:67:68:137:138:212:139:322:140:141:142:1026:143:202:203:204:166:1729:167:3002:42:44:1201:1202:4815:4816:4818:743:744:746:920:921","stroke":"#F7B731","time_slot":"09:00","time_type":"arrival","transit_type":"bus"},"geometry":{"type":"LineString","coordinates":[[121.52551333333334,25.0588],[121.52693,25.05795]]}},{"type":"Feature","properties":{"arrival_time":"09:00","cutoff":900,"departure_time":"09:00","layer":"network","minutes":15,"route_id":"bus:101712-10721:745:747:752:753:754:755:756:757:758:1083:759:760:761:762:763:764:765:778:792:795:796:797:5555:5556:3351:798:799:808:812:813","stroke":"#F7B731","time_slot":"09:00","time_type":"arrival","transit_type":"bus"},"geometry":{"type":"LineString","coordinates":[[121.495902,25.026771],[121.493132,25.028426]]}},{"type":"Feature","properties":{"arrival_time":"09:00","cutoff":900,"departure_time":"09:00","layer":"network","minutes":15,"route_id":"bus:101712-10736:2541:2545:626:625:624:623:4558:2573:2571:3331:3330:3329:4585:3328:3327:3326:2805:4562:1078:1079:1080:1081:752:753:754:3018:3337:3338:3339:3340:3341:3342:4650:4651:4652:4653:250:249:248:247:4667:146:244:89","stroke":"#F7B731","time_slot":"09:00","time_type":"arrival","transit_type":"bus"},"geometry":{"type":"LineString","coordinates":[[121.52324924999999,25.02292675],[121.52038774999998,25.02475325]]}},{"type":"Feature","properties":{"arrival_time":"09:00","cutoff":900,"departure_time":"09:00","layer":"network","minutes":15,"route_id":"bus:101712-10864:813:812:1218:1224:295:294:1245:1253:251:252:253:250:249:248:247:4667:146:244:2224:6061:1203:1208:200:199:198:197:6062:6063:6064:6065:1030:57:58:60:61:62:43:63","stroke":"#F7B731","time_slot":"09:00","time_type":"arrival","transit_type":"bus"},"geometry":{"type":"LineString","coordinates":[[121.51406060000004,25.052983200000007],[121.512558,25.051883]]}},{"type":"Feature","properties":{"arrival_time":"09:00","cutoff":900,"departure_time":"09:00","layer":"network","minutes":15,"route_id":"bus:101712-10911:4809:267:269:271:273:274:225:227:229:278:279:281:1328:135:237:238:239:286:1329:288:290:292:1330:293:101:100:99:98:97:96:243:94:93:92:91:90:89:244:245:242:246:247:248:249:250:1253:1245:294:295:1224","stroke":"#F7B731","time_slot":"09:00","time_type":"arrival","transit_type":"bus"},"geometry":{"type":"LineString","coordinates":[[121.5468725882353,25.041609588235296],[121.542735,25.041824899999995]]}},{"type":"Feature","properties":{"arrival_time":"09:00","cutoff":900,"departure_time":"09:00","layer":"network","minutes":15,"route_id":"rail:Orange:7188:7189:7190:7191:7192:7193:7194:7195:7196:7197:7198:7199:7200:7201:7202:7203:7204:7205:7206:7207:7208","stroke":"#20BF6B","time_slot":"09:00","time_type":"arrival","transit_type":"rail"},"geometry":{"type":"LineString","coordinates":[[121.5014301,25.0635146],[121.4994684,25.0628034],[121.4990797,25.0626648],[121.4970901,25.0619447],[121.4968395,25.0618642],[121.4965635,25.0617839],[121.4964066,25.0617461],[121.4960024,25.0616639],[121.4939942,25.0613275],[121.4938541,25.0612964],[121.4937046,25.061254],[121.4935684,25.0612048],[121.4934546,25.0611578],[121.4932761,25.0610658],[121.4930643,25.0609334]]}},{"type":"Feature","properties":{"arrival_time":"09:00","cutoff":900,"departure_time":"09:00","layer":"network","minutes":15,"route_id":"bus:101712-10721:745:747:752:753:754:755:756:757:758:1083:759:760:761:762:763:764:765:778:792:795:796:797:5555:5556:3351:798:799:808:812:813","stroke":"#F7B731","time_slot":"09:00","time_type":"arrival","transit_type":"bus"},"geometry":{"type":"LineString","coordinates":[[121.51737584615383,25.02689246153846],[121.51256,25.02767]]}},{"type":"Feature","properties":{"arrival_time":"09:00","cutoff":900,"departure_time":"09:00","layer":"network","minutes":15,"route_id":"bus:101712-10823:813:812:1217:1216:1215:1214:3091:247:4667:146:244:835:987:741:206:205:1086:1088:1089:1090:873:872:1312:444:450:451:452:453:454:455:456:457:458:459:460:461:462:463:468:486:507:514:515:517:520:521:522:523:407:524:4504:1339:1340:525","stroke":"#F7B731","time_slot":"09:00","time_type":"arrival","transit_type":"bus"},"geometry":{"type":"LineString","coordinates":[[121.50920646938768,25.045437142857146],[121.51024006666667,25.049134066666664]]}},{"type":"Feature","properties":{"arrival_time":"09:00","cutoff":900,"departure_time":"09:00","layer":"network","minutes":15,"route_id":"bus:101712-10873:4508:108:4509:314:4434:312:310:843:845:847:849:3055:851:853:855:857:859:861:863:864:866:867:868:152:151:869:870:146:242:246:247:248:249:250:253:1273:1274:3344:3345:5314:295:294:1245:1253:251","stroke":"#F7B731","time_slot":"09:00","time_type":"arrival","transit_type":"bus"},"geometry":{"type":"LineString","coordinates":[[121.53284547826088,25.033584826086955],[121.530395,25.033725]]}},{"type":"Feature","properties":{"arrival_time":"09:00","cutoff":900,"departure_time":"09:00","layer":"network","minutes":15,"route_id":"bus:101712-17800:89:245:242:5028:792:242:868:3014:861:855:912:849:4457:310:293:100:97:96:243:91:5711","stroke":"#F7B731","time_slot":"09:00","time_type":"arrival","transit_type":"bus"},"geometry":{"type":"LineString","coordinates":[[121.50704716129033,25.03802016129033],[121.52067233333335,25.03730633333333]]}},{"type":"Feature","properties":{"arrival_time":"09:00","cutoff":900,"departure_time":"09:00","layer":"network","minutes":15,"route_id":"bus:101712-17800:89:245:242:5028:792:242:868:3014:861:855:912:849:4457:310:293:100:97:96:243:91:5711","stroke":"#F7B731","time_slot":"09:00","time_type":"arrival","transit_type":"bus"},"geometry":{"type":"LineString","coordinates":[[121.52067233333335,25.03730633333333],[121.529725,25.033727]]}},{"type":"Feature","properties":{"arrival_time":"09:00","cutoff":900,"departure_time":"09:00","layer":"network","minutes":15,"route_id":"rail:Red:7214:7215:7216:7217:7218:7219:7220:7221:7222:7223:7224:7225:7226:7227:7228:7229:7230:7231:7232:7233:7234:7236:7237:7238:7239:7240:7241","stroke":"#20BF6B","time_slot":"09:00","time_type":"arrival","transit_type":"rail"},"geometry":{"type":"LineString","coordinates":[[121.517524,25.0462473],[121.5176072,25.0464276],[121.517734,25.0466777],[121.5178426,25.0468804],[121.5181815,25.0474819],[121.5183318,25.0477274],[121.518554,25.0480629],[121.5187453,25.0483308],[121.5190147,25.048682],[121.5192124,25.0489251],[121.5195108,25.0492694],[121.519668,25.0494607],[121.5197661,25.0495912],[121.5198924,25.0497826],[121.5199567,25.0498998],[121.5200441,25.0500755],[121.5200914,25.0501927],[121.5201362,25.0503212],[121.5201749,25.0504475],[121.5202011,25.0505648],[121.5202452,25.0508174],[121.5202674,25.0510859],[121.5203053,25.0517742],[121.5203595,25.052648]]}},{"type":"Feature","properties":{"arrival_time":"09:00","cutoff":900,"departure_time":"09:00","layer":"network","minutes":15,"route_id":"train:EAST:7268:7267:7266:7265:7264:7258:7490:7480:7478:7472:7470:7468:7465:7463:7459:7456","stroke":"#EB3B5A","time_slot":"09:00","time_type":"arrival","transit_type":"train"},"geometry":{"type":"LineString","coordinates":[[121.50081,25.03342],[121.46377,25.01434]]}},{"type":"Feature","properties":{"arrival_time":"09:00","cutoff":900,"departure_time":"09:00","layer":"network","minutes":15,"route_id":"bus:101712-10283:1534:1595:1526:1390:1392:1394:1396:1397:1398:1399:1400:1596:1597:1598:1599:1917:1916:2535:194:196:136:67:68:137:138:212:139:322:140:141:142:1026:143:144:309:311:313:315:4910:3077:3032:4914:4915:737:4488:3031:4492:947:945:943:941:939:937:935:1292:1291:4923:4924:4925:4926:4927:4928:97:98:99","stroke":"#F7B731","time_slot":"09:00","time_type":"arrival","transit_type":"bus"},"geometry":{"type":"LineString","coordinates":[[121.507436,25.042021000000002],[121.509124,25.040727]]}},{"type":"Feature","properties":{"arrival_time":"09:00","cutoff":900,"departure_time":"09:00","layer":"network","minutes":15,"route_id":"bus:101712-10782:2985:6042:1169:2321:1673:1672:2805:4562:2804:956:954:4519:2803:2802:2801:3332:3333:3334:1768:3335:1389:1391:1393:1395:753:754:3018:3337:3338:3339:3340:3341:3342:3343:1273:253:250:249:248:247:246:2322:1281:4499:6043:795:796:797:3352:3353:1215:1216:1217:812:813","stroke":"#F7B731","time_slot":"09:00","time_type":"arrival","transit_type":"bus"},"geometry":{"type":"LineString","coordinates":[[121.4964985,25.029042500000003],[121.49903499999999,25.029411500000002]]}},{"type":"Feature","properties":{"arrival_time":"09:00","cutoff":900,"departure_time":"09:00","layer":"network","minutes":15,"route_id":"bus:101712-10864:813:812:1218:1224:295:294:1245:1253:251:252:253:250:249:248:247:4667:146:244:2224:6061:1203:1208:200:199:198:197:6062:6063:6064:6065:1030:57:58:60:61:62:43:63","stroke":"#F7B731","time_slot":"09:00","time_type":"arrival","transit_type":"bus"},"geometry":{"type":"LineString","coordinates":[[121.53808,25.054575],[121.541495,25.054562]]}},{"type":"Feature","properties":{"arrival_time":"09:00","cutoff":900,"departure_time":"09:00","layer":"network","minutes":15,"route_id":"bus:101712-10874:993:314:1018:107:1021:106:241:104:1024:289:287:285:185:187:1029:1030:56:55:746:744:743:50:48:46:1086:1088:1089:1090:230:432:996:997:998:999:1092:1093:1094:1097:541:540:599","stroke":"#F7B731","time_slot":"09:00","time_type":"arrival","transit_type":"bus"},"geometry":{"type":"LineString","coordinates":[[121.52538414285712,25.062722476190476],[121.52230788235292,25.06433770588236]]}},{"type":"Feature","properties":{"arrival_time":"09:00","cutoff":900,"departure_time":"09:00","layer":"network","minutes":15,"route_id":"bus:101712-11811:3228:2794:2795:5252:2796:2798:2799:2563:2562:2800:2801:2802:2803:4519:952:745:747:752:753:1612:1611:941:943:945:6009:6010:5855","stroke":"#F7B731","time_slot":"09:00","time_type":"arrival","transit_type":"bus"},"geometry":{"type":"LineString","coordinates":[[121.52713499999999,25.033195999999997],[121.52670025,25.0307935]]}},{"type":"Feature","properties":{"arrival_time":"09:00","cutoff":900,"departure_time":"09:00","layer":"network","minutes":15,"route_id":"bus:101712-17800:89:245:242:5028:792:242:868:3014:861:855:912:849:4457:310:293:100:97:96:243:91:5711","stroke":"#F7B731","time_slot":"09:00","time_type":"arrival","transit_type":"bus"},"geometry":{"type":"LineString","coordinates":[[121.51649173809524,25.046506309523814],[121.50826699999999,25.042516999999986]]}},{"type":"Feature","properties":{"arrival_time":"09:00","cutoff":900,"departure_time":"09:00","layer":"network","minutes":15,"route_id":"bus:101712-17800:89:245:242:5028:792:242:868:3014:861:855:912:849:4457:310:293:100:97:96:243:91:5711","stroke":"#F7B731","time_slot":"09:00","time_type":"arrival","transit_type":"bus"},"geometry":{"type":"LineString","coordinates":[[121.53580199999999,25.0335626],[121.529725,25.033727]]}},{"type":"Feature","properties":{"arrival_time":"09:00","cutoff":900,"departure_time":"09:00","layer":"network","minutes":15,"route_id":"bus:101712-17800:89:245:242:5028:792:242:868:3014:861:855:912:849:4457:310:293:100:97:96:243:91:5711","stroke":"#F7B731","time_slot":"09:00","time_type":"arrival","transit_type":"bus"},"geometry":{"type":"LineString","coordinates":[[121.55027700000001,25.041512],[121.55910759999999,25.041395799999997]]}},{"type":"Feature","properties":{"arrival_time":"09:00","cutoff":900,"departure_time":"09:00","layer":"network","minutes":15,"route_id":"bus:101712-10328:2768:1795:1796:5086:636:637:638:639:640:641:642:643:644:645:646:647:648:552:553:554:555:556:557:3386:558:559:560:561:562:1066:1067:1069:572:573:574:575:1075:1076:1077:1078:1079:1080:1081:752:753:1612:1611:1972:1954:863:1953:2677:908:907:197:742:1537:2712:2713:915:916:917:918","stroke":"#F7B731","time_slot":"09:00","time_type":"arrival","transit_type":"bus"},"geometry":{"type":"LineString","coordinates":[[121.533177,25.057614],[121.53333057142858,25.063246285714282]]}},{"type":"Feature","properties":{"arrival_time":"09:00","cutoff":900,"departure_time":"09:00","layer":"network","minutes":15,"route_id":"bus:101712-11815:3228:2794:2795:5252:2796:2798:2799:2563:2562:2800:2801:2802:2803:4519:952:745:747:752:753:754:755:756:757:5409:6009:6010:5855:6011:5696:6124:6125:6126:6127:5668:5669:48:1304:1305:1306:1090:873:872:1312:529:530:531:532:533:534:535:536:2642:537:538:4772","stroke":"#F7B731","time_slot":"09:00","time_type":"arrival","transit_type":"bus"},"geometry":{"type":"LineString","coordinates":[[121.52469863157897,25.024064999999997],[121.52337149999998,25.027007]]}},{"type":"Feature","properties":{"arrival_time":"09:00","cutoff":900,"departure_time":"09:00","layer":"network","minutes":15,"route_id":"bus:101712-15191:4532:3162:3163:3164:3165:3166:3093:3094:3067:3095:602:988:989:990:991:603:604:605:606:607:608:609:610:611:612:613:992:614:615:616:2814:3167:3044:3331:3330:3329:4585:3328:3327:3326:2805:4562:1078:1079:1080:1081:752:753:754:755:756:757:758:4540:4543:2808:2809:5360:146:244:2224:833:4717:4718:4526","stroke":"#F7B731","time_slot":"09:00","time_type":"arrival","transit_type":"bus"},"geometry":{"type":"LineString","coordinates":[[121.51347700000001,25.053167],[121.513268,25.053955]]}},{"type":"Feature","properties":{"arrival_time":"09:00","cutoff":900,"departure_time":"09:00","layer":"network","minutes":15,"route_id":"bus:101712-16111:5176:5094:5854:2424:2425:2426:2427:2428:2429:2353:441:442:443:1237:3174:1234:1545:1546:394:393:1547:5311:1548:1549:1550:1551:1422:1423:2078:1424:1425:2079:5371:3086:812:1217:1216:1215:1214:3091:247:246:146:244:89:3098:3100:3102:3104:3123:198:197:195:193:191:189:187:185:183:3173:2067:2068:2069:302:63:299","stroke":"#F7B731","time_slot":"09:00","time_type":"arrival","transit_type":"bus"},"geometry":{"type":"LineString","coordinates":[[121.521508,25.044831],[121.522279,25.04373]]}},{"type":"Feature","properties":{"arrival_time":"09:00","cutoff":900,"departure_time":"09:00","layer":"network","minutes":15,"route_id":"bus:101712-10417:0:2:4:6:8:10:12:14:16:18:20:22:1353:24:26:28:30:1899:1900:1901:1902:1903:2417:166:204:203:5989:5990:1679:1680:5634:5635:5031:5991:89:90:91:92:93:94:95:96:97:98:99:100:101:293:292:290:1021:106:105:3211","stroke":"#F7B731","time_slot":"09:00","time_type":"arrival","transit_type":"bus"},"geometry":{"type":"LineString","coordinates":[[121.57787593333336,25.04499146666667],[121.577875,25.047250666666667]]}},{"type":"Feature","properties":{"arrival_time":"09:00","cutoff":900,"departure_time":"09:00","layer":"network","minutes":15,"route_id":"bus:101712-11212:813:812:1217:1216:1215:1278:249:250:4653:4803:4840:4496:4488:736:737:738:868:867:866:3014:863:4453:4452:4451:94:95:96:97:98:99:4591:4593:1320:185:183:3173:2066:1445:1444:1443:1276:4811:1332:4812:1613:254:4813:4576:1337","stroke":"#F7B731","time_slot":"09:00","time_type":"arrival","transit_type":"bus"},"geometry":{"type":"LineString","coordinates":[[121.51513700000001,25.036829000000008],[121.52067233333335,25.03730633333333]]}},{"type":"Feature","properties":{"arrival_time":"09:00","cutoff":900,"departure_time":"09:00","layer":"network","minutes":15,"route_id":"bus:101712-15191:4532:3162:3163:3164:3165:3166:3093:3094:3067:3095:602:988:989:990:991:603:604:605:606:607:608:609:610:611:612:613:992:614:615:616:2814:3167:3044:3331:3330:3329:4585:3328:3327:3326:2805:4562:1078:1079:1080:1081:752:753:754:755:756:757:758:4540:4543:2808:2809:5360:146:244:2224:833:4717:4718:4526","stroke":"#F7B731","time_slot":"09:00","time_type":"arrival","transit_type":"bus"},"geometry":{"type":"LineString","coordinates":[[121.5103708,25.0527308],[121.51061,25.05061]]}},{"type":"Feature","properties":{"arrival_time":"09:00","cutoff":900,"departure_time":"09:00","layer":"network","minutes":15,"route_id":"rail:Green:7168:7169:7170:7172:7173:7174:7175:7176:7177:7178:7179:7180:7181:7182:7183:7184:7185:7186:7187","stroke":"#20BF6B","time_slot":"09:00","time_type":"arrival","transit_type":"rail"},"geometry":{"type":"LineString","coordinates":[[121.5203595,25.052648],[121.5211924,25.0524527],[121.5219915,25.05231],[121.5227166,25.0522397],[121.5228866,25.0522278],[121.5250126,25.0521324],[121.5254369,25.0521173],[121.5258584,25.0521091],[121.5289805,25.0520822],[121.5305452,25.0520789],[121.5330129,25.0520573],[121.5330129,25.0520573]]}},{"type":"Feature","properties":{"arrival_time":"09:00","cutoff":900,"departure_time":"09:00","layer":"network","minutes":15,"route_id":"bus:101712-10261:819:820:821:822:823:824:825:900:899:962:3663:3664:3665:3666:1201:1202:1204:1205:1206:1207:3688:3689:3705","stroke":"#F7B731","time_slot":"09:00","time_type":"arrival","transit_type":"bus"},"geometry":{"type":"LineString","coordinates":[[121.52017566666666,25.06965266666667],[121.521996,25.06837]]}},{"type":"Feature","properties":{"arrival_time":"09:00","cutoff":900,"departure_time":"09:00","layer":"network","minutes":15,"route_id":"bus:101712-10171:3023:1119:1423:1422:1551:1550:1549:1548:1527:1113:4741:1528:706:1529:707:3086:812:1217:1216:1215:1214:1213:1212:792:4739:4499:837","stroke":"#F7B731","time_slot":"09:00","time_type":"arrival","transit_type":"bus"},"geometry":{"type":"LineString","coordinates":[[121.50109300000001,25.034419],[121.5005625,25.031795499999998]]}},{"type":"Feature","properties":{"arrival_time":"09:00","cutoff":900,"departure_time":"09:00","layer":"network","minutes":15,"route_id":"bus:101712-10232:789:790:791:5:3:1:133:5649:5650:5651:5652:181:5221:183:185:187:189:191:193:195:197:198:199:200:1208:6023:833:834","stroke":"#F7B731","time_slot":"09:00","time_type":"arrival","transit_type":"bus"},"geometry":{"type":"LineString","coordinates":[[121.54909627272724,25.051760636363625],[121.54408968000001,25.051901160000003]]}},{"type":"Feature","properties":{"arrival_time":"09:00","cutoff":900,"departure_time":"09:00","layer":"network","minutes":15,"route_id":"bus:101712-10326:2768:1795:1796:5086:636:637:638:639:640:641:642:643:4613:5016:5640:4613:644:645:646:647:648:552:553:554:555:556:557:3386:558:559:560:561:562:1066:1067:1069:572:573:574:575:1075:1076:1077:1078:1079:1080:1081:752:753:754:755:756:757:758:1083:1084:1085:738:152:739","stroke":"#F7B731","time_slot":"09:00","time_type":"arrival","transit_type":"bus"},"geometry":{"type":"LineString","coordinates":[[121.53501579166668,25.014086000000017],[121.53077260869559,25.018336521739137]]}},{"type":"Feature","properties":{"arrival_time":"09:00","cutoff":900,"departure_time":"09:00","layer":"network","minutes":15,"route_id":"bus:101712-10861:5790:5873:5874:1765:1764:1763:128:129:19:21:23:925:927:929:931:933:3082:175:176:177:178:179:180:35:37:39:41:43:45:47:1382:1383:1029:1384:909:910:911:2105:2216:2217:2093:1953:2218:2219:2220:2221:4914:4915:737:5891:4803:4653:1253:1245:294:295:1224:1218:812:813","stroke":"#F7B731","time_slot":"09:00","time_type":"arrival","transit_type":"bus"},"geometry":{"type":"LineString","coordinates":[[121.53277309090909,25.03817250000001],[121.52952,25.03834]]}},{"type":"Feature","properties":{"arrival_time":"09:00","cutoff":900,"departure_time":"09:00","layer":"network","minutes":15,"route_id":"bus:101712-15563:1419:1420:1422:1423:2078:1424:1425:2079:1426:713:720:721:722:723:724:3851:1713:1711:2089:1536:3013:1553:1518:1517:2090:2091:2092:948:1612:1611:1972:1954:863:2093:2097:2102:2216:2104:2105:1308:1307:2110:2111:2112:2113:291:2114:1446:1445:2115","stroke":"#F7B731","time_slot":"09:00","time_type":"arrival","transit_type":"bus"},"geometry":{"type":"LineString","coordinates":[[121.53284547826088,25.033584826086955],[121.5343368888889,25.038131222222226]]}},{"type":"Feature","properties":{"arrival_time":"09:00","cutoff":900,"departure_time":"09:00","layer":"network","minutes":15,"route_id":"bus:101712-18148:2576:158:159:1621:155:154:4554:1356:987","stroke":"#F7B731","time_slot":"09:00","time_type":"arrival","transit_type":"bus"},"geometry":{"type":"LineString","coordinates":[[121.51722746666665,25.048518533333333],[121.509278,25.050252]]}},{"type":"Feature","properties":{"arrival_time":"09:00","cutoff":900,"departure_time":"09:00","layer":"network","minutes":15,"route_id":"bus:101712-10282:2241:2240:1597:1596:1401:1402:1405:1406:1421:1436:188:190:192:194:196:136:67:68:137:138:212:139:322:140:141:142:1026:143:144:145:153:3077:3032:4914:4915:737:4488:3031:4492:947:945:943:941:939:937:935:1292:1291:4923:4924:4925:4926:4927:4928:97:98:99","stroke":"#F7B731","time_slot":"09:00","time_type":"arrival","transit_type":"bus"},"geometry":{"type":"LineString","coordinates":[[121.51568481818181,25.03338245454545],[121.51570000000001,25.029828000000002]]}},{"type":"Feature","properties":{"arrival_time":"09:00","cutoff":900,"departure_time":"09:00","layer":"network","minutes":15,"route_id":"bus:101712-10473:0:2:4:6:8:10:12:14:16:18:20:22:1353:24:26:28:30:1899:1900:1901:1902:1903:1904:1905:1906:1907:1908:829:1194:1196:1208:200:199:198:197:195:193:191:189:187:185:183:3173:2066:1445:1444:1443:1442:1441:1440:1439:236:235:234:233:9:11:232:231:229:227:225:274:273:271:269:267","stroke":"#F7B731","time_slot":"09:00","time_type":"arrival","transit_type":"bus"},"geometry":{"type":"LineString","coordinates":[[121.5134396842105,25.06092463157894],[121.503152,25.062224]]}},{"type":"Feature","properties":{"arrival_time":"09:00","cutoff":900,"departure_time":"09:00","layer":"network","minutes":15,"route_id":"bus:101712-10722:813:812:1218:1224:295:294:1245:1253:251:252:1273:1274:1275:252:253:250:249:1278:1214:1213:1212:1280:1281:1282:1283:1284:1355:1285:1356","stroke":"#F7B731","time_slot":"09:00","time_type":"arrival","transit_type":"bus"},"geometry":{"type":"LineString","coordinates":[[121.49751236363637,25.019704545454548],[121.5003162,25.0212554]]}},{"type":"Feature","properties":{"arrival_time":"09:00","cutoff":900,"departure_time":"09:00","layer":"network","minutes":15,"route_id":"bus:101712-10722:813:812:1218:1224:295:294:1245:1253:251:252:1273:1274:1275:252:253:250:249:1278:1214:1213:1212:1280:1281:1282:1283:1284:1355:1285:1356","stroke":"#F7B731","time_slot":"09:00","time_type":"arrival","transit_type":"bus"},"geometry":{"type":"LineString","coordinates":[[121.50613,25.047537],[121.505691,25.045968]]}},{"type":"Feature","properties":{"arrival_time":"09:00","cutoff":900,"departure_time":"09:00","layer":"network","minutes":15,"route_id":"bus:101712-10782:2985:6042:1169:2321:1673:1672:2805:4562:2804:956:954:4519:2803:2802:2801:3332:3333:3334:1768:3335:1389:1391:1393:1395:753:754:3018:3337:3338:3339:3340:3341:3342:3343:1273:253:250:249:248:247:246:2322:1281:4499:6043:795:796:797:3352:3353:1215:1216:1217:812:813","stroke":"#F7B731","time_slot":"09:00","time_type":"arrival","transit_type":"bus"},"geometry":{"type":"LineString","coordinates":[[121.5004806,25.028858599999996],[121.49903499999999,25.029411500000002]]}},{"type":"Feature","properties":{"arrival_time":"09:00","cutoff":900,"departure_time":"09:00","layer":"network","minutes":15,"route_id":"bus:101712-10893:974:1651:975:976:977:978:979:980:981:982:983:3811:984:985:32:986:34:36:38:40:829:830:831:832:833:834:987","stroke":"#F7B731","time_slot":"09:00","time_type":"arrival","transit_type":"bus"},"geometry":{"type":"LineString","coordinates":[[121.502278,25.064639],[121.5134396842105,25.06092463157894]]}},{"type":"Feature","properties":{"arrival_time":"09:00","cutoff":900,"departure_time":"09:00","layer":"network","minutes":15,"route_id":"bus:101712-11124:5826:4547:4551:3523:4553:705:6083:6084:2750:2751:2752:2753:2754:2755:1447:2756:2757:2758:2759:5729:5728:576:577:578:579:580:581:582:583:584:585:1012:2764:2765:1010:593:594:595:596:597:598:541:540:599:3570:6000:5999:5998:5997:1000:999:998:997:996:528:1174:223:1175:1176:1177:1178:826:827:828:829:1194:1196:1203:1211:150:201:244:245:242:246:247:248:249:250:251","stroke":"#F7B731","time_slot":"09:00","time_type":"arrival","transit_type":"bus"},"geometry":{"type":"LineString","coordinates":[[121.510186,25.046035],[121.50920646938768,25.045437142857146]]}},{"type":"Feature","properties":{"arrival_time":"09:00","cutoff":900,"departure_time":"09:00","layer":"network","minutes":15,"route_id":"bus:101712-11871:5231:5232:5546:4748:4482:895:224:226:228:230:896:897:898:899:900:1197:825:901:902:903:904:905:829:828:42:44:46:48:906:742:197:907:908:321:323:324:325:909:910:911:912:853:855","stroke":"#F7B731","time_slot":"09:00","time_type":"arrival","transit_type":"bus"},"geometry":{"type":"LineString","coordinates":[[121.5180735555555,25.0628667037037],[121.51353107692307,25.063249692307693]]}},{"type":"Feature","properties":{"arrival_time":"09:00","cutoff":900,"departure_time":"09:00","layer":"network","minutes":15,"route_id":"bus:101712-10333:2643:1059:1060:1061:1062:1063:1064:1065:563:564:5411:565:2797:566:567:568:569:570:571:572:573:574:575:1075:1076:1077:1078:1079:1080:1081:752:753:754:755:756:757:758:1083:1084:1085:2808:2809:2810:148","stroke":"#F7B731","time_slot":"09:00","time_type":"arrival","transit_type":"bus"},"geometry":{"type":"LineString","coordinates":[[121.51155500000003,25.043262000000006],[121.510993,25.037375]]}},{"type":"Feature","properties":{"arrival_time":"09:00","cutoff":900,"departure_time":"09:00","layer":"network","minutes":15,"route_id":"bus:101712-10171:3023:1119:1423:1422:1551:1550:1549:1548:1527:1113:4741:1528:706:1529:707:3086:812:1217:1216:1215:1214:1213:1212:792:4739:4499:837","stroke":"#F7B731","time_slot":"09:00","time_type":"arrival","transit_type":"bus"},"geometry":{"type":"LineString","coordinates":[[121.5005625,25.031795499999998],[121.50055400000001,25.030774499999996]]}},{"type":"Feature","properties":{"arrival_time":"09:00","cutoff":900,"departure_time":"09:00","layer":"network","minutes":15,"route_id":"bus:101712-10181:1738:2182:1739:1740:2183:2184:2185:2186:273:274:225:227:229:231:232:11:9:233:234:235:236:1439:1440:1441:1442:1443:1444:1445:1446:1452:1458:330:329:328:327:326:325:1495:1513:1521:4450:320:91:90:89:244:245:242:246:247:248:249:250:253:251:1253:1245:294:295:1224:1218","stroke":"#F7B731","time_slot":"09:00","time_type":"arrival","transit_type":"bus"},"geometry":{"type":"LineString","coordinates":[[121.51649173809524,25.046506309523814],[121.52270090476189,25.04497161904763]]}},{"type":"Feature","properties":{"arrival_time":"09:00","cutoff":900,"departure_time":"09:00","layer":"network","minutes":15,"route_id":"bus:101712-11212:813:812:1217:1216:1215:1278:249:250:4653:4803:4840:4496:4488:736:737:738:868:867:866:3014:863:4453:4452:4451:94:95:96:97:98:99:4591:4593:1320:185:183:3173:2066:1445:1444:1443:1276:4811:1332:4812:1613:254:4813:4576:1337","stroke":"#F7B731","time_slot":"09:00","time_type":"arrival","transit_type":"bus"},"geometry":{"type":"LineString","coordinates":[[121.53284547826088,25.033584826086955],[121.537803,25.034025]]}},{"type":"Feature","properties":{"arrival_time":"09:00","cutoff":900,"departure_time":"09:00","layer":"network","minutes":15,"route_id":"bus:101712-15162:608:609:610:2212:1373:2156:1769:2315:1277:2811:2812:2813:2814:616:615:614:992:2815:2816:2817:2827:4440:3076:1286:1287:1288:1289:2172:2173:4587:4588:4589:4590:4591:4593:1320:187:189:191:193:195:197:198:199:200:4802:1203","stroke":"#F7B731","time_slot":"09:00","time_type":"arrival","transit_type":"bus"},"geometry":{"type":"LineString","coordinates":[[121.51406060000004,25.052983200000007],[121.51512399999999,25.051429000000002]]}},{"type":"Feature","properties":{"arrival_time":"09:00","cutoff":900,"departure_time":"09:00","layer":"network","minutes":15,"route_id":"bus:101712-15381:862:865:814:815:816:817:818:819:1176:1177:825:901:6123:826:2342:5545:3663:3664:3665:3666:1201:1202:5135:6114:5133:3123:3104:6115:89:244:245:242:246:247:3091:1214:1215:1216:1217:812:813","stroke":"#F7B731","time_slot":"09:00","time_type":"arrival","transit_type":"bus"},"geometry":{"type":"LineString","coordinates":[[121.51391249999996,25.06875249999999],[121.512749,25.068586]]}},{"type":"Feature","properties":{"arrival_time":"09:00","cutoff":900,"departure_time":"09:00","layer":"network","minutes":15,"route_id":"bus:101712-16467:5467:437:438:439:440:441:1522:1524:1473:1472:4725:1525:1561:388:389:390:391:1527:1113:1528:4741:706:1529:707:708:1427:1428:1429:1430:1530:1531:731:1532:1533:1535:1518:1553:1536:2089:1134:1135:1136:1137:1139","stroke":"#F7B731","time_slot":"09:00","time_type":"arrival","transit_type":"bus"},"geometry":{"type":"LineString","coordinates":[[121.515273,25.012580000000007],[121.51760185714285,25.014343]]}},{"type":"Feature","properties":{"arrival_time":"09:00","cutoff":900,"departure_time":"09:00","layer":"network","minutes":15,"route_id":"bus:101712-17800:89:245:242:5028:792:242:868:3014:861:855:912:849:4457:310:293:100:97:96:243:91:5711","stroke":"#F7B731","time_slot":"09:00","time_type":"arrival","transit_type":"bus"},"geometry":{"type":"LineString","coordinates":[[121.54365929999999,25.0333953],[121.53580199999999,25.0335626]]}},{"type":"Feature","properties":{"arrival_time":"09:00","cutoff":900,"departure_time":"09:00","layer":"network","minutes":15,"route_id":"bus:101712-10232:789:790:791:5:3:1:133:5649:5650:5651:5652:181:5221:183:185:187:189:191:193:195:197:198:199:200:1208:6023:833:834","stroke":"#F7B731","time_slot":"09:00","time_type":"arrival","transit_type":"bus"},"geometry":{"type":"LineString","coordinates":[[121.533000102564,25.052041307692306],[121.53008142105261,25.05205773684211]]}},{"type":"Feature","properties":{"arrival_time":"09:00","cutoff":900,"departure_time":"09:00","layer":"network","minutes":15,"route_id":"bus:101712-10278:5368:3070:221:222:819:820:821:822:823:901:902:903:904:905:830:831:832:4464:4465:987:6028:6029:6030:6031:6032:4436:4437:6033:909:6034:6035:6036:289:291:2175:308:310:312","stroke":"#F7B731","time_slot":"09:00","time_type":"arrival","transit_type":"bus"},"geometry":{"type":"LineString","coordinates":[[121.51722746666665,25.048518533333333],[121.5232335,25.04787]]}},{"type":"Feature","properties":{"arrival_time":"09:00","cutoff":900,"departure_time":"09:00","layer":"network","minutes":15,"route_id":"bus:101712-10782:2985:6042:1169:2321:1673:1672:2805:4562:2804:956:954:4519:2803:2802:2801:3332:3333:3334:1768:3335:1389:1391:1393:1395:753:754:3018:3337:3338:3339:3340:3341:3342:3343:1273:253:250:249:248:247:246:2322:1281:4499:6043:795:796:797:3352:3353:1215:1216:1217:812:813","stroke":"#F7B731","time_slot":"09:00","time_type":"arrival","transit_type":"bus"},"geometry":{"type":"LineString","coordinates":[[121.50247959999999,25.0382648],[121.5043,25.0381]]}},{"type":"Feature","properties":{"arrival_time":"09:00","cutoff":900,"departure_time":"09:00","layer":"network","minutes":15,"route_id":"bus:101712-10811:1286:1287:1288:1289:1290:1291:1292:934:932:930:1296:928:1297:1301:1302:922:191:1303:1367:54:53:52:50:1381:1380:1379:5113:1090:873:872:1312:529:530:531:1325:1326:1327:533:534:535:536:1144:1143:1142","stroke":"#F7B731","time_slot":"09:00","time_type":"arrival","transit_type":"bus"},"geometry":{"type":"LineString","coordinates":[[121.54408968000001,25.051901160000003],[121.544225,25.055306]]}},{"type":"Feature","properties":{"arrival_time":"09:00","cutoff":900,"departure_time":"09:00","layer":"network","minutes":15,"route_id":"bus:101712-15521:978:979:980:1674:1675:1676:1679:1680:202:203:204:166:1729:167:3002:42:205:206:741:740:1681:1682:737:1683:733:1686:1689:730:1710:1132:727:1133:1711:1713:1717:3851:725:726","stroke":"#F7B731","time_slot":"09:00","time_type":"arrival","transit_type":"bus"},"geometry":{"type":"LineString","coordinates":[[121.51568481818181,25.03338245454545],[121.51673,25.03643]]}},{"type":"Feature","properties":{"arrival_time":"09:00","cutoff":900,"departure_time":"09:00","layer":"network","minutes":15,"route_id":"bus:101712-10164:5703:2282:2283:2284:2285:1488:1487:1486:1485:1484:1483:3025:3026:2474:2475:404:2476:2477:2478:2479:2480:3027:3028:1542:1543:1233:2483:1234:1545:1546:1476:1235:1474:3029:1565:1172:1171:1106:5751:1105:1104:5752:5753:5754:5755:5756:5757:5572:2356:382:1469","stroke":"#F7B731","time_slot":"09:00","time_type":"arrival","transit_type":"bus"},"geometry":{"type":"LineString","coordinates":[[121.47366,25.03163],[121.47600272727273,25.033893545454553]]}},{"type":"Feature","properties":{"arrival_time":"09:00","cutoff":900,"departure_time":"09:00","layer":"network","minutes":15,"route_id":"bus:101712-10172:3023:1119:5596:1424:1425:1426:5198:6140:6021:3855:1505:2775:2774:2773:2772:2771:732:733:1683:6022:2809:5360:146:244","stroke":"#F7B731","time_slot":"09:00","time_type":"arrival","transit_type":"bus"},"geometry":{"type":"LineString","coordinates":[[121.516224,25.01604300000001],[121.5147165,25.01507]]}},{"type":"Feature","properties":{"arrival_time":"09:00","cutoff":900,"departure_time":"09:00","layer":"network","minutes":15,"route_id":"bus:101712-10181:1738:2182:1739:1740:2183:2184:2185:2186:273:274:225:227:229:231:232:11:9:233:234:235:236:1439:1440:1441:1442:1443:1444:1445:1446:1452:1458:330:329:328:327:326:325:1495:1513:1521:4450:320:91:90:89:244:245:242:246:247:248:249:250:253:251:1253:1245:294:295:1224:1218","stroke":"#F7B731","time_slot":"09:00","time_type":"arrival","transit_type":"bus"},"geometry":{"type":"LineString","coordinates":[[121.50470128571429,25.0323232857143],[121.50417759999999,25.030435999999995]]}},{"type":"Feature","properties":{"arrival_time":"09:00","cutoff":900,"departure_time":"09:00","layer":"network","minutes":15,"route_id":"bus:101712-10261:819:820:821:822:823:824:825:900:899:962:3663:3664:3665:3666:1201:1202:1204:1205:1206:1207:3688:3689:3705","stroke":"#F7B731","time_slot":"09:00","time_type":"arrival","transit_type":"bus"},"geometry":{"type":"LineString","coordinates":[[121.5134358,25.072099599999998],[121.51551233333332,25.07199966666667]]}},{"type":"Feature","properties":{"arrival_time":"09:00","cutoff":900,"departure_time":"09:00","layer":"network","minutes":15,"route_id":"bus:101712-10278:5368:3070:221:222:819:820:821:822:823:901:902:903:904:905:830:831:832:4464:4465:987:6028:6029:6030:6031:6032:4436:4437:6033:909:6034:6035:6036:289:291:2175:308:310:312","stroke":"#F7B731","time_slot":"09:00","time_type":"arrival","transit_type":"bus"},"geometry":{"type":"LineString","coordinates":[[121.54157,25.044438],[121.54502,25.04474]]}},{"type":"Feature","properties":{"arrival_time":"09:00","cutoff":900,"departure_time":"09:00","layer":"network","minutes":15,"route_id":"bus:101712-10752:1310:1311:1077:1078:1079:1080:1081:752:753:754:755:756:757:947:945:943:941:939:937:935:1292:1291:1313:1314:1315:1316:1317:1318:1319:326:327:1320:1321:1322:1323:1324:283:282:303:302:63:41:39:37:35:180:3842:179:178:177:176:175","stroke":"#F7B731","time_slot":"09:00","time_type":"arrival","transit_type":"bus"},"geometry":{"type":"LineString","coordinates":[[121.52469863157897,25.024064999999997],[121.52459933333331,25.026828500000004]]}},{"type":"Feature","properties":{"arrival_time":"09:00","cutoff":900,"departure_time":"09:00","layer":"network","minutes":15,"route_id":"bus:101712-10882:814:815:816:817:818:819:820:821:822:823:824:825:826:827:828:829:830:831:832:833:834:835:244:146:242:836:778:837","stroke":"#F7B731","time_slot":"09:00","time_type":"arrival","transit_type":"bus"},"geometry":{"type":"LineString","coordinates":[[121.511621,25.054547],[121.5103708,25.0527308]]}},{"type":"Feature","properties":{"arrival_time":"09:00","cutoff":900,"departure_time":"09:00","layer":"network","minutes":15,"route_id":"bus:101712-11041:706:1529:707:708:1427:1428:1429:1430:1530:1531:731:732:733:3341:3340:3339:3338:756:757:758:1083:1084:4582:4583:2735:4584:3053:5887","stroke":"#F7B731","time_slot":"09:00","time_type":"arrival","transit_type":"bus"},"geometry":{"type":"LineString","coordinates":[[121.51679781818183,25.024404727272728],[121.5178875,25.02532525]]}},{"type":"Feature","properties":{"arrival_time":"09:00","cutoff":900,"departure_time":"09:00","layer":"network","minutes":15,"route_id":"bus:101712-10282:2241:2240:1597:1596:1401:1402:1405:1406:1421:1436:188:190:192:194:196:136:67:68:137:138:212:139:322:140:141:142:1026:143:144:145:153:3077:3032:4914:4915:737:4488:3031:4492:947:945:943:941:939:937:935:1292:1291:4923:4924:4925:4926:4927:4928:97:98:99","stroke":"#F7B731","time_slot":"09:00","time_type":"arrival","transit_type":"bus"},"geometry":{"type":"LineString","coordinates":[[121.52780675,25.026589875000003],[121.52459933333331,25.026828500000004]]}},{"type":"Feature","properties":{"arrival_time":"09:00","cutoff":900,"departure_time":"09:00","layer":"network","minutes":15,"route_id":"bus:101712-10283:1534:1595:1526:1390:1392:1394:1396:1397:1398:1399:1400:1596:1597:1598:1599:1917:1916:2535:194:196:136:67:68:137:138:212:139:322:140:141:142:1026:143:144:309:311:313:315:4910:3077:3032:4914:4915:737:4488:3031:4492:947:945:943:941:939:937:935:1292:1291:4923:4924:4925:4926:4927:4928:97:98:99","stroke":"#F7B731","time_slot":"09:00","time_type":"arrival","transit_type":"bus"},"geometry":{"type":"LineString","coordinates":[[121.50241620000001,25.0424496],[121.50367000000001,25.041536000000004]]}},{"type":"Feature","properties":{"arrival_time":"09:00","cutoff":900,"departure_time":"09:00","layer":"network","minutes":15,"route_id":"bus:101712-10735:2541:2545:626:625:624:623:4558:2573:2571:2569:2567:2565:2165:3046:2563:2562:2800:2801:2802:2803:4519:952:745:747:752:753:1612:1611:1972:4578:4579:4580:4581:4582:4583:2735:4584:5276:90:89","stroke":"#F7B731","time_slot":"09:00","time_type":"arrival","transit_type":"bus"},"geometry":{"type":"LineString","coordinates":[[121.52776,25.03003],[121.526147,25.031908]]}},{"type":"Feature","properties":{"arrival_time":"09:00","cutoff":900,"departure_time":"09:00","layer":"network","minutes":15,"route_id":"bus:101712-10853:5890:5873:5874:1765:1764:1763:128:129:19:21:23:169:170:171:172:173:174:175:176:177:938:940:942:944:946:5619:270:268:266:265:264:263:949:950:951:953:955:957:958:959:960:961:962:1199:1200:5114","stroke":"#F7B731","time_slot":"09:00","time_type":"arrival","transit_type":"bus"},"geometry":{"type":"LineString","coordinates":[[121.523095,25.070066],[121.52017566666666,25.06965266666667]]}},{"type":"Feature","properties":{"arrival_time":"09:00","cutoff":900,"departure_time":"09:00","layer":"network","minutes":15,"route_id":"bus:101712-10861:5790:5873:5874:1765:1764:1763:128:129:19:21:23:925:927:929:931:933:3082:175:176:177:178:179:180:35:37:39:41:43:45:47:1382:1383:1029:1384:909:910:911:2105:2216:2217:2093:1953:2218:2219:2220:2221:4914:4915:737:5891:4803:4653:1253:1245:294:295:1224:1218:812:813","stroke":"#F7B731","time_slot":"09:00","time_type":"arrival","transit_type":"bus"},"geometry":{"type":"LineString","coordinates":[[121.51568481818181,25.03338245454545],[121.512879,25.031565]]}},{"type":"Feature","properties":{"arrival_time":"09:00","cutoff":900,"departure_time":"09:00","layer":"network","minutes":15,"route_id":"bus:101712-11871:5231:5232:5546:4748:4482:895:224:226:228:230:896:897:898:899:900:1197:825:901:902:903:904:905:829:828:42:44:46:48:906:742:197:907:908:321:323:324:325:909:910:911:912:853:855","stroke":"#F7B731","time_slot":"09:00","time_type":"arrival","transit_type":"bus"},"geometry":{"type":"LineString","coordinates":[[121.5134358,25.072099599999998],[121.51443850000001,25.072007000000003]]}},{"type":"Feature","properties":{"arrival_time":"09:00","cutoff":900,"departure_time":"09:00","layer":"network","minutes":15,"route_id":"bus:101712-15521:978:979:980:1674:1675:1676:1679:1680:202:203:204:166:1729:167:3002:42:205:206:741:740:1681:1682:737:1683:733:1686:1689:730:1710:1132:727:1133:1711:1713:1717:3851:725:726","stroke":"#F7B731","time_slot":"09:00","time_type":"arrival","transit_type":"bus"},"geometry":{"type":"LineString","coordinates":[[121.51568481818181,25.03338245454545],[121.51547900000001,25.028980500000003]]}},{"type":"Feature","properties":{"arrival_time":"09:00","cutoff":900,"departure_time":"09:00","layer":"network","minutes":15,"route_id":"rail:Blue:7121:7122:7123:7124:7125:7126:7127:7128:7129:7130:7131:7132:7133:7134:7135:7136:7137:7138:7139:7140:7141:7142:7143","stroke":"#20BF6B","time_slot":"09:00","time_type":"arrival","transit_type":"rail"},"geometry":{"type":"LineString","coordinates":[[121.5328537,25.042381],[121.5328537,25.042381],[121.5336894,25.0421998],[121.5340136,25.0421354],[121.5344874,25.0420571],[121.5365784,25.0417742],[121.5369607,25.0417345],[121.5373316,25.0417106],[121.5375846,25.0417029],[121.5378716,25.0417018],[121.542602,25.0416779],[121.5429514,25.0416721],[121.5437719,25.0416548]]}},{"type":"Feature","properties":{"arrival_time":"09:00","cutoff":900,"departure_time":"09:00","layer":"network","minutes":15,"route_id":"bus:101712-10162:5703:2282:2283:2284:2285:2286:2287:3057:3058:3059:3025:3026:2474:2475:404:2476:2477:2478:2479:2480:3027:3028:1542:1543:1233:2483:1522:1237:443:1173:1172:1171:1471:2354:2355:1469:2356:2357:792:836:242:146:147:148:881:151:152","stroke":"#F7B731","time_slot":"09:00","time_type":"arrival","transit_type":"bus"},"geometry":{"type":"LineString","coordinates":[[121.50018380952382,25.035168],[121.49673015384617,25.035250076923074]]}},{"type":"Feature","properties":{"arrival_time":"09:00","cutoff":900,"departure_time":"09:00","layer":"network","minutes":15,"route_id":"bus:101712-10453:3183:1639:1640:1641:1642:1643:2576:3072:3661:3660:5121:3659:3658:3657:976:977:978:1718:1719:1675:1676:1679:1680:3016:144:309:311:313:315:147:869:151","stroke":"#F7B731","time_slot":"09:00","time_type":"arrival","transit_type":"bus"},"geometry":{"type":"LineString","coordinates":[[121.51526515384617,25.043378615384615],[121.51319066666666,25.042201333333335]]}},{"type":"Feature","properties":{"arrival_time":"09:00","cutoff":900,"departure_time":"09:00","layer":"network","minutes":15,"route_id":"bus:101712-10842:5881:256:635:275:5880:1087:5883:5884:884:883:3906:3085:3084:1730:3083:175:176:177:938:940:942:944:946:5619:270:268:266:265:264:263:949:950:951:953:4259:4260:5885:5233:5886:2712:906:742:197:907:908:1952:2218:4584:3053:5887:1681:152:151:869:870","stroke":"#F7B731","time_slot":"09:00","time_type":"arrival","transit_type":"bus"},"geometry":{"type":"LineString","coordinates":[[121.532693,25.040288],[121.52952,25.03834]]}},{"type":"Feature","properties":{"arrival_time":"09:00","cutoff":900,"departure_time":"09:00","layer":"network","minutes":15,"route_id":"bus:101712-16706:683:682:681:680:679:2222:1839:1838:1837:1836:1835:1834:1833:1832:1831:1830:1829:1828:1827:2223:192:194:196:136:67:68:137:138:212:139:322:140:141:142:1026:143:144:309:311:313:315:3077:3032:868:867:866:3014:863:861:859:855:853:912:3078:849:3079:2174:2173:2172:1289:1288:1287:3080:1286:3076","stroke":"#F7B731","time_slot":"09:00","time_type":"arrival","transit_type":"bus"},"geometry":{"type":"LineString","coordinates":[[121.507436,25.042021000000002],[121.50915250000001,25.039074999999997]]}},{"type":"Feature","properties":{"arrival_time":"09:00","cutoff":900,"departure_time":"09:00","layer":"network","minutes":15,"route_id":"rail:Orange:7188:7189:7190:7191:7192:7193:7194:7195:7196:7197:7198:7199:7200:7201:7202:7203:7204:7205:7206:7207:7208","stroke":"#20BF6B","time_slot":"09:00","time_type":"arrival","transit_type":"rail"},"geometry":{"type":"LineString","coordinates":[[121.5331916,25.0604341],[121.533185,25.0607004],[121.533157,25.0609465],[121.5331129,25.0611386],[121.533048,25.0613216],[121.5329934,25.0614369],[121.5329119,25.0615794],[121.5326173,25.0619935],[121.5323283,25.062209],[121.5322134,25.0622816],[121.532053,25.0623702],[121.5318122,25.0624749],[121.5315944,25.0625456],[121.531457,25.06258],[121.5312893,25.0626099],[121.531063,25.0626333],[121.5307099,25.0626413],[121.5297251,25.0626042],[121.5292131,25.0626038],[121.5242435,25.0627342]]}},{"type":"Feature","properties":{"arrival_time":"09:00","cutoff":900,"departure_time":"09:00","layer":"network","minutes":15,"route_id":"rail:Red:7214:7215:7216:7217:7218:7219:7220:7221:7222:7223:7224:7225:7226:7227:7228:7229:7230:7231:7232:7233:7234:7236:7237:7238:7239:7240:7241","stroke":"#20BF6B","time_slot":"09:00","time_type":"arrival","transit_type":"rail"},"geometry":{"type":"LineString","coordinates":[[121.5574977,25.0330777],[121.5468684,25.0333044],[121.5465346,25.0333124],[121.5458478,25.0333375],[121.5435963,25.0333839]]}},{"type":"Feature","properties":{"arrival_time":"09:00","cutoff":900,"departure_time":"09:00","layer":"network","minutes":15,"route_id":"bus:101712-10261:819:820:821:822:823:824:825:900:899:962:3663:3664:3665:3666:1201:1202:1204:1205:1206:1207:3688:3689:3705","stroke":"#F7B731","time_slot":"09:00","time_type":"arrival","transit_type":"bus"},"geometry":{"type":"LineString","coordinates":[[121.52554516666665,25.061123166666665],[121.52551333333334,25.0588]]}},{"type":"Feature","properties":{"arrival_time":"09:00","cutoff":900,"departure_time":"09:00","layer":"network","minutes":15,"route_id":"bus:101712-10882:814:815:816:817:818:819:820:821:822:823:824:825:826:827:828:829:830:831:832:833:834:835:244:146:242:836:778:837","stroke":"#F7B731","time_slot":"09:00","time_type":"arrival","transit_type":"bus"},"geometry":{"type":"LineString","coordinates":[[121.5134396842105,25.06092463157894],[121.511324,25.05983]]}},{"type":"Feature","properties":{"arrival_time":"09:00","cutoff":900,"departure_time":"09:00","layer":"network","minutes":15,"route_id":"bus:101712-10262:1758:838:839:840:841:842:844:846:848:850:852:854:856:858:860:862:865:814:815:816:817:818:819:820:821:822:823:824:825:826:827:828:829:1194:1196:1208:1209:987:740:1681","stroke":"#F7B731","time_slot":"09:00","time_type":"arrival","transit_type":"bus"},"geometry":{"type":"LineString","coordinates":[[121.5140318888889,25.05543877777777],[121.51603792307694,25.053632538461535]]}},{"type":"Feature","properties":{"arrival_time":"09:00","cutoff":900,"departure_time":"09:00","layer":"network","minutes":15,"route_id":"bus:101712-11811:3228:2794:2795:5252:2796:2798:2799:2563:2562:2800:2801:2802:2803:4519:952:745:747:752:753:1612:1611:941:943:945:6009:6010:5855","stroke":"#F7B731","time_slot":"09:00","time_type":"arrival","transit_type":"bus"},"geometry":{"type":"LineString","coordinates":[[121.52780675,25.026589875000003],[121.52628599999998,25.028558999999998]]}},{"type":"Feature","properties":{"arrival_time":"09:00","cutoff":900,"departure_time":"09:00","layer":"network","minutes":15,"route_id":"bus:101712-15514:4433:800:773:774:775:776:777:779:780:781:782:783:784:785:786:787:231:232:11:9:233:234:235:236:1439:1440:1441:1442:1443:1444:1445:1446:1452:1458:330:329:328:327:326:909:96:243:94:93:92:91:90:89:150:881:4545","stroke":"#F7B731","time_slot":"09:00","time_type":"arrival","transit_type":"bus"},"geometry":{"type":"LineString","coordinates":[[121.51316199999998,25.046551999999995],[121.51315342857147,25.04492071428572]]}},{"type":"Feature","properties":{"arrival_time":"09:00","cutoff":900,"departure_time":"09:00","layer":"network","minutes":15,"route_id":"bus:101712-16123:3021:403:402:401:1480:1479:4907:1477:1293:397:3439:3452:3458:3464:2483:1522:1237:443:4679:4680:5022:5023:5024:5025:5026:5027:5028:5029:246:146:244","stroke":"#F7B731","time_slot":"09:00","time_type":"arrival","transit_type":"bus"},"geometry":{"type":"LineString","coordinates":[[121.50654264999999,25.036215450000004],[121.50284466666666,25.033374666666663]]}},{"type":"Feature","properties":{"arrival_time":"09:00","cutoff":900,"departure_time":"09:00","layer":"network","minutes":15,"route_id":"bus:101712-10326:2768:1795:1796:5086:636:637:638:639:640:641:642:643:4613:5016:5640:4613:644:645:646:647:648:552:553:554:555:556:557:3386:558:559:560:561:562:1066:1067:1069:572:573:574:575:1075:1076:1077:1078:1079:1080:1081:752:753:754:755:756:757:758:1083:1084:1085:738:152:739","stroke":"#F7B731","time_slot":"09:00","time_type":"arrival","transit_type":"bus"},"geometry":{"type":"LineString","coordinates":[[121.52264466666666,25.026830666666665],[121.52193799999999,25.028861000000003]]}},{"type":"Feature","properties":{"arrival_time":"09:00","cutoff":900,"departure_time":"09:00","layer":"network","minutes":15,"route_id":"bus:101712-10424:2440:154:155:156:5536:157:158:159:160:161:162:163:86:87:88:164:165:166:1729:167:3002:42:44:46:168","stroke":"#F7B731","time_slot":"09:00","time_type":"arrival","transit_type":"bus"},"geometry":{"type":"LineString","coordinates":[[121.52538414285712,25.062722476190476],[121.527439,25.061005]]}},{"type":"Feature","properties":{"arrival_time":"09:00","cutoff":900,"departure_time":"09:00","layer":"network","minutes":15,"route_id":"bus:101712-10722:813:812:1218:1224:295:294:1245:1253:251:252:1273:1274:1275:252:253:250:249:1278:1214:1213:1212:1280:1281:1282:1283:1284:1355:1285:1356","stroke":"#F7B731","time_slot":"09:00","time_type":"arrival","transit_type":"bus"},"geometry":{"type":"LineString","coordinates":[[121.50247959999999,25.0382648],[121.504023,25.038711]]}},{"type":"Feature","properties":{"arrival_time":"09:00","cutoff":900,"departure_time":"09:00","layer":"network","minutes":15,"route_id":"bus:101712-10961:2284:2285:2286:2287:3057:3058:3059:3642:3644:3914:3915:6073:2495:2493:2492:2491:1416:1417:1418:1419:1420:1422:5120:1115:1114:1528:4741:706:1529:707:2640:2544:2289:716:715:1717:1713:1711:2089:1536:1553:1519:1520:731:732:733:1683:6022:6074:148:149:89:90:91:92:93:94:95:96:1318:1319:1437:1029:1030:57:58:60:61:303:6077:6078:6079","stroke":"#F7B731","time_slot":"09:00","time_type":"arrival","transit_type":"bus"},"geometry":{"type":"LineString","coordinates":[[121.5468725882353,25.041609588235296],[121.54917399999997,25.043012999999988]]}},{"type":"Feature","properties":{"arrival_time":"09:00","cutoff":900,"departure_time":"09:00","layer":"network","minutes":15,"route_id":"bus:101712-11841:1738:2182:1739:1740:2183:2184:2185:2186:273:274:225:227:229:278:279:281:1328:135:237:238:239:286:1329:288:290:292:1330:293:101:2112:2111:2110:1307:1308:2105:2216:2217:2093:1953:2218:2219:2220:2221:3032:3077:5360:146","stroke":"#F7B731","time_slot":"09:00","time_type":"arrival","transit_type":"bus"},"geometry":{"type":"LineString","coordinates":[[121.51839128571429,25.039224],[121.51449033333334,25.03860733333333]]}},{"type":"Feature","properties":{"arrival_time":"09:00","cutoff":900,"departure_time":"09:00","layer":"network","minutes":15,"route_id":"bus:101712-17022:1379:1380:1381:906:743:4447:4448:4449:4450:4790:4451:4452:4453:4454:4455:937:935:1292:1291:1387:1388:4534:5408:935","stroke":"#F7B731","time_slot":"09:00","time_type":"arrival","transit_type":"bus"},"geometry":{"type":"LineString","coordinates":[[121.53638,25.047067],[121.53678033333334,25.043074]]}},{"type":"Feature","properties":{"arrival_time":"09:00","cutoff":900,"departure_time":"09:00","layer":"network","minutes":15,"route_id":"train:EAST:7270:7268:7266:7264:7468:7450:7437:7435:7431:7429:7424","stroke":"#EB3B5A","time_slot":"09:00","time_type":"arrival","transit_type":"train"},"geometry":{"type":"LineString","coordinates":[[121.51711,25.04775],[121.46377,25.01434]]}},{"type":"Feature","properties":{"arrival_time":"09:00","cutoff":900,"departure_time":"09:00","layer":"network","minutes":15,"route_id":"bus:101712-10785:2985:2542:5085:2298:1759:2543:1717:1713:1711:1134:1135:1555:1434:753:754:755:756:757:947:945:943:941:1954:863:1953:2677:908:907:6044:195:193:191:189:1029:1030:57:58:60:61","stroke":"#F7B731","time_slot":"09:00","time_type":"arrival","transit_type":"bus"},"geometry":{"type":"LineString","coordinates":[[121.53295599999998,25.048461500000002],[121.533116,25.049534]]}},{"type":"Feature","properties":{"arrival_time":"09:00","cutoff":900,"departure_time":"09:00","layer":"network","minutes":15,"route_id":"bus:101712-10853:5890:5873:5874:1765:1764:1763:128:129:19:21:23:169:170:171:172:173:174:175:176:177:938:940:942:944:946:5619:270:268:266:265:264:263:949:950:951:953:955:957:958:959:960:961:962:1199:1200:5114","stroke":"#F7B731","time_slot":"09:00","time_type":"arrival","transit_type":"bus"},"geometry":{"type":"LineString","coordinates":[[121.52017566666666,25.06965266666667],[121.5183854705882,25.06840194117646]]}},{"type":"Feature","properties":{"arrival_time":"09:00","cutoff":900,"departure_time":"09:00","layer":"network","minutes":15,"route_id":"bus:101712-11023:3228:2794:2795:5252:3252:3253:615:616:2814:3167:3044:2569:2567:2565:2165:3046:2563:2562:2800:3332:3333:3334:1768:3335:4534:4535:4536:6080:4455:4453:4452:4451:4790:4449:4448:4447:6081","stroke":"#F7B731","time_slot":"09:00","time_type":"arrival","transit_type":"bus"},"geometry":{"type":"LineString","coordinates":[[121.536835,25.056964999999998],[121.536968,25.054565999999998]]}},{"type":"Feature","properties":{"arrival_time":"09:00","cutoff":900,"departure_time":"09:00","layer":"network","minutes":15,"route_id":"bus:101712-11232:5762:978:1718:1719:1675:1676:4675:2320:984:985:1899:1900:1901:1902:1903:1904:1905:1906:1908:42:44:1201:1202:5135:6114:5133:3123:3104:6115:5887:6116:6117:6012:1953:863:1954:939:937:935:1292:1291:1290:1289:1288:1287:3080","stroke":"#F7B731","time_slot":"09:00","time_type":"arrival","transit_type":"bus"},"geometry":{"type":"LineString","coordinates":[[121.52424214285715,25.04814014285714],[121.52489640000002,25.050579199999998]]}},{"type":"Feature","properties":{"arrival_time":"09:00","cutoff":900,"departure_time":"09:00","layer":"network","minutes":15,"route_id":"bus:101712-11815:3228:2794:2795:5252:2796:2798:2799:2563:2562:2800:2801:2802:2803:4519:952:745:747:752:753:754:755:756:757:5409:6009:6010:5855:6011:5696:6124:6125:6126:6127:5668:5669:48:1304:1305:1306:1090:873:872:1312:529:530:531:532:533:534:535:536:2642:537:538:4772","stroke":"#F7B731","time_slot":"09:00","time_type":"arrival","transit_type":"bus"},"geometry":{"type":"LineString","coordinates":[[121.52337149999998,25.027007],[121.52628599999998,25.028558999999998]]}},{"type":"Feature","properties":{"arrival_time":"09:00","cutoff":900,"departure_time":"09:00","layer":"network","minutes":15,"route_id":"bus:101712-11815:3228:2794:2795:5252:2796:2798:2799:2563:2562:2800:2801:2802:2803:4519:952:745:747:752:753:754:755:756:757:5409:6009:6010:5855:6011:5696:6124:6125:6126:6127:5668:5669:48:1304:1305:1306:1090:873:872:1312:529:530:531:532:533:534:535:536:2642:537:538:4772","stroke":"#F7B731","time_slot":"09:00","time_type":"arrival","transit_type":"bus"},"geometry":{"type":"LineString","coordinates":[[121.5301925,25.058385],[121.52781,25.05699]]}},{"type":"Feature","properties":{"arrival_time":"09:00","cutoff":900,"departure_time":"09:00","layer":"network","minutes":15,"route_id":"bus:101712-15514:4433:800:773:774:775:776:777:779:780:781:782:783:784:785:786:787:231:232:11:9:233:234:235:236:1439:1440:1441:1442:1443:1444:1445:1446:1452:1458:330:329:328:327:326:909:96:243:94:93:92:91:90:89:150:881:4545","stroke":"#F7B731","time_slot":"09:00","time_type":"arrival","transit_type":"bus"},"geometry":{"type":"LineString","coordinates":[[121.51315342857147,25.04492071428572],[121.51505699999998,25.044176999999998]]}},{"type":"Feature","properties":{"arrival_time":"09:00","cutoff":900,"departure_time":"09:00","layer":"network","minutes":15,"route_id":"bus:101712-16466:3023:1496:1497:1498:1499:1500:1501:1502:1503:1504:3876:1505:1506:1507:1508:1509:732:1510:3864:1511:1512:1514:3865:3866:3870:3871:3872:3873:1515:1516:1517:1518:1519:1520","stroke":"#F7B731","time_slot":"09:00","time_type":"arrival","transit_type":"bus"},"geometry":{"type":"LineString","coordinates":[[121.516224,25.01604300000001],[121.514536,25.013404]]}},{"type":"Feature","properties":{"arrival_time":"09:00","cutoff":900,"departure_time":"09:00","layer":"network","minutes":15,"route_id":"bus:101712-10161:5703:2282:2283:2284:2285:2286:2287:3057:2492:2491:1416:1417:1418:1419:1420:1551:1550:1549:1548:392:391:390:6008:388:387:386:384:383:1469:2356:2357:2358:1280:2359:309:4144:6015","stroke":"#F7B731","time_slot":"09:00","time_type":"arrival","transit_type":"bus"},"geometry":{"type":"LineString","coordinates":[[121.49673015384617,25.035250076923074],[121.498804,25.035205]]}},{"type":"Feature","properties":{"arrival_time":"09:00","cutoff":900,"departure_time":"09:00","layer":"network","minutes":15,"route_id":"bus:101712-10262:1758:838:839:840:841:842:844:846:848:850:852:854:856:858:860:862:865:814:815:816:817:818:819:820:821:822:823:824:825:826:827:828:829:1194:1196:1208:1209:987:740:1681","stroke":"#F7B731","time_slot":"09:00","time_type":"arrival","transit_type":"bus"},"geometry":{"type":"LineString","coordinates":[[121.51353107692307,25.063249692307693],[121.5134396842105,25.06092463157894]]}},{"type":"Feature","properties":{"arrival_time":"09:00","cutoff":900,"departure_time":"09:00","layer":"network","minutes":15,"route_id":"bus:101712-10417:0:2:4:6:8:10:12:14:16:18:20:22:1353:24:26:28:30:1899:1900:1901:1902:1903:2417:166:204:203:5989:5990:1679:1680:5634:5635:5031:5991:89:90:91:92:93:94:95:96:97:98:99:100:101:293:292:290:1021:106:105:3211","stroke":"#F7B731","time_slot":"09:00","time_type":"arrival","transit_type":"bus"},"geometry":{"type":"LineString","coordinates":[[121.52710366666665,25.04393733333334],[121.53125054545453,25.042790727272724]]}},{"type":"Feature","properties":{"arrival_time":"09:00","cutoff":900,"departure_time":"09:00","layer":"network","minutes":15,"route_id":"bus:101712-10722:813:812:1218:1224:295:294:1245:1253:251:252:1273:1274:1275:252:253:250:249:1278:1214:1213:1212:1280:1281:1282:1283:1284:1355:1285:1356","stroke":"#F7B731","time_slot":"09:00","time_type":"arrival","transit_type":"bus"},"geometry":{"type":"LineString","coordinates":[[121.504023,25.038711],[121.50469,25.0422]]}},{"type":"Feature","properties":{"arrival_time":"09:00","cutoff":900,"departure_time":"09:00","layer":"network","minutes":15,"route_id":"bus:101712-11815:3228:2794:2795:5252:2796:2798:2799:2563:2562:2800:2801:2802:2803:4519:952:745:747:752:753:754:755:756:757:5409:6009:6010:5855:6011:5696:6124:6125:6126:6127:5668:5669:48:1304:1305:1306:1090:873:872:1312:529:530:531:532:533:534:535:536:2642:537:538:4772","stroke":"#F7B731","time_slot":"09:00","time_type":"arrival","transit_type":"bus"},"geometry":{"type":"LineString","coordinates":[[121.5301925,25.058385],[121.5302585,25.0605305]]}},{"type":"Feature","properties":{"arrival_time":"09:00","cutoff":900,"departure_time":"09:00","layer":"network","minutes":15,"route_id":"bus:101712-17800:89:245:242:5028:792:242:868:3014:861:855:912:849:4457:310:293:100:97:96:243:91:5711","stroke":"#F7B731","time_slot":"09:00","time_type":"arrival","transit_type":"bus"},"geometry":{"type":"LineString","coordinates":[[121.55910759999999,25.041395799999997],[121.56602507894743,25.041043868421056]]}},{"type":"Feature","properties":{"arrival_time":"09:00","cutoff":900,"departure_time":"09:00","layer":"network","minutes":15,"route_id":"rail:Orange:7188:7189:7190:7191:7192:7193:7194:7195:7196:7197:7198:7199:7200:7201:7202:7203:7204:7205:7206:7207:7208","stroke":"#20BF6B","time_slot":"09:00","time_type":"arrival","transit_type":"rail"},"geometry":{"type":"LineString","coordinates":[[121.5148333,25.0113396],[121.5162814,25.0166026],[121.5163206,25.0167266],[121.5163958,25.016934],[121.5164574,25.017076],[121.516527,25.0172157],[121.5166134,25.0173689],[121.51671,25.0175198],[121.5168147,25.0176639],[121.5169277,25.0178034],[121.5170483,25.0179361],[121.5172116,25.0181004],[121.5174785,25.0183161],[121.5176331,25.0184262],[121.5178011,25.0185317],[121.5179755,25.0186281],[121.5180649,25.0186707],[121.5182485,25.0187536],[121.5184368,25.0188274],[121.5185707,25.0188721],[121.5187639,25.0189256],[121.5189597,25.01897],[121.5191354,25.019001],[121.5193427,25.0190274],[121.5194468,25.019036],[121.5198029,25.0190483],[121.5198775,25.0190481],[121.5200143,25.019045],[121.5200143,25.019045],[121.5200168,25.0190449],[121.5200168,25.0190449],[121.5211973,25.0190347],[121.5214945,25.0190427],[121.5216723,25.0190579],[121.5218787,25.0190888],[121.5221412,25.0191443],[121.5222531,25.0191755],[121.5224128,25.0192291],[121.5226584,25.0193275],[121.5228011,25.0193902],[121.5235166,25.0197263],[121.5237913,25.0198675],[121.52397,25.0199707],[121.524143,25.0200829],[121.5242296,25.0201413],[121.5244474,25.0203121],[121.524647,25.020501],[121.5248424,25.0207147],[121.5249613,25.0208655],[121.5251218,25.0211019],[121.5252462,25.0213227],[121.5253275,25.0215007],[121.5254106,25.0217351],[121.5254623,25.0219562],[121.5254905,25.0221885],[121.5254941,25.0223804],[121.5254789,25.0225791],[121.5254438,25.0227801],[121.5253953,25.0229563],[121.5253148,25.0231687],[121.5252218,25.0233541],[121.5251838,25.0234158],[121.5251838,25.0234158],[121.5251021,25.0235487],[121.5249953,25.0237025],[121.5249781,25.0237274],[121.5248648,25.0238813],[121.5248525,25.0238994],[121.5227504,25.026769]]}},{"type":"Feature","properties":{"arrival_time":"09:00","cutoff":900,"departure_time":"09:00","layer":"network","minutes":15,"route_id":"rail:Red:7214:7215:7216:7217:7218:7219:7220:7221:7222:7223:7224:7225:7226:7227:7228:7229:7230:7231:7232:7233:7234:7236:7237:7238:7239:7240:7241","stroke":"#20BF6B","time_slot":"09:00","time_type":"arrival","transit_type":"rail"},"geometry":{"type":"LineString","coordinates":[[121.5387604,25.0334875],[121.5332666,25.0335997],[121.5326596,25.0336041],[121.5319424,25.0335931],[121.5311991,25.0335755],[121.5309415,25.0335741],[121.5307634,25.0335793],[121.5305198,25.0335937],[121.5303028,25.0336102],[121.5301601,25.0336288],[121.5299466,25.0336544],[121.5298986,25.0336613],[121.5277451,25.0339489]]}},{"type":"Feature","properties":{"arrival_time":"09:00","cutoff":900,"departure_time":"09:00","layer":"network","minutes":15,"route_id":"bus:101712-10414:5320:1645:1646:1647:1648:1649:216:1193:1192:975:976:977:978:1718:1719:1675:1676:4675:2320:984:985:1899:1900:1901:1902:1903:1904:1905:1906:1907:1908:42:205:206:741:740:1681","stroke":"#F7B731","time_slot":"09:00","time_type":"arrival","transit_type":"bus"},"geometry":{"type":"LineString","coordinates":[[121.5180735555555,25.0628667037037],[121.52281983333332,25.06095616666667]]}},{"type":"Feature","properties":{"arrival_time":"09:00","cutoff":900,"departure_time":"09:00","layer":"network","minutes":15,"route_id":"bus:101712-10746:608:609:610:611:612:613:992:614:615:616:5038:617:618:619:621:622:623:624:625:626:627:628:1678:2574:1677:573:574:575:1075:1076:1077:1078:1079:1080:1081:752:753:754:755:756:757:758:4540:4543:2808:2809:5360:146:244:150","stroke":"#F7B731","time_slot":"09:00","time_type":"arrival","transit_type":"bus"},"geometry":{"type":"LineString","coordinates":[[121.513763,25.035465],[121.518806,25.03225]]}},{"type":"Feature","properties":{"arrival_time":"09:00","cutoff":900,"departure_time":"09:00","layer":"network","minutes":15,"route_id":"bus:101712-10932:1468:5037:378:379:380:381:2356:2357:792:836:242:146:147:869:151:152:2221:2220:3483:3484:1953:2093:2097:2102:2216:2104:2105:1308:1307:2110:2111:2112:101:293:292:290:107:5033:5872:314:316:5178:317:318:319:385","stroke":"#F7B731","time_slot":"09:00","time_type":"arrival","transit_type":"bus"},"geometry":{"type":"LineString","coordinates":[[121.523588,25.038453],[121.528045,25.038219]]}},{"type":"Feature","properties":{"arrival_time":"09:00","cutoff":900,"departure_time":"09:00","layer":"network","minutes":15,"route_id":"bus:101712-10942:4694:4898:5084:296:4493:297:298:2466:300:301:304:76:75:305:306:2525:307:322:140:141:142:1026:143:144:309:311:313:315:147:148:149:89:90:91:320:321:323:324:325:326:327:328:329:330:289:115:104:105:106:107:5033:5872:314:316:5178:317:318:319:368:370:371:372:373:374:375:376:377:385:396:405","stroke":"#F7B731","time_slot":"09:00","time_type":"arrival","transit_type":"bus"},"geometry":{"type":"LineString","coordinates":[[121.5373965,25.04617725],[121.54084925,25.0467835]]}},{"type":"Feature","properties":{"arrival_time":"09:00","cutoff":900,"departure_time":"09:00","layer":"network","minutes":15,"route_id":"bus:101712-11241:4716:4708:4847:4846:4845:18:20:22:1353:2364:2363:983:3811:5988:1902:1903:2417:166:204:203:5989:5990:1679:1680:5634:5635:5031:5991:244:245:3077:3032:4914:4915","stroke":"#F7B731","time_slot":"09:00","time_type":"arrival","transit_type":"bus"},"geometry":{"type":"LineString","coordinates":[[121.50826699999999,25.042516999999986],[121.50915250000001,25.039074999999997]]}},{"type":"Feature","properties":{"arrival_time":"09:00","cutoff":900,"departure_time":"09:00","layer":"network","minutes":15,"route_id":"bus:101712-11245:4716:4708:2452:2451:4715:3795:3794:4814:4727:2863:2862:2861:986:34:36:38:40:1756:1206:1205:1204:4815:4816:4818:742:197:907:908:1952:1953:861:859:855:853:912:3078:849:3079:879:878:877:876:4494:874","stroke":"#F7B731","time_slot":"09:00","time_type":"arrival","transit_type":"bus"},"geometry":{"type":"LineString","coordinates":[[121.54365929999999,25.0333953],[121.53861375,25.033507999999998]]}},{"type":"Feature","properties":{"arrival_time":"09:00","cutoff":900,"departure_time":"09:00","layer":"network","minutes":15,"route_id":"bus:101712-11833:913:915:916:917:918:919:54:920:921:922:923:243:924:926:928:930:932:934:935:936:937:939:941:943:945:947:757:756:755:948:753:752:747:745:952:954:956","stroke":"#F7B731","time_slot":"09:00","time_type":"arrival","transit_type":"bus"},"geometry":{"type":"LineString","coordinates":[[121.543919,25.05344],[121.54385866666667,25.049189]]}},{"type":"Feature","properties":{"arrival_time":"09:00","cutoff":900,"departure_time":"09:00","layer":"network","minutes":15,"route_id":"rail:Blue:7121:7122:7123:7124:7125:7126:7127:7128:7129:7130:7131:7132:7133:7134:7135:7136:7137:7138:7139:7140:7141:7142:7143","stroke":"#20BF6B","time_slot":"09:00","time_type":"arrival","transit_type":"rail"},"geometry":{"type":"LineString","coordinates":[[121.4678383,25.022727],[121.4690215,25.0248008],[121.4696281,25.0259296],[121.47083,25.0280701],[121.4710048,25.0283539],[121.4712458,25.0287098],[121.4715232,25.0290791],[121.4718181,25.0294347]]}},{"type":"Feature","properties":{"arrival_time":"09:00","cutoff":900,"departure_time":"09:00","layer":"network","minutes":15,"route_id":"bus:101712-10171:3023:1119:1423:1422:1551:1550:1549:1548:1527:1113:4741:1528:706:1529:707:3086:812:1217:1216:1215:1214:1213:1212:792:4739:4499:837","stroke":"#F7B731","time_slot":"09:00","time_type":"arrival","transit_type":"bus"},"geometry":{"type":"LineString","coordinates":[[121.49751236363637,25.019704545454548],[121.49994152941177,25.023633588235292]]}},{"type":"Feature","properties":{"arrival_time":"09:00","cutoff":900,"departure_time":"09:00","layer":"network","minutes":15,"route_id":"bus:101712-10278:5368:3070:221:222:819:820:821:822:823:901:902:903:904:905:830:831:832:4464:4465:987:6028:6029:6030:6031:6032:4436:4437:6033:909:6034:6035:6036:289:291:2175:308:310:312","stroke":"#F7B731","time_slot":"09:00","time_type":"arrival","transit_type":"bus"},"geometry":{"type":"LineString","coordinates":[[121.531544,25.045643],[121.535621,25.044698]]}},{"type":"Feature","properties":{"arrival_time":"09:00","cutoff":900,"departure_time":"09:00","layer":"network","minutes":15,"route_id":"bus:101712-10328:2768:1795:1796:5086:636:637:638:639:640:641:642:643:644:645:646:647:648:552:553:554:555:556:557:3386:558:559:560:561:562:1066:1067:1069:572:573:574:575:1075:1076:1077:1078:1079:1080:1081:752:753:1612:1611:1972:1954:863:1953:2677:908:907:197:742:1537:2712:2713:915:916:917:918","stroke":"#F7B731","time_slot":"09:00","time_type":"arrival","transit_type":"bus"},"geometry":{"type":"LineString","coordinates":[[121.53277309090909,25.03817250000001],[121.53287600000002,25.04199]]}},{"type":"Feature","properties":{"arrival_time":"09:00","cutoff":900,"departure_time":"09:00","layer":"network","minutes":15,"route_id":"bus:101712-10811:1286:1287:1288:1289:1290:1291:1292:934:932:930:1296:928:1297:1301:1302:922:191:1303:1367:54:53:52:50:1381:1380:1379:5113:1090:873:872:1312:529:530:531:1325:1326:1327:533:534:535:536:1144:1143:1142","stroke":"#F7B731","time_slot":"09:00","time_type":"arrival","transit_type":"bus"},"geometry":{"type":"LineString","coordinates":[[121.54385866666667,25.049189],[121.54399,25.04531]]}},{"type":"Feature","properties":{"arrival_time":"09:00","cutoff":900,"departure_time":"09:00","layer":"network","minutes":15,"route_id":"bus:101712-11165:1753:1754:5869:1755:896:897:898:899:900:1197:826:827:828:829:1194:1196:1208:200:199:198:197:195:193:191:189:187:5882:4593:4591:4590:4589:4588:879:878:877:876:875:874","stroke":"#F7B731","time_slot":"09:00","time_type":"arrival","transit_type":"bus"},"geometry":{"type":"LineString","coordinates":[[121.51391249999996,25.06875249999999],[121.51443850000001,25.072007000000003]]}},{"type":"Feature","properties":{"arrival_time":"09:00","cutoff":900,"departure_time":"09:00","layer":"network","minutes":15,"route_id":"bus:101712-10221:1534:1595:1526:1390:1392:1394:1396:1397:1398:1399:1400:1596:1597:1598:1599:1917:1916:1915:1914:65:66:136:67:4911:5354:70:71:1911:3635:2466:300:301:78:79:80:2163:81:82:83:84:85:86:87:88:164:165:166:1729:167:3002:42:2177:2178:1199:2179:2180:897:896:1755:5359:527:528:4533:432","stroke":"#F7B731","time_slot":"09:00","time_type":"arrival","transit_type":"bus"},"geometry":{"type":"LineString","coordinates":[[121.519041,25.072586],[121.519975,25.074249]]}},{"type":"Feature","properties":{"arrival_time":"09:00","cutoff":900,"departure_time":"09:00","layer":"network","minutes":15,"route_id":"bus:101712-10261:819:820:821:822:823:824:825:900:899:962:3663:3664:3665:3666:1201:1202:1204:1205:1206:1207:3688:3689:3705","stroke":"#F7B731","time_slot":"09:00","time_type":"arrival","transit_type":"bus"},"geometry":{"type":"LineString","coordinates":[[121.51899200000001,25.057514333333334],[121.514916,25.057165]]}},{"type":"Feature","properties":{"arrival_time":"09:00","cutoff":900,"departure_time":"09:00","layer":"network","minutes":15,"route_id":"bus:101712-10823:525:1340:1339:4504:1343:523:522:521:520:517:1344:514:507:486:468:463:462:461:460:459:458:457:1345:455:454:453:452:451:450:444:871:872:873:995:1009:961:1088:1086:205:206:741:740:89:244:245:242:246:247:3091:1214:1215:1216:1217:812:813","stroke":"#F7B731","time_slot":"09:00","time_type":"arrival","transit_type":"bus"},"geometry":{"type":"LineString","coordinates":[[121.52532700000003,25.085353],[121.52471199999998,25.081759999999996]]}},{"type":"Feature","properties":{"arrival_time":"09:00","cutoff":900,"departure_time":"09:00","layer":"network","minutes":15,"route_id":"bus:101712-10893:974:1651:975:976:977:978:979:980:981:982:983:3811:984:985:32:986:34:36:38:40:829:830:831:832:833:834:987","stroke":"#F7B731","time_slot":"09:00","time_type":"arrival","transit_type":"bus"},"geometry":{"type":"LineString","coordinates":[[121.510399,25.051335],[121.51722746666665,25.048518533333333]]}},{"type":"Feature","properties":{"arrival_time":"09:00","cutoff":900,"departure_time":"09:00","layer":"network","minutes":15,"route_id":"bus:101712-17800:89:245:242:5028:792:242:868:3014:861:855:912:849:4457:310:293:100:97:96:243:91:5711","stroke":"#F7B731","time_slot":"09:00","time_type":"arrival","transit_type":"bus"},"geometry":{"type":"LineString","coordinates":[[121.52710366666665,25.04393733333334],[121.542735,25.041824899999995]]}},{"type":"Feature","properties":{"arrival_time":"09:00","cutoff":900,"departure_time":"09:00","layer":"network","minutes":15,"route_id":"bus:101712-10262:1758:838:839:840:841:842:844:846:848:850:852:854:856:858:860:862:865:814:815:816:817:818:819:820:821:822:823:824:825:826:827:828:829:1194:1196:1208:1209:987:740:1681","stroke":"#F7B731","time_slot":"09:00","time_type":"arrival","transit_type":"bus"},"geometry":{"type":"LineString","coordinates":[[121.51364400000004,25.066149999999997],[121.51353107692307,25.063249692307693]]}},{"type":"Feature","properties":{"arrival_time":"09:00","cutoff":900,"departure_time":"09:00","layer":"network","minutes":15,"route_id":"bus:101712-10847:5881:1294:4813:254:1613:1614:1276:1443:1444:1445:2066:2067:2068:2069:303:61:60:58:57:56:55:1367:54:53:52:50:48:46:44:42:1756:1757:1209","stroke":"#F7B731","time_slot":"09:00","time_type":"arrival","transit_type":"bus"},"geometry":{"type":"LineString","coordinates":[[121.518152,25.062226000000003],[121.51799000000003,25.056726]]}},{"type":"Feature","properties":{"arrival_time":"09:00","cutoff":900,"departure_time":"09:00","layer":"network","minutes":15,"route_id":"bus:101712-11203:865:814:815:816:817:818:1754:5869:1755:896:897:898:1198:1199:1200:44:46:48:906:742","stroke":"#F7B731","time_slot":"09:00","time_type":"arrival","transit_type":"bus"},"geometry":{"type":"LineString","coordinates":[[121.52247624999998,25.062749000000014],[121.5181,25.064874]]}},{"type":"Feature","properties":{"arrival_time":"09:00","cutoff":900,"departure_time":"09:00","layer":"network","minutes":15,"route_id":"bus:101712-15711:6136:4726:5885:5233:6137:1379:1380:1381:5669:5668:6138:1823:6139:5063:5057:3104:6028:987","stroke":"#F7B731","time_slot":"09:00","time_type":"arrival","transit_type":"bus"},"geometry":{"type":"LineString","coordinates":[[121.5303195,25.06335175],[121.5302585,25.0605305]]}},{"type":"Feature","properties":{"arrival_time":"09:00","cutoff":900,"departure_time":"09:00","layer":"network","minutes":15,"route_id":"rail:Blue:7121:7122:7123:7124:7125:7126:7127:7128:7129:7130:7131:7132:7133:7134:7135:7136:7137:7138:7139:7140:7141:7142:7143","stroke":"#20BF6B","time_slot":"09:00","time_type":"arrival","transit_type":"rail"},"geometry":{"type":"LineString","coordinates":[[121.5479313,25.0415478],[121.5536365,25.0414251],[121.5544042,25.0414177],[121.5611727,25.0412705]]}},{"type":"Feature","properties":{"arrival_time":"09:00","cutoff":900,"departure_time":"09:00","layer":"network","minutes":15,"route_id":"bus:101712-10722:813:812:1218:1224:295:294:1245:1253:251:252:1273:1274:1275:252:253:250:249:1278:1214:1213:1212:1280:1281:1282:1283:1284:1355:1285:1356","stroke":"#F7B731","time_slot":"09:00","time_type":"arrival","transit_type":"bus"},"geometry":{"type":"LineString","coordinates":[[121.50109300000001,25.034419],[121.501585,25.036891]]}},{"type":"Feature","properties":{"arrival_time":"09:00","cutoff":900,"departure_time":"09:00","layer":"network","minutes":15,"route_id":"bus:101712-11245:4716:4708:2452:2451:4715:3795:3794:4814:4727:2863:2862:2861:986:34:36:38:40:1756:1206:1205:1204:4815:4816:4818:742:197:907:908:1952:1953:861:859:855:853:912:3078:849:3079:879:878:877:876:4494:874","stroke":"#F7B731","time_slot":"09:00","time_type":"arrival","transit_type":"bus"},"geometry":{"type":"LineString","coordinates":[[121.502278,25.064639],[121.518152,25.062226000000003]]}},{"type":"Feature","properties":{"arrival_time":"09:00","cutoff":900,"departure_time":"09:00","layer":"network","minutes":15,"route_id":"bus:101712-11812:3228:2794:3251:3250:2832:2830:2829:2828:2827:4440:3076:1286:1287:1288:1289:1290:1291:1292:935:936:937:939:941:943:945:5409:4540:4543:4520:5131:880:89:881:882","stroke":"#F7B731","time_slot":"09:00","time_type":"arrival","transit_type":"bus"},"geometry":{"type":"LineString","coordinates":[[121.51649173809524,25.046506309523814],[121.518555,25.041403]]}},{"type":"Feature","properties":{"arrival_time":"09:00","cutoff":900,"departure_time":"09:00","layer":"network","minutes":15,"route_id":"bus:101712-15314:1568:1567:1566:1564:535:534:533:532:531:530:1593:529:871:872:873:995:1009:1306:1594:1304:48:906:742:197:907:908:321:323:324:325:326:327:328:329:330:1458:1446:1445:1444:1443:1442:1441:1440:1439:236:235:234:233:9:11:13:15:17:129:128:127:126:125:124:123:122:914","stroke":"#F7B731","time_slot":"09:00","time_type":"arrival","transit_type":"bus"},"geometry":{"type":"LineString","coordinates":[[121.52776742857142,25.063632285714288],[121.52763,25.065040999999997]]}},{"type":"Feature","properties":{"arrival_time":"09:00","cutoff":900,"departure_time":"09:00","layer":"network","minutes":15,"route_id":"bus:101712-10181:1738:2182:1739:1740:2183:2184:2185:2186:273:274:225:227:229:231:232:11:9:233:234:235:236:1439:1440:1441:1442:1443:1444:1445:1446:1452:1458:330:329:328:327:326:325:1495:1513:1521:4450:320:91:90:89:244:245:242:246:247:248:249:250:253:251:1253:1245:294:295:1224:1218","stroke":"#F7B731","time_slot":"09:00","time_type":"arrival","transit_type":"bus"},"geometry":{"type":"LineString","coordinates":[[121.51649173809524,25.046506309523814],[121.50920646938768,25.045437142857146]]}},{"type":"Feature","properties":{"arrival_time":"09:00","cutoff":900,"departure_time":"09:00","layer":"network","minutes":15,"route_id":"bus:101712-10726:4483:4484:4485:4486:4497:4498:4499:1282:313:315:147:148:149:4500:1681:1682:3175:4488:3031:4492:947:945:943:941:939:937:935:1292:1291:1290:1289:1288:1287:3080","stroke":"#F7B731","time_slot":"09:00","time_type":"arrival","transit_type":"bus"},"geometry":{"type":"LineString","coordinates":[[121.49791,25.038421],[121.50099399999999,25.0384]]}},{"type":"Feature","properties":{"arrival_time":"09:00","cutoff":900,"departure_time":"09:00","layer":"network","minutes":15,"route_id":"bus:101712-10726:4483:4484:4485:4486:4497:4498:4499:1282:313:315:147:148:149:4500:1681:1682:3175:4488:3031:4492:947:945:943:941:939:937:935:1292:1291:1290:1289:1288:1287:3080","stroke":"#F7B731","time_slot":"09:00","time_type":"arrival","transit_type":"bus"},"geometry":{"type":"LineString","coordinates":[[121.517306,25.033718],[121.51570000000001,25.029828000000002]]}},{"type":"Feature","properties":{"arrival_time":"09:00","cutoff":900,"departure_time":"09:00","layer":"network","minutes":15,"route_id":"bus:101712-10732:2541:2545:2546:2549:2555:2556:5078:2557:4645:2562:2563:3046:2165:2565:2567:2569:2571:2573:4558:623:624:625:626:627:628:1678:2574:1677:572:571:570:569:568:567:1167:1168:1169:1170:2299:2300:2301:2302:2303:2769:1555:1433:2770:1535:2306:2641:1532:2771:2772:2773:2774:2775:2776:1431:1131:1130:1129:663","stroke":"#F7B731","time_slot":"09:00","time_type":"arrival","transit_type":"bus"},"geometry":{"type":"LineString","coordinates":[[121.51760185714285,25.014343],[121.5147165,25.01507]]}},{"type":"Feature","properties":{"arrival_time":"09:00","cutoff":900,"departure_time":"09:00","layer":"network","minutes":15,"route_id":"bus:101712-10782:2985:6042:1169:2321:1673:1672:2805:4562:2804:956:954:4519:2803:2802:2801:3332:3333:3334:1768:3335:1389:1391:1393:1395:753:754:3018:3337:3338:3339:3340:3341:3342:3343:1273:253:250:249:248:247:246:2322:1281:4499:6043:795:796:797:3352:3353:1215:1216:1217:812:813","stroke":"#F7B731","time_slot":"09:00","time_type":"arrival","transit_type":"bus"},"geometry":{"type":"LineString","coordinates":[[121.50247959999999,25.0382648],[121.50099399999999,25.0384]]}},{"type":"Feature","properties":{"arrival_time":"09:00","cutoff":900,"departure_time":"09:00","layer":"network","minutes":15,"route_id":"bus:101712-11165:1753:1754:5869:1755:896:897:898:899:900:1197:826:827:828:829:1194:1196:1208:200:199:198:197:195:193:191:189:187:5882:4593:4591:4590:4589:4588:879:878:877:876:875:874","stroke":"#F7B731","time_slot":"09:00","time_type":"arrival","transit_type":"bus"},"geometry":{"type":"LineString","coordinates":[[121.51551233333332,25.07199966666667],[121.51443850000001,25.072007000000003]]}},{"type":"Feature","properties":{"arrival_time":"09:00","cutoff":900,"departure_time":"09:00","layer":"network","minutes":15,"route_id":"rail:Green:7168:7169:7170:7172:7173:7174:7175:7176:7177:7178:7179:7180:7181:7182:7183:7184:7185:7186:7187","stroke":"#20BF6B","time_slot":"09:00","time_type":"arrival","transit_type":"rail"},"geometry":{"type":"LineString","coordinates":[[121.5103895,25.0498963],[121.5105099,25.0504358],[121.5105524,25.0506118],[121.5105952,25.0507628],[121.5106306,25.0508643],[121.5106534,25.0509139],[121.5108291,25.051236],[121.5108668,25.0512878],[121.511145,25.0515915],[121.5113177,25.0517264],[121.5115976,25.0519128],[121.5138149,25.0533474],[121.5139944,25.0534596],[121.5141385,25.0535426],[121.5142629,25.0536054],[121.5147914,25.0537683],[121.515366,25.0537889],[121.5154666,25.0537795],[121.5156186,25.0537542],[121.5158281,25.0537106],[121.5203595,25.052648],[121.5203595,25.052648]]}},{"type":"Feature","properties":{"arrival_time":"09:00","cutoff":900,"departure_time":"09:00","layer":"network","minutes":15,"route_id":"bus:101712-10221:1534:1595:1526:1390:1392:1394:1396:1397:1398:1399:1400:1596:1597:1598:1599:1917:1916:1915:1914:65:66:136:67:4911:5354:70:71:1911:3635:2466:300:301:78:79:80:2163:81:82:83:84:85:86:87:88:164:165:166:1729:167:3002:42:2177:2178:1199:2179:2180:897:896:1755:5359:527:528:4533:432","stroke":"#F7B731","time_slot":"09:00","time_type":"arrival","transit_type":"bus"},"geometry":{"type":"LineString","coordinates":[[121.50043794444443,25.06306266666667],[121.49832300000001,25.062276999999998]]}},{"type":"Feature","properties":{"arrival_time":"09:00","cutoff":900,"departure_time":"09:00","layer":"network","minutes":15,"route_id":"bus:101712-10481:5257:2881:2882:2883:2884:4647:1538:1539:2475:4693:2478:2479:2480:3027:3028:1542:1543:1233:2483:1522:1237:443:1524:1473:5370:3306:3322:390:6008:388:1560:6014:5555:797:796:795:792:836:242:146:244:4500:90:4784:5347","stroke":"#F7B731","time_slot":"09:00","time_type":"arrival","transit_type":"bus"},"geometry":{"type":"LineString","coordinates":[[121.5227136,25.0429668],[121.519461,25.043292]]}},{"type":"Feature","properties":{"arrival_time":"09:00","cutoff":900,"departure_time":"09:00","layer":"network","minutes":15,"route_id":"bus:101712-10942:4694:4898:5084:296:4493:297:298:2466:300:301:304:76:75:305:306:2525:307:322:140:141:142:1026:143:144:309:311:313:315:147:148:149:89:90:91:320:321:323:324:325:326:327:328:329:330:289:115:104:105:106:107:5033:5872:314:316:5178:317:318:319:368:370:371:372:373:374:375:376:377:385:396:405","stroke":"#F7B731","time_slot":"09:00","time_type":"arrival","transit_type":"bus"},"geometry":{"type":"LineString","coordinates":[[121.53170066666667,25.044121666666666],[121.5373965,25.04617725]]}},{"type":"Feature","properties":{"arrival_time":"09:00","cutoff":900,"departure_time":"09:00","layer":"network","minutes":15,"route_id":"bus:101712-11833:913:915:916:917:918:919:54:920:921:922:923:243:924:926:928:930:932:934:935:936:937:939:941:943:945:947:757:756:755:948:753:752:747:745:952:954:956","stroke":"#F7B731","time_slot":"09:00","time_type":"arrival","transit_type":"bus"},"geometry":{"type":"LineString","coordinates":[[121.542735,25.041824899999995],[121.543583,25.039866]]}},{"type":"Feature","properties":{"arrival_time":"09:00","cutoff":900,"departure_time":"09:00","layer":"network","minutes":15,"route_id":"bus:101712-10452:5127:3184:3185:3186:3187:3188:3189:3190:3191:3191:3190:3189:3188:3187:3186:3185:3184:3183:1639:1640:1641:1642:1643:2576:3072:3661:3660:5121:3659:3658:3657:976:977:978:1718:1719:1675:1676:164:165:166:1729:167:3002:829:1194:1196:1203:1211:987","stroke":"#F7B731","time_slot":"09:00","time_type":"arrival","transit_type":"bus"},"geometry":{"type":"LineString","coordinates":[[121.51406060000004,25.052983200000007],[121.51346815384613,25.050395692307692]]}},{"type":"Feature","properties":{"arrival_time":"09:00","cutoff":900,"departure_time":"09:00","layer":"network","minutes":15,"route_id":"bus:101712-10492:3183:1639:1640:1641:1642:1643:687:686:685:684:683:682:681:680:679:2222:1839:1838:1837:1836:1835:1834:1833:1832:1831:1830:1829:1828:1827:2223:192:194:196:136:67:68:137:138:212:139:322:140:141:142:1026:143:202:203:204:166:1729:167:3002:42:44:1201:1202:4815:4816:4818:743:744:746:920:921","stroke":"#F7B731","time_slot":"09:00","time_type":"arrival","transit_type":"bus"},"geometry":{"type":"LineString","coordinates":[[121.52247624999998,25.062749000000014],[121.52554516666665,25.061123166666665]]}},{"type":"Feature","properties":{"arrival_time":"09:00","cutoff":900,"departure_time":"09:00","layer":"network","minutes":15,"route_id":"bus:101712-10882:814:815:816:817:818:819:820:821:822:823:824:825:826:827:828:829:830:831:832:833:834:835:244:146:242:836:778:837","stroke":"#F7B731","time_slot":"09:00","time_type":"arrival","transit_type":"bus"},"geometry":{"type":"LineString","coordinates":[[121.510399,25.051335],[121.51024006666667,25.049134066666664]]}},{"type":"Feature","properties":{"arrival_time":"09:00","cutoff":900,"departure_time":"09:00","layer":"network","minutes":15,"route_id":"bus:101712-10735:2541:2545:626:625:624:623:4558:2573:2571:2569:2567:2565:2165:3046:2563:2562:2800:2801:2802:2803:4519:952:745:747:752:753:1612:1611:1972:4578:4579:4580:4581:4582:4583:2735:4584:5276:90:89","stroke":"#F7B731","time_slot":"09:00","time_type":"arrival","transit_type":"bus"},"geometry":{"type":"LineString","coordinates":[[121.52567,25.039509999999996],[121.526368,25.04197]]}},{"type":"Feature","properties":{"arrival_time":"09:00","cutoff":900,"departure_time":"09:00","layer":"network","minutes":15,"route_id":"bus:101712-15372:1936:1937:1938:1939:1327:1940:1941:1942:2225:1593:4459:4460:4461:4462:4463:451:450:444:433:528:527:223:819:820:821:822:823:901:902:903:904:905:830:831:832:4464:4465:244:245","stroke":"#F7B731","time_slot":"09:00","time_type":"arrival","transit_type":"bus"},"geometry":{"type":"LineString","coordinates":[[121.50920646938768,25.045437142857146],[121.511882,25.05079]]}},{"type":"Feature","properties":{"arrival_time":"09:00","cutoff":900,"departure_time":"09:00","layer":"network","minutes":15,"route_id":"bus:101712-10181:1738:2182:1739:1740:2183:2184:2185:2186:273:274:225:227:229:231:232:11:9:233:234:235:236:1439:1440:1441:1442:1443:1444:1445:1446:1452:1458:330:329:328:327:326:325:1495:1513:1521:4450:320:91:90:89:244:245:242:246:247:248:249:250:253:251:1253:1245:294:295:1224:1218","stroke":"#F7B731","time_slot":"09:00","time_type":"arrival","transit_type":"bus"},"geometry":{"type":"LineString","coordinates":[[121.52710366666665,25.04393733333334],[121.53170066666667,25.044121666666666]]}},{"type":"Feature","properties":{"arrival_time":"09:00","cutoff":900,"departure_time":"09:00","layer":"network","minutes":15,"route_id":"bus:101712-10325:2768:1795:1796:5086:636:637:638:639:640:641:642:643:4613:5640:5016:4613:644:645:646:647:648:552:553:554:555:556:557:3386:558:559:560:561:562:1066:1067:3003:3004:1602:1603:1604:1605:1166:1165:1606:1607:2321:1169:1170:2985:1388:1387:1313:1314:1315:1316:1317:1318:1319:1437:1029:1030:1438:2456","stroke":"#F7B731","time_slot":"09:00","time_type":"arrival","transit_type":"bus"},"geometry":{"type":"LineString","coordinates":[[121.54916299999996,25.039335999999995],[121.54917399999997,25.043012999999988]]}},{"type":"Feature","properties":{"arrival_time":"09:00","cutoff":900,"departure_time":"09:00","layer":"network","minutes":15,"route_id":"bus:101712-10792:745:747:752:753:1612:1611:1972:939:937:935:1292:1291:1313:1314:1315:1316:1317:1318:1319:325:1495:1513:1521:1523:4523:4524:4525:199:200:1208:4526:834","stroke":"#F7B731","time_slot":"09:00","time_type":"arrival","transit_type":"bus"},"geometry":{"type":"LineString","coordinates":[[121.51603792307694,25.053632538461535],[121.51347700000001,25.053167]]}},{"type":"Feature","properties":{"arrival_time":"09:00","cutoff":900,"departure_time":"09:00","layer":"network","minutes":15,"route_id":"bus:101712-10961:299:63:302:303:61:60:58:57:1438:2456:1382:1383:1029:1384:909:96:243:94:93:92:91:90:89:244:245:5360:6056:6022:1683:733:1686:1689:6075:1519:1553:1536:2089:1711:1713:5471:5407:715:716:2289:2544:2640:707:1529:706:4741:1528:1114:1115:1116:1117:1422:1420:6076:1418:1417:1416:2491:2492:2493:2495:6073:3915:3914:3644:3642:3059:3058:3057:2287:2286:2285:2284","stroke":"#F7B731","time_slot":"09:00","time_type":"arrival","transit_type":"bus"},"geometry":{"type":"LineString","coordinates":[[121.51679781818183,25.024404727272728],[121.51556375,25.014376000000002]]}},{"type":"Feature","properties":{"arrival_time":"09:00","cutoff":900,"departure_time":"09:00","layer":"network","minutes":15,"route_id":"bus:101712-10149:712:543:4503:544:545:546:547:645:646:647:648:552:553:554:555:556:649:650:651:1122:652:653:714:654:655:656:657:658:659:1717:1713:1711:2089:1536:1553:1519:1520:731:732:733:734:760:4501:4502:764:765:778:837:2359:309:4144","stroke":"#F7B731","time_slot":"09:00","time_type":"arrival","transit_type":"bus"},"geometry":{"type":"LineString","coordinates":[[121.50218875,25.035251625],[121.5013872857143,25.036310142857143]]}},{"type":"Feature","properties":{"arrival_time":"09:00","cutoff":900,"departure_time":"09:00","layer":"network","minutes":15,"route_id":"bus:101712-10172:3023:1119:5596:1424:1425:1426:5198:6140:6021:3855:1505:2775:2774:2773:2772:2771:732:733:1683:6022:2809:5360:146:244","stroke":"#F7B731","time_slot":"09:00","time_type":"arrival","transit_type":"bus"},"geometry":{"type":"LineString","coordinates":[[121.50818136585366,25.041361731707322],[121.50920646938768,25.045437142857146]]}},{"type":"Feature","properties":{"arrival_time":"09:00","cutoff":900,"departure_time":"09:00","layer":"network","minutes":15,"route_id":"bus:101712-10261:819:820:821:822:823:824:825:900:899:962:3663:3664:3665:3666:1201:1202:1204:1205:1206:1207:3688:3689:3705","stroke":"#F7B731","time_slot":"09:00","time_type":"arrival","transit_type":"bus"},"geometry":{"type":"LineString","coordinates":[[121.51790866666664,25.071925],[121.52017566666666,25.06965266666667]]}},{"type":"Feature","properties":{"arrival_time":"09:00","cutoff":900,"departure_time":"09:00","layer":"network","minutes":15,"route_id":"bus:101712-10278:5368:3070:221:222:819:820:821:822:823:901:902:903:904:905:830:831:832:4464:4465:987:6028:6029:6030:6031:6032:4436:4437:6033:909:6034:6035:6036:289:291:2175:308:310:312","stroke":"#F7B731","time_slot":"09:00","time_type":"arrival","transit_type":"bus"},"geometry":{"type":"LineString","coordinates":[[121.51722746666665,25.048518533333333],[121.511882,25.05079]]}},{"type":"Feature","properties":{"arrival_time":"09:00","cutoff":900,"departure_time":"09:00","layer":"network","minutes":15,"route_id":"rail:Orange:7188:7189:7190:7191:7192:7193:7194:7195:7196:7197:7198:7199:7200:7201:7202:7203:7204:7205:7206:7207:7208","stroke":"#20BF6B","time_slot":"09:00","time_type":"arrival","transit_type":"rail"},"geometry":{"type":"LineString","coordinates":[[121.5122754,25.0040671],[121.5125641,25.0043957],[121.5126481,25.0044992],[121.5127776,25.0046658],[121.5128803,25.0048166],[121.5129592,25.0049473],[121.5130763,25.0051771],[121.5131423,25.0053371],[121.5131883,25.0054679],[121.5132631,25.0057182],[121.5135936,25.0069584],[121.5143241,25.0095876],[121.5145133,25.0102573],[121.5148333,25.0113396]]}},{"type":"Feature","properties":{"arrival_time":"09:00","cutoff":900,"departure_time":"09:00","layer":"network","minutes":15,"route_id":"bus:101712-10171:3023:1119:1423:1422:1551:1550:1549:1548:1527:1113:4741:1528:706:1529:707:3086:812:1217:1216:1215:1214:1213:1212:792:4739:4499:837","stroke":"#F7B731","time_slot":"09:00","time_type":"arrival","transit_type":"bus"},"geometry":{"type":"LineString","coordinates":[[121.50055400000001,25.030774499999996],[121.5004806,25.028858599999996]]}},{"type":"Feature","properties":{"arrival_time":"09:00","cutoff":900,"departure_time":"09:00","layer":"network","minutes":15,"route_id":"bus:101712-10721:745:747:752:753:754:755:756:757:758:1083:759:760:761:762:763:764:765:778:792:795:796:797:798:799:808:812:813","stroke":"#F7B731","time_slot":"09:00","time_type":"arrival","transit_type":"bus"},"geometry":{"type":"LineString","coordinates":[[121.49612766666668,25.02959633333333],[121.495902,25.026771]]}},{"type":"Feature","properties":{"arrival_time":"09:00","cutoff":900,"departure_time":"09:00","layer":"network","minutes":15,"route_id":"bus:101712-10847:5881:1294:4813:254:1613:1614:1276:1443:1444:1445:2066:2067:2068:2069:303:61:60:58:57:56:55:1367:54:53:52:50:48:46:44:42:1756:1757:1209","stroke":"#F7B731","time_slot":"09:00","time_type":"arrival","transit_type":"bus"},"geometry":{"type":"LineString","coordinates":[[121.51677300000003,25.050735],[121.51799000000003,25.056726]]}},{"type":"Feature","properties":{"arrival_time":"09:00","cutoff":900,"departure_time":"09:00","layer":"network","minutes":15,"route_id":"bus:101712-10851:5890:5873:5874:1765:1764:1763:128:129:19:21:23:925:927:929:931:933:3082:175:176:177:938:940:942:944:946:5619:270:268:266:265:264:263:949:950:951:953:955:957:958:959:960:961:1088:1086:205:206:741:740:89:881:882","stroke":"#F7B731","time_slot":"09:00","time_type":"arrival","transit_type":"bus"},"geometry":{"type":"LineString","coordinates":[[121.51315342857147,25.04492071428572],[121.512544,25.042369000000004]]}},{"type":"Feature","properties":{"arrival_time":"09:00","cutoff":900,"departure_time":"09:00","layer":"network","minutes":15,"route_id":"bus:101712-10861:5790:5873:5874:1765:1764:1763:128:129:19:21:23:925:927:929:931:933:3082:175:176:177:178:179:180:35:37:39:41:43:45:47:1382:1383:1029:1384:909:910:911:2105:2216:2217:2093:1953:2218:2219:2220:2221:4914:4915:737:5891:4803:4653:1253:1245:294:295:1224:1218:812:813","stroke":"#F7B731","time_slot":"09:00","time_type":"arrival","transit_type":"bus"},"geometry":{"type":"LineString","coordinates":[[121.54875400000002,25.041866],[121.54869699999998,25.039042999999996]]}},{"type":"Feature","properties":{"arrival_time":"09:00","cutoff":900,"departure_time":"09:00","layer":"network","minutes":15,"route_id":"bus:101712-11833:913:915:916:917:918:919:54:920:921:922:923:243:924:926:928:930:932:934:935:936:937:939:941:943:945:947:757:756:755:948:753:752:747:745:952:954:956","stroke":"#F7B731","time_slot":"09:00","time_type":"arrival","transit_type":"bus"},"geometry":{"type":"LineString","coordinates":[[121.54424011111112,25.061133222222225],[121.543991,25.056972]]}},{"type":"Feature","properties":{"arrival_time":"09:00","cutoff":900,"departure_time":"09:00","layer":"network","minutes":15,"route_id":"bus:101712-15391:1895:1875:1865:1862:3088:133:134:135:237:238:239:240:241:104:1024:289:287:285:185:187:189:191:193:195:742:1537:50:48:46:1086:1088:1089:1090:873:872:1312:529:530:531:532:533:534:535:1564:1566:1567:5469","stroke":"#F7B731","time_slot":"09:00","time_type":"arrival","transit_type":"bus"},"geometry":{"type":"LineString","coordinates":[[121.53681736363637,25.052021363636367],[121.53308140000001,25.054748049999993]]}},{"type":"Feature","properties":{"arrival_time":"09:00","cutoff":900,"departure_time":"09:00","layer":"network","minutes":15,"route_id":"bus:101712-16123:3021:403:402:401:1480:1479:4907:1477:1293:397:3439:3452:3458:3464:2483:1522:1237:443:4679:4680:5022:5023:5024:5025:5026:5027:5028:5029:246:146:244","stroke":"#F7B731","time_slot":"09:00","time_type":"arrival","transit_type":"bus"},"geometry":{"type":"LineString","coordinates":[[121.50038566666666,25.032967000000003],[121.50284466666666,25.033374666666663]]}},{"type":"Feature","properties":{"arrival_time":"09:00","cutoff":900,"departure_time":"09:00","layer":"network","minutes":15,"route_id":"bus:101712-10162:5703:2282:2283:2284:2285:2286:2287:3057:3058:3059:3025:3026:2474:2475:404:2476:2477:2478:2479:2480:3027:3028:1542:1543:1233:2483:1522:1237:443:1173:1172:1171:1471:2354:2355:1469:2356:2357:792:836:242:146:147:148:881:151:152","stroke":"#F7B731","time_slot":"09:00","time_type":"arrival","transit_type":"bus"},"geometry":{"type":"LineString","coordinates":[[121.50018380952382,25.035168],[121.50416214285714,25.035760714285715]]}},{"type":"Feature","properties":{"arrival_time":"09:00","cutoff":900,"departure_time":"09:00","layer":"network","minutes":15,"route_id":"bus:101712-10232:789:790:791:5:3:1:133:5649:5650:5651:5652:181:5221:183:185:187:189:191:193:195:197:198:199:200:1208:6023:833:834","stroke":"#F7B731","time_slot":"09:00","time_type":"arrival","transit_type":"bus"},"geometry":{"type":"LineString","coordinates":[[121.52542499999998,25.052124000000003],[121.51977050000002,25.052788999999994]]}},{"type":"Feature","properties":{"arrival_time":"09:00","cutoff":900,"departure_time":"09:00","layer":"network","minutes":15,"route_id":"bus:101712-10726:4483:4484:4485:4486:4497:4498:4499:1282:313:315:147:148:149:4500:1681:1682:3175:4488:3031:4492:947:945:943:941:939:937:935:1292:1291:1290:1289:1288:1287:3080","stroke":"#F7B731","time_slot":"09:00","time_type":"arrival","transit_type":"bus"},"geometry":{"type":"LineString","coordinates":[[121.51846500000002,25.042526],[121.51673,25.03643]]}},{"type":"Feature","properties":{"arrival_time":"09:00","cutoff":900,"departure_time":"09:00","layer":"network","minutes":15,"route_id":"bus:101712-10735:2541:2545:626:625:624:623:4558:2573:2571:2569:2567:2565:2165:3046:2563:2562:2800:2801:2802:2803:4519:952:745:747:752:753:1612:1611:1972:4578:4579:4580:4581:4582:4583:2735:4584:5276:90:89","stroke":"#F7B731","time_slot":"09:00","time_type":"arrival","transit_type":"bus"},"geometry":{"type":"LineString","coordinates":[[121.52270090476189,25.04497161904763],[121.526368,25.04197]]}},{"type":"Feature","properties":{"arrival_time":"09:00","cutoff":900,"departure_time":"09:00","layer":"network","minutes":15,"route_id":"bus:101712-10745:608:609:610:2212:1373:2156:1769:2315:1277:2210:2211:1769:616:2814:2813:3043:621:622:4558:2573:2571:2569:2567:2565:2165:3046:2563:2562:2800:3332:3333:3334:1768:3335:4534:5408:935:936:937:939:941:943:945:5409:1083:1084:4582:4583:5855","stroke":"#F7B731","time_slot":"09:00","time_type":"arrival","transit_type":"bus"},"geometry":{"type":"LineString","coordinates":[[121.52418600000001,25.034934],[121.52713499999999,25.033195999999997]]}},{"type":"Feature","properties":{"arrival_time":"09:00","cutoff":900,"departure_time":"09:00","layer":"network","minutes":15,"route_id":"bus:101712-10961:2284:2285:2286:2287:3057:3058:3059:3642:3644:3914:3915:6073:2495:2493:2492:2491:1416:1417:1418:1419:1420:1422:5120:1115:1114:1528:4741:706:1529:707:2640:2544:2289:716:715:1717:1713:1711:2089:1536:1553:1519:1520:731:732:733:1683:6022:6074:148:149:89:90:91:92:93:94:95:96:1318:1319:1437:1029:1030:57:58:60:61:303:6077:6078:6079","stroke":"#F7B731","time_slot":"09:00","time_type":"arrival","transit_type":"bus"},"geometry":{"type":"LineString","coordinates":[[121.51400557142858,25.032532857142858],[121.512761,25.037508]]}},{"type":"Feature","properties":{"arrival_time":"09:00","cutoff":900,"departure_time":"09:00","layer":"network","minutes":15,"route_id":"bus:101712-11244:4716:4708:2452:2451:4715:3795:3794:4814:4727:2863:2862:2861:1899:1900:1901:1902:1903:2417:166:204:203:202:3016:144:4734:2359:837:1212:1213:1214:1215:1216:1217:812:813","stroke":"#F7B731","time_slot":"09:00","time_type":"arrival","transit_type":"bus"},"geometry":{"type":"LineString","coordinates":[[121.5013872857143,25.036310142857143],[121.50109300000001,25.034419]]}},{"type":"Feature","properties":{"arrival_time":"09:00","cutoff":900,"departure_time":"09:00","layer":"network","minutes":15,"route_id":"bus:101712-16576:4555:2236:1223:1225:1226:1920:2242:2243:2244:1590:1591:1592:1825:1572:1394:1396:1397:1398:1399:1400:1596:1597:1598:1599:1600:1601:192:194:196:136:67:68:137:138:212:139:322:140:141:142:1026:143:144:145:1283:1284:244:2245","stroke":"#F7B731","time_slot":"09:00","time_type":"arrival","transit_type":"bus"},"geometry":{"type":"LineString","coordinates":[[121.50920646938768,25.045437142857146],[121.506654,25.04269]]}},{"type":"Feature","properties":{"arrival_time":"09:00","cutoff":900,"departure_time":"09:00","layer":"network","minutes":15,"route_id":"bus:101712-10171:3023:1119:1423:1422:1551:1550:1549:1548:1527:1113:4741:1528:706:1529:707:3086:812:1217:1216:1215:1214:1213:1212:792:4739:4499:837","stroke":"#F7B731","time_slot":"09:00","time_type":"arrival","transit_type":"bus"},"geometry":{"type":"LineString","coordinates":[[121.50099399999999,25.0384],[121.499673,25.03777]]}},{"type":"Feature","properties":{"arrival_time":"09:00","cutoff":900,"departure_time":"09:00","layer":"network","minutes":15,"route_id":"bus:101712-11157:576:577:578:579:580:581:582:583:584:585:1012:2764:2765:2766:2767:1749:1750:1751:1752:1753:1754:5869:1755:896:897:898:1198:5545:3663:1088:1086:205:206:741:740:89:244:146:242:1281","stroke":"#F7B731","time_slot":"09:00","time_type":"arrival","transit_type":"bus"},"geometry":{"type":"LineString","coordinates":[[121.521996,25.06837],[121.518809,25.068454]]}},{"type":"Feature","properties":{"arrival_time":"09:00","cutoff":900,"departure_time":"09:00","layer":"network","minutes":15,"route_id":"bus:101712-15381:862:865:814:815:816:817:818:819:1176:1177:825:901:6123:826:2342:5545:3663:3664:3665:3666:1201:1202:5135:6114:5133:3123:3104:6115:89:244:245:242:246:247:3091:1214:1215:1216:1217:812:813","stroke":"#F7B731","time_slot":"09:00","time_type":"arrival","transit_type":"bus"},"geometry":{"type":"LineString","coordinates":[[121.51625857142857,25.068501428571427],[121.518809,25.068454]]}},{"type":"Feature","properties":{"arrival_time":"09:00","cutoff":900,"departure_time":"09:00","layer":"network","minutes":15,"route_id":"bus:101712-16113:5104:5094:2431:1098:1099:1100:1101:1102:1103:4810:4135:4136:4137:4138:4139:2357:2358:1280:2359:309:4144","stroke":"#F7B731","time_slot":"09:00","time_type":"arrival","transit_type":"bus"},"geometry":{"type":"LineString","coordinates":[[121.49673015384617,25.035250076923074],[121.475095,25.034382]]}},{"type":"Feature","properties":{"arrival_time":"09:00","cutoff":900,"departure_time":"09:00","layer":"network","minutes":15,"route_id":"bus:101712-17022:1379:1380:1381:906:743:4447:4448:4449:4450:4790:4451:4452:4453:4454:4455:937:935:1292:1291:1387:1388:4534:5408:935","stroke":"#F7B731","time_slot":"09:00","time_type":"arrival","transit_type":"bus"},"geometry":{"type":"LineString","coordinates":[[121.537803,25.034025],[121.537439,25.031344]]}},{"type":"Feature","properties":{"arrival_time":"09:00","cutoff":900,"departure_time":"09:00","layer":"network","minutes":15,"route_id":"train:EAST:7268:7267:7266:7265:7264:7258:7490:7480:7478:7472:7470:7468:7465:7463:7459:7456","stroke":"#EB3B5A","time_slot":"09:00","time_type":"arrival","transit_type":"train"},"geometry":{"type":"LineString","coordinates":[[121.51711,25.04775],[121.50081,25.03342]]}},{"type":"Feature","properties":{"arrival_time":"09:00","cutoff":900,"departure_time":"09:00","layer":"network","minutes":15,"route_id":"bus:101712-10282:2241:2240:1597:1596:1401:1402:1405:1406:1421:1436:188:190:192:194:196:136:67:68:137:138:212:139:322:140:141:142:1026:143:144:145:153:3077:3032:4914:4915:737:4488:3031:4492:947:945:943:941:939:937:935:1292:1291:4923:4924:4925:4926:4927:4928:97:98:99","stroke":"#F7B731","time_slot":"09:00","time_type":"arrival","transit_type":"bus"},"geometry":{"type":"LineString","coordinates":[[121.51813962500002,25.029985],[121.51570000000001,25.029828000000002]]}},{"type":"Feature","properties":{"arrival_time":"09:00","cutoff":900,"departure_time":"09:00","layer":"network","minutes":15,"route_id":"bus:101712-10417:0:2:4:6:8:10:12:14:16:18:20:22:1353:24:26:28:30:1899:1900:1901:1902:1903:2417:166:204:203:5989:5990:1679:1680:5634:5635:5031:5991:89:90:91:92:93:94:95:96:97:98:99:100:101:293:292:290:1021:106:105:3211","stroke":"#F7B731","time_slot":"09:00","time_type":"arrival","transit_type":"bus"},"geometry":{"type":"LineString","coordinates":[[121.541082,25.041512],[121.5468725882353,25.041609588235296]]}},{"type":"Feature","properties":{"arrival_time":"09:00","cutoff":900,"departure_time":"09:00","layer":"network","minutes":15,"route_id":"bus:101712-10481:5257:2881:2882:2883:2884:4647:1538:1539:2475:4693:2478:2479:2480:3027:3028:1542:1543:1233:2483:1522:1237:443:1524:1473:5370:3306:3322:390:6008:388:1560:6014:5555:797:796:795:792:836:242:146:244:4500:90:4784:5347","stroke":"#F7B731","time_slot":"09:00","time_type":"arrival","transit_type":"bus"},"geometry":{"type":"LineString","coordinates":[[121.50920646938768,25.045437142857146],[121.51446337499999,25.046860000000002]]}},{"type":"Feature","properties":{"arrival_time":"09:00","cutoff":900,"departure_time":"09:00","layer":"network","minutes":15,"route_id":"bus:101712-10862:6052:6053:6054:5556:6055:4485:4486:2357:792:836:5360:6056:737:4488:3031:1084:4582:4583:866:3014:863:861:4455","stroke":"#F7B731","time_slot":"09:00","time_type":"arrival","transit_type":"bus"},"geometry":{"type":"LineString","coordinates":[[121.52231600000002,25.030574],[121.51813962500002,25.029985]]}},{"type":"Feature","properties":{"arrival_time":"09:00","cutoff":900,"departure_time":"09:00","layer":"network","minutes":15,"route_id":"bus:101712-11152:576:577:578:579:580:581:582:583:584:585:2763:2762:5692:5693:5694:5695:2767:1749:1750:1751:1752:1093:1092:999:998:997:996:432:230:896:897:898:1198:1199:1200:1756:1757:200:199:198:197:195:193:191:189:187:5882:4593:4591:4590:4589:4588:879:878:877:876:875:874:874:875:5704:5705:312:310:843:2113:293","stroke":"#F7B731","time_slot":"09:00","time_type":"arrival","transit_type":"bus"},"geometry":{"type":"LineString","coordinates":[[121.5181,25.064874],[121.518152,25.062226000000003]]}},{"type":"Feature","properties":{"arrival_time":"09:00","cutoff":900,"departure_time":"09:00","layer":"network","minutes":15,"route_id":"bus:101712-15111:650:651:1122:652:653:714:654:655:656:657:658:659:5407:715:664:663:1129:722:721:720:713:709:708:3086:812:1217:1216:1215:1214:3091:247:246:146:244:89:740:5056:5057:5063:4523:1523:1521:1513:1495:325:326:327:328:329:330:289:291:101:100","stroke":"#F7B731","time_slot":"09:00","time_type":"arrival","transit_type":"bus"},"geometry":{"type":"LineString","coordinates":[[121.51989714285712,25.046511142857153],[121.522494,25.049576]]}},{"type":"Feature","properties":{"arrival_time":"09:00","cutoff":900,"departure_time":"09:00","layer":"network","minutes":15,"route_id":"bus:101712-15683:889:890:891:892:994:275:276:277:39:41:43:45:47:49:51:53:52:50:48:46:44:42:59:894:42","stroke":"#F7B731","time_slot":"09:00","time_type":"arrival","transit_type":"bus"},"geometry":{"type":"LineString","coordinates":[[121.5180735555555,25.0628667037037],[121.514663,25.06011]]}},{"type":"Feature","properties":{"arrival_time":"09:00","cutoff":900,"departure_time":"09:00","layer":"network","minutes":15,"route_id":"bus:101712-10735:2541:2545:626:625:624:623:4558:2573:2571:2569:2567:2565:2165:3046:2563:2562:2800:2801:2802:2803:4519:952:745:747:752:753:1612:1611:1972:4578:4579:4580:4581:4582:4583:2735:4584:5276:90:89","stroke":"#F7B731","time_slot":"09:00","time_type":"arrival","transit_type":"bus"},"geometry":{"type":"LineString","coordinates":[[121.52907,25.02982],[121.52776,25.03003]]}},{"type":"Feature","properties":{"arrival_time":"09:00","cutoff":900,"departure_time":"09:00","layer":"network","minutes":15,"route_id":"bus:101712-10772:4805:4806:4807:4808:5284:3096:3087:5211:5364:5365:5366:6005:658:659:1717:1713:1711:2089:1536:1553:1518:1535:2306:2641:1532:732:733:3030:1084:4582:4583:2735:2220:2221:152:4545:4549","stroke":"#F7B731","time_slot":"09:00","time_type":"arrival","transit_type":"bus"},"geometry":{"type":"LineString","coordinates":[[121.52231600000002,25.030574],[121.518303,25.028563]]}},{"type":"Feature","properties":{"arrival_time":"09:00","cutoff":900,"departure_time":"09:00","layer":"network","minutes":15,"route_id":"bus:101712-10811:1286:1287:1288:1289:1290:1291:1292:934:932:930:1296:928:1297:1301:1302:922:191:1303:1367:54:53:52:50:48:1304:1305:1306:1090:873:872:1312:529:530:531:1325:1326:1327:533:534:535:536:1144:1143:1142","stroke":"#F7B731","time_slot":"09:00","time_type":"arrival","transit_type":"bus"},"geometry":{"type":"LineString","coordinates":[[121.52960600000003,25.062591499999996],[121.52776742857142,25.063632285714288]]}},{"type":"Feature","properties":{"arrival_time":"09:00","cutoff":900,"departure_time":"09:00","layer":"network","minutes":15,"route_id":"bus:101712-11023:3228:2794:2795:5252:3252:3253:615:616:2814:3167:3044:2569:2567:2565:2165:3046:2563:2562:2800:3332:3333:3334:1768:3335:4534:4535:4536:6080:4455:4453:4452:4451:4790:4449:4448:4447:6081","stroke":"#F7B731","time_slot":"09:00","time_type":"arrival","transit_type":"bus"},"geometry":{"type":"LineString","coordinates":[[121.5376325,25.040264],[121.53678033333334,25.043074]]}},{"type":"Feature","properties":{"arrival_time":"09:00","cutoff":900,"departure_time":"09:00","layer":"network","minutes":15,"route_id":"bus:101712-11831:913:915:916:917:918:919:53:52:50:906:742:197:4523:5063:5057:3104:6115:89:244:146:4740:6128:2359:837:1212:1213:1214:1215:1216:1217:812:813","stroke":"#F7B731","time_slot":"09:00","time_type":"arrival","transit_type":"bus"},"geometry":{"type":"LineString","coordinates":[[121.5313885,25.048496],[121.52872550000001,25.048208000000002]]}},{"type":"Feature","properties":{"arrival_time":"09:00","cutoff":900,"departure_time":"09:00","layer":"network","minutes":15,"route_id":"bus:101712-10811:1286:1287:1288:1289:1290:1291:1292:934:932:930:1296:928:1297:1301:1302:922:191:1303:1367:54:53:52:50:1381:1380:1379:5113:1090:873:872:1312:529:530:531:1325:1326:1327:533:534:535:536:1144:1143:1142","stroke":"#F7B731","time_slot":"09:00","time_type":"arrival","transit_type":"bus"},"geometry":{"type":"LineString","coordinates":[[121.53318834782604,25.06242004347826],[121.5303195,25.06335175]]}},{"type":"Feature","properties":{"arrival_time":"09:00","cutoff":900,"departure_time":"09:00","layer":"network","minutes":15,"route_id":"bus:101712-11812:3228:2794:3251:3250:2832:2830:2829:2828:2827:4440:3076:1286:1287:1288:1289:1290:1291:1292:935:936:937:939:941:943:945:5409:4540:4543:4520:5131:880:89:881:882","stroke":"#F7B731","time_slot":"09:00","time_type":"arrival","transit_type":"bus"},"geometry":{"type":"LineString","coordinates":[[121.517358,25.034101],[121.518806,25.03225]]}},{"type":"Feature","properties":{"arrival_time":"09:00","cutoff":900,"departure_time":"09:00","layer":"network","minutes":15,"route_id":"bus:101712-17022:1379:1380:1381:906:743:4447:4448:4449:4450:4790:4451:4452:4453:4454:4455:937:935:1292:1291:1387:1388:4534:5408:935","stroke":"#F7B731","time_slot":"09:00","time_type":"arrival","transit_type":"bus"},"geometry":{"type":"LineString","coordinates":[[121.5356075,25.057965500000005],[121.536835,25.056964999999998]]}},{"type":"Feature","properties":{"arrival_time":"09:00","cutoff":900,"departure_time":"09:00","layer":"network","minutes":15,"route_id":"bus:101712-10116:3023:1123:1124:717:3845:3847:3848:2289:2290:2291:2292:5005:5361:5211:5364:5365:5366:6005:658:659:1717:1713:1711:2089:1536:1553:1519:1520:731:732:733:734:760:4501:4502:764:765:778:1280:2359:309:4144","stroke":"#F7B731","time_slot":"09:00","time_type":"arrival","transit_type":"bus"},"geometry":{"type":"LineString","coordinates":[[121.50241620000001,25.0424496],[121.50307399999998,25.044994]]}},{"type":"Feature","properties":{"arrival_time":"09:00","cutoff":900,"departure_time":"09:00","layer":"network","minutes":15,"route_id":"bus:101712-10171:3023:1119:1423:1422:1551:1550:1549:1548:1527:1113:4741:1528:706:1529:707:3086:812:1217:1216:1215:1214:1213:1212:792:4739:4499:837","stroke":"#F7B731","time_slot":"09:00","time_type":"arrival","transit_type":"bus"},"geometry":{"type":"LineString","coordinates":[[121.5004806,25.028858599999996],[121.50037911764706,25.02504829411765]]}},{"type":"Feature","properties":{"arrival_time":"09:00","cutoff":900,"departure_time":"09:00","layer":"network","minutes":15,"route_id":"bus:101712-10481:5257:2881:2882:2883:2884:4647:1538:1539:2475:4693:2478:2479:2480:3027:3028:1542:1543:1233:2483:1522:1237:443:1524:1473:5370:3306:3322:390:6008:388:1560:6014:5555:797:796:795:792:836:242:146:244:4500:90:4784:5347","stroke":"#F7B731","time_slot":"09:00","time_type":"arrival","transit_type":"bus"},"geometry":{"type":"LineString","coordinates":[[121.52270090476189,25.04497161904763],[121.51446337499999,25.046860000000002]]}},{"type":"Feature","properties":{"arrival_time":"09:00","cutoff":900,"departure_time":"09:00","layer":"network","minutes":15,"route_id":"bus:101712-10721:745:747:752:753:754:755:756:757:758:1083:759:760:761:762:763:764:765:778:792:795:796:797:5555:5556:3351:798:799:808:812:813","stroke":"#F7B731","time_slot":"09:00","time_type":"arrival","transit_type":"bus"},"geometry":{"type":"LineString","coordinates":[[121.50218875,25.035251625],[121.50018380952382,25.035168]]}},{"type":"Feature","properties":{"arrival_time":"09:00","cutoff":900,"departure_time":"09:00","layer":"network","minutes":15,"route_id":"bus:101712-10792:745:747:752:753:1612:1611:1972:939:937:935:1292:1291:1313:1314:1315:1316:1317:1318:1319:325:1495:1513:1521:1523:4523:4524:4525:199:200:1208:4526:834","stroke":"#F7B731","time_slot":"09:00","time_type":"arrival","transit_type":"bus"},"geometry":{"type":"LineString","coordinates":[[121.533856,25.0484535],[121.5313885,25.048496]]}},{"type":"Feature","properties":{"arrival_time":"09:00","cutoff":900,"departure_time":"09:00","layer":"network","minutes":15,"route_id":"bus:101712-10232:789:790:791:5:3:1:133:5649:5650:5651:5652:181:5221:183:185:187:189:191:193:195:197:198:199:200:1208:6023:833:834","stroke":"#F7B731","time_slot":"09:00","time_type":"arrival","transit_type":"bus"},"geometry":{"type":"LineString","coordinates":[[121.54047481818179,25.051950909090905],[121.53681736363637,25.052021363636367]]}},{"type":"Feature","properties":{"arrival_time":"09:00","cutoff":900,"departure_time":"09:00","layer":"network","minutes":15,"route_id":"bus:101712-10261:819:820:821:822:823:824:825:900:899:962:3663:3664:3665:3666:1201:1202:1204:1205:1206:1207:3688:3689:3705","stroke":"#F7B731","time_slot":"09:00","time_type":"arrival","transit_type":"bus"},"geometry":{"type":"LineString","coordinates":[[121.52554516666665,25.061123166666665],[121.525574,25.063803333333336]]}},{"type":"Feature","properties":{"arrival_time":"09:00","cutoff":900,"departure_time":"09:00","layer":"network","minutes":15,"route_id":"bus:101712-10856:5890:5873:5874:1765:1764:1763:128:129:17:15:13:232:11:9:233:234:235:236:134:135:237:238:239:240:3212:4999:3211:105:1021:290:292:5004:2176:312:2213:4456:2214","stroke":"#F7B731","time_slot":"09:00","time_type":"arrival","transit_type":"bus"},"geometry":{"type":"LineString","coordinates":[[121.58047400000001,25.0475352],[121.578909,25.048259]]}},{"type":"Feature","properties":{"arrival_time":"09:00","cutoff":900,"departure_time":"09:00","layer":"network","minutes":15,"route_id":"bus:101712-11124:5826:4547:4551:3523:4553:705:6083:6084:2750:2751:2752:2753:2754:2755:1447:2756:2757:2758:2759:5729:5728:576:577:578:579:580:581:582:583:584:585:1012:2764:2765:1010:593:594:595:596:597:598:541:540:599:3570:6000:5999:5998:5997:1000:999:998:997:996:528:1174:223:1175:1176:1177:1178:826:827:828:829:1194:1196:1203:1211:150:201:244:245:242:246:247:248:249:250:251","stroke":"#F7B731","time_slot":"09:00","time_type":"arrival","transit_type":"bus"},"geometry":{"type":"LineString","coordinates":[[121.51316199999998,25.046551999999995],[121.510186,25.046035]]}},{"type":"Feature","properties":{"arrival_time":"09:00","cutoff":900,"departure_time":"09:00","layer":"network","minutes":15,"route_id":"bus:101712-10162:5703:2282:2283:2284:2285:2286:2287:3057:3058:3059:3025:3026:2474:2475:404:2476:2477:2478:2479:2480:3027:3028:1542:1543:1233:2483:1522:1237:443:1173:1172:1171:1471:2354:2355:1469:2356:2357:792:836:242:146:147:148:881:151:152","stroke":"#F7B731","time_slot":"09:00","time_type":"arrival","transit_type":"bus"},"geometry":{"type":"LineString","coordinates":[[121.47336036363636,25.03099009090909],[121.47165800000002,25.028965]]}},{"type":"Feature","properties":{"arrival_time":"09:00","cutoff":900,"departure_time":"09:00","layer":"network","minutes":15,"route_id":"bus:101712-10326:2768:1795:1796:5086:636:637:638:639:640:641:642:643:4613:5016:5640:4613:644:645:646:647:648:552:553:554:555:556:557:3386:558:559:560:561:562:1066:1067:1069:572:573:574:575:1075:1076:1077:1078:1079:1080:1081:752:753:754:755:756:757:758:1083:1084:1085:738:152:739","stroke":"#F7B731","time_slot":"09:00","time_type":"arrival","transit_type":"bus"},"geometry":{"type":"LineString","coordinates":[[121.52231600000002,25.030574],[121.51992,25.0337]]}},{"type":"Feature","properties":{"arrival_time":"09:00","cutoff":900,"departure_time":"09:00","layer":"network","minutes":15,"route_id":"bus:101712-10726:4483:4484:4485:4486:4497:4498:4499:1282:313:315:147:148:149:4500:1681:1682:3175:4488:3031:4492:947:945:943:941:939:937:935:1292:1291:1290:1289:1288:1287:3080","stroke":"#F7B731","time_slot":"09:00","time_type":"arrival","transit_type":"bus"},"geometry":{"type":"LineString","coordinates":[[121.4953,25.0362],[121.49791,25.038421]]}},{"type":"Feature","properties":{"arrival_time":"09:00","cutoff":900,"departure_time":"09:00","layer":"network","minutes":15,"route_id":"bus:101712-10726:4483:4484:4485:4486:4497:4498:4499:1282:313:315:147:148:149:4500:1681:1682:3175:4488:3031:4492:947:945:943:941:939:937:935:1292:1291:1290:1289:1288:1287:3080","stroke":"#F7B731","time_slot":"09:00","time_type":"arrival","transit_type":"bus"},"geometry":{"type":"LineString","coordinates":[[121.51673,25.03643],[121.517306,25.033718]]}},{"type":"Feature","properties":{"arrival_time":"09:00","cutoff":900,"departure_time":"09:00","layer":"network","minutes":15,"route_id":"bus:101712-15191:4532:3162:3163:3164:3165:3166:3093:3094:3067:3095:602:988:989:990:991:603:604:605:606:607:608:609:610:611:612:613:992:614:615:616:2814:3167:3044:3331:3330:3329:4585:3328:3327:3326:2805:4562:1078:1079:1080:1081:752:753:754:755:756:757:758:4540:4543:2808:2809:5360:146:244:2224:833:4717:4718:4526","stroke":"#F7B731","time_slot":"09:00","time_type":"arrival","transit_type":"bus"},"geometry":{"type":"LineString","coordinates":[[121.5113,25.0538],[121.513268,25.053955]]}},{"type":"Feature","properties":{"arrival_time":"09:00","cutoff":900,"departure_time":"09:00","layer":"network","minutes":15,"route_id":"bus:101712-15313:3906:3085:3084:1730:175:176:177:178:179:180:35:37:39:41:63:302:303:61:60:58:57:56:920:921:922:325:909:96:1301:1302","stroke":"#F7B731","time_slot":"09:00","time_type":"arrival","transit_type":"bus"},"geometry":{"type":"LineString","coordinates":[[121.5468725882353,25.041609588235296],[121.54391,25.042932]]}},{"type":"Feature","properties":{"arrival_time":"09:00","cutoff":900,"departure_time":"09:00","layer":"network","minutes":15,"route_id":"bus:101712-19408:1618:1619:308:843:2112:2111:2110:1307:1308:2105:2216:2217:2093:1953:5696:1090:230:432:996:997:998:999:1092:1093:1752:5697:5633:1750:1749:2767:5695:5694:5693:5698:2762:2763:585:584:583:582:581:580:579:578:577:576:1013","stroke":"#F7B731","time_slot":"09:00","time_type":"arrival","transit_type":"bus"},"geometry":{"type":"LineString","coordinates":[[121.53277309090909,25.03817250000001],[121.52910225000001,25.040370499999998]]}},{"type":"Feature","properties":{"arrival_time":"09:00","cutoff":900,"departure_time":"09:00","layer":"network","minutes":15,"route_id":"bus:101712-10281:1534:1595:1526:1390:1392:1394:1396:1397:1398:1399:1400:1401:1402:1405:1406:1421:1436:188:190:192:194:196:136:67:68:137:138:212:139:322:140:141:142:1026:143:144:145:153:146:147:148:881:151:152","stroke":"#F7B731","time_slot":"09:00","time_type":"arrival","transit_type":"bus"},"geometry":{"type":"LineString","coordinates":[[121.50248999999998,25.039973],[121.50582399999999,25.039449999999995]]}},{"type":"Feature","properties":{"arrival_time":"09:00","cutoff":900,"departure_time":"09:00","layer":"network","minutes":15,"route_id":"bus:101712-11232:5762:978:1718:1719:1675:1676:4675:2320:984:985:1899:1900:1901:1902:1903:1904:1905:1906:1908:42:44:1201:1202:5135:6114:5133:3123:3104:6115:5887:6116:6117:6012:1953:863:1954:939:937:935:1292:1291:1290:1289:1288:1287:3080","stroke":"#F7B731","time_slot":"09:00","time_type":"arrival","transit_type":"bus"},"geometry":{"type":"LineString","coordinates":[[121.52424214285715,25.04814014285714],[121.523545,25.045866]]}},{"type":"Feature","properties":{"arrival_time":"09:00","cutoff":900,"departure_time":"09:00","layer":"network","minutes":15,"route_id":"bus:101712-11853:267:269:271:273:274:225:227:229:231:232:11:9:233:234:235:236:1439:1440:1441:1442:1443:1444:1445:2066:3173:183:185:187:189:191:193:195:197:198:199:200:1208:1194:829:905","stroke":"#F7B731","time_slot":"09:00","time_type":"arrival","transit_type":"bus"},"geometry":{"type":"LineString","coordinates":[[121.5134396842105,25.06092463157894],[121.5112165,25.061925249999998]]}},{"type":"Feature","properties":{"arrival_time":"09:00","cutoff":900,"departure_time":"09:00","layer":"network","minutes":15,"route_id":"bus:101712-15111:650:651:1122:652:653:714:654:655:656:657:658:659:5407:715:664:663:1129:722:721:720:713:709:708:3086:812:1217:1216:1215:1214:3091:247:246:146:244:89:740:5056:5057:5063:4523:1523:1521:1513:1495:325:326:327:328:329:330:289:291:101:100","stroke":"#F7B731","time_slot":"09:00","time_type":"arrival","transit_type":"bus"},"geometry":{"type":"LineString","coordinates":[[121.522494,25.049576],[121.525758,25.048866500000003]]}},{"type":"Feature","properties":{"arrival_time":"09:00","cutoff":900,"departure_time":"09:00","layer":"network","minutes":15,"route_id":"bus:101712-15142:259:260:261:2157:950:951:953:955:957:2159:2160:2161:2162:2159:958:959:960:961:1088:1086:205:1205:1206:1207:1196:1203:1211:835","stroke":"#F7B731","time_slot":"09:00","time_type":"arrival","transit_type":"bus"},"geometry":{"type":"LineString","coordinates":[[121.51024006666667,25.049134066666664],[121.51346815384613,25.050395692307692]]}},{"type":"Feature","properties":{"arrival_time":"09:00","cutoff":900,"departure_time":"09:00","layer":"network","minutes":15,"route_id":"bus:101712-10253:177:938:940:942:944:1087:994:892:891:4505:5425:5426:5427:5428:958:959:960:961:5429:962","stroke":"#F7B731","time_slot":"09:00","time_type":"arrival","transit_type":"bus"},"geometry":{"type":"LineString","coordinates":[[121.523095,25.070066],[121.520798,25.068596]]}},{"type":"Feature","properties":{"arrival_time":"09:00","cutoff":900,"departure_time":"09:00","layer":"network","minutes":15,"route_id":"bus:101712-10472:186:188:190:192:194:136:67:68:137:138:212:139:322:141:142:1026:143:202:203:204:166:1729:167:3002:42:2179:897:230:228:528:433:444:450:451:452:453:454:455:456:457:458:459:460:461:462:463:468:486:507:514:515:517:520:521:522:523:407:524:1339:1340:1342","stroke":"#F7B731","time_slot":"09:00","time_type":"arrival","transit_type":"bus"},"geometry":{"type":"LineString","coordinates":[[121.5180735555555,25.0628667037037],[121.519041,25.072586]]}},{"type":"Feature","properties":{"arrival_time":"09:00","cutoff":900,"departure_time":"09:00","layer":"network","minutes":15,"route_id":"bus:101712-10723:4483:4484:4485:4486:2357:792:778:765:4840:4496:4488:3031:4492:757:756:755:948:753:1395:1393:1391:1435:1388:2171:2172:2173:2174:879:878:877:876:4494:874","stroke":"#F7B731","time_slot":"09:00","time_type":"arrival","transit_type":"bus"},"geometry":{"type":"LineString","coordinates":[[121.52469863157897,25.024064999999997],[121.520491,25.027269333333333]]}},{"type":"Feature","properties":{"arrival_time":"09:00","cutoff":900,"departure_time":"09:00","layer":"network","minutes":15,"route_id":"bus:101712-10232:789:790:791:5:3:1:133:5649:5650:5651:5652:181:5221:183:185:187:189:191:193:195:197:198:199:200:1208:6023:833:834","stroke":"#F7B731","time_slot":"09:00","time_type":"arrival","transit_type":"bus"},"geometry":{"type":"LineString","coordinates":[[121.55525572727267,25.05163899999999],[121.54909627272724,25.051760636363625]]}},{"type":"Feature","properties":{"arrival_time":"09:00","cutoff":900,"departure_time":"09:00","layer":"network","minutes":15,"route_id":"bus:101712-10293:1337:4576:4813:254:1613:4812:1332:1614:1276:1443:1444:1445:2066:2067:2068:2069:303:61:60:58:57:56:55:746:744:743:4818:4816:1204:1205:1206:1207:1196","stroke":"#F7B731","time_slot":"09:00","time_type":"arrival","transit_type":"bus"},"geometry":{"type":"LineString","coordinates":[[121.528881,25.058003666666668],[121.532404,25.05788533333333]]}},{"type":"Feature","properties":{"arrival_time":"09:00","cutoff":900,"departure_time":"09:00","layer":"network","minutes":15,"route_id":"bus:101712-10861:5790:5873:5874:1765:1764:1763:128:129:19:21:23:925:927:929:931:933:3082:175:176:177:178:179:180:35:37:39:41:43:45:47:1382:1383:1029:1384:909:910:911:2105:2216:2217:2093:1953:2218:2219:2220:2221:4914:4915:737:5891:4803:4653:1253:1245:294:295:1224:1218:812:813","stroke":"#F7B731","time_slot":"09:00","time_type":"arrival","transit_type":"bus"},"geometry":{"type":"LineString","coordinates":[[121.52952,25.03834],[121.52545500000001,25.038352]]}},{"type":"Feature","properties":{"arrival_time":"09:00","cutoff":900,"departure_time":"09:00","layer":"network","minutes":15,"route_id":"bus:101712-18708:5554:2212:1288:1289:935:941:5409:151:89","stroke":"#F7B731","time_slot":"09:00","time_type":"arrival","transit_type":"bus"},"geometry":{"type":"LineString","coordinates":[[121.51526515384617,25.043378615384615],[121.52337149999998,25.027007]]}},{"type":"Feature","properties":{"arrival_time":"09:00","cutoff":900,"departure_time":"09:00","layer":"network","minutes":15,"route_id":"rail:Blue:7121:7122:7123:7124:7125:7126:7127:7128:7129:7130:7131:7132:7133:7134:7135:7136:7137:7138:7139:7140:7141:7142:7143","stroke":"#20BF6B","time_slot":"09:00","time_type":"arrival","transit_type":"rail"},"geometry":{"type":"LineString","coordinates":[[121.5437719,25.0416548],[121.5437719,25.0416548],[121.5464431,25.0415984],[121.5479313,25.0415478]]}},{"type":"Feature","properties":{"arrival_time":"09:00","cutoff":900,"departure_time":"09:00","layer":"network","minutes":15,"route_id":"bus:101712-10181:1738:2182:1739:1740:2183:2184:2185:2186:273:274:225:227:229:231:232:11:9:233:234:235:236:1439:1440:1441:1442:1443:1444:1445:1446:1452:1458:330:329:328:327:326:325:1495:1513:1521:4450:320:91:90:89:244:245:242:246:247:248:249:250:253:251:1253:1245:294:295:1224:1218","stroke":"#F7B731","time_slot":"09:00","time_type":"arrival","transit_type":"bus"},"geometry":{"type":"LineString","coordinates":[[121.50920646938768,25.045437142857146],[121.50826699999999,25.042516999999986]]}},{"type":"Feature","properties":{"arrival_time":"09:00","cutoff":900,"departure_time":"09:00","layer":"network","minutes":15,"route_id":"bus:101712-10221:1534:1595:1526:1390:1392:1394:1396:1397:1398:1399:1400:1596:1597:1598:1599:1917:1916:1915:1914:65:66:136:67:4911:5354:70:71:1911:3635:2466:300:301:78:79:80:2163:81:82:83:84:85:86:87:88:164:165:166:1729:167:3002:42:2177:2178:1199:2179:2180:897:896:1755:5359:527:528:4533:432","stroke":"#F7B731","time_slot":"09:00","time_type":"arrival","transit_type":"bus"},"geometry":{"type":"LineString","coordinates":[[121.5180735555555,25.0628667037037],[121.50188177777778,25.0636075]]}},{"type":"Feature","properties":{"arrival_time":"09:00","cutoff":900,"departure_time":"09:00","layer":"network","minutes":15,"route_id":"bus:101712-10232:789:790:791:5:3:1:133:5649:5650:5651:5652:181:5221:183:185:187:189:191:193:195:197:198:199:200:1208:6023:833:834","stroke":"#F7B731","time_slot":"09:00","time_type":"arrival","transit_type":"bus"},"geometry":{"type":"LineString","coordinates":[[121.5103708,25.0527308],[121.511243,25.053919]]}},{"type":"Feature","properties":{"arrival_time":"09:00","cutoff":900,"departure_time":"09:00","layer":"network","minutes":15,"route_id":"bus:101712-11023:3228:2794:2795:5252:3252:3253:615:616:2814:3167:3044:2569:2567:2565:2165:3046:2563:2562:2800:3332:3333:3334:1768:3335:4534:4535:4536:6080:4455:4453:4452:4451:4790:4449:4448:4447:6081","stroke":"#F7B731","time_slot":"09:00","time_type":"arrival","transit_type":"bus"},"geometry":{"type":"LineString","coordinates":[[121.536835,25.056964999999998],[121.537253,25.059999]]}},{"type":"Feature","properties":{"arrival_time":"09:00","cutoff":900,"departure_time":"09:00","layer":"network","minutes":15,"route_id":"bus:101712-10231:3066:1:3:5:7:9:11:13:15:17:19:21:23:25:27:29:31:33:35:37:39:41:43:45:47:49:51:53:52:50:48:46:44:42:59","stroke":"#F7B731","time_slot":"09:00","time_type":"arrival","transit_type":"bus"},"geometry":{"type":"LineString","coordinates":[[121.5180735555555,25.0628667037037],[121.52247624999998,25.062749000000014]]}},{"type":"Feature","properties":{"arrival_time":"09:00","cutoff":900,"departure_time":"09:00","layer":"network","minutes":15,"route_id":"bus:101712-10262:1758:838:839:840:841:842:844:846:848:850:852:854:856:858:860:862:865:814:815:816:817:818:819:820:821:822:823:824:825:826:827:828:829:1194:1196:1208:1209:987:740:1681","stroke":"#F7B731","time_slot":"09:00","time_type":"arrival","transit_type":"bus"},"geometry":{"type":"LineString","coordinates":[[121.51603792307694,25.053632538461535],[121.51677300000003,25.050735]]}},{"type":"Feature","properties":{"arrival_time":"09:00","cutoff":900,"departure_time":"09:00","layer":"network","minutes":15,"route_id":"bus:101712-10282:2241:2240:1597:1596:1401:1402:1405:1406:1421:1436:188:190:192:194:196:136:67:68:137:138:212:139:322:140:141:142:1026:143:144:145:153:3077:3032:4914:4915:737:4488:3031:4492:947:945:943:941:939:937:935:1292:1291:4923:4924:4925:4926:4927:4928:97:98:99","stroke":"#F7B731","time_slot":"09:00","time_type":"arrival","transit_type":"bus"},"geometry":{"type":"LineString","coordinates":[[121.51449033333334,25.03860733333333],[121.50915250000001,25.039074999999997]]}},{"type":"Feature","properties":{"arrival_time":"09:00","cutoff":900,"departure_time":"09:00","layer":"network","minutes":15,"route_id":"bus:101712-10735:2541:2545:626:625:624:623:4558:2573:2571:2569:2567:2565:2165:3046:2563:2562:2800:2801:2802:2803:4519:952:745:747:752:753:1612:1611:1972:4578:4579:4580:4581:4582:4583:2735:4584:5276:90:89","stroke":"#F7B731","time_slot":"09:00","time_type":"arrival","transit_type":"bus"},"geometry":{"type":"LineString","coordinates":[[121.526147,25.031908],[121.522887,25.03276]]}},{"type":"Feature","properties":{"arrival_time":"09:00","cutoff":900,"departure_time":"09:00","layer":"network","minutes":15,"route_id":"bus:101712-10823:525:1340:1339:4504:1343:523:522:521:520:517:1344:514:507:486:468:463:462:461:460:459:458:457:1345:455:454:453:452:451:450:444:871:872:873:995:1009:961:1088:1086:205:206:741:740:89:244:245:242:246:247:3091:1214:1215:1216:1217:812:813","stroke":"#F7B731","time_slot":"09:00","time_type":"arrival","transit_type":"bus"},"geometry":{"type":"LineString","coordinates":[[121.523095,25.070066],[121.52471199999998,25.081759999999996]]}},{"type":"Feature","properties":{"arrival_time":"09:00","cutoff":900,"departure_time":"09:00","layer":"network","minutes":15,"route_id":"bus:101712-11831:913:915:916:917:918:919:53:52:50:906:742:197:4523:5063:5057:3104:6115:89:244:146:4740:6128:2359:837:1212:1213:1214:1215:1216:1217:812:813","stroke":"#F7B731","time_slot":"09:00","time_type":"arrival","transit_type":"bus"},"geometry":{"type":"LineString","coordinates":[[121.525758,25.048866500000003],[121.52872550000001,25.048208000000002]]}},{"type":"Feature","properties":{"arrival_time":"09:00","cutoff":900,"departure_time":"09:00","layer":"network","minutes":15,"route_id":"bus:101712-15561:1419:1420:1422:1423:2078:1424:1425:2079:1426:713:720:721:722:723:724:3851:1713:1711:2089:1536:1553:1518:1535:2306:2641:1532:732:733:760:759:5409:6009:6010:5855:6011:5696:6012:2677:908:907:197:742:1537:6013:52:53:51:49:5243:47:5244:45:43:41:39:37:35:180:179:178:938:940:942:944:946:5619:270:268:266:889:888:5995:886:885:5884:5883","stroke":"#F7B731","time_slot":"09:00","time_type":"arrival","transit_type":"bus"},"geometry":{"type":"LineString","coordinates":[[121.52910225000001,25.040370499999998],[121.53180000000002,25.040218999999997]]}},{"type":"Feature","properties":{"arrival_time":"09:00","cutoff":900,"departure_time":"09:00","layer":"network","minutes":15,"route_id":"bus:101712-10116:3023:1123:1124:717:3845:3847:3848:2289:2290:2291:2292:5005:5361:5211:5364:5365:5366:6005:658:659:1717:1713:1711:2089:1536:1553:1519:1520:731:732:733:734:760:4501:4502:764:765:778:1280:2359:309:4144","stroke":"#F7B731","time_slot":"09:00","time_type":"arrival","transit_type":"bus"},"geometry":{"type":"LineString","coordinates":[[121.501585,25.036891],[121.50196354545456,25.039660818181822]]}},{"type":"Feature","properties":{"arrival_time":"09:00","cutoff":900,"departure_time":"09:00","layer":"network","minutes":15,"route_id":"bus:101712-10172:3023:1119:5596:1424:1425:1426:5198:6140:6021:3855:1505:2775:2774:2773:2772:2771:732:733:1683:6022:2809:5360:146:244","stroke":"#F7B731","time_slot":"09:00","time_type":"arrival","transit_type":"bus"},"geometry":{"type":"LineString","coordinates":[[121.511455,25.035878],[121.5085589,25.036666299999997]]}},{"type":"Feature","properties":{"arrival_time":"09:00","cutoff":900,"departure_time":"09:00","layer":"network","minutes":15,"route_id":"bus:101712-10221:1534:1595:1526:1390:1392:1394:1396:1397:1398:1399:1400:1596:1597:1598:1599:1917:1916:1915:1914:65:66:136:67:4911:5354:70:71:1911:3635:2466:300:301:78:79:80:2163:81:82:83:84:85:86:87:88:164:165:166:1729:167:3002:42:2177:2178:1199:2179:2180:897:896:1755:5359:527:528:4533:432","stroke":"#F7B731","time_slot":"09:00","time_type":"arrival","transit_type":"bus"},"geometry":{"type":"LineString","coordinates":[[121.50043794444443,25.06306266666667],[121.50188177777778,25.0636075]]}},{"type":"Feature","properties":{"arrival_time":"09:00","cutoff":900,"departure_time":"09:00","layer":"network","minutes":15,"route_id":"bus:101712-10842:5881:256:635:275:5880:1087:5883:5884:884:883:3906:3085:3084:1730:3083:175:176:177:938:940:942:944:946:5619:270:268:266:265:264:263:949:950:951:953:4259:4260:5885:5233:5886:2712:906:742:197:907:908:1952:2218:4584:3053:5887:1681:152:151:869:870","stroke":"#F7B731","time_slot":"09:00","time_type":"arrival","transit_type":"bus"},"geometry":{"type":"LineString","coordinates":[[121.52480199999998,25.041963999999997],[121.52301925,25.04239125]]}},{"type":"Feature","properties":{"arrival_time":"09:00","cutoff":900,"departure_time":"09:00","layer":"network","minutes":15,"route_id":"bus:101712-11232:5762:978:1718:1719:1675:1676:4675:2320:984:985:1899:1900:1901:1902:1903:1904:1905:1906:1908:42:44:1201:1202:5135:6114:5133:3123:3104:6115:5887:6116:6117:6012:1953:863:1954:939:937:935:1292:1291:1290:1289:1288:1287:3080","stroke":"#F7B731","time_slot":"09:00","time_type":"arrival","transit_type":"bus"},"geometry":{"type":"LineString","coordinates":[[121.52533466666665,25.053246333333334],[121.525348,25.05519]]}},{"type":"Feature","properties":{"arrival_time":"09:00","cutoff":900,"departure_time":"09:00","layer":"network","minutes":15,"route_id":"bus:101712-15391:1568:1567:1566:1564:535:534:533:532:531:530:1593:529:871:872:873:995:1009:1306:1594:1304:48:906:1822:1823:197:195:193:191:189:187:185:285:287:289:115:104:105:240:1861:238:237:135:134:133:3088:1862:1865:1875","stroke":"#F7B731","time_slot":"09:00","time_type":"arrival","transit_type":"bus"},"geometry":{"type":"LineString","coordinates":[[121.53313299999999,25.060643],[121.53171,25.05493]]}},{"type":"Feature","properties":{"arrival_time":"09:00","cutoff":900,"departure_time":"09:00","layer":"network","minutes":15,"route_id":"bus:101712-15561:1419:1420:1422:1423:2078:1424:1425:2079:1426:713:720:721:722:723:724:3851:1713:1711:2089:1536:1553:1518:1535:2306:2641:1532:732:733:760:759:5409:6009:6010:5855:6011:5696:6012:2677:908:907:197:742:1537:6013:52:53:51:49:5243:47:5244:45:43:41:39:37:35:180:179:178:938:940:942:944:946:5619:270:268:266:889:888:5995:886:885:5884:5883","stroke":"#F7B731","time_slot":"09:00","time_type":"arrival","transit_type":"bus"},"geometry":{"type":"LineString","coordinates":[[121.533177,25.057614],[121.53335,25.061268]]}},{"type":"Feature","properties":{"arrival_time":"09:00","cutoff":900,"departure_time":"09:00","layer":"network","minutes":15,"route_id":"bus:101712-16111:5176:5094:5854:2424:2425:2426:2427:2428:2429:2353:441:442:443:1237:3174:1234:1545:1546:394:393:1547:5311:1548:1549:1550:1551:1422:1423:2078:1424:1425:2079:5371:3086:812:1217:1216:1215:1214:3091:247:246:146:244:89:3098:3100:3102:3104:3123:198:197:195:193:191:189:187:185:183:3173:2067:2068:2069:302:63:299","stroke":"#F7B731","time_slot":"09:00","time_type":"arrival","transit_type":"bus"},"geometry":{"type":"LineString","coordinates":[[121.523978,25.046758999999998],[121.52424214285715,25.04814014285714]]}},{"type":"Feature","properties":{"arrival_time":"09:00","cutoff":900,"departure_time":"09:00","layer":"network","minutes":15,"route_id":"bus:101712-10293:1337:4576:4813:254:1613:4812:1332:1614:1276:1443:1444:1445:2066:2067:2068:2069:303:61:60:58:57:56:55:746:744:743:4818:4816:1204:1205:1206:1207:1196","stroke":"#F7B731","time_slot":"09:00","time_type":"arrival","transit_type":"bus"},"geometry":{"type":"LineString","coordinates":[[121.5356075,25.057965500000005],[121.532404,25.05788533333333]]}},{"type":"Feature","properties":{"arrival_time":"09:00","cutoff":900,"departure_time":"09:00","layer":"network","minutes":15,"route_id":"bus:101712-10293:1337:4576:4813:254:1613:4812:1332:1614:1276:1443:1444:1445:2066:2067:2068:2069:303:61:60:58:57:56:55:746:744:743:4818:4816:1204:1205:1206:1207:1196","stroke":"#F7B731","time_slot":"09:00","time_type":"arrival","transit_type":"bus"},"geometry":{"type":"LineString","coordinates":[[121.5140318888889,25.05543877777777],[121.514916,25.057165]]}},{"type":"Feature","properties":{"arrival_time":"09:00","cutoff":900,"departure_time":"09:00","layer":"network","minutes":15,"route_id":"bus:101712-10472:1342:1340:1339:1343:523:522:521:520:517:1344:514:507:486:468:463:462:461:460:459:458:457:1345:455:454:453:452:451:450:444:433:528:228:230:897:898:6038:3002:167:2417:166:204:203:202:143:1026:142:141:322:6039:138:137:1912:1913:136:194:192:190:188:1741","stroke":"#F7B731","time_slot":"09:00","time_type":"arrival","transit_type":"bus"},"geometry":{"type":"LineString","coordinates":[[121.519152,25.07344],[121.516467,25.062976]]}},{"type":"Feature","properties":{"arrival_time":"09:00","cutoff":900,"departure_time":"09:00","layer":"network","minutes":15,"route_id":"bus:101712-10492:3183:1639:1640:1641:1642:1643:687:686:685:684:683:682:681:680:679:2222:1839:1838:1837:1836:1835:1834:1833:1832:1831:1830:1829:1828:1827:2223:192:194:196:136:67:68:137:138:212:139:322:140:141:142:1026:143:202:203:204:166:1729:167:3002:42:44:1201:1202:4815:4816:4818:743:744:746:920:921","stroke":"#F7B731","time_slot":"09:00","time_type":"arrival","transit_type":"bus"},"geometry":{"type":"LineString","coordinates":[[121.543991,25.056972],[121.543919,25.05344]]}},{"type":"Feature","properties":{"arrival_time":"09:00","cutoff":900,"departure_time":"09:00","layer":"network","minutes":15,"route_id":"bus:101712-10811:1286:1287:1288:1289:1290:1291:1292:934:932:930:1296:928:1297:1301:1302:922:191:1303:1367:54:53:52:50:1381:1380:1379:5113:1090:873:872:1312:529:530:531:1325:1326:1327:533:534:535:536:1144:1143:1142","stroke":"#F7B731","time_slot":"09:00","time_type":"arrival","transit_type":"bus"},"geometry":{"type":"LineString","coordinates":[[121.54345466666666,25.032332999999998],[121.54387,25.0341]]}},{"type":"Feature","properties":{"arrival_time":"09:00","cutoff":900,"departure_time":"09:00","layer":"network","minutes":15,"route_id":"bus:101712-10823:525:1340:1339:4504:1343:523:522:521:520:517:1344:514:507:486:468:463:462:461:460:459:458:457:1345:455:454:453:452:451:450:444:871:872:873:995:1009:961:1088:1086:205:206:741:740:89:244:245:242:246:247:3091:1214:1215:1216:1217:812:813","stroke":"#F7B731","time_slot":"09:00","time_type":"arrival","transit_type":"bus"},"geometry":{"type":"LineString","coordinates":[[121.52281983333332,25.06095616666667],[121.52230788235292,25.06433770588236]]}},{"type":"Feature","properties":{"arrival_time":"09:00","cutoff":900,"departure_time":"09:00","layer":"network","minutes":15,"route_id":"bus:101712-10861:5790:5873:5874:1765:1764:1763:128:129:19:21:23:925:927:929:931:933:3082:175:176:177:178:179:180:35:37:39:41:43:45:47:1382:1383:1029:1384:909:910:911:2105:2216:2217:2093:1953:2218:2219:2220:2221:4914:4915:737:5891:4803:4653:1253:1245:294:295:1224:1218:812:813","stroke":"#F7B731","time_slot":"09:00","time_type":"arrival","transit_type":"bus"},"geometry":{"type":"LineString","coordinates":[[121.52545500000001,25.038352],[121.52123642857144,25.038851285714287]]}},{"type":"Feature","properties":{"arrival_time":"09:00","cutoff":900,"departure_time":"09:00","layer":"network","minutes":15,"route_id":"bus:101712-10861:5790:5873:5874:1765:1764:1763:128:129:19:21:23:925:927:929:931:933:3082:175:176:177:178:179:180:35:37:39:41:43:45:47:1382:1383:1029:1384:909:910:911:2105:2216:2217:2093:1953:2218:2219:2220:2221:4914:4915:737:5891:4803:4653:1253:1245:294:295:1224:1218:812:813","stroke":"#F7B731","time_slot":"09:00","time_type":"arrival","transit_type":"bus"},"geometry":{"type":"LineString","coordinates":[[121.51839128571429,25.039224],[121.514963,25.038008]]}},{"type":"Feature","properties":{"arrival_time":"09:00","cutoff":900,"departure_time":"09:00","layer":"network","minutes":15,"route_id":"bus:101712-10149:712:543:4503:544:545:546:547:645:646:647:648:552:553:554:555:556:649:650:651:1122:652:653:714:654:655:656:657:658:659:1717:1713:1711:2089:1536:1553:1519:1520:731:732:733:734:760:4501:4502:764:765:778:837:2359:309:4144","stroke":"#F7B731","time_slot":"09:00","time_type":"arrival","transit_type":"bus"},"geometry":{"type":"LineString","coordinates":[[121.5013872857143,25.036310142857143],[121.50196354545456,25.039660818181822]]}},{"type":"Feature","properties":{"arrival_time":"09:00","cutoff":900,"departure_time":"09:00","layer":"network","minutes":15,"route_id":"bus:101712-10443:0:3019:3020:1298:1299:1300:1181:1180:1179:0:2:4:6:8:10:12:14:16:18:20:22:1353:24:26:28:30:32:986:34:36:38:40:42:44:46:48:50:52:53:54:55:56:57:58:60:61:62:43:63","stroke":"#F7B731","time_slot":"09:00","time_type":"arrival","transit_type":"bus"},"geometry":{"type":"LineString","coordinates":[[121.502278,25.064639],[121.5180735555555,25.0628667037037]]}},{"type":"Feature","properties":{"arrival_time":"09:00","cutoff":900,"departure_time":"09:00","layer":"network","minutes":15,"route_id":"bus:101712-10722:813:812:1218:1224:295:294:1245:1253:251:252:1273:1274:1275:252:253:250:249:1278:1214:1213:1212:1280:1281:1282:1283:1284:1355:1285:1356","stroke":"#F7B731","time_slot":"09:00","time_type":"arrival","transit_type":"bus"},"geometry":{"type":"LineString","coordinates":[[121.50613,25.047537],[121.509278,25.050252]]}},{"type":"Feature","properties":{"arrival_time":"09:00","cutoff":900,"departure_time":"09:00","layer":"network","minutes":15,"route_id":"bus:101712-10842:5881:256:635:275:5880:1087:5883:5884:884:883:3906:3085:3084:1730:3083:175:176:177:938:940:942:944:946:5619:270:268:266:265:264:263:949:950:951:953:4259:4260:5885:5233:5886:2712:906:742:197:907:908:1952:2218:4584:3053:5887:1681:152:151:869:870","stroke":"#F7B731","time_slot":"09:00","time_type":"arrival","transit_type":"bus"},"geometry":{"type":"LineString","coordinates":[[121.51846500000002,25.042526],[121.52301925,25.04239125]]}},{"type":"Feature","properties":{"arrival_time":"09:00","cutoff":900,"departure_time":"09:00","layer":"network","minutes":15,"route_id":"bus:101712-10848:6049:6050:6051:299:63:302:303:61:60:58:57:56:55:746:744:743:742:197:907:908:1952:1953:863:1954:1961:1972:1611:1612:753:752:1081:1080:1079:1078:2804:3325","stroke":"#F7B731","time_slot":"09:00","time_type":"arrival","transit_type":"bus"},"geometry":{"type":"LineString","coordinates":[[121.53308140000001,25.054748049999993],[121.5356075,25.057965500000005]]}},{"type":"Feature","properties":{"arrival_time":"09:00","cutoff":900,"departure_time":"09:00","layer":"network","minutes":15,"route_id":"bus:101712-16464:1468:5037:378:379:380:381:382:1469:1470:1471:1106:1107:1108:1472:1473:1474:1235:1475:1476:395:1477:1478:1479:1480:1481:1482:1483:1484:1485:1486:1487:1488:1489:1490:1411:1491:1492:1493:2496:5181:1494","stroke":"#F7B731","time_slot":"09:00","time_type":"arrival","transit_type":"bus"},"geometry":{"type":"LineString","coordinates":[[121.46713702777785,25.02437769444445],[121.46886580000003,25.024307200000003]]}},{"type":"Feature","properties":{"arrival_time":"09:00","cutoff":900,"departure_time":"09:00","layer":"network","minutes":15,"route_id":"bus:101712-16689:1636:1637:1638:1232:3033:3034:3035:3036:3037:3038:2351:2352:2353:441:442:1173:1172:1171:1471:2354:2355:383:384:386:387:388:389:390:391:392:5311:1548:1549:1550:1551:1422:1423:1424:1425:1426:713:720:721:722:1129:663:664:715:2296:2297:2298:2542:2554:2553:1673:1608:1609:575:574:573:1677:1678:2807:628:2325:626:625:624:623:622:621:619:618:617:5038:616:2156:1373:2212","stroke":"#F7B731","time_slot":"09:00","time_type":"arrival","transit_type":"bus"},"geometry":{"type":"LineString","coordinates":[[121.4732525,25.0292535],[121.47165800000002,25.028965]]}},{"type":"Feature","properties":{"arrival_time":"09:00","cutoff":900,"departure_time":"09:00","layer":"network","minutes":15,"route_id":"rail:Green:7168:7169:7170:7172:7173:7174:7175:7176:7177:7178:7179:7180:7181:7182:7183:7184:7185:7186:7187","stroke":"#20BF6B","time_slot":"09:00","time_type":"arrival","transit_type":"rail"},"geometry":{"type":"LineString","coordinates":[[121.5387483,25.0027057],[121.5386977,25.0028819],[121.5386688,25.0030017],[121.538641,25.0031485],[121.5386212,25.0033043],[121.53861,25.0035075],[121.5386115,25.0036271],[121.5386221,25.0037873],[121.5386391,25.0039227],[121.5386762,25.004137],[121.5389181,25.0052804],[121.5389581,25.0055127],[121.5389836,25.0057542],[121.5389888,25.0058873],[121.5389882,25.0060205],[121.5389805,25.0061672],[121.5389665,25.0063004],[121.5389487,25.0064201],[121.5389233,25.0065511],[121.5388917,25.0066821],[121.5388493,25.0068267],[121.5388049,25.0069556],[121.5387544,25.0070821],[121.5386529,25.0072969],[121.538483,25.0075977],[121.5380508,25.0083148],[121.5379374,25.0085116],[121.5378474,25.0086789],[121.5377627,25.0088485],[121.5376245,25.0091582],[121.5375427,25.0093684],[121.5374913,25.009513],[121.5373936,25.0098316],[121.537323,25.0101118],[121.5371842,25.0107307],[121.5371352,25.0109137],[121.5370582,25.0111623],[121.5369423,25.0114787],[121.5368074,25.0117906],[121.536715,25.0119805],[121.536645,25.012114],[121.5365519,25.0122791],[121.536453,25.0124442],[121.5363493,25.0126048],[121.5362398,25.0127632],[121.5361247,25.0129193],[121.5360055,25.013071],[121.5358814,25.0132204],[121.5357523,25.0133653],[121.535547,25.0135805],[121.5334047,25.0156353]]}},{"type":"Feature","properties":{"arrival_time":"09:00","cutoff":900,"departure_time":"09:00","layer":"network","minutes":15,"route_id":"bus:101712-10173:3023:1119:5596:1424:1425:1426:713:720:721:722:1129:663:2290:2291:2292:5005:2293:2294:2295:2296:2297:2298:2299:2300:2301:2302:2303:2769:1555:1433:1554:1553:1518:1535:2306:2641:1532:732:733:3030:3031:736:737:738:3032:148","stroke":"#F7B731","time_slot":"09:00","time_type":"arrival","transit_type":"bus"},"geometry":{"type":"LineString","coordinates":[[121.5173585,25.031124000000002],[121.51568481818181,25.03338245454545]]}},{"type":"Feature","properties":{"arrival_time":"09:00","cutoff":900,"departure_time":"09:00","layer":"network","minutes":15,"route_id":"bus:101712-10251:2747:790:789:788:15:17:19:21:23:169:170:171:172:173:174:175:176:177:178:179:180:130:131:2645:4527:181:5221:183:185:187:189:191:193:195:197:198:199:200:4802","stroke":"#F7B731","time_slot":"09:00","time_type":"arrival","transit_type":"bus"},"geometry":{"type":"LineString","coordinates":[[121.51977050000002,25.052788999999994],[121.51512399999999,25.051429000000002]]}},{"type":"Feature","properties":{"arrival_time":"09:00","cutoff":900,"departure_time":"09:00","layer":"network","minutes":15,"route_id":"bus:101712-10417:0:2:4:6:8:10:12:14:16:18:20:22:1353:24:26:28:30:1899:1900:1901:1902:1903:2417:166:204:203:5989:5990:1679:1680:5634:5635:5031:5991:89:90:91:92:93:94:95:96:97:98:99:100:101:293:292:290:1021:106:105:3211","stroke":"#F7B731","time_slot":"09:00","time_type":"arrival","transit_type":"bus"},"geometry":{"type":"LineString","coordinates":[[121.53443836363637,25.04212727272727],[121.53883614285714,25.041704428571432]]}},{"type":"Feature","properties":{"arrival_time":"09:00","cutoff":900,"departure_time":"09:00","layer":"network","minutes":15,"route_id":"bus:101712-10721:745:747:752:753:754:755:756:757:758:1083:759:760:761:762:763:764:765:778:792:795:796:797:5555:5556:3351:798:799:808:812:813","stroke":"#F7B731","time_slot":"09:00","time_type":"arrival","transit_type":"bus"},"geometry":{"type":"LineString","coordinates":[[121.49751236363637,25.019704545454548],[121.49584028571431,25.01715328571429]]}},{"type":"Feature","properties":{"arrival_time":"09:00","cutoff":900,"departure_time":"09:00","layer":"network","minutes":15,"route_id":"bus:101712-10772:4805:4806:4807:4808:5284:3096:3087:5211:5364:5365:5366:6005:658:659:1717:1713:1711:2089:1536:1553:1518:1535:2306:2641:1532:732:733:3030:1084:4582:4583:2735:2220:2221:152:4545:4549","stroke":"#F7B731","time_slot":"09:00","time_type":"arrival","transit_type":"bus"},"geometry":{"type":"LineString","coordinates":[[121.52123642857144,25.038851285714287],[121.51839128571429,25.039224]]}},{"type":"Feature","properties":{"arrival_time":"09:00","cutoff":900,"departure_time":"09:00","layer":"network","minutes":15,"route_id":"bus:101712-11124:5826:4547:4551:3523:4553:705:6083:6084:2750:2751:2752:2753:2754:2755:1447:2756:2757:2758:2759:5729:5728:576:577:578:579:580:581:582:583:584:585:1012:2764:2765:1010:593:594:595:596:597:598:541:540:599:3570:6000:5999:5998:5997:1000:999:998:997:996:528:1174:223:1175:1176:1177:1178:826:827:828:829:1194:1196:1203:1211:150:201:244:245:242:246:247:248:249:250:251","stroke":"#F7B731","time_slot":"09:00","time_type":"arrival","transit_type":"bus"},"geometry":{"type":"LineString","coordinates":[[121.5137074705882,25.074498235294108],[121.51367000000003,25.073280000000008]]}},{"type":"Feature","properties":{"arrival_time":"09:00","cutoff":900,"departure_time":"09:00","layer":"network","minutes":15,"route_id":"bus:101712-11125:5826:4547:4551:3523:4553:2750:2751:2752:2753:2754:2755:1447:2756:2757:2758:2759:2760:2761:2762:2763:1012:2764:2765:2766:2767:1749:1750:1751:1752:1093:1092:999:998:997:996:528:1174:223:1175:1176:1177:1178:826:827:828:829:1194:1196:4526:834:835:244:146:242:1281","stroke":"#F7B731","time_slot":"09:00","time_type":"arrival","transit_type":"bus"},"geometry":{"type":"LineString","coordinates":[[121.5140318888889,25.05543877777777],[121.51347700000001,25.053167]]}},{"type":"Feature","properties":{"arrival_time":"09:00","cutoff":900,"departure_time":"09:00","layer":"network","minutes":15,"route_id":"bus:101712-16121:404:3021:403:402:401:400:399:398:397:1293:4908:1476:1235:1474:1473:5370:3306:3322:3323:1109:3324:1108:3336:1354:3346:3347:3351:3352:3353:1278:248:247:246:146:244:89:90:4784:5347","stroke":"#F7B731","time_slot":"09:00","time_type":"arrival","transit_type":"bus"},"geometry":{"type":"LineString","coordinates":[[121.493132,25.028426],[121.4964985,25.029042500000003]]}},{"type":"Feature","properties":{"arrival_time":"09:00","cutoff":900,"departure_time":"09:00","layer":"network","minutes":15,"route_id":"bus:101712-10262:1758:838:839:840:841:842:844:846:848:850:852:854:856:858:860:862:865:814:815:816:817:818:819:820:821:822:823:824:825:826:827:828:829:1194:1196:1208:1209:987:740:1681","stroke":"#F7B731","time_slot":"09:00","time_type":"arrival","transit_type":"bus"},"geometry":{"type":"LineString","coordinates":[[121.51989714285712,25.046511142857153],[121.51722746666665,25.048518533333333]]}},{"type":"Feature","properties":{"arrival_time":"09:00","cutoff":900,"departure_time":"09:00","layer":"network","minutes":15,"route_id":"bus:101712-10328:2768:1795:1796:5086:636:637:638:639:640:641:642:643:644:645:646:647:648:552:553:554:555:556:557:3386:558:559:560:561:562:1066:1067:1069:572:573:574:575:1075:1076:1077:1078:1079:1080:1081:752:753:1612:1611:1972:1954:863:1953:2677:908:907:197:742:1537:2712:2713:915:916:917:918","stroke":"#F7B731","time_slot":"09:00","time_type":"arrival","transit_type":"bus"},"geometry":{"type":"LineString","coordinates":[[121.533000102564,25.052041307692306],[121.53295599999998,25.048461500000002]]}},{"type":"Feature","properties":{"arrival_time":"09:00","cutoff":900,"departure_time":"09:00","layer":"network","minutes":15,"route_id":"bus:101712-10328:2768:1795:1796:5086:636:637:638:639:640:641:642:643:644:645:646:647:648:552:553:554:555:556:557:3386:558:559:560:561:562:1066:1067:1069:572:573:574:575:1075:1076:1077:1078:1079:1080:1081:752:753:1612:1611:1972:1954:863:1953:2677:908:907:197:742:1537:2712:2713:915:916:917:918","stroke":"#F7B731","time_slot":"09:00","time_type":"arrival","transit_type":"bus"},"geometry":{"type":"LineString","coordinates":[[121.533000102564,25.052041307692306],[121.53308140000001,25.054748049999993]]}},{"type":"Feature","properties":{"arrival_time":"09:00","cutoff":900,"departure_time":"09:00","layer":"network","minutes":15,"route_id":"bus:101712-10721:745:747:752:753:754:755:756:757:758:1083:759:760:761:762:763:764:765:778:792:795:796:797:5555:5556:3351:798:799:808:812:813","stroke":"#F7B731","time_slot":"09:00","time_type":"arrival","transit_type":"bus"},"geometry":{"type":"LineString","coordinates":[[121.495902,25.026771],[121.497207,25.024103]]}},{"type":"Feature","properties":{"arrival_time":"09:00","cutoff":900,"departure_time":"09:00","layer":"network","minutes":15,"route_id":"bus:101712-10722:813:812:1218:1224:295:294:1245:1253:251:252:1273:1274:1275:252:253:250:249:1278:1214:1213:1212:1280:1281:1282:1283:1284:1355:1285:1356","stroke":"#F7B731","time_slot":"09:00","time_type":"arrival","transit_type":"bus"},"geometry":{"type":"LineString","coordinates":[[121.50469,25.0422],[121.50533,25.04463]]}},{"type":"Feature","properties":{"arrival_time":"09:00","cutoff":900,"departure_time":"09:00","layer":"network","minutes":15,"route_id":"bus:101712-11124:5826:4547:4551:3523:4553:705:6083:6084:2750:2751:2752:2753:2754:2755:1447:2756:2757:2758:2759:5729:5728:576:577:578:579:580:581:582:583:584:585:1012:2764:2765:1010:593:594:595:596:597:598:541:540:599:3570:6000:5999:5998:5997:1000:999:998:997:996:528:1174:223:1175:1176:1177:1178:826:827:828:829:1194:1196:1203:1211:150:201:244:245:242:246:247:248:249:250:251","stroke":"#F7B731","time_slot":"09:00","time_type":"arrival","transit_type":"bus"},"geometry":{"type":"LineString","coordinates":[[121.51267655555554,25.08188422222222],[121.5137074705882,25.074498235294108]]}},{"type":"Feature","properties":{"arrival_time":"09:00","cutoff":900,"departure_time":"09:00","layer":"network","minutes":15,"route_id":"bus:101712-11833:913:915:916:917:918:919:54:920:921:922:923:243:924:926:928:930:932:934:935:936:937:939:941:943:945:947:757:756:755:948:753:752:747:745:952:954:956","stroke":"#F7B731","time_slot":"09:00","time_type":"arrival","transit_type":"bus"},"geometry":{"type":"LineString","coordinates":[[121.542735,25.041824899999995],[121.54377,25.0465]]}},{"type":"Feature","properties":{"arrival_time":"09:00","cutoff":900,"departure_time":"09:00","layer":"network","minutes":15,"route_id":"bus:101712-16111:5176:5094:5854:2424:2425:2426:2427:2428:2429:2353:441:442:443:1237:3174:1234:1545:1546:394:393:1547:5311:1548:1549:1550:1551:1422:1423:2078:1424:1425:2079:5371:3086:812:1217:1216:1215:1214:3091:247:246:146:244:89:3098:3100:3102:3104:3123:198:197:195:193:191:189:187:185:183:3173:2067:2068:2069:302:63:299","stroke":"#F7B731","time_slot":"09:00","time_type":"arrival","transit_type":"bus"},"geometry":{"type":"LineString","coordinates":[[121.53008142105261,25.05205773684211],[121.52489640000002,25.050579199999998]]}},{"type":"Feature","properties":{"arrival_time":"09:00","cutoff":900,"departure_time":"09:00","layer":"network","minutes":15,"route_id":"bus:101712-10414:5320:1645:1646:1647:1648:1649:216:1193:1192:975:976:977:978:1718:1719:1675:1676:4675:2320:984:985:1899:1900:1901:1902:1903:1904:1905:1906:1907:1908:42:205:206:741:740:1681","stroke":"#F7B731","time_slot":"09:00","time_type":"arrival","transit_type":"bus"},"geometry":{"type":"LineString","coordinates":[[121.52269113333337,25.056401066666663],[121.52204305263159,25.051024157894737]]}},{"type":"Feature","properties":{"arrival_time":"09:00","cutoff":900,"departure_time":"09:00","layer":"network","minutes":15,"route_id":"bus:101712-10782:2985:6042:1169:2321:1673:1672:2805:4562:2804:956:954:4519:2803:2802:2801:3332:3333:3334:1768:3335:1389:1391:1393:1395:753:754:3018:3337:3338:3339:3340:3341:3342:3343:1273:253:250:249:248:247:246:2322:1281:4499:6043:795:796:797:3352:3353:1215:1216:1217:812:813","stroke":"#F7B731","time_slot":"09:00","time_type":"arrival","transit_type":"bus"},"geometry":{"type":"LineString","coordinates":[[121.50654264999999,25.036215450000004],[121.5043,25.0381]]}},{"type":"Feature","properties":{"arrival_time":"09:00","cutoff":900,"departure_time":"09:00","layer":"network","minutes":15,"route_id":"bus:101712-10932:1468:5037:378:379:380:381:2356:2357:792:836:242:146:147:869:151:152:2221:2220:3483:3484:1953:2093:2097:2102:2216:2104:2105:1308:1307:2110:2111:2112:101:293:292:290:107:5033:5872:314:316:5178:317:318:319:385","stroke":"#F7B731","time_slot":"09:00","time_type":"arrival","transit_type":"bus"},"geometry":{"type":"LineString","coordinates":[[121.545738,25.03784],[121.54356766666668,25.037945555555556]]}},{"type":"Feature","properties":{"arrival_time":"09:00","cutoff":900,"departure_time":"09:00","layer":"network","minutes":15,"route_id":"bus:101712-11246:5762:978:1718:1719:1675:1676:1679:1680:202:203:204:166:1729:167:3002:1756:1757:200:199:198:197:195:193:191:1384:909:910:911:1308:5042:4926:849:3079:2174:2173:2172:1289:1288:1287:3080","stroke":"#F7B731","time_slot":"09:00","time_type":"arrival","transit_type":"bus"},"geometry":{"type":"LineString","coordinates":[[121.518152,25.062226000000003],[121.50188177777778,25.0636075]]}},{"type":"Feature","properties":{"arrival_time":"09:00","cutoff":900,"departure_time":"09:00","layer":"network","minutes":15,"route_id":"bus:101712-17800:89:245:242:5028:792:242:868:3014:861:855:912:849:4457:310:293:100:97:96:243:91:5711","stroke":"#F7B731","time_slot":"09:00","time_type":"arrival","transit_type":"bus"},"geometry":{"type":"LineString","coordinates":[[121.50704716129033,25.03802016129033],[121.50038566666666,25.032967000000003]]}},{"type":"Feature","properties":{"arrival_time":"09:00","cutoff":900,"departure_time":"09:00","layer":"network","minutes":15,"route_id":"rail:Orange:7188:7189:7190:7191:7192:7193:7194:7195:7196:7197:7198:7199:7200:7201:7202:7203:7204:7205:7206:7207:7208","stroke":"#20BF6B","time_slot":"09:00","time_type":"arrival","transit_type":"rail"},"geometry":{"type":"LineString","coordinates":[[121.5330129,25.0520573],[121.5330129,25.0520573],[121.5330384,25.0536589],[121.5330904,25.0550897],[121.5331035,25.0560963],[121.5331916,25.0604341]]}},{"type":"Feature","properties":{"arrival_time":"09:00","cutoff":900,"departure_time":"09:00","layer":"network","minutes":15,"route_id":"rail:Red:7214:7215:7216:7217:7218:7219:7220:7221:7222:7223:7224:7225:7226:7227:7228:7229:7230:7231:7232:7233:7234:7236:7237:7238:7239:7240:7241","stroke":"#20BF6B","time_slot":"09:00","time_type":"arrival","transit_type":"rail"},"geometry":{"type":"LineString","coordinates":[[121.5193376,25.0629072],[121.5191926,25.063271],[121.5191315,25.0634676],[121.5191001,25.0635896],[121.5190667,25.0637476],[121.5190423,25.0639215],[121.5190314,25.0640502],[121.5190278,25.0641473],[121.5190298,25.0643955],[121.5190577,25.0646144],[121.5192868,25.0657827],[121.5192894,25.0657963],[121.5192894,25.0657963],[121.519412,25.0664459],[121.5194967,25.0669241],[121.5197297,25.0685348],[121.5198007,25.0689972],[121.5199444,25.0701027],[121.520153,25.0713817]]}},{"type":"Feature","properties":{"arrival_time":"09:00","cutoff":900,"departure_time":"09:00","layer":"network","minutes":15,"route_id":"bus:101712-10231:3066:1:3:5:7:9:11:13:15:17:19:21:23:25:27:29:31:33:35:37:39:41:43:45:47:49:51:53:52:50:48:46:44:42:59","stroke":"#F7B731","time_slot":"09:00","time_type":"arrival","transit_type":"bus"},"geometry":{"type":"LineString","coordinates":[[121.52538414285712,25.062722476190476],[121.52960600000003,25.062591499999996]]}},{"type":"Feature","properties":{"arrival_time":"09:00","cutoff":900,"departure_time":"09:00","layer":"network","minutes":15,"route_id":"bus:101712-10232:789:790:791:5:3:1:133:5649:5650:5651:5652:181:5221:183:185:187:189:191:193:195:197:198:199:200:1208:6023:833:834","stroke":"#F7B731","time_slot":"09:00","time_type":"arrival","transit_type":"bus"},"geometry":{"type":"LineString","coordinates":[[121.51977050000002,25.052788999999994],[121.51603792307694,25.053632538461535]]}},{"type":"Feature","properties":{"arrival_time":"09:00","cutoff":900,"departure_time":"09:00","layer":"network","minutes":15,"route_id":"bus:101712-10811:1286:1287:1288:1289:1290:1291:1292:934:932:930:1296:928:1297:1301:1302:922:191:1303:1367:54:53:52:50:1381:1380:1379:5113:1090:873:872:1312:529:530:531:1325:1326:1327:533:534:535:536:1144:1143:1142","stroke":"#F7B731","time_slot":"09:00","time_type":"arrival","transit_type":"bus"},"geometry":{"type":"LineString","coordinates":[[121.54391,25.042932],[121.54399,25.04531]]}},{"type":"Feature","properties":{"arrival_time":"09:00","cutoff":900,"departure_time":"09:00","layer":"network","minutes":15,"route_id":"bus:101712-11841:1738:2182:1739:1740:2183:2184:2185:2186:273:274:225:227:229:278:279:281:1328:135:237:238:239:286:1329:288:290:292:1330:293:101:2112:2111:2110:1307:1308:2105:2216:2217:2093:1953:2218:2219:2220:2221:3032:3077:5360:146","stroke":"#F7B731","time_slot":"09:00","time_type":"arrival","transit_type":"bus"},"geometry":{"type":"LineString","coordinates":[[121.50915250000001,25.039074999999997],[121.5085589,25.036666299999997]]}},{"type":"Feature","properties":{"arrival_time":"09:00","cutoff":900,"departure_time":"09:00","layer":"network","minutes":15,"route_id":"bus:101712-17022:1379:1380:1381:906:743:4447:4448:4449:4450:4790:4451:4452:4453:4454:4455:937:935:1292:1291:1387:1388:4534:5408:935","stroke":"#F7B731","time_slot":"09:00","time_type":"arrival","transit_type":"bus"},"geometry":{"type":"LineString","coordinates":[[121.5356075,25.057965500000005],[121.53313299999999,25.060643]]}},{"type":"Feature","properties":{"arrival_time":"09:00","cutoff":900,"departure_time":"09:00","layer":"network","minutes":15,"route_id":"bus:101712-10181:1738:2182:1739:1740:2183:2184:2185:2186:273:274:225:227:229:231:232:11:9:233:234:235:236:1439:1440:1441:1442:1443:1444:1445:1446:1452:1458:330:329:328:327:326:325:1495:1513:1521:4450:320:91:90:89:244:245:242:246:247:248:249:250:253:251:1253:1245:294:295:1224:1218","stroke":"#F7B731","time_slot":"09:00","time_type":"arrival","transit_type":"bus"},"geometry":{"type":"LineString","coordinates":[[121.50327339999998,25.0247878],[121.5026746,25.022930800000005]]}},{"type":"Feature","properties":{"arrival_time":"09:00","cutoff":900,"departure_time":"09:00","layer":"network","minutes":15,"route_id":"bus:101712-10481:5257:2881:2882:2883:2884:4647:1538:1539:2475:4693:2478:2479:2480:3027:3028:1542:1543:1233:2483:1522:1237:443:1524:1473:5370:3306:3322:390:6008:388:1560:6014:5555:797:796:795:792:836:242:146:244:4500:90:4784:5347","stroke":"#F7B731","time_slot":"09:00","time_type":"arrival","transit_type":"bus"},"geometry":{"type":"LineString","coordinates":[[121.52270090476189,25.04497161904763],[121.5227136,25.0429668]]}},{"type":"Feature","properties":{"arrival_time":"09:00","cutoff":900,"departure_time":"09:00","layer":"network","minutes":15,"route_id":"bus:101712-10811:1286:1287:1288:1289:1290:1291:1292:934:932:930:1296:928:1297:1301:1302:922:191:1303:1367:54:53:52:50:1381:1380:1379:5113:1090:873:872:1312:529:530:531:1325:1326:1327:533:534:535:536:1144:1143:1142","stroke":"#F7B731","time_slot":"09:00","time_type":"arrival","transit_type":"bus"},"geometry":{"type":"LineString","coordinates":[[121.54408968000001,25.051901160000003],[121.54385866666667,25.049189]]}},{"type":"Feature","properties":{"arrival_time":"09:00","cutoff":900,"departure_time":"09:00","layer":"network","minutes":15,"route_id":"bus:101712-11242:4716:4708:4847:6118:6119:6120:6121:6122:28:30:986:34:36:38:40:42:205:1205","stroke":"#F7B731","time_slot":"09:00","time_type":"arrival","transit_type":"bus"},"geometry":{"type":"LineString","coordinates":[[121.52281983333332,25.06095616666667],[121.52138828571427,25.057840857142857]]}},{"type":"Feature","properties":{"arrival_time":"09:00","cutoff":900,"departure_time":"09:00","layer":"network","minutes":15,"route_id":"bus:101712-15711:6136:4726:5885:5233:6137:1379:1380:1381:5669:5668:6138:1823:6139:5063:5057:3104:6028:987","stroke":"#F7B731","time_slot":"09:00","time_type":"arrival","transit_type":"bus"},"geometry":{"type":"LineString","coordinates":[[121.52424214285715,25.04814014285714],[121.5232335,25.04787]]}},{"type":"Feature","properties":{"arrival_time":"09:00","cutoff":900,"departure_time":"09:00","layer":"network","minutes":15,"route_id":"rail:Blue:7121:7122:7123:7124:7125:7126:7127:7128:7129:7130:7131:7132:7133:7134:7135:7136:7137:7138:7139:7140:7141:7142:7143","stroke":"#20BF6B","time_slot":"09:00","time_type":"arrival","transit_type":"rail"},"geometry":{"type":"LineString","coordinates":[[121.5174996,25.0461854],[121.5174996,25.0461854],[121.5184494,25.0459552],[121.5188033,25.0458501],[121.5194177,25.0456336],[121.5196135,25.0455674],[121.519874,25.0454943],[121.520081,25.0454439],[121.5202391,25.045414],[121.520591,25.0453609],[121.5210537,25.0453028],[121.5214857,25.0452336],[121.521703,25.0451855],[121.524296,25.0445873]]}},{"type":"Feature","properties":{"arrival_time":"09:00","cutoff":900,"departure_time":"09:00","layer":"network","minutes":15,"route_id":"rail:Green:7168:7169:7170:7172:7173:7174:7175:7176:7177:7178:7179:7180:7181:7182:7183:7184:7185:7186:7187","stroke":"#20BF6B","time_slot":"09:00","time_type":"arrival","transit_type":"rail"},"geometry":{"type":"LineString","coordinates":[[121.5652708,25.0513914],[121.5658375,25.0513666],[121.56647,25.0513214],[121.5671412,25.0512624],[121.5675177,25.0512338],[121.5677419,25.0512172],[121.568124,25.0512022],[121.5681794,25.051202],[121.5683504,25.0511968],[121.5697665,25.0511598],[121.5700489,25.0511384],[121.570133,25.0511268],[121.5704344,25.0510557],[121.5707451,25.0509326],[121.5709388,25.0508258],[121.571125,25.0507077],[121.5714115,25.050517],[121.5714791,25.0504716],[121.5715943,25.0503967],[121.5716091,25.0503876],[121.5716517,25.0503604],[121.5717067,25.0503263],[121.5718352,25.0502513],[121.5719681,25.0501853],[121.5720422,25.0501535],[121.5722163,25.0500873],[121.572374,25.0500416],[121.5725671,25.0500047],[121.5726801,25.0499862],[121.5728095,25.0499767],[121.572951,25.0499717],[121.5731777,25.049973],[121.5767205,25.0500406],[121.5770408,25.0500461],[121.5779292,25.0500765]]}},{"type":"Feature","properties":{"arrival_time":"09:00","cutoff":900,"departure_time":"09:00","layer":"network","minutes":15,"route_id":"rail:Red:7214:7215:7216:7217:7218:7219:7220:7221:7222:7223:7224:7225:7226:7227:7228:7229:7230:7231:7232:7233:7234:7236:7237:7238:7239:7240:7241","stroke":"#20BF6B","time_slot":"09:00","time_type":"arrival","transit_type":"rail"},"geometry":{"type":"LineString","coordinates":[[121.5435963,25.0333839],[121.5435963,25.0333839],[121.5399814,25.0334582],[121.5387604,25.0334875]]}},{"type":"Feature","properties":{"arrival_time":"09:00","cutoff":900,"departure_time":"09:00","layer":"network","minutes":15,"route_id":"bus:101712-10221:1534:1595:1526:1390:1392:1394:1396:1397:1398:1399:1400:1596:1597:1598:1599:1917:1916:1915:1914:65:66:136:67:4911:5354:70:71:1911:3635:2466:300:301:78:79:80:2163:81:82:83:84:85:86:87:88:164:165:166:1729:167:3002:42:2177:2178:1199:2179:2180:897:896:1755:5359:527:528:4533:432","stroke":"#F7B731","time_slot":"09:00","time_type":"arrival","transit_type":"bus"},"geometry":{"type":"LineString","coordinates":[[121.5183854705882,25.06840194117646],[121.518517,25.066329]]}},{"type":"Feature","properties":{"arrival_time":"09:00","cutoff":900,"departure_time":"09:00","layer":"network","minutes":15,"route_id":"bus:101712-10221:1534:1595:1526:1390:1392:1394:1396:1397:1398:1399:1400:1596:1597:1598:1599:1917:1916:1915:1914:65:66:136:67:4911:5354:70:71:1911:3635:2466:300:301:78:79:80:2163:81:82:83:84:85:86:87:88:164:165:166:1729:167:3002:42:2177:2178:1199:2179:2180:897:896:1755:5359:527:528:4533:432","stroke":"#F7B731","time_slot":"09:00","time_type":"arrival","transit_type":"bus"},"geometry":{"type":"LineString","coordinates":[[121.523371,25.083449333333334],[121.52240450000002,25.081058142857135]]}},{"type":"Feature","properties":{"arrival_time":"09:00","cutoff":900,"departure_time":"09:00","layer":"network","minutes":15,"route_id":"bus:101712-10492:3183:1639:1640:1641:1642:1643:687:686:685:684:683:682:681:680:679:2222:1839:1838:1837:1836:1835:1834:1833:1832:1831:1830:1829:1828:1827:2223:192:194:196:136:67:68:137:138:212:139:322:140:141:142:1026:143:202:203:204:166:1729:167:3002:42:44:1201:1202:4815:4816:4818:743:744:746:920:921","stroke":"#F7B731","time_slot":"09:00","time_type":"arrival","transit_type":"bus"},"geometry":{"type":"LineString","coordinates":[[121.52693,25.05795],[121.528881,25.058003666666668]]}},{"type":"Feature","properties":{"arrival_time":"09:00","cutoff":900,"departure_time":"09:00","layer":"network","minutes":15,"route_id":"bus:101712-10864:813:812:1218:1224:295:294:1245:1253:251:252:253:250:249:248:247:4667:146:244:2224:6061:1203:1208:200:199:198:197:6062:6063:6064:6065:1030:57:58:60:61:62:43:63","stroke":"#F7B731","time_slot":"09:00","time_type":"arrival","transit_type":"bus"},"geometry":{"type":"LineString","coordinates":[[121.53409,25.05472],[121.53808,25.054575]]}},{"type":"Feature","properties":{"arrival_time":"09:00","cutoff":900,"departure_time":"09:00","layer":"network","minutes":15,"route_id":"bus:101712-10873:4508:108:4509:314:4434:312:310:843:845:847:849:3055:851:853:855:857:859:861:863:864:866:867:868:152:151:869:870:146:242:246:247:248:249:250:253:1273:1274:3344:3345:5314:295:294:1245:1253:251","stroke":"#F7B731","time_slot":"09:00","time_type":"arrival","transit_type":"bus"},"geometry":{"type":"LineString","coordinates":[[121.530395,25.033725],[121.52744599999998,25.03412]]}},{"type":"Feature","properties":{"arrival_time":"09:00","cutoff":900,"departure_time":"09:00","layer":"network","minutes":15,"route_id":"bus:101712-15381:862:865:814:815:816:817:818:819:1176:1177:825:901:6123:826:2342:5545:3663:3664:3665:3666:1201:1202:5135:6114:5133:3123:3104:6115:89:244:245:242:246:247:3091:1214:1215:1216:1217:812:813","stroke":"#F7B731","time_slot":"09:00","time_type":"arrival","transit_type":"bus"},"geometry":{"type":"LineString","coordinates":[[121.51391249999996,25.06875249999999],[121.51625857142857,25.068501428571427]]}},{"type":"Feature","properties":{"arrival_time":"09:00","cutoff":900,"departure_time":"09:00","layer":"network","minutes":15,"route_id":"bus:101712-10161:5703:2282:2283:2284:2285:2286:2287:3057:2492:2491:1416:1417:1418:1419:1420:1551:1550:1549:1548:392:391:390:6008:388:387:386:384:383:1469:2356:2357:2358:1280:2359:309:4144:6015","stroke":"#F7B731","time_slot":"09:00","time_type":"arrival","transit_type":"bus"},"geometry":{"type":"LineString","coordinates":[[121.47336036363636,25.03099009090909],[121.47600272727273,25.033893545454553]]}},{"type":"Feature","properties":{"arrival_time":"09:00","cutoff":900,"departure_time":"09:00","layer":"network","minutes":15,"route_id":"bus:101712-10726:4483:4484:4485:4486:4497:4498:4499:1282:313:315:147:148:149:4500:1681:1682:3175:4488:3031:4492:947:945:943:941:939:937:935:1292:1291:1290:1289:1288:1287:3080","stroke":"#F7B731","time_slot":"09:00","time_type":"arrival","transit_type":"bus"},"geometry":{"type":"LineString","coordinates":[[121.505132,25.041538],[121.504023,25.038711]]}},{"type":"Feature","properties":{"arrival_time":"09:00","cutoff":900,"departure_time":"09:00","layer":"network","minutes":15,"route_id":"bus:101712-11853:267:269:271:273:274:225:227:229:231:232:11:9:233:234:235:236:1439:1440:1441:1442:1443:1444:1445:2066:3173:183:185:187:189:191:193:195:197:198:199:200:1208:1194:829:905","stroke":"#F7B731","time_slot":"09:00","time_type":"arrival","transit_type":"bus"},"geometry":{"type":"LineString","coordinates":[[121.51370131250003,25.057125999999997],[121.51603792307694,25.053632538461535]]}},{"type":"Feature","properties":{"arrival_time":"09:00","cutoff":900,"departure_time":"09:00","layer":"network","minutes":15,"route_id":"bus:101712-10116:3023:1123:1124:717:3845:3847:3848:2289:2290:2291:2292:5005:5361:5211:5364:5365:5366:6005:658:659:1717:1713:1711:2089:1536:1553:1519:1520:731:732:733:734:760:4501:4502:764:765:778:1280:2359:309:4144","stroke":"#F7B731","time_slot":"09:00","time_type":"arrival","transit_type":"bus"},"geometry":{"type":"LineString","coordinates":[[121.515273,25.012580000000007],[121.516224,25.01604300000001]]}},{"type":"Feature","properties":{"arrival_time":"09:00","cutoff":900,"departure_time":"09:00","layer":"network","minutes":15,"route_id":"bus:101712-10171:3023:1119:1423:1422:1551:1550:1549:1548:1527:1113:4741:1528:706:1529:707:3086:812:1217:1216:1215:1214:1213:1212:792:4739:4499:837","stroke":"#F7B731","time_slot":"09:00","time_type":"arrival","transit_type":"bus"},"geometry":{"type":"LineString","coordinates":[[121.5013872857143,25.036310142857143],[121.50099399999999,25.0384]]}},{"type":"Feature","properties":{"arrival_time":"09:00","cutoff":900,"departure_time":"09:00","layer":"network","minutes":15,"route_id":"bus:101712-10746:608:609:610:611:612:613:992:614:615:616:5038:617:618:619:621:622:623:624:625:626:627:628:1678:2574:1677:573:574:575:1075:1076:1077:1078:1079:1080:1081:752:753:754:755:756:757:758:4540:4543:2808:2809:5360:146:244:150","stroke":"#F7B731","time_slot":"09:00","time_type":"arrival","transit_type":"bus"},"geometry":{"type":"LineString","coordinates":[[121.51316199999998,25.046551999999995],[121.50920646938768,25.045437142857146]]}},{"type":"Feature","properties":{"arrival_time":"09:00","cutoff":900,"departure_time":"09:00","layer":"network","minutes":15,"route_id":"bus:101712-16157:5106:4236:259:260:261:2157:950:951:953:955:957:958:959:960:6116:3053:5887:2199:6169:5571:758:757:756:755:948:753:5727:1448:1433:1554:3013:1536:2089:1711:1713:5471:659:658:657:656:655:654:714:653:652:1122:651:650","stroke":"#F7B731","time_slot":"09:00","time_type":"arrival","transit_type":"bus"},"geometry":{"type":"LineString","coordinates":[[121.53501579166668,25.014086000000017],[121.535791,25.013102]]}},{"type":"Feature","properties":{"arrival_time":"09:00","cutoff":900,"departure_time":"09:00","layer":"network","minutes":15,"route_id":"bus:101712-10181:1738:2182:1739:1740:2183:2184:2185:2186:273:274:225:227:229:231:232:11:9:233:234:235:236:1439:1440:1441:1442:1443:1444:1445:1446:1452:1458:330:329:328:327:326:325:1495:1513:1521:4450:320:91:90:89:244:245:242:246:247:248:249:250:253:251:1253:1245:294:295:1224:1218","stroke":"#F7B731","time_slot":"09:00","time_type":"arrival","transit_type":"bus"},"geometry":{"type":"LineString","coordinates":[[121.50417759999999,25.030435999999995],[121.50544464285713,25.028458928571435]]}},{"type":"Feature","properties":{"arrival_time":"09:00","cutoff":900,"departure_time":"09:00","layer":"network","minutes":15,"route_id":"bus:101712-10333:2643:1059:1060:1061:1062:1063:1064:1065:563:564:5411:565:2797:566:567:568:569:570:571:572:573:574:575:1075:1076:1077:1078:1079:1080:1081:752:753:754:755:756:757:758:1083:1084:1085:2808:2809:2810:148","stroke":"#F7B731","time_slot":"09:00","time_type":"arrival","transit_type":"bus"},"geometry":{"type":"LineString","coordinates":[[121.513763,25.035465],[121.511455,25.035878]]}},{"type":"Feature","properties":{"arrival_time":"09:00","cutoff":900,"departure_time":"09:00","layer":"network","minutes":15,"route_id":"bus:101712-11232:5762:978:1718:1719:1675:1676:4675:2320:984:985:1899:1900:1901:1902:1903:1904:1905:1906:1908:42:44:1201:1202:5135:6114:5133:3123:3104:6115:5887:6116:6117:6012:1953:863:1954:939:937:935:1292:1291:1290:1289:1288:1287:3080","stroke":"#F7B731","time_slot":"09:00","time_type":"arrival","transit_type":"bus"},"geometry":{"type":"LineString","coordinates":[[121.52301925,25.04239125],[121.5269255,25.0414025]]}},{"type":"Feature","properties":{"arrival_time":"09:00","cutoff":900,"departure_time":"09:00","layer":"network","minutes":15,"route_id":"bus:101712-10116:3023:1123:1124:717:3845:3847:3848:2289:2290:2291:2292:5005:5361:5211:5364:5365:5366:6005:658:659:1717:1713:1711:2089:1536:1553:1519:1520:731:732:733:734:760:4501:4502:764:765:778:1280:2359:309:4144","stroke":"#F7B731","time_slot":"09:00","time_type":"arrival","transit_type":"bus"},"geometry":{"type":"LineString","coordinates":[[121.51679781818183,25.024404727272728],[121.517445,25.028027]]}},{"type":"Feature","properties":{"arrival_time":"09:00","cutoff":900,"departure_time":"09:00","layer":"network","minutes":15,"route_id":"bus:101712-10181:1738:2182:1739:1740:2183:2184:2185:2186:273:274:225:227:229:231:232:11:9:233:234:235:236:1439:1440:1441:1442:1443:1444:1445:1446:1452:1458:330:329:328:327:326:325:1495:1513:1521:4450:320:91:90:89:244:245:242:246:247:248:249:250:253:251:1253:1245:294:295:1224:1218","stroke":"#F7B731","time_slot":"09:00","time_type":"arrival","transit_type":"bus"},"geometry":{"type":"LineString","coordinates":[[121.54288825,25.0483045],[121.54091500000001,25.048337500000002]]}},{"type":"Feature","properties":{"arrival_time":"09:00","cutoff":900,"departure_time":"09:00","layer":"network","minutes":15,"route_id":"bus:101712-10452:5127:3184:3185:3186:3187:3188:3189:3190:3191:3191:3190:3189:3188:3187:3186:3185:3184:3183:1639:1640:1641:1642:1643:2576:3072:3661:3660:5121:3659:3658:3657:976:977:978:1718:1719:1675:1676:164:165:166:1729:167:3002:829:1194:1196:1203:1211:987","stroke":"#F7B731","time_slot":"09:00","time_type":"arrival","transit_type":"bus"},"geometry":{"type":"LineString","coordinates":[[121.51722746666665,25.048518533333333],[121.51346815384613,25.050395692307692]]}},{"type":"Feature","properties":{"arrival_time":"09:00","cutoff":900,"departure_time":"09:00","layer":"network","minutes":15,"route_id":"bus:101712-10862:6052:6053:6054:5556:6055:4485:4486:2357:792:836:5360:6056:737:4488:3031:1084:4582:4583:866:3014:863:861:4455","stroke":"#F7B731","time_slot":"09:00","time_type":"arrival","transit_type":"bus"},"geometry":{"type":"LineString","coordinates":[[121.50416214285714,25.035760714285715],[121.5085589,25.036666299999997]]}},{"type":"Feature","properties":{"arrival_time":"09:00","cutoff":900,"departure_time":"09:00","layer":"network","minutes":15,"route_id":"bus:101712-10882:814:815:816:817:818:819:820:821:822:823:824:825:826:827:828:829:830:831:832:833:834:835:244:146:242:836:778:837","stroke":"#F7B731","time_slot":"09:00","time_type":"arrival","transit_type":"bus"},"geometry":{"type":"LineString","coordinates":[[121.50218875,25.035251625],[121.50416214285714,25.035760714285715]]}},{"type":"Feature","properties":{"arrival_time":"09:00","cutoff":900,"departure_time":"09:00","layer":"network","minutes":15,"route_id":"bus:101712-10164:5703:2282:2283:2284:2285:1488:1487:1486:1485:1484:1483:3025:3026:2474:2475:404:2476:2477:2478:2479:2480:3027:3028:1542:1543:1233:2483:1234:1545:1546:1476:1235:1474:3029:1565:1172:1171:1106:5751:1105:1104:5752:5753:5754:5755:5756:5757:5572:2356:382:1469","stroke":"#F7B731","time_slot":"09:00","time_type":"arrival","transit_type":"bus"},"geometry":{"type":"LineString","coordinates":[[121.47366,25.03163],[121.47336036363636,25.03099009090909]]}},{"type":"Feature","properties":{"arrival_time":"09:00","cutoff":900,"departure_time":"09:00","layer":"network","minutes":15,"route_id":"bus:101712-10278:5368:3070:221:222:819:820:821:822:823:901:902:903:904:905:830:831:832:4464:4465:987:6028:6029:6030:6031:6032:4436:4437:6033:909:6034:6035:6036:289:291:2175:308:310:312","stroke":"#F7B731","time_slot":"09:00","time_type":"arrival","transit_type":"bus"},"geometry":{"type":"LineString","coordinates":[[121.511324,25.05983],[121.5114,25.057929]]}},{"type":"Feature","properties":{"arrival_time":"09:00","cutoff":900,"departure_time":"09:00","layer":"network","minutes":15,"route_id":"bus:101712-10283:1534:1595:1526:1390:1392:1394:1396:1397:1398:1399:1400:1596:1597:1598:1599:1917:1916:2535:194:196:136:67:68:137:138:212:139:322:140:141:142:1026:143:144:309:311:313:315:4910:3077:3032:4914:4915:737:4488:3031:4492:947:945:943:941:939:937:935:1292:1291:4923:4924:4925:4926:4927:4928:97:98:99","stroke":"#F7B731","time_slot":"09:00","time_type":"arrival","transit_type":"bus"},"geometry":{"type":"LineString","coordinates":[[121.50367000000001,25.041536000000004],[121.505132,25.041538]]}},{"type":"Feature","properties":{"arrival_time":"09:00","cutoff":900,"departure_time":"09:00","layer":"network","minutes":15,"route_id":"bus:101712-10722:813:812:1218:1224:295:294:1245:1253:251:252:1273:1274:1275:252:253:250:249:1278:1214:1213:1212:1280:1281:1282:1283:1284:1355:1285:1356","stroke":"#F7B731","time_slot":"09:00","time_type":"arrival","transit_type":"bus"},"geometry":{"type":"LineString","coordinates":[[121.501585,25.036891],[121.50247959999999,25.0382648]]}},{"type":"Feature","properties":{"arrival_time":"09:00","cutoff":900,"departure_time":"09:00","layer":"network","minutes":15,"route_id":"bus:101712-10736:2541:2545:626:625:624:623:4558:2573:2571:3331:3330:3329:4585:3328:3327:3326:2805:4562:1078:1079:1080:1081:752:753:754:3018:3337:3338:3339:3340:3341:3342:4650:4651:4652:4653:250:249:248:247:4667:146:244:89","stroke":"#F7B731","time_slot":"09:00","time_type":"arrival","transit_type":"bus"},"geometry":{"type":"LineString","coordinates":[[121.50470128571429,25.0323232857143],[121.506284,25.035011]]}},{"type":"Feature","properties":{"arrival_time":"09:00","cutoff":900,"departure_time":"09:00","layer":"network","minutes":15,"route_id":"bus:101712-10961:299:63:302:303:61:60:58:57:1438:2456:1382:1383:1029:1384:909:96:243:94:93:92:91:90:89:244:245:5360:6056:6022:1683:733:1686:1689:6075:1519:1553:1536:2089:1711:1713:5471:5407:715:716:2289:2544:2640:707:1529:706:4741:1528:1114:1115:1116:1117:1422:1420:6076:1418:1417:1416:2491:2492:2493:2495:6073:3915:3914:3644:3642:3059:3058:3057:2287:2286:2285:2284","stroke":"#F7B731","time_slot":"09:00","time_type":"arrival","transit_type":"bus"},"geometry":{"type":"LineString","coordinates":[[121.51400557142858,25.032532857142858],[121.511867,25.035160999999995]]}},{"type":"Feature","properties":{"arrival_time":"09:00","cutoff":900,"departure_time":"09:00","layer":"network","minutes":15,"route_id":"bus:101712-11041:706:1529:707:708:1427:1428:1429:1430:1530:1531:731:732:733:3341:3340:3339:3338:756:757:758:1083:1084:4582:4583:2735:4584:3053:5887","stroke":"#F7B731","time_slot":"09:00","time_type":"arrival","transit_type":"bus"},"geometry":{"type":"LineString","coordinates":[[121.52649357894737,25.022188263157904],[121.52501975,25.02146075]]}},{"type":"Feature","properties":{"arrival_time":"09:00","cutoff":900,"departure_time":"09:00","layer":"network","minutes":15,"route_id":"bus:101712-11232:5762:978:1718:1719:1675:1676:4675:2320:984:985:1899:1900:1901:1902:1903:1904:1905:1906:1908:42:44:1201:1202:5135:6114:5133:3123:3104:6115:5887:6116:6117:6012:1953:863:1954:939:937:935:1292:1291:1290:1289:1288:1287:3080","stroke":"#F7B731","time_slot":"09:00","time_type":"arrival","transit_type":"bus"},"geometry":{"type":"LineString","coordinates":[[121.53277309090909,25.03817250000001],[121.53180000000002,25.040218999999997]]}},{"type":"Feature","properties":{"arrival_time":"09:00","cutoff":900,"departure_time":"09:00","layer":"network","minutes":15,"route_id":"rail:Brown:7144:7145:7146:7147:7148:7149:7150:7151:7152:7153:7154:7155:7156:7157:7158:7159:7160:7161:7162:7163:7164:7165:7166:7167","stroke":"#20BF6B","time_slot":"09:00","time_type":"arrival","transit_type":"rail"},"geometry":{"type":"LineString","coordinates":[[121.5441917,25.0603266],[121.5442222,25.0614708],[121.5442405,25.0630103],[121.5442439,25.0633012],[121.5442974,25.0660049],[121.5443061,25.0660883],[121.5443295,25.0661898],[121.544348,25.0662394],[121.5443724,25.0662867],[121.5444291,25.0663655],[121.5445043,25.0664239],[121.5445493,25.0664486],[121.5445903,25.0664642],[121.5446551,25.0664798],[121.5447223,25.0664863],[121.5447793,25.0664839],[121.5448712,25.0664632],[121.5449643,25.0664267],[121.545015,25.0663995],[121.5451061,25.0663382],[121.5451922,25.0662702],[121.5463042,25.0653543],[121.546428,25.065259],[121.5466188,25.0651184],[121.5467522,25.0650299],[121.5468154,25.0649904],[121.5468154,25.0649904],[121.5469527,25.064905],[121.5477074,25.0644689],[121.5479969,25.0642917],[121.5482884,25.0640943],[121.5486166,25.0638516],[121.5486906,25.0637949],[121.5492355,25.0633776],[121.5493596,25.0632892],[121.5494776,25.0632165],[121.549562,25.0631711],[121.5497212,25.0631073],[121.549835,25.0630707],[121.5499631,25.0630432],[121.5500582,25.0630293],[121.5501607,25.0630221],[121.550445,25.0630188],[121.550861,25.0630263],[121.5508651,25.0630286],[121.5523671,25.0630591]]}},{"type":"Feature","properties":{"arrival_time":"09:00","cutoff":900,"departure_time":"09:00","layer":"network","minutes":15,"route_id":"rail:Green:7168:7169:7170:7172:7173:7174:7175:7176:7177:7178:7179:7180:7181:7182:7183:7184:7185:7186:7187","stroke":"#20BF6B","time_slot":"09:00","time_type":"arrival","transit_type":"rail"},"geometry":{"type":"LineString","coordinates":[[121.5498894,25.0517176],[121.5577269,25.051562],[121.5597193,25.0515004],[121.5652708,25.0513914]]}},{"type":"Feature","properties":{"arrival_time":"09:00","cutoff":900,"departure_time":"09:00","layer":"network","minutes":15,"route_id":"train:EAST:7268:7267:7266:7265:7264:7258:7490:7480:7478:7472:7470:7468:7465:7463:7459:7456","stroke":"#EB3B5A","time_slot":"09:00","time_type":"arrival","transit_type":"train"},"geometry":{"type":"LineString","coordinates":[[121.60706,25.05348],[121.57906,25.04927]]}},{"type":"Feature","properties":{"arrival_time":"09:00","cutoff":900,"departure_time":"09:00","layer":"network","minutes":15,"route_id":"bus:101712-10764:171:631:620:601:1095:176:175:174:173:172:171:170:169:23:21:19:17:1351:1895:1875:1865:1862:3088:5649:5650:5651:5875:5876:5877:5878:5879:1276:1443:2115","stroke":"#F7B731","time_slot":"09:00","time_type":"arrival","transit_type":"bus"},"geometry":{"type":"LineString","coordinates":[[121.58093999999994,25.050905833333342],[121.57820599999997,25.049805999999993]]}},{"type":"Feature","properties":{"arrival_time":"09:00","cutoff":900,"departure_time":"09:00","layer":"network","minutes":15,"route_id":"bus:101712-10848:6049:6050:6051:299:63:302:303:61:60:58:57:56:55:746:744:743:742:197:907:908:1952:1953:863:1954:1961:1972:1611:1612:753:752:1081:1080:1079:1078:2804:3325","stroke":"#F7B731","time_slot":"09:00","time_type":"arrival","transit_type":"bus"},"geometry":{"type":"LineString","coordinates":[[121.532693,25.040288],[121.53277309090909,25.03817250000001]]}},{"type":"Feature","properties":{"arrival_time":"09:00","cutoff":900,"departure_time":"09:00","layer":"network","minutes":15,"route_id":"bus:101712-10862:6052:6053:6054:5556:6055:4485:4486:2357:792:836:5360:6056:737:4488:3031:1084:4582:4583:866:3014:863:861:4455","stroke":"#F7B731","time_slot":"09:00","time_type":"arrival","transit_type":"bus"},"geometry":{"type":"LineString","coordinates":[[121.53580199999999,25.0335626],[121.53284547826088,25.033584826086955]]}},{"type":"Feature","properties":{"arrival_time":"09:00","cutoff":900,"departure_time":"09:00","layer":"network","minutes":15,"route_id":"bus:101712-10116:3023:1123:1124:717:3845:3847:3848:2289:2290:2291:2292:5005:5361:5211:5364:5365:5366:6005:658:659:1717:1713:1711:2089:1536:1553:1519:1520:731:732:733:734:760:4501:4502:764:765:778:1280:2359:309:4144","stroke":"#F7B731","time_slot":"09:00","time_type":"arrival","transit_type":"bus"},"geometry":{"type":"LineString","coordinates":[[121.51416520000001,25.0279008],[121.5117906,25.029211999999994]]}},{"type":"Feature","properties":{"arrival_time":"09:00","cutoff":900,"departure_time":"09:00","layer":"network","minutes":15,"route_id":"bus:101712-10161:5703:2282:2283:2284:2285:2286:2287:3057:2492:2491:1416:1417:1418:1419:1420:1551:1550:1549:1548:392:391:390:6008:388:387:386:384:383:1469:2356:2357:2358:1280:2359:309:4144:6015","stroke":"#F7B731","time_slot":"09:00","time_type":"arrival","transit_type":"bus"},"geometry":{"type":"LineString","coordinates":[[121.47600272727273,25.033893545454553],[121.49673015384617,25.035250076923074]]}},{"type":"Feature","properties":{"arrival_time":"09:00","cutoff":900,"departure_time":"09:00","layer":"network","minutes":15,"route_id":"bus:101712-10262:1758:838:839:840:841:842:844:846:848:850:852:854:856:858:860:862:865:814:815:816:817:818:819:820:821:822:823:824:825:826:827:828:829:1194:1196:1208:1209:987:740:1681","stroke":"#F7B731","time_slot":"09:00","time_type":"arrival","transit_type":"bus"},"geometry":{"type":"LineString","coordinates":[[121.51391249999996,25.06875249999999],[121.51364400000004,25.066149999999997]]}},{"type":"Feature","properties":{"arrival_time":"09:00","cutoff":900,"departure_time":"09:00","layer":"network","minutes":15,"route_id":"bus:101712-10262:1758:838:839:840:841:842:844:846:848:850:852:854:856:858:860:862:865:814:815:816:817:818:819:820:821:822:823:824:825:826:827:828:829:1194:1196:1208:1209:987:740:1681","stroke":"#F7B731","time_slot":"09:00","time_type":"arrival","transit_type":"bus"},"geometry":{"type":"LineString","coordinates":[[121.51989714285712,25.046511142857153],[121.51846500000002,25.042526]]}},{"type":"Feature","properties":{"arrival_time":"09:00","cutoff":900,"departure_time":"09:00","layer":"network","minutes":15,"route_id":"bus:101712-10278:5368:3070:221:222:819:820:821:822:823:901:902:903:904:905:830:831:832:4464:4465:987:6028:6029:6030:6031:6032:4436:4437:6033:909:6034:6035:6036:289:291:2175:308:310:312","stroke":"#F7B731","time_slot":"09:00","time_type":"arrival","transit_type":"bus"},"geometry":{"type":"LineString","coordinates":[[121.511621,25.054547],[121.511619,25.052937]]}},{"type":"Feature","properties":{"arrival_time":"09:00","cutoff":900,"departure_time":"09:00","layer":"network","minutes":15,"route_id":"bus:101712-10862:6052:6053:6054:5556:6055:4485:4486:2357:792:836:5360:6056:737:4488:3031:1084:4582:4583:866:3014:863:861:4455","stroke":"#F7B731","time_slot":"09:00","time_type":"arrival","transit_type":"bus"},"geometry":{"type":"LineString","coordinates":[[121.53284547826088,25.033584826086955],[121.529725,25.033727]]}},{"type":"Feature","properties":{"arrival_time":"09:00","cutoff":900,"departure_time":"09:00","layer":"network","minutes":15,"route_id":"bus:101712-15185:5086:636:637:638:639:640:641:642:643:644:645:646:647:648:552:553:554:555:556:649:650:651:1122:652:653:714:654:655:656:657:658:659:5407:715:716:2289:2544:2640:5371:3086:812:1217:1216:1215:1214:1213:1212:836:146:244:89:740:5056:5057:5063:4523:1523:6179","stroke":"#F7B731","time_slot":"09:00","time_type":"arrival","transit_type":"bus"},"geometry":{"type":"LineString","coordinates":[[121.533856,25.0484535],[121.535846,25.048321]]}},{"type":"Feature","properties":{"arrival_time":"09:00","cutoff":900,"departure_time":"09:00","layer":"network","minutes":15,"route_id":"bus:101712-17800:89:245:242:5028:792:242:868:3014:861:855:912:849:4457:310:293:100:97:96:243:91:5711","stroke":"#F7B731","time_slot":"09:00","time_type":"arrival","transit_type":"bus"},"geometry":{"type":"LineString","coordinates":[[121.52710366666665,25.04393733333334],[121.51776,25.046456]]}},{"type":"Feature","properties":{"arrival_time":"09:00","cutoff":900,"departure_time":"09:00","layer":"network","minutes":15,"route_id":"bus:101712-10726:4483:4484:4485:4486:4497:4498:4499:1282:313:315:147:148:149:4500:1681:1682:3175:4488:3031:4492:947:945:943:941:939:937:935:1292:1291:1290:1289:1288:1287:3080","stroke":"#F7B731","time_slot":"09:00","time_type":"arrival","transit_type":"bus"},"geometry":{"type":"LineString","coordinates":[[121.511294,25.046764999999997],[121.51446337499999,25.046860000000002]]}},{"type":"Feature","properties":{"arrival_time":"09:00","cutoff":900,"departure_time":"09:00","layer":"network","minutes":15,"route_id":"bus:101712-10862:6052:6053:6054:5556:6055:4485:4486:2357:792:836:5360:6056:737:4488:3031:1084:4582:4583:866:3014:863:861:4455","stroke":"#F7B731","time_slot":"09:00","time_type":"arrival","transit_type":"bus"},"geometry":{"type":"LineString","coordinates":[[121.51568481818181,25.03338245454545],[121.511867,25.035160999999995]]}},{"type":"Feature","properties":{"arrival_time":"09:00","cutoff":900,"departure_time":"09:00","layer":"network","minutes":15,"route_id":"bus:101712-15391:1568:1567:1566:1564:535:534:533:532:531:530:1593:529:871:872:873:995:1009:1306:1594:1304:48:906:1822:1823:197:195:193:191:189:187:185:285:287:289:115:104:105:240:1861:238:237:135:134:133:3088:1862:1865:1875","stroke":"#F7B731","time_slot":"09:00","time_type":"arrival","transit_type":"bus"},"geometry":{"type":"LineString","coordinates":[[121.53171,25.05493],[121.5299965,25.054202500000002]]}},{"type":"Feature","properties":{"arrival_time":"09:00","cutoff":900,"departure_time":"09:00","layer":"network","minutes":15,"route_id":"bus:101712-15685:277:276:275:994:892:891:4505:958:959:960:5696:6011:5855:6010:6009:947:759:760:733:1686:1689:1531:1530:1430:1429:1428:1427:1426:2079:1425:1424:2078:1423:1422:1420","stroke":"#F7B731","time_slot":"09:00","time_type":"arrival","transit_type":"bus"},"geometry":{"type":"LineString","coordinates":[[121.52459933333331,25.026828500000004],[121.52628599999998,25.028558999999998]]}},{"type":"Feature","properties":{"arrival_time":"09:00","cutoff":900,"departure_time":"09:00","layer":"network","minutes":15,"route_id":"rail:Red:7214:7215:7216:7217:7218:7219:7220:7221:7222:7223:7224:7225:7226:7227:7228:7229:7230:7231:7232:7233:7234:7236:7237:7238:7239:7240:7241","stroke":"#20BF6B","time_slot":"09:00","time_type":"arrival","transit_type":"rail"},"geometry":{"type":"LineString","coordinates":[[121.520364,25.052621],[121.520685,25.057575]]}},{"type":"Feature","properties":{"arrival_time":"09:00","cutoff":900,"departure_time":"09:00","layer":"network","minutes":15,"route_id":"rail:Red:7214:7215:7216:7217:7218:7219:7220:7221:7222:7223:7224:7225:7226:7227:7228:7229:7230:7231:7232:7233:7234:7236:7237:7238:7239:7240:7241","stroke":"#20BF6B","time_slot":"09:00","time_type":"arrival","transit_type":"rail"},"geometry":{"type":"LineString","coordinates":[[121.5203595,25.052648],[121.5203053,25.0517742],[121.5202674,25.0510859],[121.5202452,25.0508174],[121.5202011,25.0505648],[121.5201749,25.0504475],[121.5201362,25.0503212],[121.5200914,25.0501927],[121.5200441,25.0500755],[121.5199567,25.0498998],[121.5198924,25.0497826],[121.5197661,25.0495912],[121.519668,25.0494607],[121.5195108,25.0492694],[121.5192124,25.0489251],[121.5190147,25.048682],[121.5187453,25.0483308],[121.518554,25.0480629],[121.5183318,25.0477274],[121.5181815,25.0474819],[121.5178426,25.0468804],[121.517734,25.0466777],[121.5176072,25.0464276],[121.517524,25.0462473],[121.5174996,25.0461854],[121.5174996,25.0461854],[121.5174646,25.0460963],[121.5173454,25.0457491],[121.5172713,25.0454988],[121.5167803,25.0437716],[121.5167026,25.0435124],[121.5166,25.0431945],[121.5165806,25.0431336],[121.5164412,25.0426917],[121.5155063,25.0395847],[121.5154232,25.039269],[121.5153531,25.0389533],[121.5153217,25.0387683],[121.5153044,25.0386329],[121.5152894,25.0384615],[121.5152822,25.0382922],[121.5152821,25.0381184],[121.5152904,25.0379514],[121.5153058,25.037782],[121.5153286,25.0376127],[121.5153592,25.0374433],[121.5153975,25.0372761],[121.5154543,25.0370751],[121.5154971,25.036944],[121.5155494,25.0368016],[121.5156538,25.036562],[121.5157241,25.0364196],[121.5158025,25.0362771],[121.515916,25.0360871],[121.5162086,25.035637],[121.5165769,25.0351324],[121.5178156,25.0334707],[121.5189233,25.0319846],[121.5189387,25.0319643],[121.5189942,25.0318919],[121.5190749,25.03179],[121.5191966,25.0316497],[121.519294,25.0315545],[121.519423,25.0314457],[121.5195474,25.0313573],[121.5197195,25.0312574],[121.5198988,25.0311755],[121.5200948,25.0311071],[121.5202603,25.0310659],[121.5203955,25.0310428],[121.5204673,25.0310335],[121.520636,25.0310217],[121.5207909,25.0310234],[121.5210177,25.0310452],[121.5211859,25.0310784],[121.5213682,25.0311275],[121.5214464,25.0311565],[121.5215714,25.031208],[121.5216546,25.0312461],[121.5217498,25.0312977],[121.5218349,25.0313493],[121.5219166,25.0314032],[121.5220784,25.031529],[121.5221935,25.0316437],[121.5222778,25.0317382],[121.5223734,25.0318643],[121.5224258,25.0319453],[121.5224859,25.0320499],[121.5224859,25.0320499],[121.5224879,25.0320534],[121.5225266,25.0321323],[121.5225967,25.0323126],[121.5226212,25.0323938],[121.5226613,25.0325765],[121.5226926,25.0327998],[121.522741,25.0332556],[121.5227625,25.033418],[121.5227926,25.0335804],[121.5228369,25.0337428],[121.5228632,25.0338171],[121.5229127,25.0339343],[121.5229567,25.0340222],[121.5230157,25.0341236],[121.5231297,25.0342857],[121.5231979,25.0343667],[121.5233287,25.0345062],[121.5234928,25.0346365],[121.5236351,25.034733],[121.5238164,25.0348317],[121.5239426,25.0348877],[121.5240868,25.0349391],[121.5242701,25.0349904],[121.5243395,25.0350059],[121.5244762,25.0350257],[121.5245453,25.0350345],[121.5247218,25.0350429],[121.524863,25.0350402],[121.5250039,25.0350307],[121.5251632,25.0350053],[121.5252821,25.03498],[121.5254583,25.0349275],[121.5256166,25.034866],[121.5257869,25.0347819],[121.5259371,25.0347024],[121.5260106,25.0346592],[121.5265749,25.0343254],[121.5267368,25.0342368],[121.5268475,25.0341823],[121.5269559,25.0341345],[121.5271328,25.0340707],[121.5272052,25.0340501],[121.5273732,25.0340089],[121.5274966,25.0339859],[121.5277451,25.0339489],[121.5298986,25.0336613],[121.5299466,25.0336544],[121.5301601,25.0336288],[121.5303028,25.0336102],[121.5305198,25.0335937],[121.5307634,25.0335793],[121.5309415,25.0335741],[121.5311991,25.0335755],[121.5319424,25.0335931],[121.5326596,25.0336041],[121.5332666,25.0335997],[121.5387604,25.0334875],[121.5399814,25.0334582],[121.5435963,25.0333839],[121.5435963,25.0333839],[121.5458478,25.0333375],[121.5465346,25.0333124],[121.5468684,25.0333044],[121.5574977,25.0330777],[121.5582393,25.0330636],[121.5652117,25.0329087],[121.5654557,25.0329032],[121.5658517,25.032895],[121.5663202,25.0328864],[121.5665469,25.0328833],[121.5667166,25.0328804],[121.5669432,25.0328795],[121.5674114,25.0328755],[121.5678078,25.032874],[121.5698147,25.0328686],[121.5708732,25.0328668],[121.5708771,25.0328668],[121.4448661,25.1682951],[121.4459735,25.1674657],[121.4468117,25.1668402],[121.4471385,25.1666022],[121.4499416,25.1644925],[121.4502161,25.1642727],[121.4507853,25.163788],[121.4512732,25.1633644],[121.4514419,25.1632014],[121.4515861,25.163043],[121.4517181,25.1628755],[121.4518544,25.1626743],[121.4519616,25.1624866],[121.4520683,25.1622651],[121.4521356,25.1621024],[121.4524261,25.1612867],[121.4525073,25.1610923],[121.4525916,25.1609228],[121.4526926,25.1607487],[121.4528172,25.16057],[121.4529202,25.1604411],[121.4530187,25.1603279],[121.4531811,25.1601649],[121.453289,25.160072],[121.4534024,25.1599814],[121.453536,25.1598862],[121.4536315,25.1598227],[121.4537583,25.1597456],[121.453884,25.1596775],[121.4540418,25.1596003],[121.4541761,25.1595434],[121.4543435,25.1594775],[121.4552905,25.159136],[121.4562387,25.1587878],[121.4564975,25.1586877],[121.4567141,25.1585899],[121.4568459,25.1585218],[121.4570148,25.1584265],[121.4571887,25.1583199],[121.4572972,25.1582428],[121.4574421,25.158134],[121.4576445,25.1579619],[121.4577672,25.1578419],[121.4578709,25.157731],[121.4580141,25.1575612],[121.4580466,25.1575182],[121.4581251,25.1574142],[121.4582145,25.1572807],[121.4583217,25.1571021],[121.4584054,25.1569416],[121.4584743,25.1567902],[121.4585443,25.1566071],[121.4586068,25.1564106],[121.4586548,25.1562254],[121.4586922,25.1560379],[121.4587188,25.1558505],[121.4587354,25.1556608],[121.4588736,25.1535162],[121.4589049,25.1531686],[121.4589443,25.1528547],[121.4591091,25.1518295],[121.459126,25.1517031],[121.4591582,25.151378],[121.4593218,25.1488902],[121.4593518,25.14838],[121.4593533,25.1483376],[121.459368,25.147906],[121.4593846,25.1458092],[121.4593822,25.1431865],[121.4594245,25.1404283],[121.4594185,25.138995],[121.4594277,25.1385549],[121.4594572,25.1377355],[121.4594874,25.1371034],[121.4595203,25.1362095],[121.4595196,25.1358778],[121.4595095,25.1357424],[121.4594792,25.13551],[121.4594347,25.1353002],[121.4594052,25.1351875],[121.4593425,25.1350003],[121.4592549,25.1347929],[121.4591843,25.1346465],[121.4590957,25.1344775],[121.4588872,25.1340944],[121.4586735,25.1337136],[121.4583904,25.1331886],[121.4583252,25.1330602],[121.458272,25.132943],[121.4582029,25.1327626],[121.4581545,25.1325957],[121.4581152,25.1324311],[121.4580883,25.1322822],[121.4580675,25.1321198],[121.4580567,25.1319505],[121.4580565,25.1318399],[121.4580619,25.1317045],[121.4580799,25.1315306],[121.4581093,25.1313522],[121.4581269,25.1312709],[121.4581655,25.1311264],[121.4582102,25.1309885],[121.4582347,25.1309208],[121.4583078,25.1307467],[121.4583712,25.1306179],[121.4584598,25.1304529],[121.4588833,25.1297428],[121.4590908,25.1293766],[121.4601457,25.1274593],[121.4607446,25.126356],[121.4613276,25.1252957],[121.4613673,25.1252278],[121.4614958,25.1250311],[121.4616142,25.124875],[121.461717,25.124755],[121.4619016,25.1245671],[121.4620706,25.1244244],[121.4621682,25.1243496],[121.462281,25.1242725],[121.462431,25.1241772],[121.4626382,25.1240683],[121.4627329,25.1240228],[121.4628978,25.1239546],[121.4630172,25.1239113],[121.4631906,25.1238589],[121.4632719,25.1238382],[121.4632719,25.1238382],[121.4632782,25.1238365],[121.4632782,25.1238365],[121.4632783,25.1238365],[121.4633268,25.1238247],[121.4634996,25.1237881],[121.4637112,25.1237581],[121.4640024,25.1237414],[121.4641378,25.1237409],[121.4642668,25.1237473],[121.46441,25.1237581],[121.4645476,25.1237735],[121.4646801,25.1237979],[121.4648407,25.1238313],[121.4651177,25.1239094],[121.4653393,25.1239922],[121.4654573,25.1240438],[121.465647,25.1241402],[121.4658278,25.124248],[121.4660471,25.1244008],[121.4661413,25.1244772],[121.4663108,25.124637],[121.4664203,25.1247517],[121.466487,25.1248283],[121.4666632,25.1250579],[121.4676453,25.1264271],[121.4677216,25.1265284],[121.4678545,25.126695],[121.4679196,25.1267693],[121.4680802,25.1269381],[121.4682282,25.1270776],[121.4685627,25.1273519],[121.4699548,25.128467],[121.4705416,25.1289255],[121.4708297,25.1291345],[121.4721074,25.1299949],[121.4723513,25.1301657],[121.4724871,25.1302668],[121.4739756,25.1314448],[121.4778694,25.1345515],[121.4781619,25.134774],[121.4783682,25.1349156],[121.4786919,25.1351132],[121.4788581,25.1352006],[121.4790307,25.1352813],[121.4792331,25.135371],[121.4813122,25.1362648],[121.4813312,25.1362738],[121.4826388,25.136836],[121.4828751,25.1369301],[121.4830284,25.1369883],[121.4833589,25.1370933],[121.4836062,25.1371602],[121.4837479,25.1371936],[121.4840457,25.1372535],[121.4854243,25.1374928],[121.4865846,25.137699],[121.4880888,25.1379536],[121.4885031,25.1380087],[121.4888944,25.1380503],[121.4891687,25.1380697],[121.4896957,25.1380905],[121.4899362,25.1380897],[121.4901993,25.1380776],[121.4903747,25.1380612],[121.4905305,25.1380381],[121.4907092,25.1380037],[121.4909052,25.1379556],[121.4911299,25.1378849],[121.4912713,25.137837],[121.4914369,25.1377665],[121.4916435,25.1376688],[121.4934183,25.1367736],[121.493586,25.136685],[121.4938012,25.1365646],[121.4940553,25.1364058],[121.4942587,25.1362697],[121.4944247,25.1361563],[121.4945786,25.136052],[121.4948574,25.1358615],[121.4952183,25.1356052],[121.4955251,25.1353604],[121.4957716,25.1351452],[121.4962233,25.1346629],[121.4964269,25.134423],[121.4969157,25.1338233],[121.497057,25.1336603],[121.4977448,25.1329154],[121.497784,25.1328747],[121.4986561,25.1318014],[121.4986561,25.1318014],[121.4990014,25.1313764],[121.499443,25.1308197],[121.4998031,25.1303535],[121.499975,25.1301137],[121.5000687,25.1299735],[121.500121,25.1298875],[121.5002028,25.1297405],[121.5002741,25.1296004],[121.5003426,25.1294467],[121.5003917,25.1293156],[121.5004526,25.129128],[121.5005044,25.128918],[121.5005763,25.1285453],[121.5006712,25.1279559],[121.5007234,25.1275337],[121.5007573,25.1273169],[121.5008267,25.1269262],[121.5012505,25.1248325],[121.5013493,25.1243604],[121.50139,25.1241775],[121.5015074,25.1237076],[121.5015749,25.1234704],[121.5016579,25.1232218],[121.5017186,25.1230704],[121.5017828,25.122928],[121.5018745,25.1227539],[121.5019437,25.1226408],[121.5020315,25.1225119],[121.5021379,25.1223738],[121.5023075,25.1221859],[121.5024254,25.1220704],[121.5026104,25.1219118],[121.5028112,25.1217667],[121.502967,25.1216668],[121.5032138,25.1215351],[121.5033576,25.1214714],[121.5036184,25.1213712],[121.5037921,25.1213187],[121.5039462,25.1212776],[121.5040991,25.1212364],[121.5042533,25.1212043],[121.5054657,25.120988],[121.510086,25.1201326],[121.5102937,25.1200913],[121.5105761,25.1200249],[121.5108568,25.1199359],[121.5109496,25.119904],[121.5110542,25.119863],[121.5113604,25.1197242],[121.5115178,25.1196402],[121.5117205,25.1195176],[121.5119183,25.1193815],[121.5120721,25.1192659],[121.5122821,25.1190914],[121.512483,25.1188875],[121.512627,25.1187223],[121.5127322,25.118591],[121.5129623,25.1182697],[121.5137068,25.1171951],[121.5147697,25.1156453],[121.5162167,25.113557],[121.5168118,25.1127086],[121.5176745,25.1113875],[121.5183605,25.1104258],[121.5194923,25.1087833],[121.5198761,25.1082335],[121.5199762,25.1080841],[121.5217581,25.1055094],[121.5218744,25.1053217],[121.5219753,25.1051408],[121.522033,25.1050209],[121.5220852,25.1049011],[121.5221608,25.1046932],[121.5222177,25.1045079],[121.5222722,25.1042843],[121.5223168,25.1040652],[121.5226883,25.1019491],[121.5227316,25.1017232],[121.5227748,25.1015267],[121.522809,25.1014002],[121.522856,25.1012488],[121.5229056,25.1011132],[121.5229452,25.1010183],[121.5230824,25.1007221],[121.5245314,25.0979273],[121.5246635,25.0976628],[121.5247874,25.0973757],[121.525407,25.0958207],[121.5257336,25.0949009],[121.5266728,25.0921101],[121.5267299,25.0919226],[121.5270561,25.0907613],[121.5271668,25.0903366],[121.5272463,25.0900203],[121.5272718,25.0898938],[121.5272977,25.0897222],[121.5273104,25.0895822],[121.5273157,25.0894536],[121.5273128,25.0892662],[121.5273036,25.0891421],[121.5272734,25.0889143],[121.5272236,25.0886955],[121.5271777,25.0885422],[121.5271244,25.0883934],[121.5270249,25.0881681],[121.5269596,25.0880442],[121.5268148,25.0878122],[121.5266821,25.0876299],[121.5259623,25.0867386],[121.5258007,25.0865315],[121.5256991,25.0863897],[121.5255996,25.0862343],[121.5254896,25.0860316],[121.5254143,25.0858716],[121.5253673,25.0857521],[121.525298,25.0855492],[121.5252137,25.0852448],[121.5247756,25.0834408],[121.5247133,25.0832062],[121.5246067,25.0828252],[121.5244039,25.0821397],[121.5242866,25.0817271],[121.5238926,25.0802749],[121.5238269,25.0800472],[121.5237438,25.0798128],[121.523654,25.0796032],[121.523549,25.0793937],[121.5220957,25.0766745],[121.5217351,25.0760099],[121.5214346,25.0754106],[121.5207587,25.0740384],[121.5205843,25.0736643],[121.5205283,25.0735291],[121.5204674,25.0733442],[121.5204168,25.0731639],[121.5203808,25.0730015],[121.5203402,25.0727782],[121.5202367,25.0719795],[121.520153,25.0713817],[121.5199444,25.0701027],[121.5198007,25.0689972],[121.5197297,25.0685348],[121.5194967,25.0669241],[121.519412,25.0664459],[121.5192894,25.0657963],[121.5192894,25.0657963],[121.5192868,25.0657827],[121.5190577,25.0646144],[121.5190298,25.0643955],[121.5190278,25.0641473],[121.5190314,25.0640502],[121.5190423,25.0639215],[121.5190667,25.0637476],[121.5191001,25.0635896],[121.5191315,25.0634676],[121.5191926,25.063271],[121.5193376,25.0629072]]}},{"type":"Feature","properties":{"arrival_time":"09:00","cutoff":900,"departure_time":"09:00","layer":"network","minutes":15,"route_id":"bus:101712-10261:819:820:821:822:823:824:825:900:899:962:3663:3664:3665:3666:1201:1202:1204:1205:1206:1207:3688:3689:3705","stroke":"#F7B731","time_slot":"09:00","time_type":"arrival","transit_type":"bus"},"geometry":{"type":"LineString","coordinates":[[121.52443625000001,25.058068500000005],[121.52138828571427,25.057840857142857]]}},{"type":"Feature","properties":{"arrival_time":"09:00","cutoff":900,"departure_time":"09:00","layer":"network","minutes":15,"route_id":"bus:101712-10278:5368:3070:221:222:819:820:821:822:823:901:902:903:904:905:830:831:832:4464:4465:987:6028:6029:6030:6031:6032:4436:4437:6033:909:6034:6035:6036:289:291:2175:308:310:312","stroke":"#F7B731","time_slot":"09:00","time_type":"arrival","transit_type":"bus"},"geometry":{"type":"LineString","coordinates":[[121.526495,25.047122],[121.528667,25.046487]]}},{"type":"Feature","properties":{"arrival_time":"09:00","cutoff":900,"departure_time":"09:00","layer":"network","minutes":15,"route_id":"bus:101712-15381:862:865:814:815:816:817:818:819:1176:1177:825:901:6123:826:2342:5545:3663:3664:3665:3666:1201:1202:5135:6114:5133:3123:3104:6115:89:244:245:242:246:247:3091:1214:1215:1216:1217:812:813","stroke":"#F7B731","time_slot":"09:00","time_type":"arrival","transit_type":"bus"},"geometry":{"type":"LineString","coordinates":[[121.5134358,25.072099599999998],[121.5137074705882,25.074498235294108]]}},{"type":"Feature","properties":{"arrival_time":"09:00","cutoff":900,"departure_time":"09:00","layer":"network","minutes":15,"route_id":"bus:101712-18708:5554:2212:1288:1289:935:941:5409:151:89","stroke":"#F7B731","time_slot":"09:00","time_type":"arrival","transit_type":"bus"},"geometry":{"type":"LineString","coordinates":[[121.51649173809524,25.046506309523814],[121.51526515384617,25.043378615384615]]}},{"type":"Feature","properties":{"arrival_time":"09:00","cutoff":900,"departure_time":"09:00","layer":"network","minutes":15,"route_id":"bus:101712-10282:2241:2240:1597:1596:1401:1402:1405:1406:1421:1436:188:190:192:194:196:136:67:68:137:138:212:139:322:140:141:142:1026:143:144:145:153:3077:3032:4914:4915:737:4488:3031:4492:947:945:943:941:939:937:935:1292:1291:4923:4924:4925:4926:4927:4928:97:98:99","stroke":"#F7B731","time_slot":"09:00","time_type":"arrival","transit_type":"bus"},"geometry":{"type":"LineString","coordinates":[[121.55027700000001,25.041512],[121.549708,25.039649]]}},{"type":"Feature","properties":{"arrival_time":"09:00","cutoff":900,"departure_time":"09:00","layer":"network","minutes":15,"route_id":"bus:101712-10417:0:2:4:6:8:10:12:14:16:18:20:22:1353:24:26:28:30:1899:1900:1901:1902:1903:2417:166:204:203:5989:5990:1679:1680:5634:5635:5031:5991:89:90:91:92:93:94:95:96:97:98:99:100:101:293:292:290:1021:106:105:3211","stroke":"#F7B731","time_slot":"09:00","time_type":"arrival","transit_type":"bus"},"geometry":{"type":"LineString","coordinates":[[121.5468725882353,25.041609588235296],[121.55027700000001,25.041512]]}},{"type":"Feature","properties":{"arrival_time":"09:00","cutoff":900,"departure_time":"09:00","layer":"network","minutes":15,"route_id":"bus:101712-10792:745:747:752:753:1612:1611:1972:939:937:935:1292:1291:1313:1314:1315:1316:1317:1318:1319:325:1495:1513:1521:1523:4523:4524:4525:199:200:1208:4526:834","stroke":"#F7B731","time_slot":"09:00","time_type":"arrival","transit_type":"bus"},"geometry":{"type":"LineString","coordinates":[[121.530068,25.049486],[121.530156,25.051132]]}},{"type":"Feature","properties":{"arrival_time":"09:00","cutoff":900,"departure_time":"09:00","layer":"network","minutes":15,"route_id":"bus:101712-10842:5881:256:635:275:5880:1087:5883:5884:884:883:3906:3085:3084:1730:3083:175:176:177:938:940:942:944:946:5619:270:268:266:265:264:263:949:950:951:953:4259:4260:5885:5233:5886:2712:906:742:197:907:908:1952:2218:4584:3053:5887:1681:152:151:869:870","stroke":"#F7B731","time_slot":"09:00","time_type":"arrival","transit_type":"bus"},"geometry":{"type":"LineString","coordinates":[[121.53308140000001,25.054748049999993],[121.53313299999999,25.060643]]}},{"type":"Feature","properties":{"arrival_time":"09:00","cutoff":900,"departure_time":"09:00","layer":"network","minutes":15,"route_id":"bus:101712-10942:4694:4898:5084:296:4493:297:298:2466:300:301:304:76:75:305:306:2525:307:322:140:141:142:1026:143:144:309:311:313:315:147:148:149:89:90:91:320:321:323:324:325:326:327:328:329:330:289:115:104:105:106:107:5033:5872:314:316:5178:317:318:319:368:370:371:372:373:374:375:376:377:385:396:405","stroke":"#F7B731","time_slot":"09:00","time_type":"arrival","transit_type":"bus"},"geometry":{"type":"LineString","coordinates":[[121.54084925,25.0467835],[121.543023,25.047235500000003]]}},{"type":"Feature","properties":{"arrival_time":"09:00","cutoff":900,"departure_time":"09:00","layer":"network","minutes":15,"route_id":"bus:101712-11212:813:812:1217:1216:1215:1278:249:250:4653:4803:4840:4496:4488:736:737:738:868:867:866:3014:863:4453:4452:4451:94:95:96:97:98:99:4591:4593:1320:185:183:3173:2066:1445:1444:1443:1276:4811:1332:4812:1613:254:4813:4576:1337","stroke":"#F7B731","time_slot":"09:00","time_type":"arrival","transit_type":"bus"},"geometry":{"type":"LineString","coordinates":[[121.53883614285714,25.041704428571432],[121.5376325,25.040264]]}},{"type":"Feature","properties":{"arrival_time":"09:00","cutoff":900,"departure_time":"09:00","layer":"network","minutes":15,"route_id":"bus:101712-16157:5106:4236:259:260:261:2157:950:951:953:955:957:958:959:960:6116:3053:5887:2199:6169:5571:758:757:756:755:948:753:5727:1448:1433:1554:3013:1536:2089:1711:1713:5471:659:658:657:656:655:654:714:653:652:1122:651:650","stroke":"#F7B731","time_slot":"09:00","time_type":"arrival","transit_type":"bus"},"geometry":{"type":"LineString","coordinates":[[121.522377,25.041655499999997],[121.521879,25.040352]]}},{"type":"Feature","properties":{"arrival_time":"09:00","cutoff":900,"departure_time":"09:00","layer":"network","minutes":15,"route_id":"bus:101712-16706:683:682:681:680:679:2222:1839:1838:1837:1836:1835:1834:1833:1832:1831:1830:1829:1828:1827:2223:192:194:196:136:67:68:137:138:212:139:322:140:141:142:1026:143:144:309:311:313:315:3077:3032:868:867:866:3014:863:861:859:855:853:912:3078:849:3079:2174:2173:2172:1289:1288:1287:3080:1286:3076","stroke":"#F7B731","time_slot":"09:00","time_type":"arrival","transit_type":"bus"},"geometry":{"type":"LineString","coordinates":[[121.52067233333335,25.03730633333333],[121.51449033333334,25.03860733333333]]}},{"type":"Feature","properties":{"arrival_time":"09:00","cutoff":900,"departure_time":"09:00","layer":"network","minutes":15,"route_id":"bus:101712-10173:3023:1119:5596:1424:1425:1426:713:720:721:722:1129:663:2290:2291:2292:5005:2293:2294:2295:2296:2297:2298:2299:2300:2301:2302:2303:2769:1555:1433:1554:1553:1518:1535:2306:2641:1532:732:733:3030:3031:736:737:738:3032:148","stroke":"#F7B731","time_slot":"09:00","time_type":"arrival","transit_type":"bus"},"geometry":{"type":"LineString","coordinates":[[121.516224,25.01604300000001],[121.51760185714285,25.014343]]}},{"type":"Feature","properties":{"arrival_time":"09:00","cutoff":900,"departure_time":"09:00","layer":"network","minutes":15,"route_id":"bus:101712-10278:5368:3070:221:222:819:820:821:822:823:901:902:903:904:905:830:831:832:4464:4465:987:6028:6029:6030:6031:6032:4436:4437:6033:909:6034:6035:6036:289:291:2175:308:310:312","stroke":"#F7B731","time_slot":"09:00","time_type":"arrival","transit_type":"bus"},"geometry":{"type":"LineString","coordinates":[[121.510832,25.066175],[121.511052,25.06432]]}},{"type":"Feature","properties":{"arrival_time":"09:00","cutoff":900,"departure_time":"09:00","layer":"network","minutes":15,"route_id":"bus:101712-10811:1286:1287:1288:1289:1290:1291:1292:934:932:930:1296:928:1297:1301:1302:922:191:1303:1367:54:53:52:50:1381:1380:1379:5113:1090:873:872:1312:529:530:531:1325:1326:1327:533:534:535:536:1144:1143:1142","stroke":"#F7B731","time_slot":"09:00","time_type":"arrival","transit_type":"bus"},"geometry":{"type":"LineString","coordinates":[[121.543905,25.038504],[121.54391,25.042932]]}},{"type":"Feature","properties":{"arrival_time":"09:00","cutoff":900,"departure_time":"09:00","layer":"network","minutes":15,"route_id":"rail:Orange:7188:7189:7190:7191:7192:7193:7194:7195:7196:7197:7198:7199:7200:7201:7202:7203:7204:7205:7206:7207:7208","stroke":"#20BF6B","time_slot":"09:00","time_type":"arrival","transit_type":"rail"},"geometry":{"type":"LineString","coordinates":[[121.5242435,25.0627342],[121.5235039,25.0627571],[121.5211825,25.06286],[121.5193376,25.0629072]]}},{"type":"Feature","properties":{"arrival_time":"09:00","cutoff":900,"departure_time":"09:00","layer":"network","minutes":15,"route_id":"bus:101712-10711:2212:1373:2156:1769:2315:1277:2811:2812:2813:3167:3044:2569:2567:2565:2165:3046:2563:2562:2800:2801:2802:2803:4519:952:745:747:752:753:754:755:756:757:758:4540:4543:738:152:4545:4549","stroke":"#F7B731","time_slot":"09:00","time_type":"arrival","transit_type":"bus"},"geometry":{"type":"LineString","coordinates":[[121.52096000000002,25.02922],[121.518806,25.03225]]}},{"type":"Feature","properties":{"arrival_time":"09:00","cutoff":900,"departure_time":"09:00","layer":"network","minutes":15,"route_id":"bus:101712-10961:2284:2285:2286:2287:3057:3058:3059:3642:3644:3914:3915:6073:2495:2493:2492:2491:1416:1417:1418:1419:1420:1422:5120:1115:1114:1528:4741:706:1529:707:2640:2544:2289:716:715:1717:1713:1711:2089:1536:1553:1519:1520:731:732:733:1683:6022:6074:148:149:89:90:91:92:93:94:95:96:1318:1319:1437:1029:1030:57:58:60:61:303:6077:6078:6079","stroke":"#F7B731","time_slot":"09:00","time_type":"arrival","transit_type":"bus"},"geometry":{"type":"LineString","coordinates":[[121.51155500000003,25.043262000000006],[121.512761,25.037508]]}},{"type":"Feature","properties":{"arrival_time":"09:00","cutoff":900,"departure_time":"09:00","layer":"network","minutes":15,"route_id":"bus:101712-10221:1534:1595:1526:1390:1392:1394:1396:1397:1398:1399:1400:1596:1597:1598:1599:1917:1916:1915:1914:65:66:136:67:4911:5354:70:71:1911:3635:2466:300:301:78:79:80:2163:81:82:83:84:85:86:87:88:164:165:166:1729:167:3002:42:2177:2178:1199:2179:2180:897:896:1755:5359:527:528:4533:432","stroke":"#F7B731","time_slot":"09:00","time_type":"arrival","transit_type":"bus"},"geometry":{"type":"LineString","coordinates":[[121.5183854705882,25.06840194117646],[121.519041,25.072586]]}},{"type":"Feature","properties":{"arrival_time":"09:00","cutoff":900,"departure_time":"09:00","layer":"network","minutes":15,"route_id":"bus:101712-10262:1758:838:839:840:841:842:844:846:848:850:852:854:856:858:860:862:865:814:815:816:817:818:819:820:821:822:823:824:825:826:827:828:829:1194:1196:1208:1209:987:740:1681","stroke":"#F7B731","time_slot":"09:00","time_type":"arrival","transit_type":"bus"},"geometry":{"type":"LineString","coordinates":[[121.5134358,25.072099599999998],[121.51391249999996,25.06875249999999]]}},{"type":"Feature","properties":{"arrival_time":"09:00","cutoff":900,"departure_time":"09:00","layer":"network","minutes":15,"route_id":"bus:101712-10782:2985:6042:1169:2321:1673:1672:2805:4562:2804:956:954:4519:2803:2802:2801:3332:3333:3334:1768:3335:1389:1391:1393:1395:753:754:3018:3337:3338:3339:3340:3341:3342:3343:1273:253:250:249:248:247:246:2322:1281:4499:6043:795:796:797:3352:3353:1215:1216:1217:812:813","stroke":"#F7B731","time_slot":"09:00","time_type":"arrival","transit_type":"bus"},"geometry":{"type":"LineString","coordinates":[[121.49612766666668,25.02959633333333],[121.4964985,25.029042500000003]]}},{"type":"Feature","properties":{"arrival_time":"09:00","cutoff":900,"departure_time":"09:00","layer":"network","minutes":15,"route_id":"bus:101712-10823:813:812:1217:1216:1215:1214:3091:247:4667:146:244:835:987:741:206:205:1086:1088:1089:1090:873:872:1312:444:450:451:452:453:454:455:456:457:458:459:460:461:462:463:468:486:507:514:515:517:520:521:522:523:407:524:4504:1339:1340:525","stroke":"#F7B731","time_slot":"09:00","time_type":"arrival","transit_type":"bus"},"geometry":{"type":"LineString","coordinates":[[121.52204305263159,25.051024157894737],[121.51722746666665,25.048518533333333]]}},{"type":"Feature","properties":{"arrival_time":"09:00","cutoff":900,"departure_time":"09:00","layer":"network","minutes":15,"route_id":"bus:101712-16121:404:3021:403:402:401:400:399:398:397:1293:4908:1476:1235:1474:1473:5370:3306:3322:3323:1109:3324:1108:3336:1354:3346:3347:3351:3352:3353:1278:248:247:246:146:244:89:90:4784:5347","stroke":"#F7B731","time_slot":"09:00","time_type":"arrival","transit_type":"bus"},"geometry":{"type":"LineString","coordinates":[[121.50417759999999,25.030435999999995],[121.5019286,25.029626599999997]]}},{"type":"Feature","properties":{"arrival_time":"09:00","cutoff":900,"departure_time":"09:00","layer":"network","minutes":15,"route_id":"bus:101712-16123:3021:403:402:401:1480:1479:4907:1477:1293:397:3439:3452:3458:3464:2483:1522:1237:443:4679:4680:5022:5023:5024:5025:5026:5027:5028:5029:246:146:244","stroke":"#F7B731","time_slot":"09:00","time_type":"arrival","transit_type":"bus"},"geometry":{"type":"LineString","coordinates":[[121.494195,25.031208666666668],[121.49707333333333,25.033023333333333]]}},{"type":"Feature","properties":{"arrival_time":"09:00","cutoff":900,"departure_time":"09:00","layer":"network","minutes":15,"route_id":"bus:101712-16746:152:740:741:206:205:1086:1088:1089:1090:230:873:872:1312:444:450:451:452:454:455:456:457:458:459:460:461:462:463:468:486:507:514:515:517:521:523:524:1339:1340:1341:3293:3294:3295:3296:3297:4796:3298:3299:3300:4577:3301:3302:3303:3304:3305:3307:3385:3308:3309:3310:3311:3312:3313:3314:3315:3316:3317:3318:3319:3320:3321:3257:2934:2913:3258","stroke":"#F7B731","time_slot":"09:00","time_type":"arrival","transit_type":"bus"},"geometry":{"type":"LineString","coordinates":[[121.52494524242425,25.084920787878787],[121.52677123076923,25.087446769230766]]}},{"type":"Feature","properties":{"arrival_time":"09:00","cutoff":900,"departure_time":"09:00","layer":"network","minutes":15,"route_id":"bus:101712-10328:2768:1795:1796:5086:636:637:638:639:640:641:642:643:644:645:646:647:648:552:553:554:555:556:557:3386:558:559:560:561:562:1066:1067:1069:572:573:574:575:1075:1076:1077:1078:1079:1080:1081:752:753:1612:1611:1972:1954:863:1953:2677:908:907:197:742:1537:2712:2713:915:916:917:918","stroke":"#F7B731","time_slot":"09:00","time_type":"arrival","transit_type":"bus"},"geometry":{"type":"LineString","coordinates":[[121.53308140000001,25.054748049999993],[121.533177,25.057614]]}},{"type":"Feature","properties":{"arrival_time":"09:00","cutoff":900,"departure_time":"09:00","layer":"network","minutes":15,"route_id":"bus:101712-11124:5826:4547:4551:3523:4553:705:6083:6084:2750:2751:2752:2753:2754:2755:1447:2756:2757:2758:2759:5729:5728:576:577:578:579:580:581:582:583:584:585:1012:2764:2765:1010:593:594:595:596:597:598:541:540:599:3570:6000:5999:5998:5997:1000:999:998:997:996:528:1174:223:1175:1176:1177:1178:826:827:828:829:1194:1196:1203:1211:150:201:244:245:242:246:247:248:249:250:251","stroke":"#F7B731","time_slot":"09:00","time_type":"arrival","transit_type":"bus"},"geometry":{"type":"LineString","coordinates":[[121.51156022222222,25.08434222222222],[121.51267655555554,25.08188422222222]]}},{"type":"Feature","properties":{"arrival_time":"09:00","cutoff":900,"departure_time":"09:00","layer":"network","minutes":15,"route_id":"bus:101712-11232:5762:978:1718:1719:1675:1676:4675:2320:984:985:1899:1900:1901:1902:1903:1904:1905:1906:1908:42:44:1201:1202:5135:6114:5133:3123:3104:6115:5887:6116:6117:6012:1953:863:1954:939:937:935:1292:1291:1290:1289:1288:1287:3080","stroke":"#F7B731","time_slot":"09:00","time_type":"arrival","transit_type":"bus"},"geometry":{"type":"LineString","coordinates":[[121.52489640000002,25.050579199999998],[121.52533466666665,25.053246333333334]]}},{"type":"Feature","properties":{"arrival_time":"09:00","cutoff":900,"departure_time":"09:00","layer":"network","minutes":15,"route_id":"bus:101712-15314:914:122:123:124:125:126:127:128:129:17:15:13:232:11:9:233:234:235:236:1439:1440:1441:1442:1443:1444:1445:1446:1452:1458:330:329:328:327:326:325:1495:1513:1521:1523:197:742:1537:50:48:46:1086:1088:1089:1090:873:872:1312:529:530:531:532:533:534:535:1564:1566:1567:5469","stroke":"#F7B731","time_slot":"09:00","time_type":"arrival","transit_type":"bus"},"geometry":{"type":"LineString","coordinates":[[121.533000102564,25.052041307692306],[121.533856,25.0484535]]}},{"type":"Feature","properties":{"arrival_time":"09:00","cutoff":900,"departure_time":"09:00","layer":"network","minutes":15,"route_id":"bus:101712-15322:1758:838:839:840:841:842:844:846:848:850:852:854:856:858:860:862:865:814:815:816:817:818:819:820:821:822:823:824:1197:900:899:1198:2342:827:828:829:1194:1196:1208:1209","stroke":"#F7B731","time_slot":"09:00","time_type":"arrival","transit_type":"bus"},"geometry":{"type":"LineString","coordinates":[[121.51790866666664,25.071925],[121.51833400000001,25.071066]]}},{"type":"Feature","properties":{"arrival_time":"09:00","cutoff":900,"departure_time":"09:00","layer":"network","minutes":15,"route_id":"rail:Green:7168:7169:7170:7172:7173:7174:7175:7176:7177:7178:7179:7180:7181:7182:7183:7184:7185:7186:7187","stroke":"#20BF6B","time_slot":"09:00","time_type":"arrival","transit_type":"rail"},"geometry":{"type":"LineString","coordinates":[[121.5334047,25.0156353],[121.53285,25.0161744],[121.5324899,25.0165301],[121.5304588,25.0185619],[121.5300377,25.0189764],[121.5292849,25.0196788],[121.5272888,25.0215118]]}},{"type":"Feature","properties":{"arrival_time":"09:00","cutoff":900,"departure_time":"09:00","layer":"network","minutes":15,"route_id":"rail:Green:7168:7169:7170:7172:7173:7174:7175:7176:7177:7178:7179:7180:7181:7182:7183:7184:7185:7186:7187","stroke":"#20BF6B","time_slot":"09:00","time_type":"arrival","transit_type":"rail"},"geometry":{"type":"LineString","coordinates":[[121.5176596,25.0333894],[121.517473,25.0336396],[121.5170779,25.0341782],[121.5169902,25.0342981],[121.5169853,25.0343049],[121.5169246,25.0343818],[121.5168845,25.0344316],[121.5168565,25.0344633],[121.5168096,25.0345131],[121.5167322,25.0345969],[121.5166489,25.0346739],[121.5165598,25.0347487],[121.5163854,25.0348802],[121.5162902,25.0349393],[121.5161917,25.034996],[121.5160758,25.0350529],[121.5159695,25.0351006],[121.5158606,25.0351416],[121.5157499,25.0351781],[121.5156085,25.0352147],[121.5154709,25.0352423],[121.5152508,25.0352724],[121.5148964,25.0353052],[121.5148515,25.0353076],[121.5129006,25.0354656],[121.512608,25.0354914],[121.5124984,25.0355053],[121.5122833,25.0355354],[121.5120488,25.0355836],[121.5118177,25.0356431],[121.5115053,25.0357344]]}},{"type":"Feature","properties":{"arrival_time":"09:00","cutoff":900,"departure_time":"09:00","layer":"network","minutes":15,"route_id":"bus:101712-10231:3066:1:3:5:7:9:11:13:15:17:19:21:23:25:27:29:31:33:35:37:39:41:43:45:47:49:51:53:52:50:48:46:44:42:59","stroke":"#F7B731","time_slot":"09:00","time_type":"arrival","transit_type":"bus"},"geometry":{"type":"LineString","coordinates":[[121.52247624999998,25.062749000000014],[121.52538414285712,25.062722476190476]]}},{"type":"Feature","properties":{"arrival_time":"09:00","cutoff":900,"departure_time":"09:00","layer":"network","minutes":15,"route_id":"bus:101712-10283:1534:1595:1526:1390:1392:1394:1396:1397:1398:1399:1400:1596:1597:1598:1599:1917:1916:2535:194:196:136:67:68:137:138:212:139:322:140:141:142:1026:143:144:309:311:313:315:4910:3077:3032:4914:4915:737:4488:3031:4492:947:945:943:941:939:937:935:1292:1291:4923:4924:4925:4926:4927:4928:97:98:99","stroke":"#F7B731","time_slot":"09:00","time_type":"arrival","transit_type":"bus"},"geometry":{"type":"LineString","coordinates":[[121.50915250000001,25.039074999999997],[121.509124,25.040727]]}},{"type":"Feature","properties":{"arrival_time":"09:00","cutoff":900,"departure_time":"09:00","layer":"network","minutes":15,"route_id":"bus:101712-16508:1767:930:934:5408:1768:4920","stroke":"#F7B731","time_slot":"09:00","time_type":"arrival","transit_type":"bus"},"geometry":{"type":"LineString","coordinates":[[121.54345466666666,25.032332999999998],[121.543572,25.040903]]}},{"type":"Feature","properties":{"arrival_time":"09:00","cutoff":900,"departure_time":"09:00","layer":"network","minutes":15,"route_id":"bus:101712-10414:5320:1645:1646:1647:1648:1649:216:1193:1192:975:976:977:978:1718:1719:1675:1676:4675:2320:984:985:1899:1900:1901:1902:1903:1904:1905:1906:1907:1908:42:205:206:741:740:1681","stroke":"#F7B731","time_slot":"09:00","time_type":"arrival","transit_type":"bus"},"geometry":{"type":"LineString","coordinates":[[121.5180735555555,25.0628667037037],[121.503152,25.062224]]}},{"type":"Feature","properties":{"arrival_time":"09:00","cutoff":900,"departure_time":"09:00","layer":"network","minutes":15,"route_id":"bus:101712-10842:5881:256:635:275:5880:1087:5883:5884:884:883:3906:3085:3084:1730:3083:175:176:177:938:940:942:944:946:5619:270:268:266:265:264:263:949:950:951:953:4259:4260:5885:5233:5886:2712:906:742:197:907:908:1952:2218:4584:3053:5887:1681:152:151:869:870","stroke":"#F7B731","time_slot":"09:00","time_type":"arrival","transit_type":"bus"},"geometry":{"type":"LineString","coordinates":[[121.53313299999999,25.060643],[121.53333057142858,25.063246285714282]]}},{"type":"Feature","properties":{"arrival_time":"09:00","cutoff":900,"departure_time":"09:00","layer":"network","minutes":15,"route_id":"bus:101712-10842:5881:256:635:275:5880:1087:5883:5884:884:883:3906:3085:3084:1730:3083:175:176:177:938:940:942:944:946:5619:270:268:266:265:264:263:949:950:951:953:4259:4260:5885:5233:5886:2712:906:742:197:907:908:1952:2218:4584:3053:5887:1681:152:151:869:870","stroke":"#F7B731","time_slot":"09:00","time_type":"arrival","transit_type":"bus"},"geometry":{"type":"LineString","coordinates":[[121.52480199999998,25.041963999999997],[121.52567,25.039509999999996]]}},{"type":"Feature","properties":{"arrival_time":"09:00","cutoff":900,"departure_time":"09:00","layer":"network","minutes":15,"route_id":"bus:101712-10864:813:812:1218:1224:295:294:1245:1253:251:252:253:250:249:248:247:4667:146:244:2224:6061:1203:1208:200:199:198:197:6062:6063:6064:6065:1030:57:58:60:61:62:43:63","stroke":"#F7B731","time_slot":"09:00","time_type":"arrival","transit_type":"bus"},"geometry":{"type":"LineString","coordinates":[[121.50920646938768,25.045437142857146],[121.51061,25.05061]]}},{"type":"Feature","properties":{"arrival_time":"09:00","cutoff":900,"departure_time":"09:00","layer":"network","minutes":15,"route_id":"bus:101712-11244:4716:4708:2452:2451:4715:3795:3794:4814:4727:2863:2862:2861:1899:1900:1901:1902:1903:2417:166:204:203:202:3016:144:4734:2359:837:1212:1213:1214:1215:1216:1217:812:813","stroke":"#F7B731","time_slot":"09:00","time_type":"arrival","transit_type":"bus"},"geometry":{"type":"LineString","coordinates":[[121.50196354545456,25.039660818181822],[121.501993,25.040741]]}},{"type":"Feature","properties":{"arrival_time":"09:00","cutoff":900,"departure_time":"09:00","layer":"network","minutes":15,"route_id":"bus:101712-11815:3228:2794:2795:5252:2796:2798:2799:2563:2562:2800:2801:2802:2803:4519:952:745:747:752:753:754:755:756:757:5409:6009:6010:5855:6011:5696:6124:6125:6126:6127:5668:5669:48:1304:1305:1306:1090:873:872:1312:529:530:531:532:533:534:535:536:2642:537:538:4772","stroke":"#F7B731","time_slot":"09:00","time_type":"arrival","transit_type":"bus"},"geometry":{"type":"LineString","coordinates":[[121.52910225000001,25.040370499999998],[121.5293,25.04879]]}},{"type":"Feature","properties":{"arrival_time":"09:00","cutoff":900,"departure_time":"09:00","layer":"network","minutes":15,"route_id":"jumpfrog:101712-18538:6866:6867:6868:6869:6870:6871:6872:6873:6874:6892:6875:6876:6877:6878:6879:6880:6893:6881:6882:6883:6884:7058:7059","stroke":"#A55EEA","time_slot":"09:00","time_type":"arrival","transit_type":"jumpfrog"},"geometry":{"type":"LineString","coordinates":[[121.515577,25.01443],[121.514746,25.011596]]}},{"type":"Feature","properties":{"arrival_time":"09:00","cutoff":900,"departure_time":"09:00","layer":"network","minutes":15,"route_id":"rail:Brown:7144:7145:7146:7147:7148:7149:7150:7151:7152:7153:7154:7155:7156:7157:7158:7159:7160:7161:7162:7163:7164:7165:7166:7167","stroke":"#20BF6B","time_slot":"09:00","time_type":"arrival","transit_type":"rail"},"geometry":{"type":"LineString","coordinates":[[121.5435963,25.0333839],[121.543663,25.0368868],[121.5436867,25.0377015],[121.5437019,25.0386946],[121.5437472,25.0406152]]}},{"type":"Feature","properties":{"arrival_time":"09:00","cutoff":900,"departure_time":"09:00","layer":"network","minutes":15,"route_id":"bus:101712-10873:4508:108:4509:314:4434:312:310:843:845:847:849:3055:851:853:855:857:859:861:863:864:866:867:868:152:151:869:870:146:242:246:247:248:249:250:253:1273:1274:3344:3345:5314:295:294:1245:1253:251","stroke":"#F7B731","time_slot":"09:00","time_type":"arrival","transit_type":"bus"},"geometry":{"type":"LineString","coordinates":[[121.52744599999998,25.03412],[121.52456824999997,25.03537975]]}},{"type":"Feature","properties":{"arrival_time":"09:00","cutoff":900,"departure_time":"09:00","layer":"network","minutes":15,"route_id":"bus:101712-11831:913:915:916:917:918:919:53:52:50:906:742:197:4523:5063:5057:3104:6115:89:244:146:4740:6128:2359:837:1212:1213:1214:1215:1216:1217:812:813","stroke":"#F7B731","time_slot":"09:00","time_type":"arrival","transit_type":"bus"},"geometry":{"type":"LineString","coordinates":[[121.53318834782604,25.06242004347826],[121.53313299999999,25.060643]]}},{"type":"Feature","properties":{"arrival_time":"09:00","cutoff":900,"departure_time":"09:00","layer":"network","minutes":15,"route_id":"bus:101712-15711:6136:4726:5885:5233:6137:1379:1380:1381:5669:5668:6138:1823:6139:5063:5057:3104:6028:987","stroke":"#F7B731","time_slot":"09:00","time_type":"arrival","transit_type":"bus"},"geometry":{"type":"LineString","coordinates":[[121.52872550000001,25.048208000000002],[121.529929,25.051342]]}},{"type":"Feature","properties":{"arrival_time":"09:00","cutoff":900,"departure_time":"09:00","layer":"network","minutes":15,"route_id":"bus:101712-16123:3021:403:402:401:1480:1479:4907:1477:1293:397:3439:3452:3458:3464:2483:1522:1237:443:4679:4680:5022:5023:5024:5025:5026:5027:5028:5029:246:146:244","stroke":"#F7B731","time_slot":"09:00","time_type":"arrival","transit_type":"bus"},"geometry":{"type":"LineString","coordinates":[[121.49707333333333,25.033023333333333],[121.50038566666666,25.032967000000003]]}},{"type":"Feature","properties":{"arrival_time":"09:00","cutoff":900,"departure_time":"09:00","layer":"network","minutes":15,"route_id":"bus:101712-10333:2643:1059:1060:1061:1062:1063:1064:1065:563:564:5411:565:2797:566:567:568:569:570:571:572:573:574:575:1075:1076:1077:1078:1079:1080:1081:752:753:754:755:756:757:758:1083:1084:1085:2808:2809:2810:148","stroke":"#F7B731","time_slot":"09:00","time_type":"arrival","transit_type":"bus"},"geometry":{"type":"LineString","coordinates":[[121.511455,25.035878],[121.510993,25.037375]]}},{"type":"Feature","properties":{"arrival_time":"09:00","cutoff":900,"departure_time":"09:00","layer":"network","minutes":15,"route_id":"bus:101712-10181:1738:2182:1739:1740:2183:2184:2185:2186:273:274:225:227:229:231:232:11:9:233:234:235:236:1439:1440:1441:1442:1443:1444:1445:1446:1452:1458:330:329:328:327:326:325:1495:1513:1521:4450:320:91:90:89:244:245:242:246:247:248:249:250:253:251:1253:1245:294:295:1224:1218","stroke":"#F7B731","time_slot":"09:00","time_type":"arrival","transit_type":"bus"},"geometry":{"type":"LineString","coordinates":[[121.58093999999994,25.050905833333342],[121.57675228571435,25.050122285714277]]}},{"type":"Feature","properties":{"arrival_time":"09:00","cutoff":900,"departure_time":"09:00","layer":"network","minutes":15,"route_id":"bus:101712-10261:819:820:821:822:823:824:825:900:899:962:3663:3664:3665:3666:1201:1202:1204:1205:1206:1207:3688:3689:3705","stroke":"#F7B731","time_slot":"09:00","time_type":"arrival","transit_type":"bus"},"geometry":{"type":"LineString","coordinates":[[121.51790866666664,25.071925],[121.51551233333332,25.07199966666667]]}},{"type":"Feature","properties":{"arrival_time":"09:00","cutoff":900,"departure_time":"09:00","layer":"network","minutes":15,"route_id":"bus:101712-10278:5368:3070:221:222:819:820:821:822:823:901:902:903:904:905:830:831:832:4464:4465:987:6028:6029:6030:6031:6032:4436:4437:6033:909:6034:6035:6036:289:291:2175:308:310:312","stroke":"#F7B731","time_slot":"09:00","time_type":"arrival","transit_type":"bus"},"geometry":{"type":"LineString","coordinates":[[121.511052,25.06432],[121.5112165,25.061925249999998]]}},{"type":"Feature","properties":{"arrival_time":"09:00","cutoff":900,"departure_time":"09:00","layer":"network","minutes":15,"route_id":"bus:101712-11203:865:814:815:816:817:818:1754:5869:1755:896:897:898:1198:1199:1200:44:46:48:906:742","stroke":"#F7B731","time_slot":"09:00","time_type":"arrival","transit_type":"bus"},"geometry":{"type":"LineString","coordinates":[[121.52960600000003,25.062591499999996],[121.53313299999999,25.060643]]}},{"type":"Feature","properties":{"arrival_time":"09:00","cutoff":900,"departure_time":"09:00","layer":"network","minutes":15,"route_id":"bus:101712-11232:5762:978:1718:1719:1675:1676:4675:2320:984:985:1899:1900:1901:1902:1903:1904:1905:1906:1908:42:44:1201:1202:5135:6114:5133:3123:3104:6115:5887:6116:6117:6012:1953:863:1954:939:937:935:1292:1291:1290:1289:1288:1287:3080","stroke":"#F7B731","time_slot":"09:00","time_type":"arrival","transit_type":"bus"},"geometry":{"type":"LineString","coordinates":[[121.52551333333334,25.0588],[121.52545400000001,25.056845999999997]]}},{"type":"Feature","properties":{"arrival_time":"09:00","cutoff":900,"departure_time":"09:00","layer":"network","minutes":15,"route_id":"bus:101712-10417:0:2:4:6:8:10:12:14:16:18:20:22:1353:24:26:28:30:1899:1900:1901:1902:1903:2417:166:204:203:5989:5990:1679:1680:5634:5635:5031:5991:89:90:91:92:93:94:95:96:97:98:99:100:101:293:292:290:1021:106:105:3211","stroke":"#F7B731","time_slot":"09:00","time_type":"arrival","transit_type":"bus"},"geometry":{"type":"LineString","coordinates":[[121.4905892,25.059194800000007],[121.4924541,25.0604654]]}},{"type":"Feature","properties":{"arrival_time":"09:00","cutoff":900,"departure_time":"09:00","layer":"network","minutes":15,"route_id":"bus:101712-10453:3183:1639:1640:1641:1642:1643:2576:3072:3661:3660:5121:3659:3658:3657:976:977:978:1718:1719:1675:1676:1679:1680:3016:144:309:311:313:315:147:869:151","stroke":"#F7B731","time_slot":"09:00","time_type":"arrival","transit_type":"bus"},"geometry":{"type":"LineString","coordinates":[[121.50983399999997,25.041492],[121.51319066666666,25.042201333333335]]}},{"type":"Feature","properties":{"arrival_time":"09:00","cutoff":900,"departure_time":"09:00","layer":"network","minutes":15,"route_id":"bus:101712-10181:1738:2182:1739:1740:2183:2184:2185:2186:273:274:225:227:229:231:232:11:9:233:234:235:236:1439:1440:1441:1442:1443:1444:1445:1446:1452:1458:330:329:328:327:326:325:1495:1513:1521:4450:320:91:90:89:244:245:242:246:247:248:249:250:253:251:1253:1245:294:295:1224:1218","stroke":"#F7B731","time_slot":"09:00","time_type":"arrival","transit_type":"bus"},"geometry":{"type":"LineString","coordinates":[[121.54587166666664,25.048183333333334],[121.55094963636365,25.048230272727277]]}},{"type":"Feature","properties":{"arrival_time":"09:00","cutoff":900,"departure_time":"09:00","layer":"network","minutes":15,"route_id":"bus:101712-10232:789:790:791:5:3:1:133:5649:5650:5651:5652:181:5221:183:185:187:189:191:193:195:197:198:199:200:1208:6023:833:834","stroke":"#F7B731","time_slot":"09:00","time_type":"arrival","transit_type":"bus"},"geometry":{"type":"LineString","coordinates":[[121.54408968000001,25.051901160000003],[121.54047481818179,25.051950909090905]]}},{"type":"Feature","properties":{"arrival_time":"09:00","cutoff":900,"departure_time":"09:00","layer":"network","minutes":15,"route_id":"bus:101712-10282:2241:2240:1597:1596:1401:1402:1405:1406:1421:1436:188:190:192:194:196:136:67:68:137:138:212:139:322:140:141:142:1026:143:144:145:153:3077:3032:4914:4915:737:4488:3031:4492:947:945:943:941:939:937:935:1292:1291:4923:4924:4925:4926:4927:4928:97:98:99","stroke":"#F7B731","time_slot":"09:00","time_type":"arrival","transit_type":"bus"},"geometry":{"type":"LineString","coordinates":[[121.514963,25.038008],[121.514976,25.036463]]}},{"type":"Feature","properties":{"arrival_time":"09:00","cutoff":900,"departure_time":"09:00","layer":"network","minutes":15,"route_id":"bus:101712-10722:813:812:1218:1224:295:294:1245:1253:251:252:1273:1274:1275:252:253:250:249:1278:1214:1213:1212:1280:1281:1282:1283:1284:1355:1285:1356","stroke":"#F7B731","time_slot":"09:00","time_type":"arrival","transit_type":"bus"},"geometry":{"type":"LineString","coordinates":[[121.50533,25.04463],[121.505691,25.045968]]}},{"type":"Feature","properties":{"arrival_time":"09:00","cutoff":900,"departure_time":"09:00","layer":"network","minutes":15,"route_id":"bus:101712-10853:5890:5873:5874:1765:1764:1763:128:129:19:21:23:169:170:171:172:173:174:175:176:177:938:940:942:944:946:5619:270:268:266:265:264:263:949:950:951:953:955:957:958:959:960:961:962:1199:1200:5114","stroke":"#F7B731","time_slot":"09:00","time_type":"arrival","transit_type":"bus"},"geometry":{"type":"LineString","coordinates":[[121.5181,25.064874],[121.517328,25.063069]]}},{"type":"Feature","properties":{"arrival_time":"09:00","cutoff":900,"departure_time":"09:00","layer":"network","minutes":15,"route_id":"bus:101712-11023:3228:2794:2795:5252:3252:3253:615:616:2814:3167:3044:2569:2567:2565:2165:3046:2563:2562:2800:3332:3333:3334:1768:3335:4534:4535:4536:6080:4455:4453:4452:4451:4790:4449:4448:4447:6081","stroke":"#F7B731","time_slot":"09:00","time_type":"arrival","transit_type":"bus"},"geometry":{"type":"LineString","coordinates":[[121.536968,25.054565999999998],[121.536712,25.049639]]}},{"type":"Feature","properties":{"arrival_time":"09:00","cutoff":900,"departure_time":"09:00","layer":"network","minutes":15,"route_id":"bus:101712-11881:542:1003:541:540:599:1154:1153:1152:1148:1147:1145:2642:1144:1143:1142:1142:3065:1143:1144:2642:1145:1147:1148:1152:1153:1154:538:539:540:541:1097:1094:1093:1092:999:998:997:996:528:1174:223:1175:1176:1177:1178:826:827:828:829:1194:1196:1203:1211:150:201:244:245:242:836:1212:1213:1214:1215:1216:1217:812:813","stroke":"#F7B731","time_slot":"09:00","time_type":"arrival","transit_type":"bus"},"geometry":{"type":"LineString","coordinates":[[121.50416214285714,25.035760714285715],[121.50109300000001,25.034419]]}},{"type":"Feature","properties":{"arrival_time":"09:00","cutoff":900,"departure_time":"09:00","layer":"network","minutes":15,"route_id":"bus:101712-15191:4532:3162:3163:3164:3165:3166:3093:3094:3067:3095:602:988:989:990:991:603:604:605:606:607:608:609:610:611:612:613:992:614:615:616:2814:3167:3044:3331:3330:3329:4585:3328:3327:3326:2805:4562:1078:1079:1080:1081:752:753:754:755:756:757:758:4540:4543:2808:2809:5360:146:244:2224:833:4717:4718:4526","stroke":"#F7B731","time_slot":"09:00","time_type":"arrival","transit_type":"bus"},"geometry":{"type":"LineString","coordinates":[[121.5103708,25.0527308],[121.5113,25.0538]]}},{"type":"Feature","properties":{"arrival_time":"09:00","cutoff":900,"departure_time":"09:00","layer":"network","minutes":15,"route_id":"bus:101712-15561:1419:1420:1422:1423:2078:1424:1425:2079:1426:713:720:721:722:723:724:3851:1713:1711:2089:1536:1553:1518:1535:2306:2641:1532:732:733:760:759:5409:6009:6010:5855:6011:5696:6012:2677:908:907:197:742:1537:6013:52:53:51:49:5243:47:5244:45:43:41:39:37:35:180:179:178:938:940:942:944:946:5619:270:268:266:889:888:5995:886:885:5884:5883","stroke":"#F7B731","time_slot":"09:00","time_type":"arrival","transit_type":"bus"},"geometry":{"type":"LineString","coordinates":[[121.51679781818183,25.024404727272728],[121.51737584615383,25.02689246153846]]}},{"type":"Feature","properties":{"arrival_time":"09:00","cutoff":900,"departure_time":"09:00","layer":"network","minutes":15,"route_id":"bus:101712-16121:404:3021:403:402:401:400:399:398:397:1293:4908:1476:1235:1474:1473:5370:3306:3322:3323:1109:3324:1108:3336:1354:3346:3347:3351:3352:3353:1278:248:247:246:146:244:89:90:4784:5347","stroke":"#F7B731","time_slot":"09:00","time_type":"arrival","transit_type":"bus"},"geometry":{"type":"LineString","coordinates":[[121.477947,25.025105],[121.493132,25.028426]]}},{"type":"Feature","properties":{"arrival_time":"09:00","cutoff":900,"departure_time":"09:00","layer":"network","minutes":15,"route_id":"rail:Red:7214:7215:7216:7217:7218:7219:7220:7221:7222:7223:7224:7225:7226:7227:7228:7229:7230:7231:7232:7233:7234:7236:7237:7238:7239:7240:7241","stroke":"#20BF6B","time_slot":"09:00","time_type":"arrival","transit_type":"rail"},"geometry":{"type":"LineString","coordinates":[[121.5277451,25.0339489],[121.5274966,25.0339859],[121.5273732,25.0340089],[121.5272052,25.0340501],[121.5271328,25.0340707],[121.5269559,25.0341345],[121.5268475,25.0341823],[121.5267368,25.0342368],[121.5265749,25.0343254],[121.5260106,25.0346592],[121.5259371,25.0347024],[121.5257869,25.0347819],[121.5256166,25.034866],[121.5254583,25.0349275],[121.5252821,25.03498],[121.5251632,25.0350053],[121.5250039,25.0350307],[121.524863,25.0350402],[121.5247218,25.0350429],[121.5245453,25.0350345],[121.5244762,25.0350257],[121.5243395,25.0350059],[121.5242701,25.0349904],[121.5240868,25.0349391],[121.5239426,25.0348877],[121.5238164,25.0348317],[121.5236351,25.034733],[121.5234928,25.0346365],[121.5233287,25.0345062],[121.5231979,25.0343667],[121.5231297,25.0342857],[121.5230157,25.0341236],[121.5229567,25.0340222],[121.5229127,25.0339343],[121.5228632,25.0338171],[121.5228369,25.0337428],[121.5227926,25.0335804],[121.5227625,25.033418],[121.522741,25.0332556],[121.5226926,25.0327998],[121.5226613,25.0325765],[121.5226212,25.0323938],[121.5225967,25.0323126],[121.5225266,25.0321323],[121.5224879,25.0320534],[121.5224859,25.0320499],[121.5224859,25.0320499],[121.5224258,25.0319453],[121.5223734,25.0318643],[121.5222778,25.0317382],[121.5221935,25.0316437],[121.5220784,25.031529],[121.5219166,25.0314032],[121.5218349,25.0313493],[121.5217498,25.0312977],[121.5216546,25.0312461],[121.5215714,25.031208],[121.5214464,25.0311565],[121.5213682,25.0311275],[121.5211859,25.0310784],[121.5210177,25.0310452],[121.5207909,25.0310234],[121.520636,25.0310217],[121.5204673,25.0310335],[121.5203955,25.0310428],[121.5202603,25.0310659],[121.5200948,25.0311071],[121.5198988,25.0311755],[121.5197195,25.0312574],[121.5195474,25.0313573],[121.519423,25.0314457],[121.519294,25.0315545],[121.5191966,25.0316497],[121.5190749,25.03179],[121.5189942,25.0318919],[121.5189387,25.0319643],[121.5189233,25.0319846],[121.5178156,25.0334707]]}},{"type":"Feature","properties":{"arrival_time":"09:00","cutoff":900,"departure_time":"09:00","layer":"network","minutes":15,"route_id":"train:EAST:7268:7267:7266:7265:7264:7258:7490:7480:7478:7472:7470:7468:7465:7463:7459:7456","stroke":"#EB3B5A","time_slot":"09:00","time_type":"arrival","transit_type":"train"},"geometry":{"type":"LineString","coordinates":[[121.57906,25.04927],[121.51711,25.04775]]}},{"type":"Feature","properties":{"arrival_time":"09:00","cutoff":900,"departure_time":"09:00","layer":"network","minutes":15,"route_id":"bus:101712-10328:2768:1795:1796:5086:636:637:638:639:640:641:642:643:644:645:646:647:648:552:553:554:555:556:557:3386:558:559:560:561:562:1066:1067:1069:572:573:574:575:1075:1076:1077:1078:1079:1080:1081:752:753:1612:1611:1972:1954:863:1953:2677:908:907:197:742:1537:2712:2713:915:916:917:918","stroke":"#F7B731","time_slot":"09:00","time_type":"arrival","transit_type":"bus"},"geometry":{"type":"LineString","coordinates":[[121.53295599999998,25.048461500000002],[121.53292549999998,25.044804000000006]]}},{"type":"Feature","properties":{"arrival_time":"09:00","cutoff":900,"departure_time":"09:00","layer":"network","minutes":15,"route_id":"bus:101712-10785:2985:2542:5085:2298:1759:2543:1717:1713:1711:1134:1135:1555:1434:753:754:755:756:757:947:945:943:941:1954:863:1953:2677:908:907:6044:195:193:191:189:1029:1030:57:58:60:61","stroke":"#F7B731","time_slot":"09:00","time_type":"arrival","transit_type":"bus"},"geometry":{"type":"LineString","coordinates":[[121.54909627272724,25.051760636363625],[121.5491660833333,25.052451375]]}},{"type":"Feature","properties":{"arrival_time":"09:00","cutoff":900,"departure_time":"09:00","layer":"network","minutes":15,"route_id":"rail:Red:7214:7215:7216:7217:7218:7219:7220:7221:7222:7223:7224:7225:7226:7227:7228:7229:7230:7231:7232:7233:7234:7236:7237:7238:7239:7240:7241","stroke":"#20BF6B","time_slot":"09:00","time_type":"arrival","transit_type":"rail"},"geometry":{"type":"LineString","coordinates":[[121.5247756,25.0834408],[121.5252137,25.0852448],[121.525298,25.0855492],[121.5253673,25.0857521],[121.5254143,25.0858716],[121.5254896,25.0860316],[121.5255996,25.0862343],[121.5256991,25.0863897],[121.5258007,25.0865315],[121.5259623,25.0867386],[121.5266821,25.0876299],[121.5268148,25.0878122],[121.5269596,25.0880442],[121.5270249,25.0881681],[121.5271244,25.0883934],[121.5271777,25.0885422],[121.5272236,25.0886955],[121.5272734,25.0889143],[121.5273036,25.0891421],[121.5273128,25.0892662],[121.5273157,25.0894536],[121.5273104,25.0895822],[121.5272977,25.0897222],[121.5272718,25.0898938],[121.5272463,25.0900203],[121.5271668,25.0903366],[121.5270561,25.0907613],[121.5267299,25.0919226],[121.5266728,25.0921101]]}},{"type":"Feature","properties":{"arrival_time":"09:00","cutoff":900,"departure_time":"09:00","layer":"network","minutes":15,"route_id":"bus:101712-10722:813:812:1218:1224:295:294:1245:1253:251:252:1273:1274:1275:252:253:250:249:1278:1214:1213:1212:1280:1281:1282:1283:1284:1355:1285:1356","stroke":"#F7B731","time_slot":"09:00","time_type":"arrival","transit_type":"bus"},"geometry":{"type":"LineString","coordinates":[[121.50544464285713,25.028458928571435],[121.5019286,25.029626599999997]]}},{"type":"Feature","properties":{"arrival_time":"09:00","cutoff":900,"departure_time":"09:00","layer":"network","minutes":15,"route_id":"bus:101712-10792:745:747:752:753:1612:1611:1972:939:937:935:1292:1291:1313:1314:1315:1316:1317:1318:1319:325:1495:1513:1521:1523:4523:4524:4525:199:200:1208:4526:834","stroke":"#F7B731","time_slot":"09:00","time_type":"arrival","transit_type":"bus"},"geometry":{"type":"LineString","coordinates":[[121.53787425,25.048403],[121.533856,25.0484535]]}},{"type":"Feature","properties":{"arrival_time":"09:00","cutoff":900,"departure_time":"09:00","layer":"network","minutes":15,"route_id":"bus:101712-10864:813:812:1218:1224:295:294:1245:1253:251:252:253:250:249:248:247:4667:146:244:2224:6061:1203:1208:200:199:198:197:6062:6063:6064:6065:1030:57:58:60:61:62:43:63","stroke":"#F7B731","time_slot":"09:00","time_type":"arrival","transit_type":"bus"},"geometry":{"type":"LineString","coordinates":[[121.51406060000004,25.052983200000007],[121.51603792307694,25.053632538461535]]}},{"type":"Feature","properties":{"arrival_time":"09:00","cutoff":900,"departure_time":"09:00","layer":"network","minutes":15,"route_id":"bus:101712-17304:1572:1392:5177:1390:1526:1595:1534:1819:64:5075:65:2831:196:194:192:190:188:1741:1918:1581:4592:5216:4495:434:435:436:1592:1591:2244:2243:2242:1920:5856:1227:414:415:416:417:418:419:3920:4770:3918:3917:2881:2882:2883:3243:3244:3245:3246:3247:2493:2492:2491:1416:1417:1418:1419:1420:1422:1423:1424:1425:5371:3086:812:1217:1216:3353:3352:797:796:795:792","stroke":"#F7B731","time_slot":"09:00","time_type":"arrival","transit_type":"bus"},"geometry":{"type":"LineString","coordinates":[[121.50037911764706,25.02504829411765],[121.49903499999999,25.029411500000002]]}},{"type":"Feature","properties":{"arrival_time":"09:00","cutoff":900,"departure_time":"09:00","layer":"network","minutes":15,"route_id":"rail:Red:7214:7215:7216:7217:7218:7219:7220:7221:7222:7223:7224:7225:7226:7227:7228:7229:7230:7231:7232:7233:7234:7236:7237:7238:7239:7240:7241","stroke":"#20BF6B","time_slot":"09:00","time_type":"arrival","transit_type":"rail"},"geometry":{"type":"LineString","coordinates":[[121.5178156,25.0334707],[121.5165769,25.0351324],[121.5162086,25.035637],[121.515916,25.0360871],[121.5158025,25.0362771],[121.5157241,25.0364196],[121.5156538,25.036562],[121.5155494,25.0368016],[121.5154971,25.036944],[121.5154543,25.0370751],[121.5153975,25.0372761],[121.5153592,25.0374433],[121.5153286,25.0376127],[121.5153058,25.037782],[121.5152904,25.0379514],[121.5152821,25.0381184],[121.5152822,25.0382922],[121.5152894,25.0384615],[121.5153044,25.0386329],[121.5153217,25.0387683],[121.5153531,25.0389533],[121.5154232,25.039269],[121.5155063,25.0395847],[121.5164412,25.0426917]]}},{"type":"Feature","properties":{"arrival_time":"09:00","cutoff":900,"departure_time":"09:00","layer":"network","minutes":15,"route_id":"bus:101712-10173:3023:1119:5596:1424:1425:1426:713:720:721:722:1129:663:2290:2291:2292:5005:2293:2294:2295:2296:2297:2298:2299:2300:2301:2302:2303:2769:1555:1433:1554:1553:1518:1535:2306:2641:1532:732:733:3030:3031:736:737:738:3032:148","stroke":"#F7B731","time_slot":"09:00","time_type":"arrival","transit_type":"bus"},"geometry":{"type":"LineString","coordinates":[[121.51513700000001,25.036829000000008],[121.51449033333334,25.03860733333333]]}},{"type":"Feature","properties":{"arrival_time":"09:00","cutoff":900,"departure_time":"09:00","layer":"network","minutes":15,"route_id":"bus:101712-10282:2241:2240:1597:1596:1401:1402:1405:1406:1421:1436:188:190:192:194:196:136:67:68:137:138:212:139:322:140:141:142:1026:143:144:145:153:3077:3032:4914:4915:737:4488:3031:4492:947:945:943:941:939:937:935:1292:1291:4923:4924:4925:4926:4927:4928:97:98:99","stroke":"#F7B731","time_slot":"09:00","time_type":"arrival","transit_type":"bus"},"geometry":{"type":"LineString","coordinates":[[121.50582399999999,25.039449999999995],[121.50915250000001,25.039074999999997]]}},{"type":"Feature","properties":{"arrival_time":"09:00","cutoff":900,"departure_time":"09:00","layer":"network","minutes":15,"route_id":"bus:101712-10853:5890:5873:5874:1765:1764:1763:128:129:19:21:23:169:170:171:172:173:174:175:176:177:938:940:942:944:946:5619:270:268:266:265:264:263:949:950:951:953:955:957:958:959:960:961:962:1199:1200:5114","stroke":"#F7B731","time_slot":"09:00","time_type":"arrival","transit_type":"bus"},"geometry":{"type":"LineString","coordinates":[[121.5183854705882,25.06840194117646],[121.5181,25.064874]]}},{"type":"Feature","properties":{"arrival_time":"09:00","cutoff":900,"departure_time":"09:00","layer":"network","minutes":15,"route_id":"bus:101712-10961:299:63:302:303:61:60:58:57:1438:2456:1382:1383:1029:1384:909:96:243:94:93:92:91:90:89:244:245:5360:6056:6022:1683:733:1686:1689:6075:1519:1553:1536:2089:1711:1713:5471:5407:715:716:2289:2544:2640:707:1529:706:4741:1528:1114:1115:1116:1117:1422:1420:6076:1418:1417:1416:2491:2492:2493:2495:6073:3915:3914:3644:3642:3059:3058:3057:2287:2286:2285:2284","stroke":"#F7B731","time_slot":"09:00","time_type":"arrival","transit_type":"bus"},"geometry":{"type":"LineString","coordinates":[[121.50826699999999,25.042516999999986],[121.5085589,25.036666299999997]]}},{"type":"Feature","properties":{"arrival_time":"09:00","cutoff":900,"departure_time":"09:00","layer":"network","minutes":15,"route_id":"bus:101712-11861:706:1529:707:708:709:713:720:721:722:723:724:725:726:727:728:729:730:731:732:733:734:735:736:737:738:152:739:740:741:199:198:197:742:743:744:746:54:53:52:50","stroke":"#F7B731","time_slot":"09:00","time_type":"arrival","transit_type":"bus"},"geometry":{"type":"LineString","coordinates":[[121.516634,25.029865],[121.5173585,25.031124000000002]]}},{"type":"Feature","properties":{"arrival_time":"09:00","cutoff":900,"departure_time":"09:00","layer":"network","minutes":15,"route_id":"bus:101712-10221:1534:1595:1526:1390:1392:1394:1396:1397:1398:1399:1400:1596:1597:1598:1599:1917:1916:1915:1914:65:66:136:67:4911:5354:70:71:1911:3635:2466:300:301:78:79:80:2163:81:82:83:84:85:86:87:88:164:165:166:1729:167:3002:42:2177:2178:1199:2179:2180:897:896:1755:5359:527:528:4533:432","stroke":"#F7B731","time_slot":"09:00","time_type":"arrival","transit_type":"bus"},"geometry":{"type":"LineString","coordinates":[[121.52240450000002,25.081058142857135],[121.519975,25.074249]]}},{"type":"Feature","properties":{"arrival_time":"09:00","cutoff":900,"departure_time":"09:00","layer":"network","minutes":15,"route_id":"bus:101712-10416:0:3062:1179:1180:1181:1182:1183:1184:1185:1186:1187:1188:1189:1190:1191:1720:10:12:14:16:18:20:1723:1722:1721:981:2318:2319:4675:1679:1680:3016:144:145:153:146:147:148:149:89:90","stroke":"#F7B731","time_slot":"09:00","time_type":"arrival","transit_type":"bus"},"geometry":{"type":"LineString","coordinates":[[121.51155500000003,25.043262000000006],[121.511294,25.046764999999997]]}},{"type":"Feature","properties":{"arrival_time":"09:00","cutoff":900,"departure_time":"09:00","layer":"network","minutes":15,"route_id":"bus:101712-10864:813:812:1218:1224:295:294:1245:1253:251:252:253:250:249:248:247:4667:146:244:2224:6061:1203:1208:200:199:198:197:6062:6063:6064:6065:1030:57:58:60:61:62:43:63","stroke":"#F7B731","time_slot":"09:00","time_type":"arrival","transit_type":"bus"},"geometry":{"type":"LineString","coordinates":[[121.533000102564,25.052041307692306],[121.53409,25.05472]]}},{"type":"Feature","properties":{"arrival_time":"09:00","cutoff":900,"departure_time":"09:00","layer":"network","minutes":15,"route_id":"rail:Green:7168:7169:7170:7172:7173:7174:7175:7176:7177:7178:7179:7180:7181:7182:7183:7184:7185:7186:7187","stroke":"#20BF6B","time_slot":"09:00","time_type":"arrival","transit_type":"rail"},"geometry":{"type":"LineString","coordinates":[[121.5272888,25.0215118],[121.5267709,25.0219741],[121.5258451,25.0227764],[121.5254849,25.0231117],[121.5253224,25.0232725],[121.5251838,25.0234158],[121.5251838,25.0234158],[121.5250421,25.0235624],[121.5248529,25.0237707],[121.5246708,25.023979],[121.5244943,25.0241918],[121.5243211,25.0244068],[121.5240123,25.0248074],[121.5237182,25.0251989],[121.5236397,25.0253053],[121.5235769,25.0253913]]}},{"type":"Feature","properties":{"arrival_time":"09:00","cutoff":900,"departure_time":"09:00","layer":"network","minutes":15,"route_id":"bus:101712-10173:3023:1119:5596:1424:1425:1426:713:720:721:722:1129:663:2290:2291:2292:5005:2293:2294:2295:2296:2297:2298:2299:2300:2301:2302:2303:2769:1555:1433:1554:1553:1518:1535:2306:2641:1532:732:733:3030:3031:736:737:738:3032:148","stroke":"#F7B731","time_slot":"09:00","time_type":"arrival","transit_type":"bus"},"geometry":{"type":"LineString","coordinates":[[121.518303,25.028563],[121.51813962500002,25.029985]]}},{"type":"Feature","properties":{"arrival_time":"09:00","cutoff":900,"departure_time":"09:00","layer":"network","minutes":15,"route_id":"bus:101712-10181:1738:2182:1739:1740:2183:2184:2185:2186:273:274:225:227:229:231:232:11:9:233:234:235:236:1439:1440:1441:1442:1443:1444:1445:1446:1452:1458:330:329:328:327:326:325:1495:1513:1521:4450:320:91:90:89:244:245:242:246:247:248:249:250:253:251:1253:1245:294:295:1224:1218","stroke":"#F7B731","time_slot":"09:00","time_type":"arrival","transit_type":"bus"},"geometry":{"type":"LineString","coordinates":[[121.53787425,25.048403],[121.53638,25.047067]]}},{"type":"Feature","properties":{"arrival_time":"09:00","cutoff":900,"departure_time":"09:00","layer":"network","minutes":15,"route_id":"bus:101712-10231:3066:1:3:5:7:9:11:13:15:17:19:21:23:25:27:29:31:33:35:37:39:41:43:45:47:49:51:53:52:50:48:46:44:42:59","stroke":"#F7B731","time_slot":"09:00","time_type":"arrival","transit_type":"bus"},"geometry":{"type":"LineString","coordinates":[[121.52960600000003,25.062591499999996],[121.53318834782604,25.06242004347826]]}},{"type":"Feature","properties":{"arrival_time":"09:00","cutoff":900,"departure_time":"09:00","layer":"network","minutes":15,"route_id":"bus:101712-10261:819:820:821:822:823:824:825:900:899:962:3663:3664:3665:3666:1201:1202:1204:1205:1206:1207:3688:3689:3705","stroke":"#F7B731","time_slot":"09:00","time_type":"arrival","transit_type":"bus"},"geometry":{"type":"LineString","coordinates":[[121.52551333333334,25.0588],[121.52443625000001,25.058068500000005]]}},{"type":"Feature","properties":{"arrival_time":"09:00","cutoff":900,"departure_time":"09:00","layer":"network","minutes":15,"route_id":"bus:101712-10282:2241:2240:1597:1596:1401:1402:1405:1406:1421:1436:188:190:192:194:196:136:67:68:137:138:212:139:322:140:141:142:1026:143:144:145:153:3077:3032:4914:4915:737:4488:3031:4492:947:945:943:941:939:937:935:1292:1291:4923:4924:4925:4926:4927:4928:97:98:99","stroke":"#F7B731","time_slot":"09:00","time_type":"arrival","transit_type":"bus"},"geometry":{"type":"LineString","coordinates":[[121.51449033333334,25.03860733333333],[121.514963,25.038008]]}},{"type":"Feature","properties":{"arrival_time":"09:00","cutoff":900,"departure_time":"09:00","layer":"network","minutes":15,"route_id":"bus:101712-10162:5703:2282:2283:2284:2285:2286:2287:3057:3058:3059:3025:3026:2474:2475:404:2476:2477:2478:2479:2480:3027:3028:1542:1543:1233:2483:1522:1237:443:1173:1172:1171:1471:2354:2355:1469:2356:2357:792:836:242:146:147:148:881:151:152","stroke":"#F7B731","time_slot":"09:00","time_type":"arrival","transit_type":"bus"},"geometry":{"type":"LineString","coordinates":[[121.50818136585366,25.041361731707322],[121.50983399999997,25.041492]]}},{"type":"Feature","properties":{"arrival_time":"09:00","cutoff":900,"departure_time":"09:00","layer":"network","minutes":15,"route_id":"bus:101712-10278:5368:3070:221:222:819:820:821:822:823:901:902:903:904:905:830:831:832:4464:4465:987:6028:6029:6030:6031:6032:4436:4437:6033:909:6034:6035:6036:289:291:2175:308:310:312","stroke":"#F7B731","time_slot":"09:00","time_type":"arrival","transit_type":"bus"},"geometry":{"type":"LineString","coordinates":[[121.511619,25.052937],[121.511882,25.05079]]}},{"type":"Feature","properties":{"arrival_time":"09:00","cutoff":900,"departure_time":"09:00","layer":"network","minutes":15,"route_id":"bus:101712-10282:2241:2240:1597:1596:1401:1402:1405:1406:1421:1436:188:190:192:194:196:136:67:68:137:138:212:139:322:140:141:142:1026:143:144:145:153:3077:3032:4914:4915:737:4488:3031:4492:947:945:943:941:939:937:935:1292:1291:4923:4924:4925:4926:4927:4928:97:98:99","stroke":"#F7B731","time_slot":"09:00","time_type":"arrival","transit_type":"bus"},"geometry":{"type":"LineString","coordinates":[[121.51568481818181,25.03338245454545],[121.514976,25.036463]]}},{"type":"Feature","properties":{"arrival_time":"09:00","cutoff":900,"departure_time":"09:00","layer":"network","minutes":15,"route_id":"bus:101712-11245:4716:4708:2452:2451:4715:3795:3794:4814:4727:2863:2862:2861:986:34:36:38:40:1756:1206:1205:1204:4815:4816:4818:742:197:907:908:1952:1953:861:859:855:853:912:3078:849:3079:879:878:877:876:4494:874","stroke":"#F7B731","time_slot":"09:00","time_type":"arrival","transit_type":"bus"},"geometry":{"type":"LineString","coordinates":[[121.53308140000001,25.054748049999993],[121.532404,25.05788533333333]]}},{"type":"Feature","properties":{"arrival_time":"09:00","cutoff":900,"departure_time":"09:00","layer":"network","minutes":15,"route_id":"bus:101712-11811:3228:2794:2795:5252:2796:2798:2799:2563:2562:2800:2801:2802:2803:4519:952:745:747:752:753:1612:1611:941:943:945:6009:6010:5855","stroke":"#F7B731","time_slot":"09:00","time_type":"arrival","transit_type":"bus"},"geometry":{"type":"LineString","coordinates":[[121.52628599999998,25.028558999999998],[121.52670025,25.0307935]]}},{"type":"Feature","properties":{"arrival_time":"09:00","cutoff":900,"departure_time":"09:00","layer":"network","minutes":15,"route_id":"bus:101712-11815:3228:2794:2795:5252:2796:2798:2799:2563:2562:2800:2801:2802:2803:4519:952:745:747:752:753:754:755:756:757:5409:6009:6010:5855:6011:5696:6124:6125:6126:6127:5668:5669:48:1304:1305:1306:1090:873:872:1312:529:530:531:532:533:534:535:536:2642:537:538:4772","stroke":"#F7B731","time_slot":"09:00","time_type":"arrival","transit_type":"bus"},"geometry":{"type":"LineString","coordinates":[[121.52713499999999,25.033195999999997],[121.52813042857143,25.037685142857146]]}},{"type":"Feature","properties":{"arrival_time":"09:00","cutoff":900,"departure_time":"09:00","layer":"network","minutes":15,"route_id":"bus:101712-16191:1468:5037:378:379:380:381:382:383:384:386:387:388:389:390:391:392:1547:393:394:395:1293:397:398:399:400:401:402:403:3021:404","stroke":"#F7B731","time_slot":"09:00","time_type":"arrival","transit_type":"bus"},"geometry":{"type":"LineString","coordinates":[[121.47366,25.03163],[121.4732525,25.0292535]]}},{"type":"Feature","properties":{"arrival_time":"09:00","cutoff":900,"departure_time":"09:00","layer":"network","minutes":15,"route_id":"bus:101712-17800:89:245:242:5028:792:242:868:3014:861:855:912:849:4457:310:293:100:97:96:243:91:5711","stroke":"#F7B731","time_slot":"09:00","time_type":"arrival","transit_type":"bus"},"geometry":{"type":"LineString","coordinates":[[121.50018380952382,25.035168],[121.50038566666666,25.032967000000003]]}},{"type":"Feature","properties":{"arrival_time":"09:00","cutoff":900,"departure_time":"09:00","layer":"network","minutes":15,"route_id":"bus:101712-10326:2768:1795:1796:5086:636:637:638:639:640:641:642:643:4613:5016:5640:4613:644:645:646:647:648:552:553:554:555:556:557:3386:558:559:560:561:562:1066:1067:1069:572:573:574:575:1075:1076:1077:1078:1079:1080:1081:752:753:754:755:756:757:758:1083:1084:1085:738:152:739","stroke":"#F7B731","time_slot":"09:00","time_type":"arrival","transit_type":"bus"},"geometry":{"type":"LineString","coordinates":[[121.52469863157897,25.024064999999997],[121.52264466666666,25.026830666666665]]}},{"type":"Feature","properties":{"arrival_time":"09:00","cutoff":900,"departure_time":"09:00","layer":"network","minutes":15,"route_id":"bus:101712-10481:5257:2881:2882:2883:2884:4647:1538:1539:2475:4693:2478:2479:2480:3027:3028:1542:1543:1233:2483:1522:1237:443:1524:1473:5370:3306:3322:390:6008:388:1560:6014:5555:797:796:795:792:836:242:146:244:4500:90:4784:5347","stroke":"#F7B731","time_slot":"09:00","time_type":"arrival","transit_type":"bus"},"geometry":{"type":"LineString","coordinates":[[121.49612766666668,25.02959633333333],[121.49405600000001,25.027080124999998]]}},{"type":"Feature","properties":{"arrival_time":"09:00","cutoff":900,"departure_time":"09:00","layer":"network","minutes":15,"route_id":"bus:101712-10862:6052:6053:6054:5556:6055:4485:4486:2357:792:836:5360:6056:737:4488:3031:1084:4582:4583:866:3014:863:861:4455","stroke":"#F7B731","time_slot":"09:00","time_type":"arrival","transit_type":"bus"},"geometry":{"type":"LineString","coordinates":[[121.52744599999998,25.03412],[121.52418600000001,25.034934]]}},{"type":"Feature","properties":{"arrival_time":"09:00","cutoff":900,"departure_time":"09:00","layer":"network","minutes":15,"route_id":"bus:101712-11812:3228:2794:3251:3250:2832:2830:2829:2828:2827:4440:3076:1286:1287:1288:1289:1290:1291:1292:935:936:937:939:941:943:945:5409:4540:4543:4520:5131:880:89:881:882","stroke":"#F7B731","time_slot":"09:00","time_type":"arrival","transit_type":"bus"},"geometry":{"type":"LineString","coordinates":[[121.52096000000002,25.02922],[121.52337149999998,25.027007]]}},{"type":"Feature","properties":{"arrival_time":"09:00","cutoff":900,"departure_time":"09:00","layer":"network","minutes":15,"route_id":"rail:Orange:7188:7189:7190:7191:7192:7193:7194:7195:7196:7197:7198:7199:7200:7201:7202:7203:7204:7205:7206:7207:7208","stroke":"#20BF6B","time_slot":"09:00","time_type":"arrival","transit_type":"rail"},"geometry":{"type":"LineString","coordinates":[[121.5193376,25.0629072],[121.5193376,25.0629072],[121.5170922,25.0629646],[121.5167831,25.0629747],[121.5164632,25.0630006],[121.5162019,25.0630354],[121.5148818,25.0632499],[121.5146753,25.0632732],[121.5144629,25.0632874],[121.5142364,25.0632882],[121.5139886,25.0632823]]}},{"type":"Feature","properties":{"arrival_time":"09:00","cutoff":900,"departure_time":"09:00","layer":"network","minutes":15,"route_id":"bus:101712-10162:5703:2282:2283:2284:2285:2286:2287:3057:3058:3059:3025:3026:2474:2475:404:2476:2477:2478:2479:2480:3027:3028:1542:1543:1233:2483:1522:1237:443:1173:1172:1171:1471:2354:2355:1469:2356:2357:792:836:242:146:147:148:881:151:152","stroke":"#F7B731","time_slot":"09:00","time_type":"arrival","transit_type":"bus"},"geometry":{"type":"LineString","coordinates":[[121.51155500000003,25.043262000000006],[121.51315342857147,25.04492071428572]]}},{"type":"Feature","properties":{"arrival_time":"09:00","cutoff":900,"departure_time":"09:00","layer":"network","minutes":15,"route_id":"bus:101712-10726:4483:4484:4485:4486:4497:4498:4499:1282:313:315:147:148:149:4500:1681:1682:3175:4488:3031:4492:947:945:943:941:939:937:935:1292:1291:1290:1289:1288:1287:3080","stroke":"#F7B731","time_slot":"09:00","time_type":"arrival","transit_type":"bus"},"geometry":{"type":"LineString","coordinates":[[121.49334100000002,25.034114],[121.4953,25.0362]]}},{"type":"Feature","properties":{"arrival_time":"09:00","cutoff":900,"departure_time":"09:00","layer":"network","minutes":15,"route_id":"bus:101712-11124:5826:4547:4551:3523:4553:705:6083:6084:2750:2751:2752:2753:2754:2755:1447:2756:2757:2758:2759:5729:5728:576:577:578:579:580:581:582:583:584:585:1012:2764:2765:1010:593:594:595:596:597:598:541:540:599:3570:6000:5999:5998:5997:1000:999:998:997:996:528:1174:223:1175:1176:1177:1178:826:827:828:829:1194:1196:1203:1211:150:201:244:245:242:246:247:248:249:250:251","stroke":"#F7B731","time_slot":"09:00","time_type":"arrival","transit_type":"bus"},"geometry":{"type":"LineString","coordinates":[[121.51316199999998,25.046551999999995],[121.51346815384613,25.050395692307692]]}},{"type":"Feature","properties":{"arrival_time":"09:00","cutoff":900,"departure_time":"09:00","layer":"network","minutes":15,"route_id":"bus:101712-11152:576:577:578:579:580:581:582:583:584:585:2763:2762:5692:5693:5694:5695:2767:1749:1750:1751:1752:1093:1092:999:998:997:996:432:230:896:897:898:1198:1199:1200:1756:1757:200:199:198:197:195:193:191:189:187:5882:4593:4591:4590:4589:4588:879:878:877:876:875:874:874:875:5704:5705:312:310:843:2113:293","stroke":"#F7B731","time_slot":"09:00","time_type":"arrival","transit_type":"bus"},"geometry":{"type":"LineString","coordinates":[[121.52494524242425,25.084920787878787],[121.523371,25.083449333333334]]}},{"type":"Feature","properties":{"arrival_time":"09:00","cutoff":900,"departure_time":"09:00","layer":"network","minutes":15,"route_id":"bus:101712-16508:1767:930:934:5408:1768:4920","stroke":"#F7B731","time_slot":"09:00","time_type":"arrival","transit_type":"bus"},"geometry":{"type":"LineString","coordinates":[[121.54345466666666,25.032332999999998],[121.54341199999999,25.026523333333333]]}},{"type":"Feature","properties":{"arrival_time":"09:00","cutoff":900,"departure_time":"09:00","layer":"network","minutes":15,"route_id":"rail:Blue:7121:7122:7123:7124:7125:7126:7127:7128:7129:7130:7131:7132:7133:7134:7135:7136:7137:7138:7139:7140:7141:7142:7143","stroke":"#20BF6B","time_slot":"09:00","time_type":"arrival","transit_type":"rail"},"geometry":{"type":"LineString","coordinates":[[121.524296,25.0445873],[121.5255583,25.0442872],[121.5265119,25.0440739],[121.5273092,25.0438792],[121.5276101,25.0437991],[121.5279467,25.0437077],[121.5286677,25.0434952],[121.5287002,25.0434838],[121.5304428,25.0429675],[121.5307193,25.0428875],[121.5312439,25.0427457],[121.5317847,25.0426151],[121.5320808,25.0425486],[121.5328537,25.042381]]}},{"type":"Feature","properties":{"arrival_time":"09:00","cutoff":900,"departure_time":"09:00","layer":"network","minutes":15,"route_id":"bus:101712-10116:3023:1123:1124:717:3845:3847:3848:2289:2290:2291:2292:5005:5361:5211:5364:5365:5366:6005:658:659:1717:1713:1711:2089:1536:1553:1519:1520:731:732:733:734:760:4501:4502:764:765:778:1280:2359:309:4144","stroke":"#F7B731","time_slot":"09:00","time_type":"arrival","transit_type":"bus"},"geometry":{"type":"LineString","coordinates":[[121.517445,25.028027],[121.51737584615383,25.02689246153846]]}},{"type":"Feature","properties":{"arrival_time":"09:00","cutoff":900,"departure_time":"09:00","layer":"network","minutes":15,"route_id":"bus:101712-10173:3023:1119:5596:1424:1425:1426:713:720:721:722:1129:663:2290:2291:2292:5005:2293:2294:2295:2296:2297:2298:2299:2300:2301:2302:2303:2769:1555:1433:1554:1553:1518:1535:2306:2641:1532:732:733:3030:3031:736:737:738:3032:148","stroke":"#F7B731","time_slot":"09:00","time_type":"arrival","transit_type":"bus"},"geometry":{"type":"LineString","coordinates":[[121.51568481818181,25.03338245454545],[121.51513700000001,25.036829000000008]]}},{"type":"Feature","properties":{"arrival_time":"09:00","cutoff":900,"departure_time":"09:00","layer":"network","minutes":15,"route_id":"bus:101712-10282:2241:2240:1597:1596:1401:1402:1405:1406:1421:1436:188:190:192:194:196:136:67:68:137:138:212:139:322:140:141:142:1026:143:144:145:153:3077:3032:4914:4915:737:4488:3031:4492:947:945:943:941:939:937:935:1292:1291:4923:4924:4925:4926:4927:4928:97:98:99","stroke":"#F7B731","time_slot":"09:00","time_type":"arrival","transit_type":"bus"},"geometry":{"type":"LineString","coordinates":[[121.553469,25.041397909090907],[121.55578390909092,25.041397909090907]]}},{"type":"Feature","properties":{"arrival_time":"09:00","cutoff":900,"departure_time":"09:00","layer":"network","minutes":15,"route_id":"bus:101712-11157:576:577:578:579:580:581:582:583:584:585:1012:2764:2765:2766:2767:1749:1750:1751:1752:1753:1754:5869:1755:896:897:898:1198:5545:3663:1088:1086:205:206:741:740:89:244:146:242:1281","stroke":"#F7B731","time_slot":"09:00","time_type":"arrival","transit_type":"bus"},"geometry":{"type":"LineString","coordinates":[[121.51833400000001,25.071066],[121.518809,25.068454]]}},{"type":"Feature","properties":{"arrival_time":"09:00","cutoff":900,"departure_time":"09:00","layer":"network","minutes":15,"route_id":"bus:101712-11812:3228:2794:3251:3250:2832:2830:2829:2828:2827:4440:3076:1286:1287:1288:1289:1290:1291:1292:935:936:937:939:941:943:945:5409:4540:4543:4520:5131:880:89:881:882","stroke":"#F7B731","time_slot":"09:00","time_type":"arrival","transit_type":"bus"},"geometry":{"type":"LineString","coordinates":[[121.517358,25.034101],[121.51751,25.03787]]}},{"type":"Feature","properties":{"arrival_time":"09:00","cutoff":900,"departure_time":"09:00","layer":"network","minutes":15,"route_id":"bus:101712-11831:913:915:916:917:918:919:53:52:50:906:742:197:4523:5063:5057:3104:6115:89:244:146:4740:6128:2359:837:1212:1213:1214:1215:1216:1217:812:813","stroke":"#F7B731","time_slot":"09:00","time_type":"arrival","transit_type":"bus"},"geometry":{"type":"LineString","coordinates":[[121.50818136585366,25.041361731707322],[121.505529,25.040658]]}}]}