{"type": "FeatureCollection", "features": [{"type": "Feature", "properties": {"TOWNID": "A02", "TOWNCODE": "63000030", "PNAME": "臺北市", "TNAME": "大安區", "TOWNENG": "Da'an District", "COUNTYID": "A", "COUNTYCODE": "63000", "縣市": "臺北市", "行政區": "大安區", "淨流入": 127349, "平日日間活動人數": 421212, "平日夜間停留人數": 293863}, "geometry": {"type": "Polygon", "coordinates": [[[121.54102929800001, 25.044635907000043], [121.54162418500005, 25.044623320000028], [121.54210186300008, 25.04468291300003], [121.54298332700012, 25.044794257000035], [121.54364731800001, 25.04488554900007], [121.54384985200011, 25.04490420700006], [121.54408225700001, 25.044925600000056], [121.54490651200001, 25.045037126000068], [121.54496753600006, 25.04504544300005], [121.5453529880001, 25.045097976000022], [121.54589103800004, 25.045168894000028], [121.54634895600009, 25.04522968200007], [121.546543498, 25.045239383000023], [121.54671395700007, 25.045218719000047], [121.54675121100001, 25.045214203000057], [121.54725246900011, 25.045153432000063], [121.54743434300008, 25.045134692000033], [121.54779459300005, 25.045097571000042], [121.54788144500003, 25.045088623000026], [121.548174764, 25.045045972000025], [121.54839596200009, 25.045013810000057], [121.548841078, 25.04496322800003], [121.54888575700011, 25.04495815200005], [121.54894065600001, 25.044951913000034], [121.54905921300008, 25.044938440000067], [121.54935136900008, 25.044901388000028], [121.55016377900006, 25.044798359000026], [121.55055258400012, 25.044755252000073], [121.55113574600011, 25.04468016800007], [121.5517990410001, 25.044615203000035], [121.55238224700008, 25.044550531000027], [121.55244269000002, 25.04454244200008], [121.55245977200002, 25.04454015600004], [121.55294252500005, 25.04447554400008], [121.5529921000001, 25.044472279000047], [121.55301032200009, 25.04447107900006], [121.55344578600011, 25.04444241300007], [121.5536925880001, 25.044430247000037], [121.55372044, 25.04442887400006], [121.55378794, 25.04442554600007], [121.55390332500008, 25.044419859000072], [121.55402386500009, 25.04442362800006], [121.55404657400004, 25.044424338000056], [121.5542008330001, 25.04442915900006], [121.55471604800005, 25.044510545000037], [121.55512838600009, 25.04461314200006], [121.55528874700008, 25.044654197000057], [121.55551108700001, 25.044724100000053], [121.5555178950001, 25.044726240000045], [121.55555825300007, 25.044734214000073], [121.55614265300005, 25.04484963400006], [121.5569213870001, 25.045013334000032], [121.55739103000008, 25.045136539000055], [121.55769470500002, 25.045206989000064], [121.55770523100011, 25.045153568000046], [121.55770439300011, 25.044968734000065], [121.55770436500006, 25.04496255500004], [121.5576884190001, 25.044751142000052], [121.55768718200011, 25.044478284000036], [121.55767826500005, 25.04416451900005], [121.55767634800009, 25.043741582000052], [121.55764291100002, 25.04295103000004], [121.55763368600003, 25.042569053000022], [121.55763254300007, 25.042316650000032], [121.55763155200009, 25.04209836600006], [121.55762994400004, 25.041743643000075], [121.55762143200002, 25.041518560000043], [121.5576144690001, 25.041351895000048], [121.55761181700007, 25.04128840800007], [121.55760462, 25.041116143000067], [121.5575948390001, 25.04061137800005], [121.55758605400001, 25.04033336400005], [121.55757441800006, 25.03941929800004], [121.55755723800007, 25.038935027000036], [121.5575628470001, 25.038518877000058], [121.557553127, 25.038027752000062], [121.55754182600003, 25.037699106000048], [121.55754158900004, 25.03769221400006], [121.55753560500011, 25.03751816500005], [121.55752530000007, 25.036897433000036], [121.557517372, 25.036801955000044], [121.55750007000006, 25.03629039200007], [121.55749895600002, 25.036044825000033], [121.55749704200002, 25.035621886000058], [121.55748772600009, 25.03521944000005], [121.5574870260001, 25.03506530800007], [121.55748687100004, 25.03503110200006], [121.55748667300008, 25.03498750400007], [121.5574615050001, 25.03438150100004], [121.5574608610001, 25.034239425000067], [121.55746066400002, 25.03419602300005], [121.55746048500009, 25.03415639900004], [121.55745884700002, 25.03379485000005], [121.55745088900005, 25.03369255700005], [121.55744117000006, 25.033201431000066], [121.55744067, 25.033091316000025], [121.55744047100006, 25.03304727400007], [121.5574400270001, 25.032949038000027], [121.55743789300004, 25.03247834900003], [121.55742105400009, 25.032069109000076], [121.55741037300004, 25.031333775000064], [121.55741462300011, 25.030799597000055], [121.557415149, 25.030733455000075], [121.55740564500002, 25.030290078000064], [121.557411408, 25.029908044000024], [121.55739484500009, 25.02956019100003], [121.55738258100007, 25.02948163900004], [121.55737368100006, 25.02942463000005], [121.55736759700005, 25.02938566000006], [121.55736397800001, 25.029362483000057], [121.55729267400011, 25.029233980000072], [121.55725821200008, 25.029171874000042], [121.55707474000008, 25.028826425000034], [121.55699928800004, 25.028710743000033], [121.55685572000004, 25.02844524300008], [121.55662190200007, 25.028105029000074], [121.5565985500001, 25.02807642500005], [121.55641093100007, 25.027846607000072], [121.55620773100009, 25.02764952700005], [121.55602336100003, 25.027478296000027], [121.55599298000004, 25.02745008000005], [121.55594667600008, 25.02740707600003], [121.55594437700006, 25.027404940000054], [121.55574892000004, 25.027262423000025], [121.55543290300011, 25.026970275000053], [121.55498895500011, 25.026555814000062], [121.55477826900005, 25.026358776000052], [121.55425638500003, 25.02587746000006], [121.55394792300001, 25.025598933000026], [121.553751196, 25.02540982000005], [121.55371463900008, 25.02537467800005], [121.55335351500003, 25.025048594000054], [121.55296230300007, 25.024695318000056], [121.55262375600012, 25.024389599000074], [121.55264743700002, 25.024360605000027], [121.552671056, 25.02433168700003], [121.55295907800007, 25.023979050000037], [121.55336960000011, 25.02362961600005], [121.55356362100008, 25.023491541000055], [121.553695704, 25.02336863800008], [121.553892141, 25.023211342000025], [121.55412418800006, 25.022991708000063], [121.55435621700008, 25.022765935000052], [121.55463466100002, 25.022497549000036], [121.55470465300004, 25.022433298000067], [121.55473864700002, 25.02240209100006], [121.55498742700001, 25.02217371100005], [121.55520554700001, 25.021964964000063], [121.55556295300005, 25.021636865000062], [121.55591109300008, 25.02132154000003], [121.55640524400008, 25.020853858000066], [121.55660222100005, 25.02066516600007], [121.55662319300006, 25.02064507600005], [121.55672545300001, 25.020547113000077], [121.55710603900002, 25.02019346700007], [121.55757015300003, 25.019758883000065], [121.55785486000002, 25.019496351000043], [121.55808687700005, 25.019270574000075], [121.55819830900009, 25.019176795000078], [121.55823302400006, 25.019144788000062], [121.55846150900004, 25.018949871000075], [121.55869483200001, 25.01872710300006], [121.55895107300012, 25.018457243000057], [121.55896757500011, 25.018439863000026], [121.55901200800008, 25.018393071000048], [121.55932930200004, 25.018084634000047], [121.55965588700008, 25.017759098000056], [121.55996388000005, 25.01746776500005], [121.56014107600004, 25.01727081000007], [121.5602709740001, 25.016980149000062], [121.56040969300011, 25.016569967000066], [121.56053036900005, 25.016313469000067], [121.56066442800011, 25.01610124700005], [121.56087891300001, 25.01586145300007], [121.56121465700005, 25.01549321300007], [121.56149486800007, 25.015278786000067], [121.56184029700012, 25.01497876800005], [121.56204536400003, 25.014730488000055], [121.56224101900011, 25.01447371000006], [121.56238051200012, 25.01423421100003], [121.56256651700005, 25.013917741000057], [121.56268753900008, 25.01373805000003], [121.56286503600006, 25.013609358000053], [121.56307072800007, 25.01349763500008], [121.56331386800002, 25.013377224000067], [121.563406729, 25.013189107000073], [121.56348009700002, 25.012838911000074], [121.56347945700008, 25.01243104400004], [121.56345004000002, 25.01214952500004], [121.56344019500011, 25.01204713900006], [121.56343019200006, 25.011910627000077], [121.56343909300006, 25.011808177000034], [121.56348048000007, 25.011615552000023], [121.563494149, 25.011551934000067], [121.56359622500008, 25.011329647000025], [121.5636585200001, 25.01126290600007], [121.563764106, 25.011149784000054], [121.56403476700007, 25.010901244000024], [121.56426825300002, 25.010721123000053], [121.56455770000002, 25.010481060000075], [121.56476334400008, 25.010360793000075], [121.56503423800007, 25.01016346600005], [121.56528227400008, 25.009995168000046], [121.56534926000006, 25.009877523000057], [121.56541585800005, 25.009676022000065], [121.5655977780001, 25.00918899100003], [121.56570064000005, 25.008864363000043], [121.56583414400006, 25.00852844600007], [121.56592483100007, 25.008226238000077], [121.56595093400006, 25.008123994000073], [121.56590094500007, 25.008112397000048], [121.56588277700007, 25.008108182000058], [121.56581574800009, 25.008092631000068], [121.56549462400005, 25.007972118000055], [121.565285044, 25.00790939500007], [121.565182907, 25.007870684000068], [121.56489817900001, 25.007803359000036], [121.56467802700001, 25.007774882000035], [121.56451160600011, 25.007760853000036], [121.56427551400009, 25.007766633000074], [121.564093264, 25.00781130000007], [121.56394316700005, 25.007846077000067], [121.56363758300006, 25.007910768000045], [121.56342843700008, 25.00794088300006], [121.56327829300005, 25.007965883000054], [121.56308535500011, 25.008020369000064], [121.5629675460001, 25.00807456600006], [121.56288736600004, 25.008143285000074], [121.5627539510001, 25.008305050000047], [121.56257776400003, 25.00850117500005], [121.56253521400004, 25.008584403000043], [121.56244461800009, 25.00872157400005], [121.56231410200007, 25.008906042000035], [121.5622286470001, 25.008994318000077], [121.562105717, 25.009102290000044], [121.56183820700005, 25.009279221000043], [121.56154948000005, 25.00950997800004], [121.56150688600007, 25.00958343800005], [121.5612559010001, 25.009853143000043], [121.5610799320001, 25.01009814300005], [121.56101043800004, 25.01015704200006], [121.56083370600004, 25.010235892000026], [121.56065675000002, 25.010265885000024], [121.56051188000004, 25.01027131400008], [121.56039920800004, 25.010276624000028], [121.5603241660001, 25.010296453000024], [121.56021181000006, 25.010370184000067], [121.56006614900002, 25.010515217000034], [121.55998614600003, 25.01062303300006], [121.5598688440001, 25.010789619000036], [121.55967145000011, 25.011044457000025], [121.55957539200006, 25.011162094000042], [121.55948456500005, 25.011250397000026], [121.55928950100008, 25.011400477000052], [121.55928669900004, 25.011402633000046], [121.55912040800001, 25.011514085000044], [121.55908874600004, 25.011535305000052], [121.55900844700011, 25.01157959300008], [121.55891753000003, 25.01164834900004], [121.55865540200011, 25.011830131000067], [121.55853773900003, 25.011918533000028], [121.55839895100007, 25.01208031300007], [121.55823229900011, 25.01226127500007], [121.55823130800002, 25.012260292000065], [121.55821028700007, 25.01223939500005], [121.55814256300005, 25.012172073000045], [121.55806532200006, 25.012132274000066], [121.55803694100007, 25.01211765100004], [121.55788246000009, 25.01203487400005], [121.55782974500005, 25.012028220000047], [121.5574609470001, 25.012029605000066], [121.55709964500011, 25.01202410800005], [121.55709223800011, 25.012023957000054], [121.55704179000008, 25.01202293700004], [121.55652757100006, 25.012012536000043], [121.55642160800005, 25.011882720000074], [121.55621027400002, 25.011753300000066], [121.55601421300003, 25.01167178700007], [121.55596736500001, 25.011660341000038], [121.55584844300006, 25.011631285000078], [121.5558161570001, 25.01162473100004], [121.55568270600008, 25.011597642000027], [121.55566193600009, 25.01159706900006], [121.55546440800003, 25.01159160700007], [121.55530629100008, 25.01157848400004], [121.55527684800006, 25.011556331000065], [121.55526097600011, 25.01154439000004], [121.55525920100001, 25.011540239000055], [121.55522294000002, 25.011455435000073], [121.55512435100002, 25.011291330000063], [121.55504858800009, 25.011181950000037], [121.55489706500009, 25.010963213000025], [121.55488111700004, 25.01093288100003], [121.5548287360001, 25.010833255000023], [121.55477543000006, 25.01069638200005], [121.55469923300006, 25.01049106200003], [121.55467084400004, 25.010437934000038], [121.55460055100002, 25.01030639000004], [121.5544829700001, 25.010140251000053], [121.55441498500011, 25.010085677000063], [121.55425643500007, 25.009976623000057], [121.55409023400011, 25.00984016700005], [121.55397693500004, 25.00975150100004], [121.55387869100002, 25.009662761000072], [121.55373494600008, 25.009498823000058], [121.5536516310001, 25.009382627000036], [121.55352296700005, 25.009225473000072], [121.55346254100004, 25.009177726000075], [121.55328138200002, 25.009061883000072], [121.55307774100004, 25.00896670000003], [121.55282900500004, 25.008885388000067], [121.55259553600001, 25.008851993000064], [121.55258159900006, 25.008855072000074], [121.5525551290001, 25.00886091500007], [121.55248349100009, 25.008876729000065], [121.55243764000011, 25.008886851000057], [121.55234010900006, 25.008955744000048], [121.55220704600004, 25.00905821500004], [121.55210760000011, 25.009134799000037], [121.55194282500008, 25.009313604000056], [121.5517557820001, 25.009561030000043], [121.55153798300012, 25.009664632000067], [121.55125257100008, 25.009795909000047], [121.55104951600003, 25.009830932000057], [121.55075608300001, 25.009852586000022], [121.55051533400001, 25.009874036000042], [121.55020675700007, 25.009875187000034], [121.54997334900008, 25.009855495000068], [121.54962707800007, 25.009843068000066], [121.54949154500002, 25.009829857000057], [121.54928080800005, 25.009830645000022], [121.54891920800003, 25.009756598000024], [121.54844112900003, 25.009555868000064], [121.5481319380001, 25.009419944000058], [121.54801127300004, 25.009365562000028], [121.54799506100005, 25.009354828000028], [121.54789804200004, 25.00929059500004], [121.54768669500004, 25.009154309000053], [121.54763595800011, 25.009124874000065], [121.54758104900009, 25.009093019000034], [121.54735455900004, 25.008936230000074], [121.5471281, 25.008786287000078], [121.5469770850001, 25.00867719400003], [121.5466600960001, 25.008479616000045], [121.54649427700008, 25.008425399000032], [121.54611754000007, 25.008330842000078], [121.54559848200006, 25.00818163400004], [121.54527452000002, 25.008107438000025], [121.54520597600003, 25.008088513000075], [121.54518557200004, 25.00808287800004], [121.54498063500012, 25.008026288000053], [121.54493526400006, 25.00797847800004], [121.54482200600012, 25.00789664800004], [121.54472392200012, 25.00784218000007], [121.54461855600005, 25.00784257400005], [121.54453582800011, 25.007856582000045], [121.54446071900009, 25.00789112800004], [121.54416783800002, 25.008036126000036], [121.54401786200003, 25.008160024000063], [121.5439655450001, 25.008242463000045], [121.54374841000003, 25.008496837000052], [121.54374508700005, 25.008499277000055], [121.54363588000001, 25.00857948500004], [121.54353783200008, 25.00855531900004], [121.54333449800004, 25.008505204000073], [121.54291254700001, 25.008397107000064], [121.54261116600003, 25.008322831000044], [121.54216657900008, 25.008201102000044], [121.54175986300004, 25.008134061000078], [121.54166536000002, 25.008128474000046], [121.54154154300011, 25.008121154000037], [121.54150953800001, 25.00812026600005], [121.541336408, 25.00811546700004], [121.54132325500007, 25.008115102000033], [121.54099975300005, 25.008143698000026], [121.5405588970001, 25.00822273600005], [121.54009272700011, 25.008327251000026], [121.539201638, 25.008588373000066], [121.53907567400006, 25.00862528600004], [121.53909280500011, 25.008605631000023], [121.53913128900001, 25.008546710000076], [121.53913545700004, 25.00851535000004], [121.53910955900005, 25.008499762000042], [121.53906660000007, 25.008519517000025], [121.53889012900004, 25.008524086000023], [121.53874818000008, 25.00854810800007], [121.5386319050001, 25.008536784000057], [121.53850280100005, 25.008545087000073], [121.5383564120001, 25.008537790000048], [121.53818412300006, 25.008514904000037], [121.53805915300006, 25.008484002000046], [121.53796421000004, 25.008429491000072], [121.5379298580001, 25.008449205000034], [121.53792636600008, 25.00845401500004], [121.53785284000003, 25.00855529300003], [121.53776392700001, 25.00880858200003], [121.53775505100009, 25.00883386600003], [121.53764858400007, 25.009096808000038], [121.53758946700009, 25.009359568000036], [121.53755855800011, 25.00959266800004], [121.53733780900006, 25.01032383000006], [121.53723453700002, 25.010803929000076], [121.53719015900003, 25.01098227800003], [121.5371718350001, 25.011025695000058], [121.53713102300003, 25.01112239400004], [121.53708586800008, 25.011229384000046], [121.53706519900004, 25.01126656300005], [121.53691410700003, 25.011538402000042], [121.53680514500002, 25.011760972000047], [121.5366082480001, 25.012163160000057], [121.5362944090001, 25.012685151000028], [121.53610747200003, 25.012966807000055], [121.53586476500004, 25.013253999000028], [121.53552015700006, 25.013625320000074], [121.53503295900009, 25.014093114000048], [121.53462066700001, 25.01447839100007], [121.53429842000003, 25.014801654000053], [121.53393115900008, 25.01515935900005], [121.533519006, 25.015578883000046], [121.53339519500003, 25.01568231300007], [121.53339096700006, 25.015685845000064], [121.53323290300011, 25.015817885000047], [121.53313076400002, 25.015913804000036], [121.53270269100005, 25.01634185300003], [121.53269211500003, 25.016352124000036], [121.53264343100011, 25.01639939300003], [121.532261779, 25.016769947000057], [121.53185916100006, 25.01715116500003], [121.53164189800009, 25.017362279000054], [121.5313478590001, 25.017626256000028], [121.53087161000008, 25.018076617000077], [121.53056493600002, 25.01838736800005], [121.53023261600003, 25.018704058000026], [121.53011614000002, 25.018810949000056], [121.52986189500007, 25.019044267000027], [121.52947212200002, 25.019431267000073], [121.52924518700001, 25.01965513300007], [121.52923699300004, 25.019663217000073], [121.52921652500004, 25.019683410000027], [121.528845896, 25.020046972000046], [121.52861392000011, 25.02027993200005], [121.52850725000008, 25.02038705600006], [121.52813007600002, 25.02072143600003], [121.5278704750001, 25.020944158000077], [121.52774163100003, 25.021058803000074], [121.52771520100009, 25.02108232100005], [121.5276595140001, 25.021131870000033], [121.52761801100007, 25.021169298000075], [121.52728875000003, 25.02146622500004], [121.52682200700008, 25.02186517000007], [121.52663021700005, 25.022035300000027], [121.52631058700001, 25.022322721000023], [121.52593335000006, 25.02264540400006], [121.52565204500002, 25.022891781000055], [121.52540727400003, 25.02310400300007], [121.52528111800007, 25.02321338400003], [121.52518519700004, 25.023271441000077], [121.5250968690001, 25.02339620300006], [121.52481816200009, 25.02375809600005], [121.52413842600004, 25.024717199000065], [121.52335060700011, 25.02582878800007], [121.52335039900004, 25.02582908100004], [121.52320586500002, 25.026033013000074], [121.52251722500012, 25.027003248000028], [121.52249893800001, 25.02702901200007], [121.52246214200011, 25.02707528800005], [121.52231535600004, 25.027259894000053], [121.52174447200002, 25.028039716000023], [121.5216970460001, 25.028139451000072], [121.5216904990001, 25.028207918000078], [121.52172502200006, 25.028288689000078], [121.52186290600002, 25.02898166600005], [121.52190034600005, 25.029169829000068], [121.5219746890001, 25.029523207000068], [121.5219816020001, 25.029556069000023], [121.52204685200002, 25.029866231000028], [121.52238933700005, 25.03154969800005], [121.522527781, 25.032221869000068], [121.52252893500008, 25.032227470000066], [121.52255586800004, 25.032317463000027], [121.52256094600011, 25.032334424000055], [121.52260521100004, 25.032482319000053], [121.52279811900007, 25.032836325000062], [121.5234201510001, 25.033890262000057], [121.52423152600011, 25.035311774000036], [121.52426729800004, 25.03537444600005], [121.52427129600005, 25.03537865900006], [121.52429319300006, 25.035401738000076], [121.52429338500008, 25.035401941000032], [121.52430849900009, 25.03541787000006], [121.52439014400011, 25.03543525400005], [121.52445218600008, 25.03544846400007], [121.52456153600008, 25.03544186000005], [121.52467753200006, 25.035391669000035], [121.52494355100009, 25.035253836000038], [121.52605917700009, 25.034706328000027], [121.52650257800008, 25.034486963000063], [121.52719839600002, 25.034148481000045], [121.5272635880001, 25.034140824000076], [121.52726681100012, 25.034140446000038], [121.52736237700003, 25.03412921900008], [121.52772456900004, 25.03407604100005], [121.5277341850001, 25.03407462900003], [121.52797039600011, 25.034039947000053], [121.52967530900003, 25.033802825000066], [121.52996192800003, 25.033768853000026], [121.53001995700004, 25.03376197500006], [121.53037905000008, 25.03371941300003], [121.53246368300006, 25.03364349700007], [121.53268242900003, 25.03364271600003], [121.53268525100009, 25.03365405900007], [121.53269634300011, 25.033698666000078], [121.53271469300012, 25.034792198000048], [121.53277444300011, 25.037540126000067], [121.53278648000003, 25.038131502000056], [121.53278744400006, 25.038178840000057], [121.53279124100004, 25.03836539100007], [121.53280911000002, 25.03924334900006], [121.5328454050001, 25.04130096500006], [121.5328682820001, 25.04228385700003], [121.53286932200001, 25.042328535000024], [121.5328706040001, 25.042383612000037], [121.53291212700003, 25.044118517000072], [121.53293162300008, 25.045462520000058], [121.53323524300004, 25.045380585000032], [121.53365248700004, 25.045266749000064], [121.5340297240001, 25.045192473000043], [121.53469262600004, 25.04503386700003], [121.53474491000009, 25.045023471000036], [121.53488767200008, 25.04499508400005], [121.53517273900002, 25.044938401000024], [121.5355956950001, 25.044853545000024], [121.5358815410001, 25.044810858000062], [121.5363962020001, 25.044767326000056], [121.5365394800001, 25.044760594000024], [121.53662363400008, 25.04475664000006], [121.53687663500011, 25.044744754000078], [121.537517191, 25.044711181000025], [121.53811207800004, 25.04469861700005], [121.53899294400003, 25.044674585000053], [121.53974795400006, 25.044651007000027], [121.54052594100006, 25.044648169000027], [121.5407265130001, 25.044643282000038], [121.54074424900011, 25.04464285000006], [121.54102929800001, 25.044635907000043]]]}}, {"type": "Feature", "properties": {"TOWNID": "A11", "TOWNCODE": "63000080", "PNAME": "臺北市", "TNAME": "文山區", "TOWNENG": "Wenshan District", "COUNTYID": "A", "COUNTYCODE": "63000", "縣市": "臺北市", "行政區": "文山區", "淨流入": -40021, "平日日間活動人數": 203310, "平日夜間停留人數": 243331}, "geometry": {"type": "Polygon", "coordinates": [[[121.59711015300002, 25.014599127000054], [121.59721148500012, 25.014453450000076], [121.59726073700006, 25.01438264500007], [121.59725302100003, 25.014349886000048], [121.59727009900007, 25.01427745700005], [121.5973545390001, 25.014112718000035], [121.59742003800011, 25.013944669000068], [121.5974882490001, 25.01380070600004], [121.59753891700007, 25.01367064300007], [121.59756408800001, 25.013505176000024], [121.5975832900001, 25.01338222800007], [121.59756607500003, 25.01327789800007], [121.59752598200009, 25.013150772000074], [121.59748354200008, 25.013045487000056], [121.59741200400003, 25.012927769000044], [121.59733188400003, 25.012841097000035], [121.59726323900009, 25.012770422000074], [121.59719609100011, 25.01272957900005], [121.59705040000006, 25.01264223100003], [121.59696164800005, 25.01257972600007], [121.59689188700008, 25.012527418000047], [121.59682719600005, 25.012478529000077], [121.59672406000004, 25.01235070900003], [121.59662072800006, 25.012198786000056], [121.59655397200004, 25.01204774400003], [121.5965076330001, 25.011927550000053], [121.5964621380001, 25.011754548000056], [121.59644245600009, 25.011657125000056], [121.59641992600007, 25.011518401000046], [121.59640388100001, 25.011402582000073], [121.59641689000011, 25.011293455000043], [121.59642983600008, 25.011176281000076], [121.59642734400006, 25.01102019800004], [121.59642674400004, 25.010944445000064], [121.59641451100003, 25.010832051000023], [121.59639824800001, 25.010688689000062], [121.59635282600004, 25.01052486800006], [121.59630524500005, 25.010406979000038], [121.59625001000006, 25.01027767000005], [121.59617935200004, 25.010111738000035], [121.59616386000005, 25.010065938000025], [121.59611613400011, 25.009929681000074], [121.59608540700003, 25.009870208000052], [121.5960532260001, 25.009786647000055], [121.59601862400007, 25.00971572900005], [121.59599261200003, 25.00961490900005], [121.5959512820001, 25.009490090000043], [121.59593439200012, 25.009427078000044], [121.59590978100005, 25.00934346100007], [121.59589159300003, 25.00927587900003], [121.59587944700002, 25.009174958000074], [121.59586376000004, 25.009103888000027], [121.59586517700006, 25.008963858000072], [121.59586924400003, 25.008839860000023], [121.59586850000005, 25.008745737000027], [121.59586774900004, 25.00865047700006], [121.59584940000002, 25.008562230000052], [121.59584494900002, 25.008477329000073], [121.59582562800006, 25.008425803000023], [121.5958042630001, 25.00827444300006], [121.59577680100006, 25.00814952500008], [121.59576879000008, 25.008093340000073], [121.59574062100012, 25.00803845400003], [121.59573097900011, 25.007935221000025], [121.59570644700011, 25.00786192100003], [121.59570071700011, 25.007774724000058], [121.59568047500011, 25.00760614400008], [121.595653749, 25.007414649000054], [121.59566183000004, 25.00732046400003], [121.59564856200006, 25.007236773000045], [121.59564037300004, 25.007157638000024], [121.59565206600007, 25.007041618000073], [121.59566918100006, 25.00697377700004], [121.5957063410001, 25.00688972100005], [121.5957899330001, 25.006777791000047], [121.59585735000007, 25.006693523000024], [121.59590226800003, 25.006633523000062], [121.59593308800004, 25.006544916000053], [121.59595005100005, 25.006457564000073], [121.59597179200011, 25.006336892000036], [121.59597344600002, 25.006226690000062], [121.59597368100003, 25.00609698100004], [121.59598699700007, 25.00602686900004], [121.59596398800011, 25.005827319000048], [121.59595938500001, 25.00572289200005], [121.59595755300006, 25.00565059300004], [121.59592952900005, 25.005454517000032], [121.59593152200011, 25.005387926000026], [121.59592453000005, 25.005312957000058], [121.5959205050001, 25.005269785000053], [121.59586306000006, 25.004860415000053], [121.59587605100012, 25.004748995000057], [121.59589044600011, 25.004655912000032], [121.59590521100006, 25.004609900000048], [121.59591195300004, 25.004505401000074], [121.59593910000001, 25.004430592000062], [121.59599399100011, 25.004356751000046], [121.596009191, 25.00434387200005], [121.59605410800009, 25.004305815000066], [121.5960671570001, 25.004303527000047], [121.59613594600012, 25.00429146700003], [121.59618494300003, 25.004291994000027], [121.59620025200002, 25.004292159000045], [121.59623686500004, 25.004298782000035], [121.59627741500003, 25.00432490000003], [121.59633450100011, 25.004369260000033], [121.59642441800008, 25.004420269000036], [121.59658507300003, 25.004488003000063], [121.59675434200005, 25.004529278000064], [121.59692598100003, 25.004551004000064], [121.59708611200006, 25.004552168000032], [121.59719181000003, 25.004526166000062], [121.59730991300012, 25.00447368300007], [121.59745068400002, 25.004418730000054], [121.59752105700011, 25.004389541000023], [121.59763899100005, 25.004316390000042], [121.59773057000007, 25.00425835200008], [121.59781953700008, 25.00418884900006], [121.59788851300004, 25.00414244700005], [121.5979885050001, 25.00403269700007], [121.59810354000001, 25.00391135700005], [121.59817357500003, 25.00383970300004], [121.59822223600008, 25.003775073000043], [121.59829229200011, 25.00370570800004], [121.59836232700002, 25.003634051000063], [121.5984449980001, 25.00356573600004], [121.59854519900011, 25.00348238600003], [121.598665374, 25.00337363700004], [121.59875925600011, 25.003288034000036], [121.5988194030001, 25.003241685000035], [121.59890339100002, 25.00318025400003], [121.59897504300011, 25.003153342000076], [121.59905152600004, 25.00310000500008], [121.599178219, 25.003018756000074], [121.59926982700006, 25.002964173000066], [121.59932495200007, 25.002920147000054], [121.5993887730001, 25.002860008000027], [121.59942336000006, 25.002828659000045], [121.59945386800007, 25.002801008000063], [121.5995001010001, 25.002759438000055], [121.59950018300003, 25.002759366000078], [121.59958636400006, 25.002656595000076], [121.59971613100004, 25.00248579400005], [121.59977966300005, 25.002388930000052], [121.59984184200005, 25.00228058600004], [121.59991380100007, 25.00213315800005], [121.5999520800001, 25.00203188100005], [121.60000135300004, 25.00188576200003], [121.60001847600006, 25.001819057000034], [121.600041701, 25.001727067000047], [121.60008774700009, 25.001650991000076], [121.60011376700004, 25.00159341500006], [121.60017982700003, 25.00149767700003], [121.60025208200011, 25.00138811900007], [121.60032578900007, 25.00130265000007], [121.60040694400004, 25.00120222000004], [121.60046651100004, 25.001082430000054], [121.60050107300003, 25.000989203000074], [121.60050310200006, 25.000927210000043], [121.60052877600003, 25.000826009000036], [121.60055684500003, 25.00070873900006], [121.60055393500011, 25.000659403000043], [121.6005617290001, 25.000529649000043], [121.60054598300007, 25.00045170900006], [121.60052622500007, 25.000345105000065], [121.6005358650001, 25.000288795000074], [121.60053385000003, 25.000193539000065], [121.60053858700007, 24.999996087000056], [121.6005417670001, 24.999760757000047], [121.60054420400002, 24.999590858000033], [121.60055654300004, 24.999397943000076], [121.60054896500003, 24.99923730100005], [121.600540066, 24.999068630000068], [121.60054290200003, 24.998949241000048], [121.60054727800002, 24.998865416000058], [121.60053033300005, 24.998795533000077], [121.60051938400011, 24.998686557000042], [121.6005197820001, 24.998577513000043], [121.60053563200006, 24.998509685000045], [121.60052522800004, 24.998469578000027], [121.6004801680001, 24.998351674000048], [121.60040128800006, 24.99826155100004], [121.6003579820001, 24.998218751000024], [121.60030411200012, 24.99815006700004], [121.60021572700009, 24.998110087000043], [121.6001449800001, 24.998059769000065], [121.60006542400004, 24.998019790000058], [121.60000098600005, 24.997969429000023], [121.59993273300006, 24.997907628000064], [121.59987583300006, 24.99784237800003], [121.59983409200004, 24.997789694000062], [121.5997834750001, 24.99771524500005], [121.59974425400003, 24.99766026900005], [121.5997075570001, 24.997607585000026], [121.59970368300003, 24.997566306000067], [121.59970605700005, 24.997497486000043], [121.59972863100006, 24.997436637000078], [121.59974114800002, 24.99739074200005], [121.59974861800004, 24.997346004000065], [121.59975351900005, 24.997279466000066], [121.59975089700004, 24.99723359500007], [121.59972797000012, 24.99713041600006], [121.59970388200009, 24.997074259000044], [121.59968229600008, 24.997007783000072], [121.59967079100011, 24.99693783400005], [121.59966052100003, 24.996855279000044], [121.5996528710001, 24.996817444000044], [121.59964643, 24.996754374000034], [121.599643796, 24.996705057000042], [121.59963974000004, 24.996578904000046], [121.59962820800001, 24.996496344000036], [121.59960656400006, 24.996403489000045], [121.59956861100011, 24.996350800000073], [121.59952940000005, 24.99630041100005], [121.59944857800008, 24.996256987000038], [121.59938166300003, 24.996228446000032], [121.59924785300007, 24.996180541000058], [121.59910898400005, 24.996125757000073], [121.59906606700008, 24.996112082000025], [121.59899533200007, 24.996066343000052], [121.59894859300005, 24.996035466000023], [121.59889426400002, 24.995994291000045], [121.59883867200006, 24.995950809000078], [121.59875778500009, 24.995878713000025], [121.59870341800001, 24.995819183000037], [121.59862755300003, 24.995733307000023], [121.59858706400007, 24.99567604300006], [121.59855161200005, 24.995614181000064], [121.59852628300007, 24.99556605400005], [121.59849461800002, 24.99550533400003], [121.5984705510001, 24.995458348000057], [121.598438815, 24.995364368000025], [121.59838934200002, 24.99523486100003], [121.59835255200005, 24.995136288000026], [121.59833922200005, 24.995092989000057], [121.59833705300002, 24.99508594300005], [121.5983334980001, 24.995074395000074], [121.59830941100006, 24.995018238000057], [121.59829417800006, 24.994973538000067], [121.59828017400002, 24.994913930000052], [121.59824087800007, 24.994824538000046], [121.59818888000007, 24.99469159100005], [121.59816855600002, 24.99462625600006], [121.59814570700007, 24.994557491000023], [121.598139263, 24.994494419000034], [121.59815052600004, 24.99445425500005], [121.59816681500001, 24.994402611000055], [121.59818813800007, 24.994347508000033], [121.5982358870001, 24.994262543000048], [121.59829744500007, 24.994146571000044], [121.5983325730001, 24.99405819100008], [121.59834760400008, 24.994009994000066], [121.59836756900006, 24.993909016000032], [121.59839007900007, 24.99381836500004], [121.59842265600003, 24.99371622600006], [121.59845025000004, 24.99364505500006], [121.59850937500005, 24.993571538000026], [121.5986126460001, 24.99349677400005], [121.59873232100006, 24.993425432000038], [121.59883186600007, 24.99337821100005], [121.59892636300003, 24.99332984700004], [121.59903724500009, 24.993275720000042], [121.59909895400006, 24.993230864000054], [121.59916950200011, 24.993190585000036], [121.59920728000009, 24.99316069400004], [121.59927530300001, 24.99311926100006], [121.59929793300012, 24.99308480800005], [121.59936585700007, 24.99299865200004], [121.59938586500004, 24.99291718300003], [121.59940322400007, 24.992779507000023], [121.59939934800002, 24.99273708100003], [121.59938534700007, 24.99267862000005], [121.59934852700007, 24.992566286000056], [121.59931552700004, 24.992471155000032], [121.59926731500002, 24.992340497000043], [121.59923809800011, 24.992245361000073], [121.59919755400006, 24.992160570000067], [121.59916708900005, 24.99207116100007], [121.5991251480001, 24.991924433000065], [121.59908711300011, 24.991833909000036], [121.5990617010001, 24.991749076000076], [121.59906161000004, 24.991705489000026], [121.59915601900002, 24.991616995000072], [121.59938025600002, 24.991488090000075], [121.59943185300006, 24.99143407500003], [121.5996132040001, 24.991304108000065], [121.5996748870001, 24.991247787000077], [121.59971770000004, 24.991214444000036], [121.59976554000002, 24.99117190800007], [121.59985753, 24.991132727000036], [121.60002011200004, 24.99107276500007], [121.60014107900008, 24.99101861500003], [121.60022677900008, 24.990984033000075], [121.60038556800009, 24.990921786000058], [121.60053425100011, 24.99085152500004], [121.60069682300002, 24.990788114000054], [121.60091238000007, 24.99072804700006], [121.6010195240001, 24.99069571700005], [121.60111784900005, 24.99067028500008], [121.60117332800007, 24.99066100500005], [121.60133975300005, 24.990628555000058], [121.60148344700008, 24.990584683000066], [121.60157292800011, 24.990552389000072], [121.6016775270001, 24.990510888000074], [121.60179978700012, 24.990470499000025], [121.60187414900008, 24.990443970000058], [121.60192956700007, 24.99040715500007], [121.60195848900003, 24.99036696400003], [121.60197218400003, 24.990285501000074], [121.60195938400011, 24.990199498000038], [121.60195418800004, 24.990131845000064], [121.6019452170001, 24.990066480000053], [121.60193750100007, 24.989996537000025], [121.60193485700006, 24.98994148500003], [121.60191695600008, 24.989830269000038], [121.60185731800004, 24.989666380000074], [121.60181548300011, 24.989568973000075], [121.60179760000005, 24.98946578300007], [121.60178859100006, 24.98938436800006], [121.601790993, 24.98932930500007], [121.60178313600011, 24.989196282000023], [121.60178289500004, 24.98908616500006], [121.60176757200009, 24.988999035000063], [121.60176615600005, 24.988927937000028], [121.6018013260001, 24.98886133800005], [121.60184535700012, 24.988809638000077], [121.60188561400003, 24.988761382000064], [121.6020228110001, 24.988631509000072], [121.60205807500006, 24.988607342000023], [121.60201604100007, 24.988418185000057], [121.60198557900003, 24.988331078000044], [121.6019450120001, 24.988235969000073], [121.60191320700005, 24.98811216100006], [121.60186371200007, 24.987971180000045], [121.60183077900001, 24.987908171000072], [121.6018016590001, 24.98785661200003], [121.60175994100007, 24.987813110000047], [121.60172198700002, 24.987760424000044], [121.60168028800001, 24.987724959000047], [121.60163356100009, 24.987697523000065], [121.60157163500003, 24.98764145800004], [121.60150974700002, 24.987602569000046], [121.60141125100006, 24.987548871000058], [121.60130516000004, 24.987482555000042], [121.60122438300004, 24.987458633000074], [121.60115369400012, 24.987431247000075], [121.60109941100006, 24.987409566000053], [121.60085460000005, 24.987352703000056], [121.6007662930001, 24.987346], [121.6007057060001, 24.98732433200007], [121.6006072560001, 24.987292410000066], [121.60052393500007, 24.98725816900003], [121.60045317800007, 24.98719981800008], [121.60037862500008, 24.987135731000023], [121.6003103600001, 24.987064756000052], [121.600254715, 24.986994915000025], [121.60020164900004, 24.986952578000057], [121.60014350000006, 24.986891910000054], [121.60008653400007, 24.986795675000053], [121.60005363700009, 24.986747571000024], [121.59997772700001, 24.986639911000054], [121.59993086700001, 24.986550541000042], [121.59988151300001, 24.98647608600004], [121.59986115000004, 24.986390112000038], [121.59985330800009, 24.986262803000045], [121.59984914000006, 24.98608619500004], [121.59987016600007, 24.985894607000034], [121.59988371700001, 24.98574433600004], [121.5998835910001, 24.985685834000037], [121.5998909860001, 24.985605552000038], [121.599900939, 24.985542443000043], [121.59990708700002, 24.985470165000038], [121.599911829, 24.985330230000045], [121.5999254520001, 24.985213216000034], [121.59992782200004, 24.985143248000043], [121.59993273100008, 24.985079004000056], [121.59995022300006, 24.985003276000043], [121.59996135000006, 24.98490003200004], [121.59997868800008, 24.98475203600003], [121.60000111700003, 24.984624688000054], [121.60001740700011, 24.984576482000023], [121.600036154, 24.984497305000048], [121.6000473250001, 24.984413550000056], [121.60006479800006, 24.984328642000037], [121.60011112300003, 24.984170276000043], [121.60016628200003, 24.984015329000044], [121.60017622600003, 24.983947642000032], [121.60019125100007, 24.983897142000046], [121.6002112540001, 24.983815673000038], [121.6002363120001, 24.98373877000006], [121.6002399240001, 24.98365962400004], [121.60027129800005, 24.98358616300004], [121.60031766600002, 24.983448442000054], [121.60035274400002, 24.98333941100003], [121.6003816110001, 24.983273978000057], [121.60038782400011, 24.98323153000007], [121.60038770200003, 24.983175321000033], [121.60040521000008, 24.983106476000046], [121.60039753900003, 24.98305831400006], [121.60039360300004, 24.982987215000037], [121.60037570700001, 24.98287715500004], [121.60035277700001, 24.982772819000047], [121.6003437920001, 24.982699439000044], [121.60034237500008, 24.982628332000047], [121.60032326100009, 24.982537757000046], [121.60030534200007, 24.982418505000055], [121.60030641500009, 24.982330189000038], [121.60033262000002, 24.982200530000057], [121.60038650700005, 24.982040994000045], [121.60040897700003, 24.981934290000027], [121.60043780300009, 24.981850510000072], [121.6004829090001, 24.981711639000025], [121.60049771800004, 24.981562508000025], [121.60050244600006, 24.981415683000023], [121.6005033880001, 24.98126888400003], [121.60050559800004, 24.981125508000048], [121.60055067200005, 24.980972870000073], [121.6005681900001, 24.98090860900004], [121.60059197500004, 24.98082597800004], [121.60061326200002, 24.98075483200006], [121.60062324500007, 24.980706646000044], [121.6006319600001, 24.980652720000023], [121.60064562800005, 24.980558639000037], [121.60064797300004, 24.980476069000076], [121.60066401600011, 24.98031431000004], [121.60065620600005, 24.980201942000065], [121.600633291, 24.98010219300005], [121.60058377400003, 24.979948599000068], [121.60055079000006, 24.979861502000063], [121.60047854100003, 24.97969419700007], [121.60039377200007, 24.97956935600007], [121.60029644300005, 24.979469763000054], [121.60009937900008, 24.979323355000076], [121.5999806640001, 24.979246744000022], [121.59986698800003, 24.97916897400006], [121.59974067000007, 24.979076331000044], [121.59958654900004, 24.97895734900004], [121.59950318900007, 24.97890132300006], [121.59944251600007, 24.978838361000044], [121.59939826000004, 24.97878454000005], [121.59936159500012, 24.97874217800006], [121.59933245800005, 24.978682598000034], [121.59935362800002, 24.978556402000038], [121.59941632400012, 24.97838766800004], [121.59944640900005, 24.978302736000046], [121.59946770300007, 24.978235030000064], [121.59950912900001, 24.978145485000027], [121.59956947800003, 24.978058203000046], [121.59961717300007, 24.977951433000044], [121.59969509500002, 24.977825125000038], [121.59970797200003, 24.97780664100003], [121.59976550200008, 24.977724058000035], [121.59984476300008, 24.97763443300005], [121.5999214840001, 24.977537949000066], [121.60001195500001, 24.97738292300005], [121.60005463100003, 24.977287657000034], [121.60007589600002, 24.97720617500005], [121.6001034620001, 24.977123539000047], [121.60014486400007, 24.977023674000066], [121.60016665500007, 24.97698031500005], [121.60018756200009, 24.97693871900003], [121.60025677400006, 24.976868626000055], [121.60050358600006, 24.976693803000046], [121.60058546800008, 24.976652340000044], [121.6006736600001, 24.97660972500006], [121.60085379800012, 24.976513028000056], [121.60095962100002, 24.97646121300005], [121.6011070080001, 24.976382922000028], [121.60123427400003, 24.976332203000027], [121.60147993600003, 24.97621014200007], [121.60163238900009, 24.976142167000035], [121.60176215700005, 24.97608226400007], [121.60186797600011, 24.976028146000033], [121.60211119300004, 24.975942786000076], [121.60237473400002, 24.975925053000026], [121.60260804000006, 24.975921148000054], [121.60271270100009, 24.975914052000064], [121.60284132400011, 24.975906914000063], [121.60297742000012, 24.97585846800007], [121.6031600020001, 24.975727344000063], [121.60332755200011, 24.975643282000078], [121.60341324100011, 24.975610993000032], [121.6035783640001, 24.975571674000037], [121.60373085000003, 24.975520894000056], [121.60386063300007, 24.97546787700003], [121.60401683900011, 24.975387273000024], [121.60421455900007, 24.975259563000066], [121.60448280600008, 24.975086986000065], [121.60462000200005, 24.974965136000037], [121.60480495900003, 24.97476862700006], [121.60494838900001, 24.974614658000064], [121.60511571400002, 24.974430806000044], [121.60521013800007, 24.974357205000047], [121.60537406300011, 24.974347700000067], [121.60570081000003, 24.97439864200004], [121.60589005300005, 24.974430373000075], [121.60603764300004, 24.974447286000043], [121.6061663160001, 24.974464220000073], [121.60628490800002, 24.974484621000045], [121.60635805800007, 24.974486768000077], [121.60645391000003, 24.974488861000054], [121.60651444200005, 24.97448759400004], [121.60662921200003, 24.974490798000033], [121.60677045000011, 24.974484781000058], [121.60689531300011, 24.974490256000024], [121.60705168900006, 24.97448878700004], [121.60718535600006, 24.974482790000025], [121.60727111500012, 24.97448260300007], [121.60738208600003, 24.97448008300006], [121.6074804640001, 24.974483328000076], [121.60762297100007, 24.97448303300007], [121.6077175480001, 24.974479405000068], [121.60781970700009, 24.97448263600006], [121.60786889700012, 24.974484828000072], [121.607943309, 24.974486971000033], [121.60803787300006, 24.974477601000046], [121.60812587600003, 24.97447548100007], [121.60823761900008, 24.97449036300003], [121.60826064500009, 24.97450296200003], [121.60832613700006, 24.97457763700004], [121.60837778400003, 24.974630491000028], [121.60842940700002, 24.97469826400004], [121.60847350100005, 24.974739631000034], [121.60856555900011, 24.97477529400004], [121.60869425600004, 24.97478227700003], [121.60882426700005, 24.97476055900006], [121.60898583000005, 24.974735421000048], [121.60912467700007, 24.974709097000073], [121.60929129100009, 24.974680525000053], [121.60936324600004, 24.97466450400003], [121.60955004700008, 24.974637078000057], [121.60979745400005, 24.974589039000023], [121.6098921580001, 24.974551219000034], [121.60995531000003, 24.97451452200005], [121.61001476900003, 24.974425008000026], [121.61005153400004, 24.974322861000076], [121.61008322000009, 24.974240214000076], [121.61011604400005, 24.974229905000072], [121.61026617000005, 24.974251822000042], [121.61038853700006, 24.97427142600003], [121.61050708200003, 24.974313994000056], [121.61062186700008, 24.974340479000034], [121.61074670800008, 24.974392241000032], [121.61082866000004, 24.974433633000046], [121.61096105800004, 24.97449227800007], [121.6110366910001, 24.974538263000056], [121.61116784300009, 24.974587721000034], [121.61125235800012, 24.974607298000024], [121.61134826200009, 24.974606219000066], [121.6114543110001, 24.974574147000055], [121.61150230800001, 24.974546632000056], [121.611590825, 24.974433029000068], [121.61167679200003, 24.974335498000073], [121.611710936, 24.974293041000067], [121.61179689100004, 24.974201244000028], [121.61183862500002, 24.974147311000024], [121.61192075100007, 24.974083071000052], [121.61197505900009, 24.974054409000075], [121.61207112800003, 24.973952288000078], [121.61213431400006, 24.97389721600007], [121.61222525300002, 24.973844480000025], [121.61240332700004, 24.973753900000077], [121.61255729100003, 24.973742513000047], [121.612696131, 24.97372195300005], [121.61283751400003, 24.973688752000044], [121.61296507200007, 24.973622258000034], [121.61305852700002, 24.973575253000035], [121.61313053300012, 24.973525924000057], [121.61319370500007, 24.973477751000075], [121.61326192400008, 24.973430724000025], [121.61334779200001, 24.973394040000073], [121.61342605900006, 24.97337457800006], [121.61357618300008, 24.97339650200007], [121.613680885, 24.973416084000064], [121.61378434700009, 24.97342304400007], [121.61384236200001, 24.973440310000058], [121.613919269, 24.973481702000072], [121.61398608500008, 24.97351963500006], [121.61407432700003, 24.97357366400007], [121.61414496000009, 24.973594380000065], [121.61430026200003, 24.97353708000003], [121.61435582700005, 24.973509559000036], [121.61441898700002, 24.973469419000025], [121.61448848200007, 24.97341091100003], [121.614551677, 24.973348951000048], [121.61459212600005, 24.973306497000067], [121.61462372500011, 24.97327437200005], [121.6146717470001, 24.973230775000047], [121.61469760900002, 24.973194275000026], [121.61471618900009, 24.97316769400004], [121.61473892400011, 24.973141093000038], [121.6147686170001, 24.973098492000076], [121.61485245900008, 24.973002603000054], [121.61489811000001, 24.972960415000045], [121.61495287500009, 24.97288039700004], [121.61501632700003, 24.972815377000074], [121.61508489900007, 24.97274006300006], [121.615162327, 24.972659040000053], [121.61519025500002, 24.972629376000043], [121.61522084100011, 24.972582500000044], [121.61525903400002, 24.97252878000006], [121.61529837800003, 24.972487710000053], [121.61533156700011, 24.97243050800006], [121.6153493700001, 24.97240766300007], [121.6153862110001, 24.972365422000053], [121.61544971, 24.972294670000053], [121.615503095, 24.97222956400003], [121.61556013600011, 24.97217942900005], [121.61561718900009, 24.972128139000063], [121.61570075400004, 24.972065546000067], [121.61578186200006, 24.971996045000026], [121.61587298200004, 24.97193351100003], [121.61594260600009, 24.971883450000064], [121.61601603300005, 24.97182998900007], [121.61611106600003, 24.971750248000035], [121.61619727400011, 24.971672746000024], [121.61630970200008, 24.971620694000023], [121.61648792100004, 24.97152544200003], [121.616554962, 24.971483418000048], [121.61664091500006, 24.971436926000024], [121.61674588700009, 24.97137333200004], [121.6168368640001, 24.971328021000033], [121.61689498600003, 24.971299704000046], [121.61696452400008, 24.971259988000043], [121.61703782200004, 24.971222588000046], [121.61708337400012, 24.971191902000044], [121.61716553400004, 24.971147676000044], [121.61723867, 24.971108726000068], [121.61724642600007, 24.971104595000043], [121.61731971200004, 24.971068349000063], [121.61740311000005, 24.971026429000062], [121.6174637360001, 24.970999284000072], [121.61753568000006, 24.97097336300004], [121.61760263700012, 24.970941666000044], [121.6176961330001, 24.970896374000063], [121.61775548300011, 24.970871508000073], [121.6178587060001, 24.970867629000054], [121.61801974200012, 24.97087333500008], [121.61810651600001, 24.970880820000048], [121.61823361200004, 24.970881700000064], [121.6183306370001, 24.970866294000075], [121.61842130000002, 24.970860022000068], [121.61849446200006, 24.970838709000077], [121.61861171400005, 24.97081194900005], [121.61867865400006, 24.970782546000066], [121.61875308800006, 24.970760092000035], [121.61882624900011, 24.970738770000025], [121.61894222600006, 24.970714299000065], [121.61901039200006, 24.97068835700003], [121.61911655300003, 24.97063280100008], [121.61919359700005, 24.970598895000023], [121.61927586800005, 24.970540881000034], [121.61936073800007, 24.97047255500007], [121.61941402900004, 24.970418943000027], [121.61955829600004, 24.970320026000024], [121.61961026400002, 24.97027444400004], [121.61966625700006, 24.970197876000043], [121.61973109000007, 24.970117927000047], [121.61976047900009, 24.970063021000044], [121.6198002640001, 24.969967964000034], [121.6198158310001, 24.969910640000023], [121.61983783700009, 24.969835002000025], [121.61985564100007, 24.969812150000052], [121.61988118400006, 24.96976638800004], [121.61992337000004, 24.969685132000052], [121.61995924000007, 24.96960727900006], [121.61999764500001, 24.969527156000026], [121.62001715200006, 24.969449189000045], [121.62001757200005, 24.969397512000057], [121.62000180400003, 24.96932505500007], [121.61998357800007, 24.96928368400006], [121.61994496500006, 24.969196028000056], [121.61984005300008, 24.969097688000033], [121.61977267300006, 24.96902717000006], [121.61968913400005, 24.96893127900006], [121.61962685000003, 24.968852750000053], [121.61959714500006, 24.968791681000027], [121.61958494300006, 24.968744507000054], [121.6195716520001, 24.968676653000045], [121.61956835500007, 24.968618064000054], [121.61957749700002, 24.96857678500004], [121.6195993450001, 24.968520659000035], [121.61961360900011, 24.96846906600007], [121.61964691600008, 24.96839694700003], [121.61967778000007, 24.968315620000055], [121.61970217400005, 24.968256069000063], [121.6197076630001, 24.96819982900007], [121.61972076600011, 24.968135611000037], [121.61973127500005, 24.96808169700006], [121.61975056100005, 24.968031293000024], [121.61977262800008, 24.967948757000045], [121.61979062300009, 24.96790179000004], [121.61979365500008, 24.967838654000047], [121.61979911600008, 24.967785862000028], [121.61980025600008, 24.96764575900005], [121.61980955900003, 24.96758495200004], [121.61980419000008, 24.96747120300006], [121.61979338700007, 24.96740682500007], [121.61975518100007, 24.967307792000042], [121.61970318100009, 24.96720293000004], [121.61964314000011, 24.96715772400006], [121.61950486800004, 24.967139547000045], [121.61946333100002, 24.967140407000045], [121.6192647360001, 24.967111485000032], [121.61915294100004, 24.967086591000054], [121.61908386100004, 24.967070040000067], [121.61899470500009, 24.967046451000044], [121.61890304300005, 24.967021706000025], [121.61882288200002, 24.96697522000005], [121.61874135200003, 24.966942499000027], [121.61865862600007, 24.966901730000075], [121.61853437000002, 24.96686184600003], [121.61843507100002, 24.96684737000004], [121.61836345000006, 24.96683424300005], [121.61828673600007, 24.966827972000033], [121.61815844400007, 24.966820190000078], [121.61810301900005, 24.96682670200005], [121.61800598800005, 24.96684326700006], [121.61792657900003, 24.96685879100005], [121.6178495690001, 24.96688927100007], [121.61779518900005, 24.96692220500006], [121.61769019400003, 24.966989243000057], [121.61761173800005, 24.96704267100006], [121.61754072000008, 24.96710994600005], [121.61747616800005, 24.96715544500006], [121.61740889600003, 24.96722618700005], [121.6172962490001, 24.967305796000062], [121.61720247700009, 24.967385542000045], [121.61707459900003, 24.96748113700005], [121.61700390600004, 24.967508216000056], [121.6169245540001, 24.967516861000036], [121.61685065800009, 24.967473850000033], [121.61676677900005, 24.967420436000054], [121.61671305300001, 24.967372990000058], [121.61663058300007, 24.96730121400003], [121.61655940100002, 24.967234115000053], [121.61647565400006, 24.96716462100005], [121.61640822800007, 24.967099843000028], [121.61631313600003, 24.967032580000023], [121.61622537000005, 24.966992924000067], [121.61611378200007, 24.966942764000066], [121.61601463200009, 24.966909916000077], [121.61593064200008, 24.966870303000064], [121.615814021, 24.96682011300004], [121.61574146700002, 24.966766776000043], [121.61567271500007, 24.966710033000027], [121.61560650900003, 24.96664985500007], [121.61552774000006, 24.966587308000044], [121.61545654300005, 24.96652249300007], [121.61539902200002, 24.966477301000054], [121.61534383300011, 24.966455104000033], [121.61526210700004, 24.966446494000024], [121.61512361500002, 24.966454741000064], [121.615083862, 24.966391292000026], [121.61505312500003, 24.96630264600003], [121.61501609700008, 24.966213964000076], [121.61499371900004, 24.966180499000075], [121.614947228, 24.966172141000072], [121.6148788910001, 24.966218757000036], [121.61481054800004, 24.966266519000044], [121.6147307660001, 24.96632797700005], [121.61463466200007, 24.966384745000028], [121.61448079000002, 24.96642731700007], [121.61435977300005, 24.966452896000078], [121.6142237580001, 24.96646574400006], [121.61413814500008, 24.966470892000075], [121.61401234800007, 24.966465425000024], [121.61389276000011, 24.966470358000038], [121.61377080300008, 24.966456871000048], [121.61366652000004, 24.96643662500003], [121.613627672, 24.96641683400003], [121.61359269900004, 24.96638443200004], [121.61353745500003, 24.96636912300005], [121.61347612700001, 24.966328504000046], [121.61341727400008, 24.966292492000036], [121.61338222900008, 24.966269278000027], [121.61332583, 24.966241326000045], [121.61329450100004, 24.966225026000075], [121.6132393690001, 24.966195939000045], [121.61315671400007, 24.966147130000024], [121.61308882000003, 24.966139772000076], [121.61296942700005, 24.96612056300006], [121.6128865280001, 24.966101621000064], [121.61277492200009, 24.966053745000067], [121.61270851900008, 24.966017700000066], [121.61263351900004, 24.965956310000024], [121.61256738100008, 24.965888086000064], [121.61250114300003, 24.96583250900005], [121.61238017300002, 24.96569845500005], [121.61226414500004, 24.965575906000026], [121.61213680100002, 24.965452139000035], [121.61206317400001, 24.96537698700007], [121.61176745600005, 24.965376081000045], [121.61155100600001, 24.965376880000065], [121.61144161700008, 24.965365784000028], [121.61137005400008, 24.965345773000024], [121.61130213900003, 24.965340707000053], [121.61120794400006, 24.965318224000043], [121.61114522700007, 24.965293675000055], [121.61103869100009, 24.965241262000063], [121.61090826100008, 24.965187529000048], [121.6107176920001, 24.96510121800003], [121.610587269, 24.965046338000036], [121.61046817200008, 24.964991540000028], [121.61036176900006, 24.96492303900004], [121.61023525300004, 24.96485210900005], [121.61008888700007, 24.96474657400006], [121.61003008600005, 24.96470481500006], [121.60993885200003, 24.96462838800005], [121.60988655000006, 24.964561417000027], [121.60981021500004, 24.964509213000042], [121.60968492000006, 24.964442873000053], [121.609517288, 24.964322268000046], [121.60946854300005, 24.964281725000035], [121.6094211410001, 24.964230883000027], [121.6093651110001, 24.964158130000044], [121.60931639600005, 24.96411415400007], [121.609230808, 24.964015845000063], [121.60917054100003, 24.963946630000066], [121.60906590900004, 24.963816106000024], [121.60896367300006, 24.963700559000074], [121.6089212930001, 24.963650871000027], [121.60878277400002, 24.96350980300008], [121.60869046900007, 24.96341039400005], [121.60859691000007, 24.963310981000063], [121.60855071200001, 24.963267013000063], [121.60847457800003, 24.963190686000075], [121.60840205600005, 24.963133907000042], [121.60830375700004, 24.96307875900004], [121.60817029500004, 24.963040204000038], [121.60814611300009, 24.963038152000024], [121.60790042400004, 24.96303429900007], [121.60770130700007, 24.963056917000074], [121.60753494300002, 24.963084175000063], [121.60741647800012, 24.963100042000065], [121.60716824100007, 24.963111094000055], [121.60696035700005, 24.963103862000025], [121.60678272200005, 24.963089780000075], [121.60662527700003, 24.963060829000028], [121.60630782400006, 24.963025849000076], [121.60612637100007, 24.96303587600005], [121.60597260500003, 24.963061991000075], [121.60585039800003, 24.963056059000053], [121.60563747700007, 24.963046508000048], [121.60525452500008, 24.962999955000043], [121.60506057400005, 24.96295141400003], [121.60497496900007, 24.962909953000064], [121.60490068500008, 24.96287883800005], [121.6046190190001, 24.962559314000032], [121.6045183010001, 24.962513238000042], [121.60435966200009, 24.962446407000073], [121.604195935, 24.962408242000038], [121.60407001800002, 24.962363269000036], [121.60393900600002, 24.96234812800003], [121.60375888600004, 24.96231682800004], [121.6036417140001, 24.96231433400004], [121.60351448900008, 24.96229575600006], [121.60339862300009, 24.962266855000053], [121.60327402100006, 24.962192049000066], [121.6032148810001, 24.96214718400006], [121.60313068700009, 24.96202195400008], [121.60305534500003, 24.961879517000057], [121.60300252500008, 24.961824344000036], [121.60293839500002, 24.961751927000023], [121.60287297100001, 24.961701318000053], [121.60280753300003, 24.96165529700005], [121.60272320000001, 24.961608096000077], [121.60257465500001, 24.961535533000074], [121.60248532000003, 24.961466534000067], [121.60240981400011, 24.96141474800004], [121.6023607840001, 24.961354990000075], [121.60224629200002, 24.961262979000026], [121.60216072600008, 24.961199712000052], [121.60208520600008, 24.961158264000062], [121.60198448000006, 24.96111791900006], [121.60187116100008, 24.961077561000025], [121.60174650600004, 24.96103143600004], [121.60156141000004, 24.960965701000077], [121.60136242100009, 24.960918294000066], [121.6012427820001, 24.960887109000055], [121.60107900500009, 24.96087878700007], [121.60088239000004, 24.96091171200004], [121.60066810700005, 24.960960689000046], [121.60061009200001, 24.960992720000036], [121.60046628400005, 24.961088880000034], [121.60035026000003, 24.961148356000024], [121.60019897900008, 24.961195135000025], [121.60006407700007, 24.961241949000055], [121.59995946100003, 24.961264724000046], [121.5997818410001, 24.961246048000078], [121.59962697600008, 24.961184956000068], [121.59948467400011, 24.96114453200005], [121.59930081800007, 24.961090265000053], [121.59911564100003, 24.96106929000007], [121.5989946410001, 24.961094324000044], [121.598839558, 24.961153730000035], [121.59870593300002, 24.96119135500004], [121.5986151510001, 24.961227922000035], [121.59850295900003, 24.96125870700007], [121.59843366000007, 24.96125745300003], [121.5983707040001, 24.96123438500007], [121.59828514700007, 24.96116996300003], [121.59817191800005, 24.96107795200004], [121.59808643400004, 24.960971060000077], [121.59800472600011, 24.96086878400007], [121.597909135, 24.96077795800005], [121.59778332600001, 24.960675596000044], [121.59768769100003, 24.96060885600008], [121.59763356200006, 24.960582361000036], [121.59755424900004, 24.960547804000043], [121.59744087700005, 24.96053382300005], [121.59735650700009, 24.96050957800003], [121.597246906, 24.960500194000076], [121.597076807, 24.960503344000074], [121.5969065920001, 24.96056844800006], [121.59683091900001, 24.960610780000025], [121.59680423700001, 24.960638584000037], [121.59677582900008, 24.960668187000067], [121.59669458100007, 24.960752850000063], [121.59658982600001, 24.96085021400006], [121.59653806600011, 24.960905204000028], [121.59647117200007, 24.960969354000042], [121.59642198000006, 24.960999109000056], [121.59630718100004, 24.96107463900006], [121.59619744300005, 24.961141011000052], [121.59612051900001, 24.961177603000067], [121.5959868970001, 24.961214089000066], [121.5958028880001, 24.961243598000067], [121.5956844430001, 24.96124798200003], [121.59552440400012, 24.961260313000025], [121.59541728200008, 24.96127504100008], [121.5952698100001, 24.961304621000068], [121.59519667300003, 24.961337768000078], [121.59511848400007, 24.96137549100007], [121.59498476600004, 24.961463626000068], [121.59487880300003, 24.961531156000035], [121.59483082500003, 24.96158385600006], [121.59478529000012, 24.961679021000066], [121.59475369200004, 24.96173405600007], [121.59470186200008, 24.96182692700006], [121.59466387600003, 24.961926696000035], [121.59462845700011, 24.962002384000073], [121.59457158100008, 24.962098679000064], [121.59451593000006, 24.96221334200004], [121.59444767900004, 24.962326837000035], [121.59439077500008, 24.962438053000028], [121.5943440320001, 24.962505690000057], [121.5942808100001, 24.962624924000067], [121.59424412300007, 24.96270518600005], [121.59417961800011, 24.96283819200005], [121.59412653600009, 24.96292647300004], [121.59407469000007, 24.963026224000032], [121.59403802200006, 24.96309616700006], [121.59395966800002, 24.963223424000034], [121.59392427800003, 24.96328302300003], [121.5938459460001, 24.963398806000043], [121.59374992700009, 24.963537489000032], [121.59370562600009, 24.963648740000053], [121.59366640700011, 24.963732441000047], [121.59360566200007, 24.96387694400005], [121.59356892100004, 24.96398590600006], [121.59343501500007, 24.964171579000038], [121.59339588300008, 24.964210528000024], [121.5932786730001, 24.964226389000032], [121.5931640340001, 24.964215849000027], [121.59301287400001, 24.964196067000046], [121.59287178200009, 24.96418088300004], [121.59268533900001, 24.964162198000054], [121.59253794300002, 24.96415045300006], [121.59243470400008, 24.96410780000008], [121.592293702, 24.964043297000046], [121.5921879660001, 24.963989152000067], [121.59209226000007, 24.963960280000038], [121.5919725980001, 24.963939407000055], [121.5918717300001, 24.963977103000047], [121.59174182600009, 24.96404227800008], [121.59160678100011, 24.964163683000038], [121.59144772500008, 24.964322912000057], [121.59129115300004, 24.96449936500005], [121.59116873300002, 24.964605876000064], [121.5910691790001, 24.964613728000074], [121.59095965000006, 24.964565331000074], [121.59081868200008, 24.964483581000025], [121.59066641800007, 24.964381166000067], [121.59048775100007, 24.964246571000047], [121.59037703800004, 24.96415800400007], [121.59019585800002, 24.96401995100007], [121.5901342090001, 24.963971642000047], [121.59001722700009, 24.963866993000067], [121.5898497600001, 24.96380816100003], [121.58968598000001, 24.963798672000053], [121.58952347000002, 24.963783463000027], [121.5893206390001, 24.963769315000036], [121.58923749600001, 24.96376113100007], [121.58915819300012, 24.963720808000062], [121.5890449640001, 24.963629947000072], [121.58893811000007, 24.963501216000054], [121.58882865300006, 24.96341608000006], [121.58874808900009, 24.963375772000063], [121.58861457900002, 24.963350281000032], [121.58843303000003, 24.963408472000026], [121.58829554300007, 24.96348740700006], [121.58819711700005, 24.963565275000065], [121.58815165900012, 24.96361682500003], [121.58807467200006, 24.96368325000003], [121.588010402, 24.96368886700003], [121.58785041500005, 24.963672506000023], [121.58767535200002, 24.96363201500003], [121.58758216600006, 24.963604304000057], [121.5874260060001, 24.96356385100006], [121.58728999800007, 24.963525721000053], [121.58699905700007, 24.96346666100004], [121.5868932190001, 24.963465318000033], [121.58675209100011, 24.963470794000045], [121.5865656090001, 24.96347275000005], [121.58643713200001, 24.963451848000034], [121.58629856200002, 24.963435521000065], [121.58617139400008, 24.963389391000078], [121.58610088300009, 24.96336285800004], [121.58592589300008, 24.963285633000055], [121.58580504300005, 24.96323031700007], [121.58573201600007, 24.963202652000064], [121.58567404200005, 24.963211728000033], [121.5856134600001, 24.96326440200005], [121.58553392200008, 24.963346888000046], [121.58549220800012, 24.963416823000045], [121.58545550100007, 24.963502822000066], [121.58542127800001, 24.96360949700005], [121.58538951000003, 24.963748296000063], [121.5853641430001, 24.963834315000042], [121.5853136180001, 24.96389964100007], [121.58527447600011, 24.963943184000073], [121.58522521200007, 24.96400621500004], [121.58517718600001, 24.96408186800005], [121.58511781400011, 24.964162092000038], [121.58503073400004, 24.96423422400005], [121.58492094500002, 24.964322399000025], [121.58484647600005, 24.964388823000036], [121.58476447700002, 24.964440308000064], [121.58472410200011, 24.964468923000027], [121.5846572580001, 24.964500937000025], [121.58455638700002, 24.96453862100003], [121.584479471, 24.964567170000066], [121.5844076080001, 24.96458997600007], [121.5842639650001, 24.964590875000056], [121.58404095600008, 24.964584719000072], [121.58378893600002, 24.964595720000034], [121.58359239300012, 24.964587317000053], [121.58345753600008, 24.96460657800003], [121.5833189110001, 24.96464097100005], [121.58318941700009, 24.96465968700005], [121.58316930100011, 24.96466155300004], [121.58308490200011, 24.964668138000036], [121.58298534000005, 24.964688455000044], [121.58282033500006, 24.964699376000056], [121.582635116, 24.964726281000026], [121.58248143800006, 24.964738384000043], [121.58232143400005, 24.964757347000045], [121.58220051500007, 24.964764970000033], [121.58211099200003, 24.964793352000072], [121.5820113630001, 24.96482972900003], [121.58189027700007, 24.964877509000075], [121.58176037600003, 24.96492526000003], [121.58168470600003, 24.964953687000047], [121.58160904800002, 24.964977520000048], [121.58151824700008, 24.965010493000023], [121.5813266240001, 24.965062611000064], [121.58118792800008, 24.965105748000042], [121.5811173300001, 24.965126165000072], [121.58103282000002, 24.965159150000034], [121.58091671300008, 24.965220705000036], [121.58080572500012, 24.96526278400006], [121.58062904300004, 24.965356273000054], [121.58051677600008, 24.965402934000053], [121.58037149200004, 24.965516028000025], [121.58030078900003, 24.96556053200004], [121.58020981000004, 24.96563595500004], [121.5801352740001, 24.965694215000042], [121.58000025500007, 24.96576145000006], [121.5798929120001, 24.96583451600003], [121.57978672600007, 24.965932830000042], [121.57965797800011, 24.96600582700006], [121.57952407300002, 24.96610748200004], [121.57936098900007, 24.966261819000067], [121.57922585300003, 24.96635659800006], [121.57913879300008, 24.96639761600005], [121.57902778100004, 24.966445410000063], [121.57888652000008, 24.966498855000054], [121.57877434500006, 24.966522575000056], [121.57865729000002, 24.966577834000077], [121.57865012600007, 24.966581216000066], [121.57863681600008, 24.96658749900007], [121.5784201240001, 24.966610855000056], [121.57826394800009, 24.966617204000045], [121.57814813000005, 24.966608781000048], [121.57804370300005, 24.96658661500004], [121.57795310200004, 24.96657024700005], [121.57784368600005, 24.96653661000005], [121.57773922100012, 24.966523626000026], [121.57764611100004, 24.966504947000033], [121.57757938800012, 24.966501280000045], [121.57752021100009, 24.96649878100004], [121.57736666100004, 24.966479895000077], [121.57721802000003, 24.966490864000036], [121.57715752800004, 24.966502130000038], [121.57699882100007, 24.966511918000037], [121.57682368700011, 24.966534255000056], [121.57672415000002, 24.96654768600007], [121.57658044200002, 24.966583912000033], [121.57645567000009, 24.96660872700005], [121.57634719900011, 24.966650811000022], [121.57624373600004, 24.966698654000027], [121.57611509100002, 24.966746387000057], [121.57600162300002, 24.966778127000055], [121.57592599100008, 24.966796232000036], [121.57581505000007, 24.966825678000077], [121.575705405, 24.966847103000077], [121.57552647700004, 24.966874020000034], [121.5753375380001, 24.96688484300006], [121.5752342400001, 24.96689367600004], [121.57516249200012, 24.966886540000075], [121.57503020200011, 24.96690214800003], [121.57494965300009, 24.96689155100006], [121.57469536000008, 24.966872314000057], [121.57455696200009, 24.966843162000032], [121.57452581900009, 24.96676273500003], [121.57453373600003, 24.96667670200003], [121.5745580040001, 24.966595330000075], [121.57457849200011, 24.966513934000034], [121.5746104110001, 24.966409635000048], [121.57464244700009, 24.966277802000036], [121.57465774900004, 24.966231951000054], [121.57468095400009, 24.966103529000065], [121.57467610600008, 24.96605876700005], [121.5746600980001, 24.965972665000038], [121.57462027300005, 24.96586008400004], [121.57456415600006, 24.965729088000046], [121.57452411500003, 24.965668142000027], [121.57448167600012, 24.965578492000077], [121.5744442460001, 24.965495762000046], [121.57439683400003, 24.965391191000037], [121.57434564700009, 24.965285454000025], [121.57428422500004, 24.96521870400005], [121.57420385400007, 24.965165640000066], [121.57412970400003, 24.965130960000067], [121.57405558700009, 24.96508825500007], [121.57396636900012, 24.965043215000037], [121.57385587300007, 24.96496709400003], [121.57375796300005, 24.964893322000023], [121.57370905000005, 24.964846124000076], [121.57365507600002, 24.96480462200003], [121.57358357100009, 24.964740130000052], [121.57354223800007, 24.964687206000065], [121.57347705300003, 24.96461699300005], [121.57341432100009, 24.964561703000072], [121.57334413, 24.964484584000047], [121.57328020800003, 24.964413238000077], [121.57323256400002, 24.96436373000006], [121.57318241200005, 24.964311923000025], [121.57311726000012, 24.964233686000057], [121.57304573500005, 24.96417377000006], [121.5729817570001, 24.964116183000044], [121.57290513300006, 24.964071175000072], [121.57285232100003, 24.964052636000076], [121.57278697000004, 24.964022572000033], [121.57272154600003, 24.964008578000062], [121.57262967800011, 24.963994496000055], [121.57254284800001, 24.96398042900006], [121.57243957600008, 24.96398236300007], [121.57237658400004, 24.96398903200003], [121.57228085300005, 24.96399559500003], [121.57221535800011, 24.963998808000042], [121.57207299800007, 24.964013241000032], [121.57197340700009, 24.964039291000063], [121.57183965800004, 24.964101920000076], [121.57164396900009, 24.96422057700005], [121.57151146000001, 24.964287832000025], [121.57139421900001, 24.964318392000052], [121.57130099500012, 24.964327254000068], [121.57111833300007, 24.96434270000003], [121.57096085300009, 24.964359355000056], [121.5708751740001, 24.964370544000076], [121.57076809900002, 24.964379344000065], [121.57062813000005, 24.964423603000057], [121.57049459600012, 24.96443576200005], [121.57039130300006, 24.964443436000067], [121.57029058600006, 24.964437358000055], [121.57019234100005, 24.964441606000037], [121.57009162700001, 24.96443552100004], [121.5700211520001, 24.964424949000033], [121.56989908100002, 24.964406160000067], [121.56976947700002, 24.964381630000048], [121.56970528000011, 24.964375664000045], [121.56961599500005, 24.96434667400007], [121.56953048000003, 24.96431883400004], [121.56944878200011, 24.964282989000026], [121.56934815600005, 24.964255109000078], [121.56921241300006, 24.964193839000075], [121.56910309200009, 24.96413837500006], [121.56901253700005, 24.96411166300004], [121.56891188100008, 24.964091808000035], [121.56884391800008, 24.964082408000024], [121.56876207700009, 24.964079823000077], [121.56865761600011, 24.964065697000024], [121.56852915700006, 24.964068689000044], [121.56842212900006, 24.964066020000075], [121.56830245700007, 24.964075938000065], [121.56821304300001, 24.96407676800004], [121.568107198, 24.964092467000057], [121.56802029000005, 24.964096752000046], [121.56789438300007, 24.964091736000057], [121.56780748300002, 24.964093728000023], [121.56776089100003, 24.964093561000027], [121.56763870000009, 24.96410346400006], [121.56751402600003, 24.96410418200003], [121.567408225, 24.96410955300007], [121.56728604900002, 24.96411600400006], [121.56711855800006, 24.964117718000068], [121.566951119, 24.96410681900005], [121.56685673600009, 24.96409156900006], [121.56676993400004, 24.964071767000064], [121.56669944700002, 24.964063486000043], [121.5666214470001, 24.964045999000064], [121.56648690800012, 24.96399850000006], [121.56634602000008, 24.963962437000077], [121.56626918500001, 24.963966755000058], [121.56618592900008, 24.964000893000048], [121.56613916700007, 24.964040884000042], [121.5660797810001, 24.964087713000026], [121.56603802100005, 24.96413461000003], [121.56597344400006, 24.964218149000033], [121.56589007200012, 24.964278683000032], [121.56580423100002, 24.964327698000034], [121.56576005000011, 24.964352795000025], [121.56563680900001, 24.964313358000027], [121.56550865800011, 24.964244068000028], [121.56546338400005, 24.96423013800006], [121.56539558000009, 24.964184009000064], [121.56528878600011, 24.96412626600005], [121.5651743410001, 24.964091454000027], [121.56507869600011, 24.964077345000078], [121.5650093590001, 24.96409546800004], [121.56493734000003, 24.96415142500007], [121.56486605200007, 24.964198207000038], [121.56484515300008, 24.96421192100007], [121.5647389400001, 24.964313657000048], [121.56462653400001, 24.964414022000028], [121.5645354180001, 24.964495379000027], [121.56446211000002, 24.964558230000023], [121.564367306, 24.96464166800007], [121.56424372600009, 24.96468138000006], [121.56413416900011, 24.964681003000067], [121.56398939500002, 24.96467132400005], [121.56390385300006, 24.964650368000036], [121.56374907000009, 24.964624592000064], [121.56363825000005, 24.964625357000045], [121.56359418600005, 24.964622895000048], [121.56350718400006, 24.96464898200003], [121.56336971100006, 24.964697831000024], [121.56324103100008, 24.964752460000057], [121.56316034300005, 24.964773973000035], [121.56307338500005, 24.964789729000074], [121.56298271300011, 24.964790562000076], [121.56286056800002, 24.96478898400005], [121.56273847900002, 24.96477479300006], [121.56256216200006, 24.964778765000062], [121.562484046, 24.964788819000034], [121.56230906200005, 24.964775588000066], [121.56224737900004, 24.964770782000073], [121.56214290300011, 24.964760090000027], [121.56205483000008, 24.96474255800007], [121.5620057320001, 24.964738942000054], [121.56185858100002, 24.964695991000042], [121.56176418500002, 24.964684180000063], [121.56162201600011, 24.96465385700003], [121.56150994400002, 24.964653460000022], [121.56144950700002, 24.964650952000056], [121.56137138400004, 24.964662153000063], [121.56126675700011, 24.964687042000037], [121.56121880600006, 24.964709812000024], [121.56118719200003, 24.964740688000063], [121.56109361200004, 24.96483214500006], [121.56102018000001, 24.964923686000077], [121.56096957900002, 24.964976277000062], [121.56091140700005, 24.965033436000056], [121.56085830600011, 24.96508259500007], [121.56082160900007, 24.965123767000023], [121.5607672220001, 24.96517979200007], [121.560728003, 24.965220964000025], [121.56066729200006, 24.965282710000054], [121.56059896900001, 24.965357061000077], [121.560491382, 24.965484023000045], [121.56042055800003, 24.965554918000066], [121.5603775080001, 24.96560868800003], [121.56035337700007, 24.965656799000044], [121.56029880200003, 24.965755284000068], [121.56027215600011, 24.96580107500006], [121.56024412900001, 24.965876711000078], [121.5602312740001, 24.965937464000035], [121.56021958800011, 24.966018896000037], [121.56019656400008, 24.96610256400004], [121.56017861100008, 24.96617708800005], [121.56013895500007, 24.966320367000037], [121.56010836500002, 24.966405158000043], [121.56006024900012, 24.966465799000048], [121.560017173, 24.966526470000076], [121.55995778200008, 24.966573314000073], [121.55990697100003, 24.96661105800007], [121.55990093200012, 24.966615544000035], [121.55982015900008, 24.96665656500005], [121.55976965200011, 24.966688516000033], [121.55966371400007, 24.96672486600005], [121.55960195400007, 24.96673726800003], [121.55955025800006, 24.966751996000028], [121.55952611500004, 24.96680240200004], [121.5595033190001, 24.96683215400003], [121.55947407800011, 24.96689630000003], [121.55942710300008, 24.966984483000033], [121.55938909100007, 24.967038280000054], [121.55934213900002, 24.967120720000025], [121.55931298300004, 24.967165366000074], [121.55922927900008, 24.96730160900006], [121.55921907700008, 24.96733140300006], [121.55919360500002, 24.967397865000066], [121.55915811200009, 24.96745166100004], [121.55909856400001, 24.967535215000055], [121.55905172900009, 24.967591266000056], [121.55898836600011, 24.967682831000047], [121.55895036600009, 24.967734335000046], [121.55890222800008, 24.967799556000045], [121.55885154400005, 24.96787166400003], [121.55880213800003, 24.96793918900005], [121.55875274300001, 24.968004414000063], [121.55869195900004, 24.968082220000042], [121.55864503900011, 24.96815778200005], [121.55859556700011, 24.968240215000037], [121.55854355500003, 24.968328387000042], [121.55851683800006, 24.968391387000054], [121.5584899800001, 24.968486536000057], [121.55847843700008, 24.968534672000033], [121.55846684900007, 24.968594301000053], [121.55845652000005, 24.96865278000007], [121.55843599500008, 24.968738759000075], [121.55842046700002, 24.96883623100007], [121.55840501000011, 24.968915348000053], [121.55839713800003, 24.96898874900006], [121.55838930100003, 24.969052976000057], [121.55838128700009, 24.969159648000073], [121.55836827100006, 24.969257135000078], [121.55834139400008, 24.96935685300008], [121.55833717000007, 24.969374148000043], [121.55820365300008, 24.969664993000038], [121.55819677600005, 24.96967810900003], [121.55812662700009, 24.969831931000044], [121.5580765310001, 24.969946723000078], [121.55799143100012, 24.97016711200007], [121.55793262700001, 24.97032321100005], [121.55791778500009, 24.970431072000054], [121.55791423700009, 24.970521708000035], [121.55790061200003, 24.970612349000078], [121.55788702600012, 24.970717910000076], [121.55785593900009, 24.970876270000076], [121.55785502200001, 24.971010496000076], [121.557845358, 24.97117225100004], [121.55782303300009, 24.971308813000064], [121.55779953100011, 24.971478620000028], [121.55774838600007, 24.971674867000047], [121.55770088100007, 24.971818330000076], [121.5576445590001, 24.97196180700007], [121.557556814, 24.972132867000028], [121.55747651100012, 24.972259183000062], [121.55739228800007, 24.972330432000035], [121.55731430600008, 24.972378726000045], [121.55722245900006, 24.972423597000045], [121.5571407110001, 24.97247877500007], [121.55705268500003, 24.97253971200007], [121.55696589400009, 24.97259260800007], [121.55690808400004, 24.97264662300006], [121.55685040600008, 24.97275338000003], [121.55678767300003, 24.972853282000074], [121.55673869100008, 24.97291185200004], [121.55665953200003, 24.972993419000034], [121.55659416100002, 24.97304743500007], [121.55649731500012, 24.973108367000066], [121.55640919500001, 24.973133749000056], [121.55631853800003, 24.973152235000043], [121.55618346100005, 24.973229407000076], [121.55616405, 24.973248273000024], [121.55612388000009, 24.973298188000058], [121.55609732100004, 24.973380760000055], [121.55607828100005, 24.973500046000026], [121.55605920800008, 24.973648016000027], [121.55606163000004, 24.973732908000045], [121.55606403000002, 24.973835007000048], [121.55604874500011, 24.97397725600007], [121.55602845500005, 24.974088505000054], [121.55599808300008, 24.974200901000074], [121.55594370400001, 24.97436947700004], [121.55589188800002, 24.97450020800005], [121.55585398300002, 24.97458735400005], [121.55582368000012, 24.974640093000062], [121.5557845190001, 24.974723785000037], [121.55571381100003, 24.974847617000023], [121.5556544420001, 24.974971443000072], [121.55563038800005, 24.975067789000036], [121.55556969800011, 24.975243243000023], [121.5555115620001, 24.975390020000077], [121.55544199300004, 24.975619378000033], [121.5553762610001, 24.975797116000024], [121.55532947100005, 24.975938175000067], [121.55528519500001, 24.97608611100003], [121.55524085900004, 24.976285681000036], [121.55521674900001, 24.976429057000075], [121.55521193800007, 24.97646895500003], [121.55520806000004, 24.976501115000076], [121.55520402400009, 24.97653458800005], [121.55517373500004, 24.976574695000068], [121.55509432600002, 24.976592966000055], [121.55501114800006, 24.97660204400006], [121.5548939470001, 24.97661340600007], [121.55474772500008, 24.976652239000032], [121.55463555900008, 24.976668175000043], [121.55447798900002, 24.97671503400005], [121.55440360600005, 24.976744779000057], [121.55432040500011, 24.97677452000005], [121.55423340900006, 24.976815715000043], [121.55410982900003, 24.97689014100007], [121.55404297300004, 24.976950870000053], [121.55397738800002, 24.977001264000023], [121.55391179300011, 24.97705740400005], [121.55385249800008, 24.977118139000027], [121.5538108400001, 24.977180046000058], [121.55374519300005, 24.977284368000028], [121.55367950400012, 24.977421956000057], [121.5536567260001, 24.977503384000045], [121.55363518600007, 24.977603161000047], [121.55360108000002, 24.977673112000048], [121.55359842900009, 24.977784383000028], [121.5535882900001, 24.97783370600007], [121.55352128100003, 24.97802177500006], [121.55348966000008, 24.978122684000027], [121.55347194, 24.97818691300006], [121.55344915500007, 24.978272926000045], [121.5534288980001, 24.978353199000026], [121.55340109400004, 24.978422006000073], [121.55338837700003, 24.978521794000073], [121.55335173700007, 24.978603213000042], [121.55330878000007, 24.978696080000077], [121.55327591500009, 24.978784371000074], [121.55322918600007, 24.978870366000024], [121.55321525300008, 24.978933453000025], [121.5531798500001, 24.979032063000034], [121.553165852, 24.979147918000024], [121.55314305200011, 24.979245409000043], [121.55312017000006, 24.979416314000048], [121.55313137400003, 24.979533339000056], [121.55313381600001, 24.979596436000065], [121.55312993700011, 24.97968133300003], [121.55312861400012, 24.979720073000067], [121.5531282820001, 24.979729791000068], [121.55312601900005, 24.979796039000064], [121.55313091700009, 24.979917649000072], [121.553142191, 24.979973879000056], [121.55310546300007, 24.980129859000044], [121.553073777, 24.980284700000027], [121.55307368500007, 24.98035926400007], [121.5530609860001, 24.98044414800006], [121.55305324100004, 24.980600155000047], [121.5530543210001, 24.980751588000032], [121.55306807000011, 24.980846821000057], [121.55308178100006, 24.980975320000027], [121.55309050500011, 24.981055637000054], [121.55308668500004, 24.981086600000026], [121.55310670400002, 24.98121052500005], [121.55312547200003, 24.981325268000035], [121.55316437200008, 24.98146642000006], [121.55320326700007, 24.98160873200004], [121.5532409110001, 24.981745286000034], [121.55326350400003, 24.981821036000042], [121.55328353300001, 24.981935773000032], [121.55329981200009, 24.982021841000062], [121.55332236900006, 24.98212740300005], [121.55333363700004, 24.982192816000065], [121.55335111300008, 24.982333940000046], [121.55337237800006, 24.982467045000078], [121.55339242000002, 24.982569167000065], [121.55341498200005, 24.98267129100003], [121.55343759000004, 24.982734423000068], [121.55345382200005, 24.982865223000033], [121.55350032500007, 24.98296852200008], [121.55354929300006, 24.983121157000028], [121.55358714300007, 24.983250947000045], [121.55358945500006, 24.983258875000047], [121.55359908800006, 24.98328169200005], [121.55362967100007, 24.98335413500007], [121.55365222900002, 24.983459716000027], [121.55369492300008, 24.983590537000055], [121.55371625200007, 24.983669725000027], [121.55377024800009, 24.983831542000075], [121.5538191920001, 24.984005981000053], [121.55385307200004, 24.984129928000073], [121.55388693800012, 24.98426304000003], [121.55391328700011, 24.984362872000077], [121.55392704300004, 24.984454665000044], [121.55393954100009, 24.984541876000037], [121.55394321400001, 24.984634796000023], [121.5539456350001, 24.98471969800005], [121.55393548200004, 24.98477934600004], [121.55393546100004, 24.984797701000048], [121.55391266800007, 24.984889448000047], [121.55389619900006, 24.984965156000044], [121.55385198800002, 24.985052289000066], [121.55382167300002, 24.985111906000043], [121.55376988600005, 24.985213963000035], [121.55372698800011, 24.985256356000036], [121.55368534000002, 24.985307926000075], [121.55364117800002, 24.98535491800004], [121.55358061200002, 24.98541910000006], [121.55350868700009, 24.985500458000047], [121.55347587800009, 24.985537142000055], [121.55343928500008, 24.98557495600005], [121.55336862600006, 24.985651739000048], [121.5533295140001, 24.98568841200006], [121.55326263800009, 24.985760597000024], [121.55321466800001, 24.985830529000054], [121.55313010800012, 24.985935982000058], [121.55307458400011, 24.986001308000027], [121.55299380400004, 24.986109053000064], [121.55294584100011, 24.986174396000024], [121.55291553300003, 24.986228280000034], [121.55290164100006, 24.986253503000057], [121.55288649300007, 24.986276436000026], [121.55288143300004, 24.98629019400005], [121.55286502000001, 24.986317709000048], [121.55285365500004, 24.986337199000047], [121.55283158700001, 24.986371259000066], [121.55282840600012, 24.98637616800005], [121.5528218070001, 24.986386074000052], [121.5527993710001, 24.986419755000043], [121.55277412400005, 24.986455267000053], [121.55275644100004, 24.986490822000064], [121.55274382000005, 24.98650800400003], [121.5527274000001, 24.986537832000067], [121.55270595200011, 24.98656074200005], [121.55270087200006, 24.98659400300005], [121.55267562800009, 24.98662954100007], [121.55262639400007, 24.986700621000068], [121.5526011610001, 24.986726977000046], [121.55255952700008, 24.986767083000075], [121.55253808600003, 24.986784270000044], [121.55250401, 24.986824382000066], [121.5524699340001, 24.986870237000062], [121.55243586900008, 24.986903469000026], [121.55240432800008, 24.986933261000047], [121.55236900900002, 24.986964197000077], [121.55230974400001, 24.98699395600005], [121.55228955700011, 24.98701458900007], [121.5522618010001, 24.987042083000063], [121.55221513700008, 24.98707300700005], [121.55217603300002, 24.987105100000065], [121.55211676200008, 24.987141740000027], [121.55207009600008, 24.98717381000006], [121.55203477900011, 24.987202453000066], [121.55197929400003, 24.987234519000026], [121.55193768400011, 24.987253966000026], [121.55189987200004, 24.98726196100006], [121.55181917800007, 24.987295130000064], [121.55173344700006, 24.987329467000052], [121.55167922600003, 24.987358079000046], [121.55160106800008, 24.98737634400004], [121.55150781100008, 24.987381972000037], [121.55137931400009, 24.987349711000036], [121.55124702800003, 24.987320889000046], [121.55111222800008, 24.987288617000047], [121.55099507600005, 24.987248325000053], [121.55084892200011, 24.987226376000024], [121.5507897650001, 24.98716894300003], [121.5507432490001, 24.987075971000024], [121.55070053000009, 24.986970365000047], [121.5506973790001, 24.986958406000042], [121.55068811300009, 24.986923225000055], [121.55067544300005, 24.98687512200007], [121.55068812900004, 24.98680286000007], [121.55072849900012, 24.98676389700006], [121.55081423700005, 24.986727287000065], [121.5508722720001, 24.986669996000046], [121.55093662500008, 24.986600080000073], [121.55097959300008, 24.986496874000068], [121.55101122400004, 24.986392527000078], [121.55103153000005, 24.98627208000005], [121.55104551800002, 24.986167700000067], [121.55104562500003, 24.986077075000026], [121.55104195800004, 24.985981842000058], [121.55103578600006, 24.985875152000062], [121.55102577800005, 24.985812038000063], [121.55100070700007, 24.985703027000056], [121.55096302900006, 24.985596282000074], [121.55093413100008, 24.98552513100003], [121.55088133400011, 24.98541723200003], [121.55083858500006, 24.985336878000055], [121.55078826700003, 24.98526339600005], [121.5507530210001, 24.985228939000024], [121.5506926170001, 24.98516004100003], [121.55064101000005, 24.985111799000038], [121.55060450300005, 24.98507849500004], [121.55052773200009, 24.98499694700007], [121.55042829800004, 24.984899331000065], [121.55037416700009, 24.984853373000078], [121.55029990100002, 24.984784456000057], [121.55025710600012, 24.984739672000046], [121.55016648700007, 24.98464664000005], [121.55011360100002, 24.984613313000068], [121.55006955800002, 24.984561636000024], [121.549958779, 24.98446744100005], [121.54990853400011, 24.984417548000067], [121.5498731890001, 24.984382450000055], [121.54983164200007, 24.98435143000006], [121.54974855600005, 24.98428364700004], [121.54971080200005, 24.984241156000053], [121.54963276500007, 24.98416420800004], [121.54957610400004, 24.984125136000046], [121.5494464300001, 24.984026323000023], [121.54931549100002, 24.983929818000036], [121.54924875000006, 24.98389187600003], [121.54917445500007, 24.983845899000073], [121.54911525900002, 24.98381600600004], [121.54903468100008, 24.98376085500007], [121.54897799600008, 24.98374357700004], [121.54886967000004, 24.98370559800003], [121.54869206600006, 24.98364115100003], [121.54863663000003, 24.983633058000066], [121.54850435500009, 24.983599635000076], [121.54840232800007, 24.983561671000075], [121.54830028100002, 24.983540902000072], [121.54822720600009, 24.983531647000063], [121.54808989000003, 24.98349937100005], [121.54799162200004, 24.98347860000007], [121.54786312400006, 24.983449775000054], [121.54779006100011, 24.983429036000075], [121.54770312500011, 24.98341746500006], [121.5476111700001, 24.983388681000065], [121.54751164200002, 24.983370212000068], [121.54742975900001, 24.983347176000052], [121.54725213600011, 24.983301074000053], [121.54711229000009, 24.98327567700005], [121.54701273700005, 24.983277865000048], [121.54689048800003, 24.98329149500006], [121.54677203000006, 24.98329594100005], [121.54659307400004, 24.983307215000025], [121.54649604300005, 24.983305947000076], [121.54629819900003, 24.983309163000058], [121.54622004700002, 24.983326289000047], [121.54611166400002, 24.983336481000038], [121.5460083160001, 24.983350142000063], [121.5459922120001, 24.983351750000054], [121.54595160400004, 24.98335580300005], [121.54581421300009, 24.98338202700006], [121.54567050000003, 24.983426612000073], [121.54550914000004, 24.983478051000077], [121.54541962500002, 24.983514661000072], [121.54532632000007, 24.98355814100006], [121.54524689100003, 24.98359017200005], [121.54513719800002, 24.983639380000056], [121.54506155600006, 24.983667972000035], [121.54495184100006, 24.983732083000064], [121.54486105, 24.983779019000053], [121.54480109000008, 24.983827887000075], [121.54477953600008, 24.98384545400006], [121.54476266100005, 24.983859207000023], [121.5447399410001, 24.98389015600003], [121.5447058740001, 24.983925679000038], [121.54465284200012, 24.984008220000078], [121.5446275920001, 24.98404490300004], [121.54459224700008, 24.984094191000054], [121.54454784100005, 24.984143166000024], [121.54453924900008, 24.984152643000073], [121.544505146, 24.98421570200003], [121.54443699900003, 24.984295931000077], [121.54439656200009, 24.98438536900005], [121.5443498190001, 24.984478241000033], [121.5443043780001, 24.98454243300006], [121.54428164, 24.984584848000054], [121.54425259300001, 24.984636434000038], [121.54423109900006, 24.984693778000064], [121.5442045420001, 24.98476831100004], [121.54419185400002, 24.984838290000027], [121.544184201, 24.984911690000047], [121.54416900400008, 24.984972476000053], [121.5441638640001, 24.985051636000037], [121.54416876800008, 24.98516062400006], [121.54417874700005, 24.985243238000066], [121.54420004500003, 24.985344213000076], [121.54421129500008, 24.98541535800007], [121.54423007500009, 24.985514038000076], [121.54425893200005, 24.985616196000024], [121.54429911600005, 24.98573094900007], [121.5443455840001, 24.985859493000078], [121.54437699000005, 24.985937533000026], [121.54442978700001, 24.986040847000027], [121.54446245000008, 24.98612348900008], [121.54450013900009, 24.986216459000048], [121.54452652000009, 24.986283025000034], [121.54457806000005, 24.986384042000054], [121.54464216600002, 24.986516050000034], [121.54466476900006, 24.986579173000052], [121.54469872700008, 24.986634284000047], [121.544728888, 24.986702001000026], [121.54474142600009, 24.986750202000053], [121.54476781500011, 24.98681218100006], [121.54479162000007, 24.98692463900005], [121.5448116550001, 24.987026755000045], [121.54479516700007, 24.987111635000076], [121.54475351400004, 24.98716666100006], [121.54473326000004, 24.987238913000056], [121.54471299700003, 24.987320332000024], [121.54469906600002, 24.98737538100005], [121.54466363900008, 24.987490069000046], [121.54463581700008, 24.98756921200004], [121.54460420400005, 24.98765519400007], [121.54457515900003, 24.987703346000046], [121.54453348900006, 24.987772132000032], [121.54449560900002, 24.987832894000064], [121.54442996700004, 24.98792230500004], [121.54440469300005, 24.987978488000067], [121.5443769200001, 24.988018612000076], [121.54433147200007, 24.988083954000047], [121.54425955900001, 24.98815041000006], [121.54417379400002, 24.988207662000036], [121.54407041500008, 24.988243105000038], [121.5439821870001, 24.988254479000034], [121.5438674830001, 24.98827614000004], [121.54377801700002, 24.98826800100005], [121.54368854900008, 24.98826331500004], [121.54359656800011, 24.988255183000035], [121.54343151800003, 24.988227447000043], [121.54317322700001, 24.988189289000047], [121.54294895600003, 24.988155765000045], [121.54282550100004, 24.988124636000066], [121.54274109300002, 24.988103890000048], [121.54258863600012, 24.988086507000048], [121.54240467700004, 24.988064490000056], [121.54226014000005, 24.988046573000076], [121.54224271800001, 24.98804441300007], [121.5422135440001, 24.988040797000053], [121.54219191800007, 24.98803811600004], [121.5421337790001, 24.98803090800004], [121.54201409200004, 24.988008972000046], [121.54192590100001, 24.987993963000065], [121.54177092300006, 24.98797198500006], [121.54161468300003, 24.98795688000007], [121.54145215300002, 24.987931453000044], [121.54130600500002, 24.987904900000046], [121.54114598500007, 24.98788980000006], [121.54100739500007, 24.98786554000003], [121.54088643900002, 24.987849340000025], [121.54079320100004, 24.98783661500005], [121.54071004100001, 24.98782848600007], [121.54059033900012, 24.98781686700005], [121.54042780200007, 24.987798316000067], [121.54024132400002, 24.98777516100006], [121.54013675100009, 24.98775898300005], [121.5400220900001, 24.987747373000047], [121.53993514000001, 24.987746118000075], [121.53983481400007, 24.987741227000072], [121.5398218580001, 24.987740596000037], [121.53980938500001, 24.987739989000033], [121.53977225900007, 24.987738181000054], [121.53976628900011, 24.987737890000062], [121.53963650100002, 24.98772970400006], [121.53953569200007, 24.987726140000063], [121.53945503600005, 24.987729485000045], [121.5393542170001, 24.987736252000047], [121.53925086900006, 24.987745320000045], [121.53907188500011, 24.98777723300003], [121.5388903810001, 24.987807979000024], [121.53867735600011, 24.98784902600005], [121.5385878510001, 24.987874158000068], [121.53846178800006, 24.98791187300003], [121.53831302900005, 24.98795644100005], [121.53819452400012, 24.987993], [121.53803313300011, 24.988061647000052], [121.53787173900002, 24.988131430000067], [121.537777172, 24.98817377000006], [121.537669993, 24.988221817000067], [121.53759557600006, 24.988273356000036], [121.53746570100009, 24.98833286000007], [121.53730555100003, 24.98841526900003], [121.53718195300007, 24.98849313200003], [121.537077253, 24.988573307000024], [121.53698520800003, 24.98861335500004], [121.53690324500008, 24.988652263000063], [121.53685400200004, 24.98872676800005], [121.5368224, 24.988800154000046], [121.53677563600002, 24.98890679300007], [121.53672507800002, 24.98902260600005], [121.53669345700007, 24.98911205400003], [121.53665552600012, 24.98920607200006], [121.53663150000011, 24.989272581000023], [121.53659858700007, 24.989382679000073], [121.53658840100002, 24.989462966000076], [121.5365907470001, 24.989597197000023], [121.53658932300004, 24.989722242000028], [121.53662070400003, 24.98981750200005], [121.53664453100009, 24.989907020000032], [121.53667087800011, 24.989996528000063], [121.53669471800004, 24.990074581000044], [121.53671728000006, 24.99016867200004], [121.5367247260001, 24.990257022000037], [121.53674608800009, 24.990304070000036], [121.53679253200005, 24.99044639400006], [121.5368289380001, 24.990555431000075], [121.53684521200012, 24.990638060000038], [121.53689044400005, 24.99074365200005], [121.53690674000006, 24.990812515000073], [121.53694563800002, 24.99093990500006], [121.53695747900008, 24.990966942000057], [121.53698333300008, 24.991025986000068], [121.53699714000004, 24.991084380000075], [121.53700965400003, 24.991137308000077], [121.53706234900005, 24.991318636000074], [121.53708993300006, 24.991428806000044], [121.53710744400007, 24.991528639000023], [121.53711109500011, 24.991630753000038], [121.53711347100011, 24.991740897000057], [121.53711337200002, 24.991818918000035], [121.53711198000008, 24.991921012000034], [121.53710042500006, 24.992085058000043], [121.53708388600012, 24.992205498000033], [121.5370661390001, 24.99228693400005], [121.53704840500006, 24.992355746000044], [121.53701170900001, 24.992472731000078], [121.53696493900009, 24.99258166900006], [121.53694721200009, 24.99264474000006], [121.53693076200011, 24.992697496000062], [121.53689786500001, 24.99279726800006], [121.53684857400003, 24.992908492000026], [121.53681319900011, 24.992976141000042], [121.53680436900004, 24.99298300600003], [121.53677907100007, 24.99305640700004], [121.53673483300008, 24.993156164000027], [121.53670827000008, 24.993229550000024], [121.53668551100009, 24.993288035000035], [121.53665265500001, 24.993357968000055], [121.53661600300006, 24.99343826100005], [121.53656673600005, 24.99352997400007], [121.53650987100002, 24.993648067000038], [121.5364442, 24.993753537000032], [121.53639367500011, 24.99384296200003], [121.53635830500002, 24.99390601600004], [121.53632672600008, 24.993962202000034], [121.53629136300003, 24.99402182600005], [121.53626103700003, 24.994082586000047], [121.53622062500006, 24.994146776000036], [121.53618781600005, 24.994180010000036], [121.53612090000001, 24.99427285300004], [121.53606155700004, 24.99435997100005], [121.53600476600002, 24.994420716000036], [121.53596563600001, 24.994466558000056], [121.53589117500007, 24.99454906400007], [121.53584824500001, 24.99461096300007], [121.53580913300004, 24.994646483000054], [121.53570189700008, 24.994733549000046], [121.53565518800008, 24.994794296000066], [121.53558451900005, 24.994866494000064], [121.535517647, 24.99492606700005], [121.53542302000005, 24.995009694000032], [121.53537968, 24.995041521000076], [121.53536373000009, 24.99505323300008], [121.53528805000008, 24.99510360900007], [121.53517584600002, 24.995133303000046], [121.53510404800011, 24.995104535000053], [121.53506755900003, 24.995088878000047], [121.53502091700011, 24.995068865000064], [121.53497183200011, 24.99501833100004], [121.53493790200002, 24.99494715700007], [121.5348650840001, 24.994735972000058], [121.5348248790001, 24.994641844000057], [121.53480102800006, 24.994571837000024], [121.5347545410001, 24.994463937000035], [121.53473070300004, 24.99438245400006], [121.53470434100007, 24.99430440100008], [121.53468422200001, 24.994271096000034], [121.53466166100009, 24.994175858000062], [121.53461771200011, 24.994053043000065], [121.53457755600004, 24.993925657000034], [121.53455119900002, 24.993843017000074], [121.5345348840001, 24.993790224000065], [121.53450853000004, 24.99370529400005], [121.53448466900011, 24.993643319000057], [121.53444448100004, 24.993537718000027], [121.53442438700006, 24.993483766000054], [121.53439925500004, 24.993429814000024], [121.5343540340001, 24.99331733200006], [121.53429871700007, 24.993217444000038], [121.53416163200006, 24.99300389700005], [121.53411130100005, 24.99294532400006], [121.5340584380001, 24.992894775000025], [121.53402069800006, 24.992844253000044], [121.53396536600007, 24.992755841000076], [121.53375651400006, 24.99249516200007], [121.53368477300012, 24.99242509900006], [121.53361304500004, 24.992344699000057], [121.53356273100007, 24.992275796000058], [121.53350736400012, 24.992212635000044], [121.53343940100001, 24.99214485300007], [121.53342579200012, 24.99213175400007], [121.533370181, 24.99207822900007], [121.5333165940001, 24.992031944000075], [121.53322266900011, 24.991924893000032], [121.53321073500001, 24.991911292000054], [121.533173411, 24.991864029000055], [121.53310947200009, 24.991818142000056], [121.53306435900004, 24.991768514000057], [121.53295414400009, 24.991677596000045], [121.53279613200004, 24.991529099000047], [121.53270607000002, 24.991437850000068], [121.53262899600008, 24.991365856000073], [121.53255834300012, 24.991299481000055], [121.53248153200002, 24.99124007100005], [121.53237476700008, 24.991133072000025], [121.53227498000001, 24.991059182000072], [121.53214897200007, 24.99093533200005], [121.53209084100001, 24.99086531200004], [121.53205990900005, 24.990831468000067], [121.5318737230001, 24.990660543000047], [121.5318007620001, 24.99060451400004], [121.5317223620001, 24.99052910200004], [121.53169870500005, 24.990505769000038], [121.53171549400008, 24.990577617000042], [121.53172488400003, 24.990636022000047], [121.53170888800003, 24.990676282000038], [121.5317245120001, 24.990727751000065], [121.53173140000001, 24.990788465000037], [121.53174567500002, 24.99083078500007], [121.53175376400009, 24.990884590000064], [121.53174539300005, 24.99093166600005], [121.53174363500011, 24.991010793000044], [121.53175926200004, 24.99106226200007], [121.5317588910001, 24.991153998000073], [121.5317684690001, 24.991231894000066], [121.53176389300006, 24.991280092000068], [121.53175829000008, 24.99135235400007], [121.53175373600004, 24.991402840000035], [121.53174575900005, 24.991490044000045], [121.53173625300008, 24.991549743000064], [121.5317434320001, 24.99164027000006], [121.5317301340001, 24.991698856000028], [121.53171583200003, 24.991783817000055], [121.53170630400007, 24.99184123400005], [121.53168068900004, 24.99192972900005], [121.53165988400008, 24.991994102000035], [121.53163170700009, 24.992078028000037], [121.53160223300006, 24.99215852800006], [121.53156393800009, 24.992239107000046], [121.53153570400002, 24.992317299000035], [121.53149862400005, 24.992393278000065], [121.53143883400003, 24.992467151000028], [121.5313890870001, 24.99253635100007], [121.53137798400007, 24.992561659000046], [121.53141405200006, 24.992641629000047], [121.53147654400004, 24.992716789000042], [121.53151742000011, 24.99277264600005], [121.53156471200009, 24.992839899000046], [121.53159940600005, 24.992908414000055], [121.531636606, 24.992974613000058], [121.53168032200006, 24.993063681000024], [121.53171754000005, 24.993132179000042], [121.53175602700003, 24.99320179500006], [121.53176663600004, 24.993255600000055], [121.53179233300011, 24.993305840000062], [121.53179808200002, 24.99337917400004], [121.53180501800011, 24.993444476000036], [121.53180449000001, 24.99352015000005], [121.5318029230001, 24.993618772000048], [121.53178984600004, 24.993700279000052], [121.53179920200012, 24.993755244000056], [121.53178609300005, 24.993833322000057], [121.53177462300005, 24.993950367000025], [121.53176297000005, 24.994049068000038], [121.53175006000004, 24.994147764000047], [121.53173100600009, 24.994262579000065], [121.53171549500007, 24.994353296000043], [121.53170125800011, 24.994445136000024], [121.53168514200001, 24.99447278200006], [121.53166963000001, 24.994563492000054], [121.53165934000003, 24.994672507000075], [121.53164475100004, 24.994727656000066], [121.53162378900004, 24.994775987000025], [121.53158195500009, 24.994881811000027], [121.53154878700002, 24.994971516000078], [121.53152301900002, 24.995043958000053], [121.53149490500005, 24.995134773000075], [121.53147057500007, 24.995225547000075], [121.53143215500006, 24.99529351500007], [121.53138250200004, 24.995373029000064], [121.53136657400012, 24.995433240000068], [121.53135939900005, 24.99546036000004], [121.531329733, 24.995521369000073], [121.531288732, 24.99558247400006], [121.53125933400008, 24.995671], [121.53122479400008, 24.99574924500007], [121.53118892900011, 24.995820622000053], [121.53116224300004, 24.995928621000076], [121.53113551100012, 24.99603203500004], [121.53111392200003, 24.99614572300004], [121.53107428500005, 24.99621827800007], [121.53104456900007, 24.996273554000027], [121.53104016000009, 24.99633895200003], [121.5310180240001, 24.996396460000028], [121.5309896220001, 24.99645746500005], [121.53096278300006, 24.996549403000074], [121.53092790300002, 24.99658979000003], [121.53092787600008, 24.99658981400006], [121.53090228200006, 24.99668060700003], [121.53086065900004, 24.996808216000034], [121.530831239, 24.996894460000078], [121.53081296500011, 24.996959959000037], [121.53078818800009, 24.997004873000037], [121.53076256100007, 24.99709222900003], [121.53073442400012, 24.997180741000022], [121.53073138700006, 24.99725759200004], [121.53069606500003, 24.997385149000024], [121.5306666670001, 24.997473668000055], [121.53063463700005, 24.99755073600005], [121.53062361500008, 24.99758410000004], [121.53058878800005, 24.997632533000058], [121.5305691960001, 24.99769231500005], [121.53056801700006, 24.99769959500003], [121.53056324800002, 24.997729055000036], [121.53055495900003, 24.997784163000063], [121.53053175200012, 24.997861164000028], [121.53052908200004, 24.997903775000054], [121.5305271310001, 24.997934925000038], [121.53052628900002, 24.997948351000048], [121.53051427700007, 24.99800921700006], [121.53057368200007, 24.998105311000074], [121.53059000600001, 24.998131715000056], [121.53075492800008, 24.998398483000074], [121.5307564530001, 24.998443175000034], [121.53076569300003, 24.99851645900003], [121.53076605400008, 24.998577191000038], [121.53075634200002, 24.99863683700005], [121.5307592040001, 24.998695267000073], [121.5307695350001, 24.99873990900005], [121.53076621600007, 24.99881556100007], [121.53079551100006, 24.998876134000056], [121.53080651700009, 24.998941599000034], [121.53080725300003, 24.99894597800005], [121.53081272800011, 24.999020440000038], [121.5308306600001, 24.99907420100004], [121.53083849100005, 24.99912114700004], [121.53085386900011, 24.99916803900004], [121.53088064500002, 24.999227493000035], [121.53090233300009, 24.99927780200005], [121.53092211500007, 24.999326284000063], [121.53092659600009, 24.999337265000065], [121.53093536000006, 24.999355884000067], [121.53095080700007, 24.999388702000033], [121.5309750030001, 24.999436709000065], [121.53099659200006, 24.999469829000077], [121.53102824300004, 24.999502883000048], [121.53104109800006, 24.999548665000077], [121.53105758600009, 24.99957035600005], [121.5310882330001, 24.99964581100005], [121.53109736100009, 24.999699622000037], [121.53110403000005, 24.99976262200005], [121.53112591500008, 24.999846164000076], [121.53113893500006, 24.99991943400005], [121.53115960800005, 25.000009858000055], [121.53114616800008, 25.000077545000067], [121.53115272500008, 25.000122202000057], [121.53116309200004, 25.000172570000075], [121.53118869900004, 25.000246924000066], [121.53120924100006, 25.000315573000023], [121.53122211700008, 25.000364784000055], [121.53126291800004, 25.00045509000006], [121.53129360700007, 25.00053743500007], [121.53131791700002, 25.00060492500006], [121.53133720100004, 25.000673577000043], [121.53136268700007, 25.000727304000065], [121.53138809900008, 25.000768424000057], [121.53141745300002, 25.000838171000055], [121.53145300400001, 25.000891851000063], [121.53147348700008, 25.000950181000064], [121.5315039950001, 25.001002726000024], [121.53154711200011, 25.001058654000076], [121.531573793, 25.001102057000026], [121.5316017780001, 25.00115233200006], [121.53162971100005, 25.001194574000067], [121.53165753600001, 25.001218489000053], [121.53169424400005, 25.00125496800007], [121.53173224400007, 25.00129716600003], [121.53176389100008, 25.00132908300003], [121.53183338800011, 25.001377992000073], [121.53189027100007, 25.001421234000077], [121.53195355200012, 25.001482769000063], [121.53198393500008, 25.00151355400004], [121.53204957000003, 25.00154758000008], [121.5321115160001, 25.001596517000053], [121.53217588900009, 25.00162940100006], [121.53222770900004, 25.001668091000056], [121.53232985300008, 25.00170535500007], [121.53239698000004, 25.001778342000023], [121.5324563470001, 25.00181698700004], [121.53251823200003, 25.001854475000073], [121.53257260900011, 25.00190001800007], [121.5326421100001, 25.001938663000033], [121.53271035600005, 25.001998978000074], [121.53279250300011, 25.002059264000025], [121.53287088000002, 25.002119588000028], [121.53301497200005, 25.00222767100007], [121.53308497400008, 25.002286592000075], [121.53312132700012, 25.002320799000074], [121.5331410340001, 25.002342703000068], [121.53316071400002, 25.002363842000022], [121.53328504600006, 25.00245902200004], [121.53330816400012, 25.002478675000077], [121.53334155000005, 25.002507067000067], [121.53338365700006, 25.002530920000027], [121.53341480300003, 25.002571501000034], [121.53344715600008, 25.002609853000024], [121.53347293700006, 25.002636104000032], [121.5335076130001, 25.002665582000077], [121.53355668400002, 25.00271923300005], [121.53358208200007, 25.002744508000035], [121.5335940540001, 25.002756421000072], [121.53362796400006, 25.00280803100003], [121.5336643930001, 25.002859605000026], [121.53369807800004, 25.00290125600003], [121.53373705000001, 25.002953895000076], [121.53376429000002, 25.002988988000027], [121.53380022500005, 25.003018455000074], [121.53383127000006, 25.00305460800007], [121.53383128500002, 25.003054645000077], [121.53384584200012, 25.003086515000064], [121.5338554000001, 25.00311958700007], [121.53386901100009, 25.003164769000023], [121.53386960800003, 25.003191301000072], [121.5338792880001, 25.00322989800003], [121.53388632800011, 25.003262997000036], [121.53389085100002, 25.00329612300004], [121.533896507, 25.003323701000056], [121.53389949900009, 25.003344681000044], [121.53390557400007, 25.00339105300003], [121.53390283600004, 25.00343753100003], [121.53389957800005, 25.003460782000047], [121.53389767800002, 25.003488451000067], [121.53388854400009, 25.003530573000035], [121.53387911000004, 25.00355942500005], [121.53386745800003, 25.003601563000075], [121.53384291100008, 25.003630577000024], [121.53383226900007, 25.00366166500004], [121.5338155280001, 25.00370166600004], [121.5338024450001, 25.003736082000046], [121.53377165000006, 25.00376738400007], [121.53375071000005, 25.00378861200005], [121.53373500400005, 25.003818642000056], [121.5337216470001, 25.00384090800003], [121.53370478200009, 25.003875366000045], [121.53368670600003, 25.003912057000036], [121.53367115200001, 25.003948714000046], [121.53365534400007, 25.003974320000054], [121.53364201400007, 25.003997704000028], [121.53363013600006, 25.004029889000037], [121.53360549000001, 25.004054479000047], [121.53358583400006, 25.00407681400003], [121.53356479400009, 25.004093626000042], [121.53354422400002, 25.00413144600003], [121.533534744, 25.004158095000037], [121.533522446, 25.004171491000022], [121.53350669200006, 25.004199311000036], [121.53348831900007, 25.004222731000027], [121.53345891200001, 25.004259545000025], [121.53344952700002, 25.004290608000076], [121.53342717700002, 25.004305225000053], [121.53340727400007, 25.004316499000026], [121.53338376300007, 25.00433556200005], [121.5333703340001, 25.004354504000048], [121.5333492420001, 25.00436910800005], [121.53332706600008, 25.00439146700006], [121.53317045100005, 25.004613815000027], [121.53302994900002, 25.004947068000035], [121.53300388200012, 25.005006801000036], [121.53297149700006, 25.005061987000033], [121.53294028200003, 25.00510340200003], [121.53292173800003, 25.005158514000073], [121.53291461900005, 25.00523074700004], [121.53288219400008, 25.00528020200005], [121.53287112700002, 25.00532266400006], [121.53284626100003, 25.00537323800006], [121.53279762900002, 25.00544797500004], [121.53278532800005, 25.00549502900003], [121.53275404700003, 25.005524998000055], [121.53272653500005, 25.005553788000043], [121.53271052700006, 25.00561232000007], [121.53269195400003, 25.005662844000028], [121.53266710800006, 25.00571683100003], [121.53263224400007, 25.005778923000037], [121.53262749800001, 25.005827079000028], [121.53260018000003, 25.005887964000067], [121.53258351800002, 25.00598035400003], [121.53258176200006, 25.006022595000047], [121.5325726210001, 25.006147802000044], [121.53255837300003, 25.006279739000036], [121.53255572600006, 25.006304254000042], [121.53255140700003, 25.006344255000045], [121.5325586140001, 25.006462463000048], [121.53255162900007, 25.006539434000047], [121.5325238900001, 25.006707232000053], [121.5325059490001, 25.006835928000044], [121.5324966600001, 25.00694162700006], [121.53246395400004, 25.007119788000068], [121.53244067700007, 25.007210631000078], [121.53241749600011, 25.007314113000064], [121.53238720000002, 25.007477333000054], [121.53233928200007, 25.00764524400006], [121.5322798520001, 25.007792598000037], [121.5322340460001, 25.007906543000047], [121.53217341600009, 25.008061918000067], [121.53215119000004, 25.008125213000028], [121.532115169, 25.008198913000058], [121.53208287300004, 25.00826457000005], [121.53200833500011, 25.008415435000074], [121.53194243300004, 25.008520874000055], [121.53193859100008, 25.008527021000077], [121.531916109, 25.00856298700006], [121.53184668200004, 25.008668648000025], [121.53191407300005, 25.008712483000068], [121.53195090300005, 25.008724519000054], [121.53221238100002, 25.008884909000074], [121.53225922600006, 25.00889387600006], [121.53252069300004, 25.00905122100005], [121.5328659160001, 25.009247839000068], [121.53323238100006, 25.009436916000027], [121.53345461300012, 25.009578341000065], [121.5336161250001, 25.009668377000025], [121.53390589900005, 25.009831295000026], [121.53418625400002, 25.010007193000035], [121.53448084500008, 25.010187366000025], [121.5347659570001, 25.010367561000066], [121.53495137000004, 25.010504971000046], [121.53507497300006, 25.010595133000038], [121.53526501300007, 25.010706640000024], [121.53537438, 25.010792544000026], [121.535588114, 25.010903959000075], [121.5357021100001, 25.010963957000058], [121.53588240900001, 25.01101508200003], [121.53604369700008, 25.011053332000074], [121.53626664700005, 25.011104303000025], [121.53642314000001, 25.011129623000045], [121.53663904300004, 25.011182245000043], [121.5368097710001, 25.011211828000057], [121.53701374800005, 25.011258559000055], [121.53706519900004, 25.01126656300005], [121.53708586800008, 25.011229384000046], [121.53713102300003, 25.01112239400004], [121.5371718350001, 25.011025695000058], [121.53719015900003, 25.01098227800003], [121.53723453700002, 25.010803929000076], [121.53733780900006, 25.01032383000006], [121.53755855800011, 25.00959266800004], [121.53758946700009, 25.009359568000036], [121.53764858400007, 25.009096808000038], [121.53775505100009, 25.00883386600003], [121.53776392700001, 25.00880858200003], [121.53785284000003, 25.00855529300003], [121.53792636600008, 25.00845401500004], [121.5379298580001, 25.008449205000034], [121.53796421000004, 25.008429491000072], [121.53805915300006, 25.008484002000046], [121.53818412300006, 25.008514904000037], [121.5383564120001, 25.008537790000048], [121.53850280100005, 25.008545087000073], [121.5386319050001, 25.008536784000057], [121.53874818000008, 25.00854810800007], [121.53889012900004, 25.008524086000023], [121.53906660000007, 25.008519517000025], [121.53910955900005, 25.008499762000042], [121.53913545700004, 25.00851535000004], [121.53913128900001, 25.008546710000076], [121.53909280500011, 25.008605631000023], [121.53907567400006, 25.00862528600004], [121.539201638, 25.008588373000066], [121.54009272700011, 25.008327251000026], [121.5405588970001, 25.00822273600005], [121.54099975300005, 25.008143698000026], [121.54132325500007, 25.008115102000033], [121.541336408, 25.00811546700004], [121.54150953800001, 25.00812026600005], [121.54154154300011, 25.008121154000037], [121.54166536000002, 25.008128474000046], [121.54175986300004, 25.008134061000078], [121.54216657900008, 25.008201102000044], [121.54261116600003, 25.008322831000044], [121.54291254700001, 25.008397107000064], [121.54333449800004, 25.008505204000073], [121.54353783200008, 25.00855531900004], [121.54363588000001, 25.00857948500004], [121.54374508700005, 25.008499277000055], [121.54374841000003, 25.008496837000052], [121.5439655450001, 25.008242463000045], [121.54401786200003, 25.008160024000063], [121.54416783800002, 25.008036126000036], [121.54446071900009, 25.00789112800004], [121.54453582800011, 25.007856582000045], [121.54461855600005, 25.00784257400005], [121.54472392200012, 25.00784218000007], [121.54482200600012, 25.00789664800004], [121.54493526400006, 25.00797847800004], [121.54498063500012, 25.008026288000053], [121.54518557200004, 25.00808287800004], [121.54520597600003, 25.008088513000075], [121.54527452000002, 25.008107438000025], [121.54559848200006, 25.00818163400004], [121.54611754000007, 25.008330842000078], [121.54649427700008, 25.008425399000032], [121.5466600960001, 25.008479616000045], [121.5469770850001, 25.00867719400003], [121.5471281, 25.008786287000078], [121.54735455900004, 25.008936230000074], [121.54758104900009, 25.009093019000034], [121.54763595800011, 25.009124874000065], [121.54768669500004, 25.009154309000053], [121.54789804200004, 25.00929059500004], [121.54799506100005, 25.009354828000028], [121.54801127300004, 25.009365562000028], [121.5481319380001, 25.009419944000058], [121.54844112900003, 25.009555868000064], [121.54891920800003, 25.009756598000024], [121.54928080800005, 25.009830645000022], [121.54949154500002, 25.009829857000057], [121.54962707800007, 25.009843068000066], [121.54997334900008, 25.009855495000068], [121.55020675700007, 25.009875187000034], [121.55051533400001, 25.009874036000042], [121.55075608300001, 25.009852586000022], [121.55104951600003, 25.009830932000057], [121.55125257100008, 25.009795909000047], [121.55153798300012, 25.009664632000067], [121.5517557820001, 25.009561030000043], [121.55194282500008, 25.009313604000056], [121.55210760000011, 25.009134799000037], [121.55220704600004, 25.00905821500004], [121.55234010900006, 25.008955744000048], [121.55243764000011, 25.008886851000057], [121.55248349100009, 25.008876729000065], [121.5525551290001, 25.00886091500007], [121.55258159900006, 25.008855072000074], [121.55259553600001, 25.008851993000064], [121.55282900500004, 25.008885388000067], [121.55307774100004, 25.00896670000003], [121.55328138200002, 25.009061883000072], [121.55346254100004, 25.009177726000075], [121.55352296700005, 25.009225473000072], [121.5536516310001, 25.009382627000036], [121.55373494600008, 25.009498823000058], [121.55387869100002, 25.009662761000072], [121.55397693500004, 25.00975150100004], [121.55409023400011, 25.00984016700005], [121.55425643500007, 25.009976623000057], [121.55441498500011, 25.010085677000063], [121.5544829700001, 25.010140251000053], [121.55460055100002, 25.01030639000004], [121.55467084400004, 25.010437934000038], [121.55469923300006, 25.01049106200003], [121.55477543000006, 25.01069638200005], [121.5548287360001, 25.010833255000023], [121.55488111700004, 25.01093288100003], [121.55489706500009, 25.010963213000025], [121.55504858800009, 25.011181950000037], [121.55512435100002, 25.011291330000063], [121.55522294000002, 25.011455435000073], [121.55525920100001, 25.011540239000055], [121.55526097600011, 25.01154439000004], [121.55527684800006, 25.011556331000065], [121.55530629100008, 25.01157848400004], [121.55546440800003, 25.01159160700007], [121.55566193600009, 25.01159706900006], [121.55568270600008, 25.011597642000027], [121.5558161570001, 25.01162473100004], [121.55584844300006, 25.011631285000078], [121.55596736500001, 25.011660341000038], [121.55601421300003, 25.01167178700007], [121.55621027400002, 25.011753300000066], [121.55642160800005, 25.011882720000074], [121.55652757100006, 25.012012536000043], [121.55704179000008, 25.01202293700004], [121.55709223800011, 25.012023957000054], [121.55709964500011, 25.01202410800005], [121.5574609470001, 25.012029605000066], [121.55782974500005, 25.012028220000047], [121.55788246000009, 25.01203487400005], [121.55803694100007, 25.01211765100004], [121.55806532200006, 25.012132274000066], [121.55814256300005, 25.012172073000045], [121.55821028700007, 25.01223939500005], [121.55823130800002, 25.012260292000065], [121.55823229900011, 25.01226127500007], [121.55839895100007, 25.01208031300007], [121.55853773900003, 25.011918533000028], [121.55865540200011, 25.011830131000067], [121.55891753000003, 25.01164834900004], [121.55900844700011, 25.01157959300008], [121.55908874600004, 25.011535305000052], [121.55912040800001, 25.011514085000044], [121.55928669900004, 25.011402633000046], [121.55928950100008, 25.011400477000052], [121.55948456500005, 25.011250397000026], [121.55957539200006, 25.011162094000042], [121.55967145000011, 25.011044457000025], [121.5598688440001, 25.010789619000036], [121.55998614600003, 25.01062303300006], [121.56006614900002, 25.010515217000034], [121.56021181000006, 25.010370184000067], [121.5603241660001, 25.010296453000024], [121.56039920800004, 25.010276624000028], [121.56051188000004, 25.01027131400008], [121.56065675000002, 25.010265885000024], [121.56083370600004, 25.010235892000026], [121.56101043800004, 25.01015704200006], [121.5610799320001, 25.01009814300005], [121.5612559010001, 25.009853143000043], [121.56150688600007, 25.00958343800005], [121.56154948000005, 25.00950997800004], [121.56183820700005, 25.009279221000043], [121.562105717, 25.009102290000044], [121.5622286470001, 25.008994318000077], [121.56231410200007, 25.008906042000035], [121.56244461800009, 25.00872157400005], [121.56253521400004, 25.008584403000043], [121.56257776400003, 25.00850117500005], [121.5627539510001, 25.008305050000047], [121.56288736600004, 25.008143285000074], [121.5629675460001, 25.00807456600006], [121.56308535500011, 25.008020369000064], [121.56327829300005, 25.007965883000054], [121.56342843700008, 25.00794088300006], [121.56363758300006, 25.007910768000045], [121.56394316700005, 25.007846077000067], [121.564093264, 25.00781130000007], [121.56427551400009, 25.007766633000074], [121.56451160600011, 25.007760853000036], [121.56467802700001, 25.007774882000035], [121.56489817900001, 25.007803359000036], [121.565182907, 25.007870684000068], [121.565285044, 25.00790939500007], [121.56549462400005, 25.007972118000055], [121.56581574800009, 25.008092631000068], [121.56588277700007, 25.008108182000058], [121.56590094500007, 25.008112397000048], [121.56595093400006, 25.008123994000073], [121.56596079600001, 25.00812628600005], [121.56611134500008, 25.008167306000075], [121.56634211100004, 25.008230183000023], [121.56638527400003, 25.008241944000076], [121.56658094600004, 25.008288865000054], [121.56668612300007, 25.00831408600004], [121.56716997, 25.00850282400006], [121.56736367600001, 25.00861446500005], [121.56761138700006, 25.008799218000036], [121.56774579300009, 25.008852448000027], [121.56789643500008, 25.008934941000064], [121.56810060200007, 25.008987915000034], [121.56827812200004, 25.009080079000057], [121.56835891100002, 25.00914330200004], [121.56846114300004, 25.009201548000078], [121.56854191100001, 25.009259874000065], [121.56880340700002, 25.009433079000075], [121.56896485000004, 25.009530191000067], [121.56903481600011, 25.00957390800005], [121.56935761300008, 25.00974857400007], [121.56954645700011, 25.009967748000065], [121.56965471600006, 25.01016767300007], [121.56969269000001, 25.01025548000007], [121.56983316900005, 25.01046018200003], [121.56993046900004, 25.010611286000028], [121.57000055200001, 25.010679439000057], [121.57009200700008, 25.010727947000078], [121.57041462600012, 25.01086353000005], [121.57052213200006, 25.01090221000004], [121.57070495500011, 25.010979690000056], [121.57089392800003, 25.01107436800004], [121.5709816850001, 25.011118336000038], [121.57104809000009, 25.01115541400003], [121.57109467400005, 25.01118142400003], [121.5712455040001, 25.011303002000034], [121.57139721600004, 25.011425403000032], [121.5714986800001, 25.011507265000034], [121.57156330600003, 25.011555884000074], [121.57168000200011, 25.01165033600006], [121.57171952500005, 25.011682325000038], [121.57176756900003, 25.01173135600004], [121.5718435440001, 25.011808893000023], [121.5718977350001, 25.01192108300006], [121.57193618800011, 25.012111498000024], [121.57197485000006, 25.012345908000043], [121.57197522100012, 25.012349691000054], [121.57199738800011, 25.012575484000024], [121.57201938700007, 25.01271337000003], [121.57203064300006, 25.012783915000057], [121.57207498900004, 25.01308670800006], [121.57208222100007, 25.013131437000027], [121.57209156800002, 25.013189256000032], [121.5721133080001, 25.01324782000006], [121.57217807200004, 25.01332575300006], [121.57218404200012, 25.013333161000048], [121.5722073170001, 25.01336204100005], [121.57235080100008, 25.01354008000004], [121.57238852800003, 25.013574144000074], [121.5725172540001, 25.013558986000078], [121.57263497400004, 25.01348524200006], [121.57279005100008, 25.013367361000064], [121.57291320500008, 25.013308250000023], [121.57303043000002, 25.01327093200007], [121.57306860200003, 25.013258780000058], [121.57312180100007, 25.013243876000047], [121.57324546600012, 25.01320922900004], [121.57348688900004, 25.013193647000037], [121.57380876000002, 25.013167956000075], [121.57414154600008, 25.013181330000066], [121.57454941800006, 25.013184629000023], [121.57462763600006, 25.013180697000053], [121.57486926900003, 25.013168552000025], [121.57498651000003, 25.013176635000036], [121.5751376820001, 25.01318705700004], [121.57522909700003, 25.01322579400005], [121.57533674500007, 25.01329379200007], [121.57537465400003, 25.013366936000068], [121.57556899500003, 25.013610508000056], [121.57569317800005, 25.013771279000025], [121.57575246500005, 25.013824802000045], [121.57595753700002, 25.01406832300006], [121.57601682200004, 25.01412184700007], [121.57614077700009, 25.01423374700005], [121.57619451200003, 25.014248201000044], [121.5762981790001, 25.01423062400005], [121.57635250300007, 25.014221414000076], [121.57648943800007, 25.014198196000052], [121.57671457600009, 25.014143561000026], [121.57687536300011, 25.01409896100006], [121.5771753790001, 25.013990290000038], [121.57729860100005, 25.013945825000064], [121.57743792200006, 25.013901308000072], [121.57761328200002, 25.013857656000027], [121.57774742200002, 25.013852249000024], [121.57780684300008, 25.013854965000064], [121.5780426440001, 25.013865744000043], [121.57831554900008, 25.013698547000047], [121.57863645300006, 25.01346763500004], [121.57879686700005, 25.013344842000038], [121.57912327400004, 25.013143222000053], [121.57925695200004, 25.013040087000036], [121.57950258100004, 25.012780141000064], [121.57959876000007, 25.01269181300006], [121.57985551600007, 25.01251489200007], [121.5799733240001, 25.012460670000053], [121.58015020500011, 25.012416006000024], [121.58025725700008, 25.01235695200006], [121.58027856000001, 25.01232266900007], [121.58038331800003, 25.012255182000047], [121.58041407000007, 25.01223994700007], [121.58045292000008, 25.012220701000047], [121.58055490400011, 25.01222518700007], [121.58065152300003, 25.012229696000077], [121.58065990600005, 25.01223200800007], [121.58072137900001, 25.012248966000072], [121.58078064200004, 25.012297595000064], [121.58082384900001, 25.012356065000063], [121.58090464500003, 25.01241926800003], [121.58102296200002, 25.01247255800007], [121.5811088700001, 25.012482], [121.58113256100012, 25.01248190700005], [121.58130205900011, 25.01248124500006], [121.58148451700004, 25.01248053100005], [121.5817742800001, 25.01247449500005], [121.58208023400005, 25.012487958000065], [121.5823163770001, 25.01249190900006], [121.5825312400001, 25.012535052000032], [121.58263873300007, 25.012568826000063], [121.58284853300006, 25.012675509000076], [121.58296148300008, 25.012728812000034], [121.5830799360001, 25.012811413000065], [121.5831713990001, 25.012859924000054], [121.583231909, 25.012891744000058], [121.58344708600009, 25.013020831000063], [121.583498125, 25.013050616000044], [121.58356482800002, 25.013089543000035], [121.58366164200004, 25.013114322000035], [121.5838410130001, 25.013106348000065], [121.58397238900011, 25.013100507000047], [121.58397833800007, 25.013100248000057], [121.58429004200002, 25.01308668200005], [121.58459388100005, 25.013072900000054], [121.5846514970001, 25.013077749000047], [121.58480808000002, 25.013090928000054], [121.58498439200002, 25.013120079000032], [121.58503402200006, 25.01312828400006], [121.585105311, 25.013140071000066], [121.585416656, 25.013252040000054], [121.58558968700004, 25.013326814000038], [121.58608274300002, 25.01340539200004], [121.58612883800004, 25.013412739000046], [121.58646216700004, 25.013402076000034], [121.58657771700007, 25.01339838000007], [121.58704330400008, 25.013386311000033], [121.58715092300008, 25.013383522000026], [121.58746953200011, 25.013376467000057], [121.58749623000006, 25.013375876000055], [121.58780298500005, 25.01339655000004], [121.58784859700006, 25.013399624000044], [121.58792463400005, 25.01341190900007], [121.5882768780001, 25.013511882000046], [121.58867831600003, 25.01368637400003], [121.58887897700004, 25.013761044000034], [121.58888997100007, 25.01376306000003], [121.58911401900002, 25.013804134000054], [121.58943864000003, 25.013802845000043], [121.58963905700011, 25.013827203000062], [121.58967414100005, 25.013831623000044], [121.58988094800009, 25.01385767800008], [121.59012310800006, 25.013944768000044], [121.59027113200011, 25.014021583000044], [121.5903428580001, 25.014058805000047], [121.59035160700012, 25.014063345000068], [121.59055929700003, 25.014163135000047], [121.59072527400008, 25.01420649800008], [121.59082197000009, 25.014206112000068], [121.59087822200001, 25.014214168000024], [121.59101277500008, 25.01423343600004], [121.59121845900006, 25.014262890000055], [121.59129196700007, 25.014273417000027], [121.59137521000002, 25.014348550000022], [121.5914380700001, 25.014492948000054], [121.59148687200002, 25.014587087000052], [121.5915425820001, 25.014681188000054], [121.59171616100002, 25.01486916600004], [121.59223598200003, 25.01475742200006], [121.5923668480001, 25.014681436000046], [121.59244936800008, 25.01460564200005], [121.5925872900001, 25.01456107000007], [121.592863383, 25.014522224000075], [121.59292348300005, 25.01452314900007], [121.59299624500011, 25.01452426800006], [121.59318803500003, 25.014527220000048], [121.59348520800006, 25.01456375400005], [121.5936791800001, 25.01468247300005], [121.59394967100002, 25.01491408000004], [121.59408890400005, 25.015139917000056], [121.59420677700007, 25.015233780000074], [121.59434521800006, 25.015296117000048], [121.59453879300008, 25.015333070000054], [121.59478780500001, 25.015407528000026], [121.59508522700003, 25.015494389000025], [121.59527180400005, 25.01551249000005], [121.59543747900011, 25.015492968000046], [121.5955706530001, 25.015425771000025], [121.59565107200001, 25.015385193000043], [121.59580907700001, 25.015208467000036], [121.59588450400008, 25.01509496400007], [121.59602767100012, 25.014993403000062], [121.59616556500009, 25.014942537000024], [121.59635871300009, 25.014891456000043], [121.59660711300012, 25.014840138000068], [121.5966607680001, 25.01481638300004], [121.5966831610001, 25.014806469000064], [121.59696550800004, 25.01468146600007], [121.59711015300002, 25.014599127000054]]]}}, {"type": "Feature", "properties": {"TOWNID": "A17", "TOWNCODE": "63000020", "PNAME": "臺北市", "TNAME": "信義區", "TOWNENG": "Xinyi District", "COUNTYID": "A", "COUNTYCODE": "63000", "縣市": "臺北市", "行政區": "信義區", "淨流入": 83374, "平日日間活動人數": 305471, "平日夜間停留人數": 222097}, "geometry": {"type": "Polygon", "coordinates": [[[121.57995883700005, 25.049501476000046], [121.57996340200009, 25.04946033500005], [121.58005786600006, 25.049461834000056], [121.58007026300004, 25.049462031000076], [121.58006802800003, 25.04936632700003], [121.58005767400005, 25.049169122000023], [121.58005260100003, 25.049091962000034], [121.58004269800006, 25.048873951000076], [121.58004208600005, 25.04886044400007], [121.58003907200009, 25.04883164100005], [121.58002235000004, 25.048671855000066], [121.58002143800002, 25.048478901000067], [121.57997982100005, 25.048209648000068], [121.5799851700001, 25.048146579000047], [121.58006338700011, 25.048068783000076], [121.58025239400001, 25.047877284000037], [121.58047394500011, 25.04764392800007], [121.58057172300005, 25.047548155000072], [121.58061702700002, 25.047434722000048], [121.58064291200003, 25.047369050000043], [121.5806410780001, 25.047307886000056], [121.58064046100003, 25.047287311000048], [121.58065171100009, 25.047147104000032], [121.58066904700001, 25.046931070000028], [121.58068021500003, 25.04669810400003], [121.58068721300003, 25.04651440300006], [121.58065568400002, 25.046080991000053], [121.5806510320001, 25.045959925000034], [121.58064489800006, 25.04580019800005], [121.58064681200005, 25.04563292100005], [121.58065130700004, 25.045610804000034], [121.58069436200003, 25.04539903600005], [121.58071359300004, 25.04536796800005], [121.58073406900007, 25.045334887000024], [121.58078289000002, 25.04525601000006], [121.58081516400011, 25.045226181000032], [121.58094695800003, 25.045104373000072], [121.58105501700004, 25.044985331000078], [121.58138816200005, 25.044687465000038], [121.58140615000002, 25.04467216000006], [121.5815655880001, 25.044536507000032], [121.58177762200012, 25.04435379100005], [121.58194877200003, 25.044203160000052], [121.58195543700003, 25.04419729500006], [121.581958471, 25.044194625000046], [121.58204730500006, 25.04411644100003], [121.58235441600004, 25.043826593000063], [121.58246696700007, 25.04373915700006], [121.58260105500005, 25.043612104000033], [121.58283517600012, 25.043417330000068], [121.58283701800008, 25.04341579800007], [121.58287803100006, 25.043381675000035], [121.5830857950001, 25.043214790000036], [121.5831463180001, 25.043151284000032], [121.58323457800009, 25.043089230000078], [121.58328411800005, 25.04305778300005], [121.58363033900002, 25.042771739000045], [121.58400584000003, 25.042458796000062], [121.58413899100003, 25.042346344000066], [121.58418019200008, 25.042314115000067], [121.58422291900001, 25.042280694000056], [121.58433834700008, 25.04220711000005], [121.58458010700008, 25.042052991000048], [121.5846248690001, 25.04201972100003], [121.58469200600007, 25.04196981800004], [121.58480667100002, 25.041906105000066], [121.58502446900002, 25.041775605000055], [121.58502598700011, 25.041774694000026], [121.58505194700001, 25.041759137000042], [121.5853132090001, 25.041599947000066], [121.58538260600005, 25.041575333000026], [121.5854118630001, 25.04157344200007], [121.58546279000007, 25.04157015100003], [121.58556069200006, 25.041580734000036], [121.58569173500007, 25.041587520000064], [121.5857693260001, 25.041599374000043], [121.58584700100005, 25.041628254000045], [121.58593690100008, 25.041625692000025], [121.58594591300005, 25.04162543500007], [121.58609026400006, 25.04161474800003], [121.5861196410001, 25.041612572000076], [121.58628786800011, 25.04156811200005], [121.586408075, 25.04154574300003], [121.58650025100007, 25.041542940000056], [121.5865076340001, 25.041542508000077], [121.58660630300005, 25.041536719000078], [121.58667805300001, 25.041532498000038], [121.58673220000003, 25.04152930400005], [121.58674810500008, 25.04149627000004], [121.58678711100004, 25.041415261000054], [121.58691154000007, 25.04115685100004], [121.58699800200009, 25.04094645400005], [121.58685530700006, 25.04079475800006], [121.58711197000002, 25.040072812000062], [121.58704293300002, 25.040024066000058], [121.5871528890001, 25.039661239000054], [121.58740480000006, 25.03973688700006], [121.58741244300006, 25.03973918300005], [121.58741657100006, 25.039740421000033], [121.58750784400002, 25.039515427000026], [121.58751615400001, 25.039494946000048], [121.58760995400007, 25.039263719000076], [121.58766895400004, 25.039082819000043], [121.58771752300004, 25.03893389900003], [121.5877765890001, 25.03875278000004], [121.58781718400007, 25.038718576000065], [121.58786076100012, 25.038654059000066], [121.58793147800009, 25.038572027000043], [121.58799895800007, 25.03849375200008], [121.58805673400002, 25.03842674200007], [121.5881836750001, 25.03837543000003], [121.58823488400003, 25.038377449000052], [121.58830055800001, 25.038346115000024], [121.58841990000008, 25.038321237000048], [121.58846781300008, 25.03830513400004], [121.58855117200005, 25.03819278000003], [121.58860649600001, 25.038135621000038], [121.5886825770001, 25.03805940500007], [121.58880026600002, 25.037964034000026], [121.58897992200002, 25.037748212000054], [121.58909051100011, 25.037621228000035], [121.58913873100005, 25.03753247000003], [121.58929732700005, 25.03727243900005], [121.58936606300006, 25.037113995000027], [121.58940020400007, 25.03698733500005], [121.58946824300006, 25.036683381000046], [121.58948857400003, 25.03657574700003], [121.58950201900007, 25.03648079100003], [121.58950851300006, 25.03638586200003], [121.58948007700008, 25.036253119000037], [121.58943762100012, 25.036095126000077], [121.5893954070001, 25.03598773600004], [121.58937365600002, 25.03586249500006], [121.58937313800004, 25.03575494300003], [121.58937250100007, 25.03562209100005], [121.58941350000009, 25.035476406000043], [121.58944057100007, 25.035324459000037], [121.58946155400008, 25.035234693000064], [121.58947461600008, 25.035178809000058], [121.58950491700011, 25.035000403000026], [121.58952192700008, 25.034900253000046], [121.58955591600011, 25.034741946000054], [121.58960343700005, 25.03450767000004], [121.58967192800003, 25.034298625000076], [121.58979604500007, 25.034095671000046], [121.58983740700012, 25.034025908000046], [121.5899478990001, 25.033879957000067], [121.59003077200009, 25.033772077000037], [121.5901689100001, 25.03359437100005], [121.5902933000001, 25.033448372000066], [121.59047082600011, 25.033297214000072], [121.5906401520001, 25.033126148000065], [121.59067830100003, 25.033087606000038], [121.59073153000008, 25.033030335000035], [121.5909202790001, 25.03282725200006], [121.59109328000011, 25.032674712000073], [121.59130785600007, 25.032496709000043], [121.59145994500011, 25.032331605000024], [121.59150145800004, 25.032293485000025], [121.59158803900004, 25.032174119000047], [121.59162572500009, 25.032122162000064], [121.59170933900009, 25.032017678000045], [121.59179841700006, 25.031906365000054], [121.59191749100012, 25.031729992000066], [121.59192262200008, 25.031722392000063], [121.59199116900004, 25.031525995000038], [121.59202530400012, 25.031399325000052], [121.59204557100009, 25.03127904200005], [121.59203118500011, 25.03117787000008], [121.59199199600005, 25.031112302000054], [121.59198214600008, 25.031095822000054], [121.59194020600012, 25.031045375000076], [121.59180740800002, 25.030887746000076], [121.59177235700008, 25.03082461500003], [121.59174368000004, 25.03073332500003], [121.59170884000002, 25.03062241600003], [121.59168738400001, 25.030495964000067], [121.59163334300001, 25.030326193000064], [121.59145858000011, 25.030111780000027], [121.59137485400004, 25.030042525000056], [121.59125644400001, 25.02998605700003], [121.59117293300005, 25.029961093000054], [121.59100600400006, 25.029930123000042], [121.59080378500005, 25.029919429000074], [121.5907835700001, 25.029918360000067], [121.59064446500008, 25.029893607000076], [121.59055102000002, 25.029863642000066], [121.5905470240001, 25.02986236000004], [121.59044949300005, 25.029812140000047], [121.5903377300001, 25.029692384000043], [121.5902469350001, 25.029597851000062], [121.59009341800004, 25.02946559800006], [121.58984953000004, 25.02932739000005], [121.58977290700011, 25.029289740000024], [121.58968235800012, 25.029245810000077], [121.5894105860001, 25.029088725000065], [121.58939037800008, 25.029075711000075], [121.589361789, 25.029057296000076], [121.58928522700012, 25.029032293000057], [121.58919473900005, 25.029001019000077], [121.58907663500008, 25.02886781500007], [121.58905499800005, 25.028843411000025], [121.58885942500001, 25.028635414000064], [121.58870620900007, 25.028566426000054], [121.58834422200005, 25.028435013000035], [121.58827449000012, 25.028384679000055], [121.58818354800007, 25.02825850100004], [121.58817919000012, 25.028252708000025], [121.58802270500007, 25.02804472400004], [121.58791778700004, 25.02790527700006], [121.5879056340001, 25.027889862000052], [121.58785976700005, 25.02783168600007], [121.58763621600008, 25.02758583600007], [121.58747566500006, 25.027434628000037], [121.58725940000011, 25.027258345000064], [121.58712688700007, 25.027157646000035], [121.58694569700003, 25.027050812000027], [121.58683415200005, 25.026975337000067], [121.58675732200004, 25.02689339400007], [121.5866942670001, 25.026786094000045], [121.5866869570001, 25.02671020500003], [121.58667254600005, 25.026602711000066], [121.58664423700009, 25.02649526500005], [121.58658788800005, 25.026337325000043], [121.58649634400001, 25.026084621000052], [121.58636955400004, 25.02587808100003], [121.58631425300007, 25.02578799500003], [121.5862722280001, 25.025718564000044], [121.58624021800006, 25.025667653000028], [121.58615319100011, 25.025529237000057], [121.58601773300006, 25.02528439200006], [121.58596177900006, 25.025208685000052], [121.58587099100009, 25.025114159000054], [121.58586878900007, 25.025112067000066], [121.58573835800007, 25.024988146000055], [121.58557676500004, 25.024836461000064], [121.58556385500003, 25.02482434500007], [121.58554409600004, 25.024802399000066], [121.58547303700004, 25.024723480000034], [121.58540306700002, 25.02462252400005], [121.58522787000004, 25.02431321100005], [121.58515741600002, 25.024111035000033], [121.5850729760001, 25.02388993900007], [121.58500941400007, 25.023675087000072], [121.58497400500005, 25.023536042000046], [121.58497307000005, 25.02333992100006], [121.58499448200007, 25.023208857000043], [121.58501557900001, 25.023166047000075], [121.58502983900007, 25.02313711000005], [121.58503596800006, 25.022973578000062], [121.58503531000008, 25.02283521700008], [121.58500064700002, 25.022676596000053], [121.5849858790001, 25.022609017000036], [121.5848670470001, 25.022313908000058], [121.58472034800002, 25.021968592000064], [121.58462269000006, 25.021767734000036], [121.58460679100006, 25.021737598000072], [121.5844902550001, 25.021516700000063], [121.58443409900008, 25.021328253000036], [121.58440905200007, 25.021235011000044], [121.58434971600002, 25.021014138000055], [121.58426359300006, 25.020626183000047], [121.58417206400009, 25.020261782000034], [121.58416124400003, 25.020220237000046], [121.58410170700006, 25.019991643000026], [121.58404534300007, 25.019759173000068], [121.58397519500011, 25.01953304500006], [121.58395468200001, 25.01948531900007], [121.58388962900005, 25.019333978000077], [121.58385645900012, 25.019256806000044], [121.58375880200003, 25.019055945000048], [121.58375013700004, 25.019039423000038], [121.583640306, 25.018830007000076], [121.58357790500008, 25.018779938000023], [121.583432646, 25.018736498000067], [121.583232468, 25.018684705000055], [121.58317740500001, 25.018665653000028], [121.58305859600011, 25.018620657000042], [121.58305763200008, 25.018620231000057], [121.58273959100006, 25.01847983300007], [121.58254558200008, 25.018372618000058], [121.58227675400008, 25.018282743000043], [121.5820518050001, 25.01823248100004], [121.58189543900005, 25.018164897000077], [121.58170124300011, 25.018017894000025], [121.58147416600002, 25.01782841200003], [121.58146700200007, 25.01782243300005], [121.58145048400002, 25.017808003000027], [121.58107839800005, 25.017482965000056], [121.580909173, 25.017335865000064], [121.58053970000003, 25.017081571000062], [121.5803080280001, 25.016929037000068], [121.58011373000011, 25.016759302000025], [121.57990667800004, 25.01653277500003], [121.57979365400001, 25.016391140000053], [121.57969943700004, 25.01626648000007], [121.57942023700002, 25.015962801000057], [121.57936990100006, 25.015877746000058], [121.57930100100009, 25.015826869000023], [121.57923194000011, 25.015741886000058], [121.57902515900003, 25.01557219800003], [121.57894382800009, 25.01553272900003], [121.57879333100004, 25.015385554000034], [121.57860514200001, 25.015187381000032], [121.57852975900005, 25.015085379000027], [121.5784355720001, 25.014966386000026], [121.57839915000011, 25.014896691000047], [121.57835878300011, 25.01481945300003], [121.57833479500005, 25.01477355000003], [121.57827794900004, 25.014631689000055], [121.57819592300007, 25.01444445900006], [121.5781073600001, 25.014194736000036], [121.57808183200007, 25.014075494000053], [121.57805630200005, 25.013956242000063], [121.5780426440001, 25.013865744000043], [121.57780684300008, 25.013854965000064], [121.57774742200002, 25.013852249000024], [121.57761328200002, 25.013857656000027], [121.57743792200006, 25.013901308000072], [121.57729860100005, 25.013945825000064], [121.5771753790001, 25.013990290000038], [121.57687536300011, 25.01409896100006], [121.57671457600009, 25.014143561000026], [121.57648943800007, 25.014198196000052], [121.57635250300007, 25.014221414000076], [121.5762981790001, 25.01423062400005], [121.57619451200003, 25.014248201000044], [121.57614077700009, 25.01423374700005], [121.57601682200004, 25.01412184700007], [121.57595753700002, 25.01406832300006], [121.57575246500005, 25.013824802000045], [121.57569317800005, 25.013771279000025], [121.57556899500003, 25.013610508000056], [121.57537465400003, 25.013366936000068], [121.57533674500007, 25.01329379200007], [121.57522909700003, 25.01322579400005], [121.5751376820001, 25.01318705700004], [121.57498651000003, 25.013176635000036], [121.57486926900003, 25.013168552000025], [121.57462763600006, 25.013180697000053], [121.57454941800006, 25.013184629000023], [121.57414154600008, 25.013181330000066], [121.57380876000002, 25.013167956000075], [121.57348688900004, 25.013193647000037], [121.57324546600012, 25.01320922900004], [121.57312180100007, 25.013243876000047], [121.57306860200003, 25.013258780000058], [121.57303043000002, 25.01327093200007], [121.57291320500008, 25.013308250000023], [121.57279005100008, 25.013367361000064], [121.57263497400004, 25.01348524200006], [121.5725172540001, 25.013558986000078], [121.57238852800003, 25.013574144000074], [121.57235080100008, 25.01354008000004], [121.5722073170001, 25.01336204100005], [121.57218404200012, 25.013333161000048], [121.57217807200004, 25.01332575300006], [121.5721133080001, 25.01324782000006], [121.57209156800002, 25.013189256000032], [121.57208222100007, 25.013131437000027], [121.57207498900004, 25.01308670800006], [121.57203064300006, 25.012783915000057], [121.57201938700007, 25.01271337000003], [121.57199738800011, 25.012575484000024], [121.57197522100012, 25.012349691000054], [121.57197485000006, 25.012345908000043], [121.57193618800011, 25.012111498000024], [121.5718977350001, 25.01192108300006], [121.5718435440001, 25.011808893000023], [121.57176756900003, 25.01173135600004], [121.57171952500005, 25.011682325000038], [121.57168000200011, 25.01165033600006], [121.57156330600003, 25.011555884000074], [121.5714986800001, 25.011507265000034], [121.57139721600004, 25.011425403000032], [121.5712455040001, 25.011303002000034], [121.57109467400005, 25.01118142400003], [121.57104809000009, 25.01115541400003], [121.5709816850001, 25.011118336000038], [121.57089392800003, 25.01107436800004], [121.57070495500011, 25.010979690000056], [121.57052213200006, 25.01090221000004], [121.57041462600012, 25.01086353000005], [121.57009200700008, 25.010727947000078], [121.57000055200001, 25.010679439000057], [121.56993046900004, 25.010611286000028], [121.56983316900005, 25.01046018200003], [121.56969269000001, 25.01025548000007], [121.56965471600006, 25.01016767300007], [121.56954645700011, 25.009967748000065], [121.56935761300008, 25.00974857400007], [121.56903481600011, 25.00957390800005], [121.56896485000004, 25.009530191000067], [121.56880340700002, 25.009433079000075], [121.56854191100001, 25.009259874000065], [121.56846114300004, 25.009201548000078], [121.56835891100002, 25.00914330200004], [121.56827812200004, 25.009080079000057], [121.56810060200007, 25.008987915000034], [121.56789643500008, 25.008934941000064], [121.56774579300009, 25.008852448000027], [121.56761138700006, 25.008799218000036], [121.56736367600001, 25.00861446500005], [121.56716997, 25.00850282400006], [121.56668612300007, 25.00831408600004], [121.56658094600004, 25.008288865000054], [121.56638527400003, 25.008241944000076], [121.56634211100004, 25.008230183000023], [121.56611134500008, 25.008167306000075], [121.56596079600001, 25.00812628600005], [121.56595093400006, 25.008123994000073], [121.56592483100007, 25.008226238000077], [121.56583414400006, 25.00852844600007], [121.56570064000005, 25.008864363000043], [121.5655977780001, 25.00918899100003], [121.56541585800005, 25.009676022000065], [121.56534926000006, 25.009877523000057], [121.56528227400008, 25.009995168000046], [121.56503423800007, 25.01016346600005], [121.56476334400008, 25.010360793000075], [121.56455770000002, 25.010481060000075], [121.56426825300002, 25.010721123000053], [121.56403476700007, 25.010901244000024], [121.563764106, 25.011149784000054], [121.5636585200001, 25.01126290600007], [121.56359622500008, 25.011329647000025], [121.563494149, 25.011551934000067], [121.56348048000007, 25.011615552000023], [121.56343909300006, 25.011808177000034], [121.56343019200006, 25.011910627000077], [121.56344019500011, 25.01204713900006], [121.56345004000002, 25.01214952500004], [121.56347945700008, 25.01243104400004], [121.56348009700002, 25.012838911000074], [121.563406729, 25.013189107000073], [121.56331386800002, 25.013377224000067], [121.56307072800007, 25.01349763500008], [121.56286503600006, 25.013609358000053], [121.56268753900008, 25.01373805000003], [121.56256651700005, 25.013917741000057], [121.56238051200012, 25.01423421100003], [121.56224101900011, 25.01447371000006], [121.56204536400003, 25.014730488000055], [121.56184029700012, 25.01497876800005], [121.56149486800007, 25.015278786000067], [121.56121465700005, 25.01549321300007], [121.56087891300001, 25.01586145300007], [121.56066442800011, 25.01610124700005], [121.56053036900005, 25.016313469000067], [121.56040969300011, 25.016569967000066], [121.5602709740001, 25.016980149000062], [121.56014107600004, 25.01727081000007], [121.55996388000005, 25.01746776500005], [121.55965588700008, 25.017759098000056], [121.55932930200004, 25.018084634000047], [121.55901200800008, 25.018393071000048], [121.55896757500011, 25.018439863000026], [121.55895107300012, 25.018457243000057], [121.55869483200001, 25.01872710300006], [121.55846150900004, 25.018949871000075], [121.55823302400006, 25.019144788000062], [121.55819830900009, 25.019176795000078], [121.55808687700005, 25.019270574000075], [121.55785486000002, 25.019496351000043], [121.55757015300003, 25.019758883000065], [121.55710603900002, 25.02019346700007], [121.55672545300001, 25.020547113000077], [121.55662319300006, 25.02064507600005], [121.55660222100005, 25.02066516600007], [121.55640524400008, 25.020853858000066], [121.55591109300008, 25.02132154000003], [121.55556295300005, 25.021636865000062], [121.55520554700001, 25.021964964000063], [121.55498742700001, 25.02217371100005], [121.55473864700002, 25.02240209100006], [121.55470465300004, 25.022433298000067], [121.55463466100002, 25.022497549000036], [121.55435621700008, 25.022765935000052], [121.55412418800006, 25.022991708000063], [121.553892141, 25.023211342000025], [121.553695704, 25.02336863800008], [121.55356362100008, 25.023491541000055], [121.55336960000011, 25.02362961600005], [121.55295907800007, 25.023979050000037], [121.552671056, 25.02433168700003], [121.55264743700002, 25.024360605000027], [121.55262375600012, 25.024389599000074], [121.55296230300007, 25.024695318000056], [121.55335351500003, 25.025048594000054], [121.55371463900008, 25.02537467800005], [121.553751196, 25.02540982000005], [121.55394792300001, 25.025598933000026], [121.55425638500003, 25.02587746000006], [121.55477826900005, 25.026358776000052], [121.55498895500011, 25.026555814000062], [121.55543290300011, 25.026970275000053], [121.55574892000004, 25.027262423000025], [121.55594437700006, 25.027404940000054], [121.55594667600008, 25.02740707600003], [121.55599298000004, 25.02745008000005], [121.55602336100003, 25.027478296000027], [121.55620773100009, 25.02764952700005], [121.55641093100007, 25.027846607000072], [121.5565985500001, 25.02807642500005], [121.55662190200007, 25.028105029000074], [121.55685572000004, 25.02844524300008], [121.55699928800004, 25.028710743000033], [121.55707474000008, 25.028826425000034], [121.55725821200008, 25.029171874000042], [121.55729267400011, 25.029233980000072], [121.55736397800001, 25.029362483000057], [121.55736759700005, 25.02938566000006], [121.55737368100006, 25.02942463000005], [121.55738258100007, 25.02948163900004], [121.55739484500009, 25.02956019100003], [121.557411408, 25.029908044000024], [121.55740564500002, 25.030290078000064], [121.557415149, 25.030733455000075], [121.55741462300011, 25.030799597000055], [121.55741037300004, 25.031333775000064], [121.55742105400009, 25.032069109000076], [121.55743789300004, 25.03247834900003], [121.5574400270001, 25.032949038000027], [121.55744047100006, 25.03304727400007], [121.55744067, 25.033091316000025], [121.55744117000006, 25.033201431000066], [121.55745088900005, 25.03369255700005], [121.55745884700002, 25.03379485000005], [121.55746048500009, 25.03415639900004], [121.55746066400002, 25.03419602300005], [121.5574608610001, 25.034239425000067], [121.5574615050001, 25.03438150100004], [121.55748667300008, 25.03498750400007], [121.55748687100004, 25.03503110200006], [121.5574870260001, 25.03506530800007], [121.55748772600009, 25.03521944000005], [121.55749704200002, 25.035621886000058], [121.55749895600002, 25.036044825000033], [121.55750007000006, 25.03629039200007], [121.557517372, 25.036801955000044], [121.55752530000007, 25.036897433000036], [121.55753560500011, 25.03751816500005], [121.55754158900004, 25.03769221400006], [121.55754182600003, 25.037699106000048], [121.557553127, 25.038027752000062], [121.5575628470001, 25.038518877000058], [121.55755723800007, 25.038935027000036], [121.55757441800006, 25.03941929800004], [121.55758605400001, 25.04033336400005], [121.5575948390001, 25.04061137800005], [121.55760462, 25.041116143000067], [121.55761181700007, 25.04128840800007], [121.5576144690001, 25.041351895000048], [121.55762143200002, 25.041518560000043], [121.55762994400004, 25.041743643000075], [121.55763155200009, 25.04209836600006], [121.55763254300007, 25.042316650000032], [121.55763368600003, 25.042569053000022], [121.55764291100002, 25.04295103000004], [121.55767634800009, 25.043741582000052], [121.55767826500005, 25.04416451900005], [121.55768718200011, 25.044478284000036], [121.5576884190001, 25.044751142000052], [121.55770436500006, 25.04496255500004], [121.55770439300011, 25.044968734000065], [121.55770523100011, 25.045153568000046], [121.55769470500002, 25.045206989000064], [121.55774779600006, 25.04522464000007], [121.55774788200006, 25.04522466900005], [121.55777380200004, 25.04523328500005], [121.55810131200008, 25.045342153000036], [121.55823513500002, 25.045364284000073], [121.5584918830001, 25.045444065000027], [121.55895761300008, 25.045615181000073], [121.55929221100007, 25.04575101000006], [121.55971873100009, 25.04594015600003], [121.5600205070001, 25.046058242000072], [121.5603092670001, 25.046194241000023], [121.56074242300008, 25.046401244000037], [121.56095901200001, 25.04650771400003], [121.5613067910001, 25.046661382000025], [121.561733322, 25.046850513000038], [121.56206143000009, 25.046998296000027], [121.56243540800006, 25.047151856000028], [121.56279620700002, 25.047287592000032], [121.56305858600001, 25.047381964000067], [121.56337346400005, 25.04749999200004], [121.56361617400012, 25.047588474000065], [121.563878498, 25.047670914000037], [121.56423752700005, 25.04779632000003], [121.56461786500006, 25.047908131000042], [121.56502447900004, 25.048037726000075], [121.56570687300007, 25.048294179000038], [121.56575912900007, 25.048310901000036], [121.5664039290001, 25.04851723300004], [121.56726429500009, 25.048744268000064], [121.56804101400007, 25.048943423000026], [121.56863450900005, 25.049086814000077], [121.56927234000011, 25.049246120000078], [121.56931264200011, 25.04925269000006], [121.5693371970001, 25.04925669000005], [121.56966785600002, 25.049310595000065], [121.56977966400007, 25.04933156900006], [121.57031205100009, 25.049396431000048], [121.57047052200005, 25.049406005000037], [121.57056199500005, 25.049411531000032], [121.57115324200004, 25.04948953300004], [121.57151166500012, 25.049439988000074], [121.57164500800002, 25.04943712200003], [121.57194391400003, 25.049430700000073], [121.57196727500002, 25.04943019700005], [121.57222482200007, 25.049434722000058], [121.57246706500007, 25.049438977000023], [121.57248699100012, 25.049438989000066], [121.57271921600011, 25.049439137000036], [121.57365471500009, 25.04943974300005], [121.57407245600007, 25.049435851000055], [121.57414563100008, 25.04943516900005], [121.57493934100012, 25.049432096000032], [121.57511755100006, 25.049423415000035], [121.57511862100012, 25.049423365000052], [121.57513297800006, 25.04942303400003], [121.5758165740001, 25.04940722500004], [121.57594493200008, 25.049400235000064], [121.5761089780001, 25.049399599000026], [121.57623021900008, 25.049394794000023], [121.5764157320001, 25.049407065000025], [121.57661553700007, 25.049425762000055], [121.57668954000007, 25.049432540000055], [121.57695568100007, 25.04945691300003], [121.57736237600011, 25.04948130400004], [121.57776905000003, 25.04950352700007], [121.57779673000005, 25.04949803100004], [121.5779304020001, 25.04947149700007], [121.57816593500002, 25.049465183000052], [121.5786224840001, 25.049474229000054], [121.57990654200012, 25.04950384400007], [121.57995883700005, 25.049501476000046]]]}}, {"type": "Feature", "properties": {"TOWNID": "A05", "TOWNCODE": "63000070", "PNAME": "臺北市", "TNAME": "萬華區", "TOWNENG": "Wanhua District", "COUNTYID": "A", "COUNTYCODE": "63000", "縣市": "臺北市", "行政區": "萬華區", "淨流入": -27046, "平日日間活動人數": 169804, "平日夜間停留人數": 196850}, "geometry": {"type": "Polygon", "coordinates": [[[121.50899255700006, 25.048287927000047], [121.50945254200008, 25.048265615000048], [121.50952016300005, 25.048270125000045], [121.50957894800001, 25.048307270000066], [121.509643664, 25.048360417000026], [121.50970244900009, 25.048397563000037], [121.50981991100002, 25.048445198000024], [121.50988587200004, 25.048462322000034], [121.51000309000005, 25.048451250000028], [121.51003596900011, 25.048439150000036], [121.510175333, 25.048387856000033], [121.51017871300007, 25.04838661100007], [121.51035440600003, 25.048337978000063], [121.51050680000003, 25.04832678300005], [121.5106768280001, 25.048326201000066], [121.51068254800009, 25.048327277000055], [121.51043757200011, 25.048088562000032], [121.51029766800002, 25.047952232000057], [121.50995247900005, 25.047700379000048], [121.50978537100002, 25.047559248000027], [121.50965114400003, 25.047316790000025], [121.50961349200008, 25.047192771000027], [121.50955902800001, 25.047013374000073], [121.50940358800005, 25.046501385000056], [121.50926064700002, 25.04603055800004], [121.50924606900003, 25.045982544000026], [121.50912608200008, 25.04558732000004], [121.5090414660001, 25.045308602000034], [121.50901301500005, 25.045214890000068], [121.50898842400011, 25.045133892000024], [121.50889390200007, 25.044822547000024], [121.50878777000003, 25.04447295400007], [121.50876920400003, 25.04440344900007], [121.50860339400003, 25.043713179000065], [121.50848421500007, 25.04324568800007], [121.50846983300005, 25.043189276000078], [121.50834527200004, 25.042700679000063], [121.50823502800006, 25.042300579000027], [121.50818878100006, 25.042182237000077], [121.508152762, 25.04209007000003], [121.5081272320001, 25.042024742000024], [121.50766114500004, 25.04045244100007], [121.50751560800006, 25.039987576000044], [121.50729598100008, 25.039257656000075], [121.50728490000006, 25.03922082300005], [121.50702920800006, 25.038371031000054], [121.50679124400006, 25.037647881000055], [121.50673533200006, 25.03748052700007], [121.50673967400007, 25.037417686000026], [121.50688192500002, 25.03732086200006], [121.50688411800002, 25.037308618000054], [121.50688642500006, 25.037295722000067], [121.50688002000004, 25.037270886000044], [121.50687239400008, 25.03724131200005], [121.50680754000007, 25.03713682600005], [121.50677019200009, 25.03700709000003], [121.50669023500006, 25.036588505000054], [121.50658587300006, 25.036275466000063], [121.50657333800007, 25.036237867000068], [121.50650568800006, 25.03604746800005], [121.50649687400005, 25.03602266100006], [121.50632658500001, 25.035543398000073], [121.50623307700005, 25.035308503000067], [121.50608014800002, 25.03492433200006], [121.5060243580001, 25.034786302000043], [121.50581039200006, 25.034371341000053], [121.5056866870001, 25.034146467000028], [121.5054014750001, 25.033628003000047], [121.50530592900009, 25.033450852000044], [121.50527896900007, 25.03340086600008], [121.5049405640001, 25.032773426000062], [121.50440493300005, 25.031777650000038], [121.50416047800002, 25.03132318100006], [121.50414087500008, 25.030492808000076], [121.50413708400004, 25.030332247000047], [121.50413562800009, 25.03002213900004], [121.50413542000001, 25.029978237000023], [121.50413535400003, 25.029964249000045], [121.50416650600005, 25.02991059900006], [121.5041865290001, 25.029876114000047], [121.5047637460001, 25.02925257100003], [121.50480791900009, 25.029204597000046], [121.50482213700002, 25.02918915600003], [121.50580911300005, 25.02811725500004], [121.50690083900008, 25.026953823000042], [121.50709276000009, 25.026769280000053], [121.5071, 25.026762317000077], [121.50729865400001, 25.026571297000032], [121.50792130200011, 25.02603554800004], [121.50823362800008, 25.02579244700007], [121.50849213200001, 25.025533322000058], [121.5085334370001, 25.02549046400003], [121.508917429, 25.02509202400006], [121.50905117500008, 25.024957954000058], [121.50911821700004, 25.02493933100004], [121.50912586400011, 25.02493720800004], [121.50923314300007, 25.02490741300005], [121.50944539500006, 25.024848465000048], [121.51001682200001, 25.024678700000038], [121.51010347800002, 25.024654275000046], [121.51015994500005, 25.02463835900005], [121.51058210000008, 25.024519378000036], [121.51110278200008, 25.02436758600004], [121.51152647600009, 25.024248870000065], [121.51157200700004, 25.024236114000075], [121.51187964000007, 25.024142165000058], [121.51221032300009, 25.024036722000062], [121.51223828000002, 25.024027808000028], [121.51228460100003, 25.024013040000057], [121.51234128200008, 25.023989671000038], [121.51238557400006, 25.023214111000073], [121.5124152730001, 25.022925460000067], [121.51242144200012, 25.022691268000074], [121.51242745200011, 25.022418050000056], [121.51242645100001, 25.022177381000063], [121.5124204980001, 25.02198511100005], [121.51240302800011, 25.021743495000067], [121.51238758600005, 25.021744941000065], [121.51233336500002, 25.02174871300008], [121.51225522100003, 25.02175837900006], [121.51217331400005, 25.021771519000026], [121.51205867800002, 25.02179405000004], [121.511966733, 25.021814130000053], [121.5118784120001, 25.021812383000054], [121.5118014090001, 25.02180596900007], [121.51168913300012, 25.021806662000074], [121.51157057000012, 25.021809688000076], [121.5114534280001, 25.021834521000073], [121.5113790050001, 25.02183612300007], [121.51129057000003, 25.021819454000024], [121.51116563100004, 25.02181333900006], [121.51106978200005, 25.021817377000048], [121.51099405700006, 25.021813251000026], [121.51087161300006, 25.021803669000064], [121.51077194600009, 25.021803136000074], [121.51062662400011, 25.021770744000037], [121.51055715200005, 25.02175968000006], [121.51043716700008, 25.021740909000073], [121.5103486910001, 25.02171849700005], [121.51028171300004, 25.021702838000067], [121.51013140400005, 25.021678499000075], [121.5100404640001, 25.02166413200007], [121.50999235800009, 25.021641483000053], [121.50981784200007, 25.021585149000032], [121.50972045200001, 25.021551302000034], [121.50959522200003, 25.02150615000005], [121.50950796600011, 25.021477983000068], [121.50942838700007, 25.021464695000077], [121.50926627700005, 25.021379584000044], [121.50912091500004, 25.021341450000023], [121.50905255400005, 25.021309725000037], [121.508993, 25.02127450200004], [121.50892322600009, 25.021222116000047], [121.50888776700003, 25.02120396500004], [121.50882697100008, 25.021171039000023], [121.50876745800008, 25.021141559000057], [121.5087116630001, 25.021102867000025], [121.508578295, 25.020980847000033], [121.50846044100001, 25.020909241000027], [121.50840070700008, 25.020849906000024], [121.50833521900006, 25.020779520000076], [121.50822993600002, 25.02066696600008], [121.5080911660001, 25.02053292100004], [121.50800384200011, 25.02044241300007], [121.5078609950001, 25.020350889000042], [121.50769778100005, 25.020197408000058], [121.50754351000012, 25.02008063200003], [121.50742838800011, 25.01997758300007], [121.50725505300011, 25.019814929000063], [121.50714752800002, 25.01971986700005], [121.50700837300008, 25.01959504100006], [121.50679965900008, 25.01941525500007], [121.50666176000004, 25.019288111000037], [121.50654790100009, 25.019185037000057], [121.5063707490001, 25.01900977300005], [121.50614046900012, 25.018789838000032], [121.50597204900009, 25.01861214400003], [121.50596454900005, 25.01860423200003], [121.50593892400002, 25.018577265000033], [121.50591420400008, 25.018551252000066], [121.5058164720001, 25.018448405000072], [121.50572152900008, 25.018341835000058], [121.50561932200003, 25.01823666100006], [121.50554562200011, 25.018160824000063], [121.50539626700004, 25.01799926800004], [121.50530009900001, 25.01790417600006], [121.50514184700012, 25.017719684000042], [121.50505951900004, 25.01761193400006], [121.50485700200011, 25.017390791000025], [121.50473165000005, 25.017239499000027], [121.50470602100006, 25.01721180900006], [121.50468861600007, 25.017193004000035], [121.50461394100012, 25.01711232300005], [121.50451645700002, 25.01699657000006], [121.50437339900009, 25.016829259000076], [121.5043018020001, 25.01674824400004], [121.50420124000004, 25.016634456000077], [121.50407464800003, 25.016487764000033], [121.50393283500011, 25.01631470600006], [121.50379988700001, 25.01615312100006], [121.5037128570001, 25.016019579000044], [121.50369976800005, 25.015999495000074], [121.50369271900001, 25.015991583000073], [121.50357825000003, 25.015863111000044], [121.50344403200006, 25.01569808100004], [121.50333893100003, 25.015567413000042], [121.5031907770001, 25.015382892000048], [121.50311983900008, 25.01528429900003], [121.50304136400007, 25.015198375000068], [121.50293625400002, 25.015064256000073], [121.50278175200003, 25.014864815000067], [121.50271703400006, 25.014781052000046], [121.50264624400006, 25.01468943200007], [121.50254873400002, 25.014565651000055], [121.50239676700005, 25.014369643000066], [121.50225112700002, 25.014181663000045], [121.50220041500006, 25.01409681900003], [121.50208639400012, 25.01393401100006], [121.5019268100001, 25.013723103000075], [121.50181030300007, 25.01357293500007], [121.50166719200001, 25.01338495400006], [121.5015367530001, 25.01321646100007], [121.50144182100007, 25.013111035000065], [121.50128867700005, 25.012943746000076], [121.50121273700006, 25.012860095000065], [121.50112541400006, 25.012767291000046], [121.50097609500006, 25.012613765000026], [121.50086475900002, 25.012506083000062], [121.50076608400002, 25.01241330000005], [121.50071418700009, 25.012354854000023], [121.50059021700008, 25.012241473000074], [121.5004181700001, 25.012081109000064], [121.50034101000006, 25.012011246000043], [121.50027397300005, 25.011952843000074], [121.50015384800008, 25.011858957000072], [121.4999326090001, 25.011702162000063], [121.49986810200005, 25.011646042000052], [121.49972775000003, 25.011538440000038], [121.49947238000004, 25.011357607000036], [121.49924233700006, 25.01121001100006], [121.499113394, 25.011120751000078], [121.49884420700005, 25.01096063600005], [121.49868367300007, 25.010854210000048], [121.49857754100003, 25.01079933400007], [121.49833487100011, 25.010648330000038], [121.49826287600001, 25.01061978900003], [121.49815798400004, 25.010556890000032], [121.49794562600005, 25.010416140000075], [121.49729481100007, 25.010039877000054], [121.49713691700003, 25.009972497000035], [121.49704089800002, 25.009925636000048], [121.4969575020001, 25.00988105400006], [121.49684630900003, 25.009820459000025], [121.49669598600008, 25.00975420800006], [121.49654443300005, 25.009698289000028], [121.49632841400012, 25.009598897000046], [121.4961061780001, 25.009531674000073], [121.495987463, 25.00948831200003], [121.49589022200007, 25.00945524100007], [121.49579424700005, 25.009422158000064], [121.49565031400005, 25.00938461100003], [121.49546726900007, 25.00934484900006], [121.49537558100008, 25.009320156000058], [121.49537005000002, 25.00931866600007], [121.49536050800009, 25.009316143000035], [121.49529682100001, 25.009299309000028], [121.49516556700007, 25.00928354200005], [121.49489294200009, 25.009241702000054], [121.49477683700002, 25.00922819400006], [121.49464054400005, 25.009214735000057], [121.49451939300002, 25.009201242000074], [121.49439321600005, 25.00919579400005], [121.49423927500004, 25.009186971000076], [121.49403464900001, 25.009186415000045], [121.4940121840001, 25.009186353000075], [121.49384567800007, 25.009194781000076], [121.49369047400012, 25.009185951000063], [121.49361097700012, 25.009180402000027], [121.49350754200009, 25.009186387000057], [121.49335619600004, 25.009202815000037], [121.49320860500006, 25.009208903000058], [121.49311656100008, 25.009227490000058], [121.49296030900007, 25.009293308000053], [121.49280919500006, 25.009392416000026], [121.49273872800006, 25.00945574700006], [121.49265944600006, 25.009525978000056], [121.49256646900005, 25.009660551000024], [121.49246586900006, 25.009775612000055], [121.49237920100006, 25.00991132200005], [121.49225731800004, 25.010086158000036], [121.49215055400009, 25.01025177200006], [121.49205632400003, 25.010389790000033], [121.49195715400003, 25.010564569000053], [121.4918981080001, 25.010653140000045], [121.49187429900007, 25.010710601000028], [121.49183042200002, 25.01080832400004], [121.49178396700006, 25.010887654000044], [121.49167848700006, 25.011063610000065], [121.49164964200008, 25.011123388000044], [121.4915830440001, 25.01121770800006], [121.49153531900004, 25.011294760000055], [121.49144735800007, 25.01141897900004], [121.49136569100006, 25.01153860000005], [121.49131161500009, 25.011599594000074], [121.49122863200012, 25.011700838000024], [121.49116325600005, 25.011781377000034], [121.49108901500006, 25.011850452000033], [121.49097581500007, 25.011972435000075], [121.49092681600007, 25.01204489400004], [121.49086013100009, 25.012108213000033], [121.49080603200002, 25.01216229700003], [121.49058861900005, 25.01246251400005], [121.4904968300001, 25.01257183900003], [121.49045027800003, 25.012617875000046], [121.4903496930001, 25.01273985100005], [121.49027298900012, 25.01282958200005], [121.49018738900008, 25.01289753900005], [121.49010803300007, 25.012942507000048], [121.48998204800012, 25.013005958000065], [121.48980188500002, 25.01309593700006], [121.48969604700005, 25.013144415000056], [121.48962039700007, 25.013161810000042], [121.48956486300006, 25.013177330000076], [121.48957343300003, 25.013236455000026], [121.48957563500005, 25.013322432000052], [121.4895576350001, 25.013407436000023], [121.48955580400002, 25.013470523000024], [121.48951021800008, 25.013570667000067], [121.48950095500004, 25.013646427000026], [121.48949787200002, 25.01371066200005], [121.48947515600003, 25.01382552000007], [121.489458194, 25.013889885000026], [121.48943618700002, 25.013954282000043], [121.48941067400006, 25.014043943000047], [121.48939360200006, 25.014097986000024], [121.48935915700008, 25.014178551000043], [121.4893194760001, 25.014241967000032], [121.48927097700005, 25.014306606000048], [121.48921388500003, 25.014393102000042], [121.4891720810001, 25.01449322600007], [121.48914742900001, 25.014546193000058], [121.4891252430001, 25.014594541000065], [121.48908167800005, 25.014648817000023], [121.48904699700006, 25.01470759600005], [121.4890050680001, 25.01479626200006], [121.4889628630001, 25.014859697000077], [121.48894196900005, 25.014910332000056], [121.48889750300009, 25.014997863000076], [121.48886085800007, 25.015108261000023], [121.4888211550001, 25.01516938700007], [121.48880296800007, 25.01523719200003], [121.48876346400004, 25.015316652000024], [121.48874035900008, 25.015395977000026], [121.48872230100005, 25.01547524700004], [121.4887103860001, 25.015539559000047], [121.48870110700011, 25.01561417100004], [121.48869166700001, 25.01567387700004], [121.48869505700009, 25.01576041900006], [121.48869516900004, 25.015763272000072], [121.48868471700007, 25.01584592200004], [121.48867150500007, 25.01590680700008], [121.48867770200002, 25.016012243000034], [121.48867482000003, 25.016094816000077], [121.48867304800001, 25.016163624000058], [121.48866395800007, 25.016255434000072], [121.4886636330001, 25.01626890400007], [121.48866135300011, 25.016363229000035], [121.48864326900002, 25.016440206000027], [121.48863620000009, 25.01648613800006], [121.48861548000002, 25.016552825000076], [121.48860612700003, 25.016620557000067], [121.48859892100006, 25.016663337000068], [121.4885966490001, 25.016676826000037], [121.48859376500002, 25.016759397000044], [121.48858823600006, 25.01683053000005], [121.48858155500011, 25.016912003000073], [121.48857602500004, 25.01698312700006], [121.48856784600002, 25.017042830000037], [121.48856710500002, 25.017045965000023], [121.48855699100011, 25.01708878200003], [121.48854881200009, 25.017148485000064], [121.4885470910001, 25.01722187200005], [121.48853740000004, 25.017258637000054], [121.48855064400004, 25.017315860000053], [121.48853478100011, 25.017365304000066], [121.488535694, 25.017449], [121.48853642200004, 25.01751549000005], [121.48854118600002, 25.017604891000076], [121.48855185600007, 25.017657534000023], [121.48856880800008, 25.017707846000064], [121.48856595400002, 25.017792701000076], [121.488569503, 25.01788668200004], [121.48856698500003, 25.01800252000004], [121.48856826700012, 25.01811945700007], [121.48855804000004, 25.01822274500006], [121.4885615290001, 25.01831100100003], [121.48855892300003, 25.018418807000046], [121.48854587400001, 25.01849459500005], [121.48855169700005, 25.018565626000054], [121.4885502190001, 25.01866081600008], [121.488543864, 25.018772081000066], [121.48854466700004, 25.018845459000033], [121.48853947400005, 25.01894754800003], [121.4885341590001, 25.019038180000052], [121.4885211730001, 25.019119701000022], [121.4885204630001, 25.019170162000023], [121.48852128800002, 25.019245824000052], [121.4885209360001, 25.019253837000065], [121.48851972400007, 25.01928131300008], [121.48851724600001, 25.01933758200005], [121.48849782600007, 25.01940769400005], [121.48849845400002, 25.01946502000004], [121.4885003920001, 25.019526919000043], [121.48849585900007, 25.019573971000057], [121.48846748300002, 25.019632701000035], [121.48846676200003, 25.019682016000047], [121.488432138, 25.019746526000063], [121.488424097, 25.019818833000045], [121.48842010300007, 25.01991518500006], [121.4884080380001, 25.019965745000036], [121.48841395200009, 25.020044804000065], [121.48841335600002, 25.020105573000023], [121.48841390700011, 25.02015602000006], [121.48839716100008, 25.020239865000065], [121.48838934500009, 25.02033281000007], [121.48839384400003, 25.020398131000036], [121.48838842700002, 25.020479582000064], [121.48839671200005, 25.020544864000044], [121.48839376700005, 25.020621720000065], [121.48839181000005, 25.02067333100007], [121.48840530400003, 25.02075347500005], [121.48840428100004, 25.02078959000005], [121.48840353900005, 25.020815801000026], [121.48840348500005, 25.02081770800004], [121.48840279900003, 25.020870433000027], [121.48840114100005, 25.02094956800005], [121.48839940800008, 25.021021820000044], [121.48840098900007, 25.021034488000055], [121.48843552100004, 25.021141097000054], [121.4884892340001, 25.02139591100007], [121.4885135290001, 25.02150954900003], [121.48853778600005, 25.02161054800007], [121.48855447900007, 25.02171271800006], [121.48857421500009, 25.021855113000072], [121.48857808000002, 25.02188300100005], [121.48858152700006, 25.021907871000053], [121.48860585200009, 25.02203299200005], [121.48862000500003, 25.022129421000045], [121.48862912200002, 25.02223046000006], [121.48864454300008, 25.022329186000036], [121.48866134000002, 25.02246924700006], [121.48867815800008, 25.02261505100006], [121.48869357900003, 25.022714921000045], [121.48869633900006, 25.022797602000026], [121.48870041600003, 25.022900950000064], [121.48871854600009, 25.023065130000077], [121.48880304500005, 25.023346729000025], [121.48875559200008, 25.023450210000078], [121.488716597, 25.023535484000035], [121.48871145900011, 25.023546718000034], [121.488695645, 25.023581297000078], [121.48866928100006, 25.023644540000078], [121.4886596880001, 25.023667552000063], [121.48862327400002, 25.023754903000054], [121.48855086700007, 25.023919325000065], [121.48840724500008, 25.024232088000076], [121.48835482400011, 25.02435396800007], [121.48824746800005, 25.024600021000026], [121.48814382300009, 25.02482883600004], [121.48804524400009, 25.025064530000066], [121.48795034400007, 25.025274944000046], [121.48785548, 25.02549454800004], [121.48780800700001, 25.02559459200006], [121.48772675700002, 25.025754456000072], [121.48763310200002, 25.025961427000027], [121.48758828000007, 25.026059953000072], [121.48758390400008, 25.026188905000026], [121.48758499500002, 25.026284159000056], [121.48757968000007, 25.02648047300005], [121.48758585100006, 25.026579131000062], [121.4875821500001, 25.02669622700006], [121.48759484600009, 25.026814347000027], [121.48757235900007, 25.026941934000035], [121.48756688500009, 25.027014284000074], [121.48754755700008, 25.027063089000023], [121.48753735800005, 25.027088846000026], [121.48752400800004, 25.027122553000027], [121.48748472800003, 25.027214697000034], [121.48743255400007, 25.027281723000044], [121.48734162800008, 25.027376625000045], [121.48732977800012, 25.027385346000074], [121.48731968700008, 25.02739277300003], [121.4872453800001, 25.02744745900003], [121.48719899500009, 25.027469675000077], [121.48714001100006, 25.027491980000036], [121.4870750880001, 25.027546486000062], [121.48701262200007, 25.027595228000052], [121.48695317600004, 25.02768756100005], [121.48687319800001, 25.027747934000047], [121.48678388500002, 25.02787432200006], [121.48676660100011, 25.02791151100007], [121.48661433500001, 25.02826908000003], [121.48653254300007, 25.02844105400004], [121.48648690200002, 25.028537017000076], [121.48636692000002, 25.02877737700004], [121.4863020570001, 25.028939482000055], [121.48624192900002, 25.029026943000076], [121.4861623810001, 25.02918961900008], [121.48611821500003, 25.029279936000023], [121.4860532030001, 25.029405306000058], [121.48602672000004, 25.02949208900003], [121.4859654060001, 25.02960019300008], [121.48586269900011, 25.029767492000076], [121.48573663500008, 25.02998666600007], [121.48565164900003, 25.03016069800003], [121.48552777700002, 25.030351145000054], [121.48544042600008, 25.030538980000074], [121.48532196700012, 25.03076150800007], [121.48528385400004, 25.030829753000035], [121.48523179200004, 25.030922975000067], [121.48507012100004, 25.031225078000034], [121.4850260820001, 25.031342523000035], [121.48493936500006, 25.03147526600003], [121.48488297500012, 25.031614628000057], [121.48482927400005, 25.031768886000066], [121.48479474100009, 25.03194594000007], [121.48475693900002, 25.032057578000035], [121.48474369300004, 25.03211165400006], [121.48467277100008, 25.032302784000024], [121.48462659300003, 25.032453541000052], [121.48454907400003, 25.03261948000005], [121.4844790950001, 25.032783060000042], [121.48440527900004, 25.032942086000048], [121.4843503190001, 25.03309635900007], [121.48430485000006, 25.033198904000074], [121.48423890100003, 25.033384257000023], [121.48422340600007, 25.033421865000037], [121.48415917400007, 25.03357776300004], [121.48409162100006, 25.03373329300007], [121.48399210000002, 25.03395911100006], [121.48391493400004, 25.034156040000028], [121.48386281800003, 25.034338965000074], [121.48383057, 25.034495339000046], [121.48376574800011, 25.03466921300003], [121.48371904300006, 25.034884242000032], [121.48368976000006, 25.03507961500003], [121.48364341700005, 25.035292037000033], [121.48364184500008, 25.035299246000022], [121.48364132600011, 25.03532300100005], [121.48363853500007, 25.035450784000034], [121.4836409610001, 25.035663099000033], [121.4836401120001, 25.03571719100006], [121.48363804100006, 25.035849060000032], [121.4836344680001, 25.035977649000074], [121.48365161400011, 25.036154255000042], [121.4836658690001, 25.036298748000036], [121.48370765800007, 25.036425793000035], [121.48372670900005, 25.036548439000057], [121.4837796160001, 25.036766070000056], [121.48383659900003, 25.036898715000063], [121.48389443100007, 25.03710596600007], [121.48395562500002, 25.037276461000033], [121.48398301300006, 25.037356577000025], [121.48408206200008, 25.03753019100003], [121.48411239000006, 25.037646996000035], [121.48415976100011, 25.037710868000033], [121.48424835800006, 25.037852429000054], [121.48432691200003, 25.037997517000065], [121.48440658000004, 25.038129980000065], [121.48447241500003, 25.038264852000054], [121.48459004400002, 25.038409604000037], [121.48469533000002, 25.038577427000064], [121.48475416400004, 25.03865152700007], [121.4848209810001, 25.03876228300004], [121.48501020600008, 25.038994806000062], [121.48509979100004, 25.039112260000024], [121.48521302100005, 25.039203110000074], [121.48523332400009, 25.039225099000078], [121.48532024200006, 25.039319259000024], [121.48539583100012, 25.03942536200003], [121.48551829500002, 25.039551707000044], [121.48564533700005, 25.039637845000073], [121.48571425800003, 25.039711858000032], [121.48580599700006, 25.039797153000052], [121.48590130800005, 25.039864047000037], [121.48598552500005, 25.039952860000028], [121.48602658000004, 25.04001564400005], [121.48610149900003, 25.040063192000048], [121.48623780100002, 25.040187125000045], [121.48631565100004, 25.040270247000024], [121.4864239210001, 25.040368027000056], [121.48655406700004, 25.040504632000022], [121.48670666600003, 25.04062040200006], [121.48684941500005, 25.040756911000074], [121.4870097490001, 25.040887519000023], [121.48714487000007, 25.041018362000045], [121.48725956400006, 25.041126405000057], [121.48738683500005, 25.04123205700006], [121.48753205600008, 25.04136394300008], [121.48765961600009, 25.04149484800007], [121.48776798000006, 25.041600662000064], [121.4878993000001, 25.04172922600003], [121.48799354700009, 25.041813347000073], [121.48811319200001, 25.04191331800007], [121.48821122400011, 25.04199741900004], [121.48826739600008, 25.04205891400005], [121.48837960800006, 25.042170431000045], [121.4884888790001, 25.042245239000067], [121.488560032, 25.042293983000036], [121.48865956100008, 25.042398725000055], [121.4887528810001, 25.04251155000003], [121.48882034400003, 25.04256835600006], [121.48895854300008, 25.042637184000057], [121.48909585400008, 25.04270268500005], [121.48909797400006, 25.042703696000046], [121.48916946600002, 25.042703677000077], [121.48923538100007, 25.04270365900004], [121.48939303600002, 25.042710336000027], [121.48949411300009, 25.042730135000056], [121.48970863700004, 25.042748939000035], [121.4898916200001, 25.042765732000078], [121.49005821800006, 25.042782663000025], [121.49017808000008, 25.04279195500004], [121.49037872600002, 25.042809737000027], [121.49059829200007, 25.042828514000064], [121.49077749600008, 25.042845327000066], [121.49086843700002, 25.04286060900006], [121.49106901300001, 25.04287264900006], [121.49130496400005, 25.042891273000066], [121.49153564800008, 25.04289043600005], [121.49176121500011, 25.04288275700003], [121.49188232900008, 25.042890888000045], [121.49195287600003, 25.042886836000037], [121.49211797600003, 25.042883120000056], [121.49227045900011, 25.042878355000028], [121.49248477200001, 25.04287880100003], [121.49263372100006, 25.042895884000075], [121.49280111900009, 25.042872631000023], [121.49296990500011, 25.04286084200004], [121.49309846300002, 25.042858582000065], [121.4932295430001, 25.04285630800007], [121.49342775900004, 25.042882139000028], [121.49351221000006, 25.04287507400005], [121.4935196990001, 25.042874448000077], [121.4935877040001, 25.04286984400005], [121.49365574, 25.042865238000047], [121.49383845900002, 25.04285907800005], [121.49394305500005, 25.042855879000058], [121.49411080800007, 25.04286360900005], [121.49427202000004, 25.042850741000052], [121.49444322400007, 25.042829741000048], [121.4946234900001, 25.042829332000053], [121.49477616900003, 25.042841786000054], [121.49495141800003, 25.042843713000025], [121.49513926100008, 25.04284437900003], [121.49523519000002, 25.042855028000076], [121.49533019000012, 25.042894382000043], [121.49546031400007, 25.042918514000064], [121.4956018470001, 25.04294827700005], [121.49565751400007, 25.042958917000078], [121.495670689, 25.042965263000042], [121.49589794000008, 25.04306088900006], [121.49605957100005, 25.04313608800004], [121.4962413830001, 25.043215803000066], [121.4963636440001, 25.043277670000066], [121.4964080960001, 25.043300164000073], [121.496626536, 25.043398111000045], [121.49678939600005, 25.043465268000034], [121.49686390900001, 25.043502900000078], [121.49703963200011, 25.04358467000003], [121.49707906800006, 25.043603021000024], [121.4971038330001, 25.043614545000025], [121.49728316300002, 25.04370344800003], [121.4974675420001, 25.043792336000024], [121.49766837100003, 25.043898402000025], [121.49779587700004, 25.04394959900003], [121.49790695400009, 25.043990532000066], [121.49816462400008, 25.04412621800003], [121.4983641230001, 25.044215063000024], [121.49844242900008, 25.044254957000078], [121.49866395400011, 25.044355952000046], [121.4986772960001, 25.044362035000063], [121.49883386600004, 25.04443265200007], [121.49889566800005, 25.044463292000046], [121.4990132050001, 25.044521565000025], [121.49923798400005, 25.044627521000052], [121.49940716200001, 25.044698095000058], [121.49965718500005, 25.044813138000052], [121.49984287200004, 25.04491351000007], [121.49989257200002, 25.044932328000073], [121.49992997200002, 25.04494648700006], [121.50004872900001, 25.04501494400006], [121.50020332600002, 25.045105928000055], [121.50024456400001, 25.04513019700005], [121.50024649300008, 25.045131905000062], [121.50030528600007, 25.04518394400003], [121.50039374100004, 25.04523987400006], [121.5004784460001, 25.045302715000048], [121.50056314400001, 25.045363252000072], [121.5007199050001, 25.045477495000057], [121.50085141200009, 25.04558035200006], [121.50097025200012, 25.04566832000006], [121.50116619300002, 25.045808831000045], [121.5012243750001, 25.04585798000005], [121.5013014860001, 25.04591281000006], [121.50135836400011, 25.045951640000055], [121.50139180000008, 25.04598733100005], [121.50150522400008, 25.04610840400005], [121.50158630400006, 25.046207990000028], [121.50164333300006, 25.046282405000056], [121.50170034100006, 25.04635108000008], [121.50173964300006, 25.046406036000064], [121.50191588300004, 25.04665568100006], [121.50195521500007, 25.046717536000074], [121.50200589000008, 25.046779361000063], [121.50201516400011, 25.046791089000067], [121.50205657400011, 25.04684345900006], [121.5021038000001, 25.046904495000035], [121.5022390580001, 25.047079306000057], [121.50230994800006, 25.047152528000026], [121.50241762900009, 25.04728300900007], [121.50262024500012, 25.04751074400008], [121.50272657500011, 25.04761942500005], [121.50276833400005, 25.047658304000038], [121.5028708970001, 25.047771603000058], [121.50298361000011, 25.047899770000072], [121.50301525200007, 25.04793065800004], [121.50308365900003, 25.048013061000063], [121.50310139200008, 25.048033674000067], [121.50312419400007, 25.04806115100007], [121.50314202600009, 25.04810584300003], [121.50315768500002, 25.048232029000076], [121.50329421700008, 25.048390995000034], [121.50359091900009, 25.048639552000054], [121.50369006200003, 25.04872874000006], [121.50373673100012, 25.048770723000075], [121.50389764400006, 25.048908795000045], [121.50402833600003, 25.04903762600003], [121.5042708420001, 25.049286050000035], [121.50446805800004, 25.04950683100003], [121.50454218000004, 25.049586179000073], [121.50461865700004, 25.049720610000065], [121.5046423440001, 25.049752390000037], [121.50521431300001, 25.04948784900006], [121.50554782800009, 25.049313881000046], [121.5058434450001, 25.04916078900004], [121.50605951500006, 25.049059815000078], [121.50633197900004, 25.048954105000064], [121.50738569900011, 25.04873046800003], [121.50754745400002, 25.048696137000036], [121.50764358600009, 25.048687060000077], [121.5079223460001, 25.04865547600008], [121.50809528400009, 25.048615493000057], [121.50818651700001, 25.04858454300006], [121.50823559900005, 25.048563788000024], [121.5083251210001, 25.048519680000027], [121.50851236200003, 25.04842831600007], [121.50872900700006, 25.048358203000078], [121.50899255700006, 25.048287927000047]]]}}, {"type": "Feature", "properties": {"TOWNID": "A03", "TOWNCODE": "63000050", "PNAME": "臺北市", "TNAME": "中正區", "TOWNENG": "Zhongzheng District", "COUNTYID": "A", "COUNTYCODE": "63000", "縣市": "臺北市", "行政區": "中正區", "淨流入": 130171, "平日日間活動人數": 309701, "平日夜間停留人數": 179530}, "geometry": {"type": "Polygon", "coordinates": [[[121.51738170500005, 25.048430331000077], [121.51761586000009, 25.04841619000007], [121.51773087400011, 25.04843088100006], [121.51796417700007, 25.04839552900006], [121.51828594000006, 25.048368371000038], [121.51865790800002, 25.048367073000065], [121.51881425500005, 25.048399290000077], [121.51906179700006, 25.04842575300006], [121.51911965600004, 25.04842764600005], [121.51913796100007, 25.04841695300007], [121.5193108200001, 25.04831598100003], [121.51953496300007, 25.048185052000065], [121.51961330200004, 25.04817300700006], [121.52018705800003, 25.048084783000036], [121.52047798900003, 25.048040049000065], [121.52063997000005, 25.048034001000076], [121.52074096800004, 25.048030226000037], [121.52118744900008, 25.048013555000068], [121.52243794100002, 25.047949979000066], [121.52367435500003, 25.04787586300006], [121.52419880700006, 25.04784025300006], [121.52422013000012, 25.047838805000026], [121.52474232000009, 25.04775795000006], [121.5253282540001, 25.047649268000043], [121.52578630000005, 25.047542192000037], [121.5263990090001, 25.047363733000054], [121.52769581200005, 25.04697112200006], [121.5289093350001, 25.046602306000068], [121.52945661000001, 25.046435744000064], [121.53025372900004, 25.046209695000073], [121.53077570200003, 25.046049374000063], [121.53205545900005, 25.045690205000028], [121.53287726000008, 25.045476647000044], [121.53293162300008, 25.045462520000058], [121.53291212700003, 25.044118517000072], [121.5328706040001, 25.042383612000037], [121.53286932200001, 25.042328535000024], [121.5328682820001, 25.04228385700003], [121.5328454050001, 25.04130096500006], [121.53280911000002, 25.03924334900006], [121.53279124100004, 25.03836539100007], [121.53278744400006, 25.038178840000057], [121.53278648000003, 25.038131502000056], [121.53277444300011, 25.037540126000067], [121.53271469300012, 25.034792198000048], [121.53269634300011, 25.033698666000078], [121.53268525100009, 25.03365405900007], [121.53268242900003, 25.03364271600003], [121.53246368300006, 25.03364349700007], [121.53037905000008, 25.03371941300003], [121.53001995700004, 25.03376197500006], [121.52996192800003, 25.033768853000026], [121.52967530900003, 25.033802825000066], [121.52797039600011, 25.034039947000053], [121.5277341850001, 25.03407462900003], [121.52772456900004, 25.03407604100005], [121.52736237700003, 25.03412921900008], [121.52726681100012, 25.034140446000038], [121.5272635880001, 25.034140824000076], [121.52719839600002, 25.034148481000045], [121.52650257800008, 25.034486963000063], [121.52605917700009, 25.034706328000027], [121.52494355100009, 25.035253836000038], [121.52467753200006, 25.035391669000035], [121.52456153600008, 25.03544186000005], [121.52445218600008, 25.03544846400007], [121.52439014400011, 25.03543525400005], [121.52430849900009, 25.03541787000006], [121.52429338500008, 25.035401941000032], [121.52429319300006, 25.035401738000076], [121.52427129600005, 25.03537865900006], [121.52426729800004, 25.03537444600005], [121.52423152600011, 25.035311774000036], [121.5234201510001, 25.033890262000057], [121.52279811900007, 25.032836325000062], [121.52260521100004, 25.032482319000053], [121.52256094600011, 25.032334424000055], [121.52255586800004, 25.032317463000027], [121.52252893500008, 25.032227470000066], [121.522527781, 25.032221869000068], [121.52238933700005, 25.03154969800005], [121.52204685200002, 25.029866231000028], [121.5219816020001, 25.029556069000023], [121.5219746890001, 25.029523207000068], [121.52190034600005, 25.029169829000068], [121.52186290600002, 25.02898166600005], [121.52172502200006, 25.028288689000078], [121.5216904990001, 25.028207918000078], [121.5216970460001, 25.028139451000072], [121.52174447200002, 25.028039716000023], [121.52231535600004, 25.027259894000053], [121.52246214200011, 25.02707528800005], [121.52249893800001, 25.02702901200007], [121.52251722500012, 25.027003248000028], [121.52320586500002, 25.026033013000074], [121.52335039900004, 25.02582908100004], [121.52335060700011, 25.02582878800007], [121.52413842600004, 25.024717199000065], [121.52481816200009, 25.02375809600005], [121.5250968690001, 25.02339620300006], [121.52518519700004, 25.023271441000077], [121.52528111800007, 25.02321338400003], [121.52540727400003, 25.02310400300007], [121.52565204500002, 25.022891781000055], [121.52593335000006, 25.02264540400006], [121.52631058700001, 25.022322721000023], [121.52663021700005, 25.022035300000027], [121.52682200700008, 25.02186517000007], [121.52728875000003, 25.02146622500004], [121.52761801100007, 25.021169298000075], [121.5276595140001, 25.021131870000033], [121.52771520100009, 25.02108232100005], [121.52774163100003, 25.021058803000074], [121.5278704750001, 25.020944158000077], [121.52813007600002, 25.02072143600003], [121.52850725000008, 25.02038705600006], [121.52861392000011, 25.02027993200005], [121.528845896, 25.020046972000046], [121.52921652500004, 25.019683410000027], [121.52923699300004, 25.019663217000073], [121.52924518700001, 25.01965513300007], [121.52947212200002, 25.019431267000073], [121.52986189500007, 25.019044267000027], [121.53011614000002, 25.018810949000056], [121.53023261600003, 25.018704058000026], [121.53056493600002, 25.01838736800005], [121.53087161000008, 25.018076617000077], [121.5313478590001, 25.017626256000028], [121.53164189800009, 25.017362279000054], [121.53185916100006, 25.01715116500003], [121.532261779, 25.016769947000057], [121.53264343100011, 25.01639939300003], [121.53269211500003, 25.016352124000036], [121.53270269100005, 25.01634185300003], [121.53313076400002, 25.015913804000036], [121.53323290300011, 25.015817885000047], [121.53339096700006, 25.015685845000064], [121.53339519500003, 25.01568231300007], [121.533519006, 25.015578883000046], [121.53393115900008, 25.01515935900005], [121.53429842000003, 25.014801654000053], [121.53462066700001, 25.01447839100007], [121.53503295900009, 25.014093114000048], [121.53552015700006, 25.013625320000074], [121.53586476500004, 25.013253999000028], [121.53610747200003, 25.012966807000055], [121.5362944090001, 25.012685151000028], [121.5366082480001, 25.012163160000057], [121.53680514500002, 25.011760972000047], [121.53691410700003, 25.011538402000042], [121.53706519900004, 25.01126656300005], [121.53701374800005, 25.011258559000055], [121.5368097710001, 25.011211828000057], [121.53663904300004, 25.011182245000043], [121.53642314000001, 25.011129623000045], [121.53626664700005, 25.011104303000025], [121.53604369700008, 25.011053332000074], [121.53588240900001, 25.01101508200003], [121.5357021100001, 25.010963957000058], [121.535588114, 25.010903959000075], [121.53537438, 25.010792544000026], [121.53526501300007, 25.010706640000024], [121.53507497300006, 25.010595133000038], [121.53495137000004, 25.010504971000046], [121.5347659570001, 25.010367561000066], [121.53448084500008, 25.010187366000025], [121.53418625400002, 25.010007193000035], [121.53390589900005, 25.009831295000026], [121.5336161250001, 25.009668377000025], [121.53345461300012, 25.009578341000065], [121.53323238100006, 25.009436916000027], [121.5328659160001, 25.009247839000068], [121.53252069300004, 25.00905122100005], [121.53225922600006, 25.00889387600006], [121.53221238100002, 25.008884909000074], [121.53195090300005, 25.008724519000054], [121.53191407300005, 25.008712483000068], [121.53184668200004, 25.008668648000025], [121.53183505600009, 25.008686349000072], [121.53172512000003, 25.008827119000046], [121.53166775200009, 25.008913590000077], [121.53153908700006, 25.00907973300008], [121.53143887500005, 25.009172223000064], [121.53140643800009, 25.009219492000057], [121.53130742600001, 25.00930393400006], [121.531211084, 25.009407877000058], [121.53109189200006, 25.009492436000073], [121.53097400600006, 25.009582739000052], [121.53086861000008, 25.009656886000073], [121.53078822000009, 25.009702177000065], [121.53072283900008, 25.00973013600003], [121.53064998500008, 25.009770778000075], [121.53056074000006, 25.00981267900005], [121.5304613300001, 25.009844310000062], [121.53037948000008, 25.009863189000043], [121.53025729500007, 25.009885780000047], [121.530088438, 25.00990865500006], [121.53002672700006, 25.00992168500005], [121.5299159000001, 25.009945346000052], [121.5298314150001, 25.009949322000068], [121.52971158000003, 25.009948946000065], [121.5296196380001, 25.009967879000044], [121.52948352300007, 25.009983669000064], [121.52932094800008, 25.010003062000067], [121.52919872600012, 25.01002105400005], [121.5291004720001, 25.01003890000004], [121.52900228500005, 25.010065920000045], [121.52888904100007, 25.010103383000057], [121.52879722300008, 25.01013840300004], [121.52862731100004, 25.010188843000037], [121.52846383700012, 25.01025645900006], [121.52839849800012, 25.01029016700005], [121.5282588880001, 25.01034386500004], [121.52815083200005, 25.01040080300004], [121.5280641490001, 25.01044728900007], [121.52789942200002, 25.01051605500004], [121.52775095200002, 25.010566363000066], [121.52770333300009, 25.01060798800006], [121.527587734, 25.010668417000034], [121.52741930400009, 25.010747551000065], [121.52733504300011, 25.010781371000064], [121.52732048000007, 25.010789214000056], [121.52731063300007, 25.01079451800007], [121.52723579400003, 25.010834827000053], [121.52708760200005, 25.010921859000064], [121.52696456700005, 25.010999557000048], [121.52686656100002, 25.01105068800007], [121.52674730300009, 25.01112721000004], [121.52666319000002, 25.011180565000075], [121.52653377800004, 25.011249113000076], [121.52638562100003, 25.011340750000045], [121.526253945, 25.011443748000033], [121.52617111000006, 25.011499384000047], [121.52607313900012, 25.011555109000028], [121.52596781400007, 25.01163957800003], [121.5258914310001, 25.011714700000027], [121.5257538730001, 25.011873992000062], [121.5256414910001, 25.012026260000027], [121.52552913400007, 25.01218195900003], [121.52546918400003, 25.012261546000047], [121.52535806000003, 25.012413810000055], [121.52525815100012, 25.012547608000034], [121.52522322000004, 25.012599489000024], [121.5251532210001, 25.01268488900007], [121.52505955100003, 25.012809482000023], [121.52501840800005, 25.012874026000077], [121.5249072690001, 25.013023978000035], [121.524825985, 25.013118618000078], [121.5247410830001, 25.01323512700003], [121.52463230100011, 25.013363250000054], [121.52455125100005, 25.013488900000027], [121.5244459920001, 25.01358256000003], [121.52441625800009, 25.01361639600003], [121.52440977100002, 25.013623777000078], [121.52435468800002, 25.013686462000067], [121.52427101900003, 25.01379950000006], [121.52419838300011, 25.013869985000042], [121.52410826100004, 25.013963555000032], [121.52406078500007, 25.01402469800007], [121.52399214900004, 25.01412386900006], [121.5238383950001, 25.01431083400007], [121.52373336900007, 25.014435485000035], [121.52370099500001, 25.014491942000063], [121.52362970600007, 25.014573899000027], [121.52359238200006, 25.014643023000076], [121.52348491500004, 25.014779185000066], [121.52337360900003, 25.014907307000044], [121.523329966, 25.014975325000023], [121.52326888100004, 25.015072141000076], [121.52321508800003, 25.015132186000073], [121.5231726290001, 25.015189863000046], [121.52312407800002, 25.015276270000072], [121.52309831600007, 25.015314302000036], [121.52302801200005, 25.015418088000047], [121.52293205800004, 25.015575973000068], [121.52289349800003, 25.015648542000065], [121.52280612200002, 25.01577310600004], [121.52272126500009, 25.015895327000067], [121.52268055700006, 25.01595172800006], [121.52266133400008, 25.015978361000066], [121.52261773700002, 25.016052112000068], [121.5225252240001, 25.01616405200008], [121.5224817940001, 25.016259602000048], [121.5224343210001, 25.01632192200003], [121.52239206900003, 25.01640713300003], [121.5223634680001, 25.016462432000026], [121.5223184780001, 25.01651897000005], [121.52221631400005, 25.01668952700004], [121.52212374300007, 25.016793432000043], [121.52212373000009, 25.016793465000035], [121.52210896500003, 25.016841748000047], [121.52209585600008, 25.016864441000052], [121.52207036200002, 25.016908573000023], [121.52200782300008, 25.016980142000023], [121.52193930200008, 25.017095392000044], [121.5218681670001, 25.01719802100007], [121.52181844900008, 25.017297064000047], [121.52173211200011, 25.017391746000044], [121.52168720100008, 25.01745862000007], [121.52162476700005, 25.017543975000024], [121.5215646910001, 25.017607501000043], [121.52150466500007, 25.017677905000028], [121.5214333460001, 25.017756419000023], [121.5213245110001, 25.017878807000045], [121.52123931900007, 25.01795740700004], [121.52113193600007, 25.018105040000023], [121.52103673500005, 25.01819518600007], [121.52094515600004, 25.018263497000078], [121.5208437870001, 25.018372046000025], [121.52073723300009, 25.018462276000037], [121.52060298800006, 25.01856070100007], [121.52055173800011, 25.01861312500006], [121.52054539700009, 25.018619612000066], [121.52054328600002, 25.018621506000045], [121.52051534300006, 25.018646541000066], [121.52037246700002, 25.018774545000042], [121.52028855700007, 25.018856579000044], [121.52019444000007, 25.018922606000046], [121.52005511400012, 25.019016479000072], [121.51997740200011, 25.01908355100005], [121.51992220300008, 25.019125228000064], [121.51977543500004, 25.019236354000043], [121.51963987700003, 25.01932791300004], [121.51961637700003, 25.01934295800004], [121.5196117370001, 25.019345929000053], [121.51954571300007, 25.019388196000023], [121.51945651200003, 25.01943697200005], [121.51939499700006, 25.019477534000032], [121.51930213700007, 25.01954356400006], [121.51920285100005, 25.019593548000046], [121.51915008300011, 25.019622576000074], [121.51899926500005, 25.019698137000034], [121.51885844200001, 25.01976103000004], [121.51875533500004, 25.01980644100007], [121.51868373800005, 25.019848221000075], [121.51862472200003, 25.01988532300004], [121.51845137900011, 25.019985146000067], [121.51831680300006, 25.020039945000065], [121.51813194700003, 25.02011916200007], [121.51795464400004, 25.020196051000028], [121.51780114700011, 25.020250961000045], [121.51762123900005, 25.020317528000078], [121.51745389900009, 25.020377120000035], [121.51731173000007, 25.020428516000038], [121.51719352700002, 25.020479773000034], [121.516983288, 25.020538484000042], [121.51685737700006, 25.020571413000027], [121.51666227500004, 25.02063004300004], [121.51651385600007, 25.020689511000057], [121.51645458500002, 25.020692174000033], [121.51636639600008, 25.020708795000075], [121.51629094800012, 25.020741412000064], [121.51626928400003, 25.020750023000062], [121.51626098200006, 25.020753323000065], [121.51618529200005, 25.020783408000057], [121.51618049000001, 25.02078483100007], [121.51610221200008, 25.020808028000033], [121.51599525800009, 25.020845431000055], [121.51590843100007, 25.020874669000023], [121.51581277200012, 25.020903963000023], [121.5156389340001, 25.020938348000072], [121.51555604100008, 25.02098822800008], [121.5154114070001, 25.021047675000034], [121.51528175400006, 25.021086367000066], [121.51512066900011, 25.02113902700006], [121.51496453300001, 25.02117903800007], [121.51485007800011, 25.021225667000067], [121.51469016100009, 25.021265693000032], [121.51459442300006, 25.02128466700003], [121.51455078100003, 25.021304220000047], [121.51451646500004, 25.021319595000023], [121.51433401000008, 25.021382720000076], [121.51421680700003, 25.02139836300006], [121.51408081400007, 25.021433655000067], [121.51392214100008, 25.021471383000062], [121.51374208400011, 25.021518418000028], [121.51359087800006, 25.021542323000062], [121.51352538700007, 25.02155765200007], [121.5134057680001, 25.02158823900004], [121.51329618800003, 25.02161188200006], [121.51310719800006, 25.021645199000034], [121.51293453400001, 25.021668076000026], [121.51279716600004, 25.02168730300008], [121.51270641500003, 25.021698195000056], [121.51255903800006, 25.02172895600006], [121.51240302800011, 25.021743495000067], [121.5124204980001, 25.02198511100005], [121.51242645100001, 25.022177381000063], [121.51242745200011, 25.022418050000056], [121.51242144200012, 25.022691268000074], [121.5124152730001, 25.022925460000067], [121.51238557400006, 25.023214111000073], [121.51234128200008, 25.023989671000038], [121.51228460100003, 25.024013040000057], [121.51223828000002, 25.024027808000028], [121.51221032300009, 25.024036722000062], [121.51187964000007, 25.024142165000058], [121.51157200700004, 25.024236114000075], [121.51152647600009, 25.024248870000065], [121.51110278200008, 25.02436758600004], [121.51058210000008, 25.024519378000036], [121.51015994500005, 25.02463835900005], [121.51010347800002, 25.024654275000046], [121.51001682200001, 25.024678700000038], [121.50944539500006, 25.024848465000048], [121.50923314300007, 25.02490741300005], [121.50912586400011, 25.02493720800004], [121.50911821700004, 25.02493933100004], [121.50905117500008, 25.024957954000058], [121.508917429, 25.02509202400006], [121.5085334370001, 25.02549046400003], [121.50849213200001, 25.025533322000058], [121.50823362800008, 25.02579244700007], [121.50792130200011, 25.02603554800004], [121.50729865400001, 25.026571297000032], [121.5071, 25.026762317000077], [121.50709276000009, 25.026769280000053], [121.50690083900008, 25.026953823000042], [121.50580911300005, 25.02811725500004], [121.50482213700002, 25.02918915600003], [121.50480791900009, 25.029204597000046], [121.5047637460001, 25.02925257100003], [121.5041865290001, 25.029876114000047], [121.50416650600005, 25.02991059900006], [121.50413535400003, 25.029964249000045], [121.50413542000001, 25.029978237000023], [121.50413562800009, 25.03002213900004], [121.50413708400004, 25.030332247000047], [121.50414087500008, 25.030492808000076], [121.50416047800002, 25.03132318100006], [121.50440493300005, 25.031777650000038], [121.5049405640001, 25.032773426000062], [121.50527896900007, 25.03340086600008], [121.50530592900009, 25.033450852000044], [121.5054014750001, 25.033628003000047], [121.5056866870001, 25.034146467000028], [121.50581039200006, 25.034371341000053], [121.5060243580001, 25.034786302000043], [121.50608014800002, 25.03492433200006], [121.50623307700005, 25.035308503000067], [121.50632658500001, 25.035543398000073], [121.50649687400005, 25.03602266100006], [121.50650568800006, 25.03604746800005], [121.50657333800007, 25.036237867000068], [121.50658587300006, 25.036275466000063], [121.50669023500006, 25.036588505000054], [121.50677019200009, 25.03700709000003], [121.50680754000007, 25.03713682600005], [121.50687239400008, 25.03724131200005], [121.50688002000004, 25.037270886000044], [121.50688642500006, 25.037295722000067], [121.50688411800002, 25.037308618000054], [121.50688192500002, 25.03732086200006], [121.50673967400007, 25.037417686000026], [121.50673533200006, 25.03748052700007], [121.50679124400006, 25.037647881000055], [121.50702920800006, 25.038371031000054], [121.50728490000006, 25.03922082300005], [121.50729598100008, 25.039257656000075], [121.50751560800006, 25.039987576000044], [121.50766114500004, 25.04045244100007], [121.5081272320001, 25.042024742000024], [121.508152762, 25.04209007000003], [121.50818878100006, 25.042182237000077], [121.50823502800006, 25.042300579000027], [121.50834527200004, 25.042700679000063], [121.50846983300005, 25.043189276000078], [121.50848421500007, 25.04324568800007], [121.50860339400003, 25.043713179000065], [121.50876920400003, 25.04440344900007], [121.50878777000003, 25.04447295400007], [121.50889390200007, 25.044822547000024], [121.50898842400011, 25.045133892000024], [121.50901301500005, 25.045214890000068], [121.5090414660001, 25.045308602000034], [121.50912608200008, 25.04558732000004], [121.50924606900003, 25.045982544000026], [121.50926064700002, 25.04603055800004], [121.50940358800005, 25.046501385000056], [121.50955902800001, 25.047013374000073], [121.50961349200008, 25.047192771000027], [121.50965114400003, 25.047316790000025], [121.50978537100002, 25.047559248000027], [121.50995247900005, 25.047700379000048], [121.51029766800002, 25.047952232000057], [121.51043757200011, 25.048088562000032], [121.51068254800009, 25.048327277000055], [121.51078831600012, 25.048347170000056], [121.51097029100004, 25.04839990100004], [121.51119346500002, 25.048489862000054], [121.5113873250001, 25.048579912000037], [121.51151078400005, 25.048659530000066], [121.51151579500004, 25.048665035000056], [121.51185007200002, 25.049428611000053], [121.51204330200005, 25.049853807000034], [121.51335511400009, 25.049418134000064], [121.51342194300003, 25.049395939000078], [121.51375905400005, 25.049292792000074], [121.51416912400009, 25.049187131000053], [121.51460103600004, 25.049072677000026], [121.51494676000004, 25.048991691000026], [121.515378198, 25.048896935000073], [121.51679670800002, 25.048558928000034], [121.51738170500005, 25.048430331000077]]]}}, {"type": "Feature", "properties": {"TOWNID": "A01", "TOWNCODE": "63000010", "PNAME": "臺北市", "TNAME": "松山區", "TOWNENG": "Songshan District", "COUNTYID": "A", "COUNTYCODE": "63000", "縣市": "臺北市", "行政區": "松山區", "淨流入": 80842, "平日日間活動人數": 265864, "平日夜間停留人數": 185022}, "geometry": {"type": "Polygon", "coordinates": [[[121.57199621100006, 25.07262706800003], [121.57205609000005, 25.072238931000072], [121.57206030200007, 25.072211629000037], [121.57209531300009, 25.07198468000007], [121.57219540200003, 25.071446387000037], [121.57220314500012, 25.071116910000057], [121.57218276600008, 25.07072840400008], [121.57210528100006, 25.070036022000068], [121.5720482910001, 25.069757483000046], [121.57186910400003, 25.069149972000048], [121.57169963500007, 25.068635332000042], [121.57163364000007, 25.068415963000064], [121.57132124600002, 25.06773484100006], [121.571012676, 25.067246091000072], [121.57074906100001, 25.066827226000044], [121.57065735000003, 25.06668150300004], [121.57040486800008, 25.066277007000053], [121.57026462800002, 25.066057914000055], [121.56984383100007, 25.06538376000003], [121.56955415200002, 25.064962516000037], [121.56945181000003, 25.064745277000043], [121.56942334000007, 25.064610220000077], [121.56939479200003, 25.064458280000053], [121.56939615400006, 25.06444799600007], [121.56941272400002, 25.064323063000074], [121.56941147000009, 25.064052742000058], [121.5694184780001, 25.063905705000025], [121.56941896800004, 25.063895433000027], [121.56941992700001, 25.063875308000036], [121.56946511600006, 25.063613271000065], [121.56951982200007, 25.063401876000057], [121.56953341300004, 25.063357879000023], [121.56957468600001, 25.063224266000077], [121.56968396600007, 25.062996206000037], [121.56971256600002, 25.06293651900006], [121.56986901000005, 25.062648702000047], [121.57006206500012, 25.062250926000047], [121.57014461300002, 25.06203941600006], [121.57030970800008, 25.06161641500006], [121.57050554000011, 25.060993764000045], [121.57059394400005, 25.060712675000048], [121.57074039500003, 25.06027283700007], [121.57089596900005, 25.059799179000038], [121.57101461500008, 25.059367905000045], [121.57107828200003, 25.05908889400007], [121.5712049870001, 25.05839571300004], [121.57147738100002, 25.05700260900005], [121.57151340300004, 25.05676594600004], [121.57154138200008, 25.05658512100007], [121.57159448800007, 25.05624189200006], [121.5716034940001, 25.056182722000074], [121.57160160700005, 25.055777255000066], [121.57159635500011, 25.055642574000046], [121.5715910670001, 25.05550697900003], [121.57159928500005, 25.05527886400006], [121.57158910200008, 25.05508462100005], [121.5715696740001, 25.054898843000046], [121.57155992300011, 25.054797515000075], [121.57146531100011, 25.054409305000036], [121.57136569900001, 25.05397703700004], [121.57136024600004, 25.05395337400006], [121.57135298100002, 25.053921845000048], [121.57128629100009, 25.05355042900004], [121.57128589700005, 25.053465945000028], [121.57128526800011, 25.053330798000047], [121.57127547700009, 25.053221020000024], [121.57131149700001, 25.052984346000073], [121.57132958600005, 25.05288291000005], [121.57134767600007, 25.052781465000066], [121.5713749680001, 25.052663100000075], [121.57144842100001, 25.052493870000035], [121.57153112000003, 25.052316159000043], [121.57161413100005, 25.052206015000024], [121.57166650700003, 25.052137293000044], [121.57167558000003, 25.052125389000025], [121.57167869800003, 25.05212129800003], [121.57178042600003, 25.05204486300005], [121.5719007140001, 25.051968375000058], [121.57204888500007, 25.05190022000005], [121.57227129300009, 25.051831778000064], [121.57238253800006, 25.051806008000028], [121.57261434400004, 25.05176286300008], [121.5727071450001, 25.05176249400006], [121.57282774900011, 25.051753587000064], [121.57302259200003, 25.051744377000034], [121.57328251600006, 25.051760264000052], [121.57347747500012, 25.051776398000072], [121.57373711800005, 25.051793917000055], [121.57395092200011, 25.05180834300006], [121.57418304300006, 25.051832777000072], [121.5748051280001, 25.05189793200003], [121.5753066530001, 25.051980437000054], [121.5759835880001, 25.052097299000025], [121.57629795100002, 25.05214294500007], [121.57655007400001, 25.05217955300003], [121.576726516, 25.052204209000024], [121.57716316000005, 25.05230386100004], [121.577571884, 25.052386735000027], [121.5782314920001, 25.05253619700005], [121.57887254200011, 25.05268572800003], [121.5794856340001, 25.052810024000053], [121.57980764600006, 25.052886801000056], [121.5799287420001, 25.052915674000076], [121.57994616500002, 25.052615442000047], [121.57995524300009, 25.05254251200006], [121.57996874600008, 25.05240953200007], [121.57998631500004, 25.052239447000034], [121.57999577500004, 25.05214785800007], [121.58000471100002, 25.052044914000078], [121.58001368700002, 25.05195053500006], [121.58001795300004, 25.051856196000074], [121.58002250000004, 25.051821869000037], [121.58003076700004, 25.05157741200003], [121.58001113500006, 25.051410265000072], [121.5800010910001, 25.051312241000062], [121.57999128600011, 25.05123080800007], [121.57994355100004, 25.051098067000055], [121.57987210100009, 25.050931122000065], [121.57983874100012, 25.050849775000074], [121.57979123000007, 25.050764204000075], [121.57975791000001, 25.050691443000062], [121.57972938400007, 25.05063581400003], [121.57969119300003, 25.050528765000024], [121.5796759970001, 25.05047777300007], [121.57967204500005, 25.050464516000034], [121.57967167900006, 25.050387327000067], [121.57968069700007, 25.050301533000038], [121.57969923600001, 25.05023714600003], [121.57976006900003, 25.05015114300005], [121.57981150100011, 25.050069463000057], [121.57995921200006, 25.049853813000027], [121.58002278600009, 25.049760998000068], [121.58005535400002, 25.04967511500007], [121.58005748200003, 25.049668719000067], [121.58007393300011, 25.049619302000053], [121.58007180400011, 25.049528160000023], [121.58007026300004, 25.049462031000076], [121.58005786600006, 25.049461834000056], [121.57996340200009, 25.04946033500005], [121.57995883700005, 25.049501476000046], [121.57990654200012, 25.04950384400007], [121.5786224840001, 25.049474229000054], [121.57816593500002, 25.049465183000052], [121.5779304020001, 25.04947149700007], [121.57779673000005, 25.04949803100004], [121.57776905000003, 25.04950352700007], [121.57736237600011, 25.04948130400004], [121.57695568100007, 25.04945691300003], [121.57668954000007, 25.049432540000055], [121.57661553700007, 25.049425762000055], [121.5764157320001, 25.049407065000025], [121.57623021900008, 25.049394794000023], [121.5761089780001, 25.049399599000026], [121.57594493200008, 25.049400235000064], [121.5758165740001, 25.04940722500004], [121.57513297800006, 25.04942303400003], [121.57511862100012, 25.049423365000052], [121.57511755100006, 25.049423415000035], [121.57493934100012, 25.049432096000032], [121.57414563100008, 25.04943516900005], [121.57407245600007, 25.049435851000055], [121.57365471500009, 25.04943974300005], [121.57271921600011, 25.049439137000036], [121.57248699100012, 25.049438989000066], [121.57246706500007, 25.049438977000023], [121.57222482200007, 25.049434722000058], [121.57196727500002, 25.04943019700005], [121.57194391400003, 25.049430700000073], [121.57164500800002, 25.04943712200003], [121.57151166500012, 25.049439988000074], [121.57115324200004, 25.04948953300004], [121.57056199500005, 25.049411531000032], [121.57047052200005, 25.049406005000037], [121.57031205100009, 25.049396431000048], [121.56977966400007, 25.04933156900006], [121.56966785600002, 25.049310595000065], [121.5693371970001, 25.04925669000005], [121.56931264200011, 25.04925269000006], [121.56927234000011, 25.049246120000078], [121.56863450900005, 25.049086814000077], [121.56804101400007, 25.048943423000026], [121.56726429500009, 25.048744268000064], [121.5664039290001, 25.04851723300004], [121.56575912900007, 25.048310901000036], [121.56570687300007, 25.048294179000038], [121.56502447900004, 25.048037726000075], [121.56461786500006, 25.047908131000042], [121.56423752700005, 25.04779632000003], [121.563878498, 25.047670914000037], [121.56361617400012, 25.047588474000065], [121.56337346400005, 25.04749999200004], [121.56305858600001, 25.047381964000067], [121.56279620700002, 25.047287592000032], [121.56243540800006, 25.047151856000028], [121.56206143000009, 25.046998296000027], [121.561733322, 25.046850513000038], [121.5613067910001, 25.046661382000025], [121.56095901200001, 25.04650771400003], [121.56074242300008, 25.046401244000037], [121.5603092670001, 25.046194241000023], [121.5600205070001, 25.046058242000072], [121.55971873100009, 25.04594015600003], [121.55929221100007, 25.04575101000006], [121.55895761300008, 25.045615181000073], [121.5584918830001, 25.045444065000027], [121.55823513500002, 25.045364284000073], [121.55810131200008, 25.045342153000036], [121.55777380200004, 25.04523328500005], [121.55774788200006, 25.04522466900005], [121.55774779600006, 25.04522464000007], [121.55769470500002, 25.045206989000064], [121.55739103000008, 25.045136539000055], [121.5569213870001, 25.045013334000032], [121.55614265300005, 25.04484963400006], [121.55555825300007, 25.044734214000073], [121.5555178950001, 25.044726240000045], [121.55551108700001, 25.044724100000053], [121.55528874700008, 25.044654197000057], [121.55512838600009, 25.04461314200006], [121.55471604800005, 25.044510545000037], [121.5542008330001, 25.04442915900006], [121.55404657400004, 25.044424338000056], [121.55402386500009, 25.04442362800006], [121.55390332500008, 25.044419859000072], [121.55378794, 25.04442554600007], [121.55372044, 25.04442887400006], [121.5536925880001, 25.044430247000037], [121.55344578600011, 25.04444241300007], [121.55301032200009, 25.04447107900006], [121.5529921000001, 25.044472279000047], [121.55294252500005, 25.04447554400008], [121.55245977200002, 25.04454015600004], [121.55244269000002, 25.04454244200008], [121.55238224700008, 25.044550531000027], [121.5517990410001, 25.044615203000035], [121.55113574600011, 25.04468016800007], [121.55055258400012, 25.044755252000073], [121.55016377900006, 25.044798359000026], [121.54935136900008, 25.044901388000028], [121.54905921300008, 25.044938440000067], [121.54894065600001, 25.044951913000034], [121.54888575700011, 25.04495815200005], [121.548841078, 25.04496322800003], [121.54839596200009, 25.045013810000057], [121.548174764, 25.045045972000025], [121.54788144500003, 25.045088623000026], [121.54779459300005, 25.045097571000042], [121.54743434300008, 25.045134692000033], [121.54725246900011, 25.045153432000063], [121.54675121100001, 25.045214203000057], [121.54671395700007, 25.045218719000047], [121.546543498, 25.045239383000023], [121.54634895600009, 25.04522968200007], [121.54589103800004, 25.045168894000028], [121.5453529880001, 25.045097976000022], [121.54496753600006, 25.04504544300005], [121.54490651200001, 25.045037126000068], [121.54408225700001, 25.044925600000056], [121.54384985200011, 25.04490420700006], [121.54385340400006, 25.045001047000028], [121.54387103500005, 25.045481645000052], [121.54389489200003, 25.04654233800005], [121.54392287400003, 25.04755140800006], [121.54392326700008, 25.04756558100007], [121.54392888600012, 25.047768243000064], [121.54397288300004, 25.048212985000077], [121.54397311800005, 25.048221587000057], [121.54397413200002, 25.048258799000052], [121.54407101000004, 25.051816355000028], [121.5440715850001, 25.051837457000033], [121.54412916600006, 25.053951678000033], [121.54414026500001, 25.054566946000023], [121.5441402780001, 25.05456773900005], [121.5441768930001, 25.056597687000078], [121.54419810700006, 25.05720680400003], [121.5441881590001, 25.057534170000054], [121.54419284700009, 25.057714674000067], [121.54419401700011, 25.057759691000058], [121.54420211100012, 25.058071280000036], [121.5442162600001, 25.058558092000055], [121.54421696200006, 25.058716082000046], [121.54423096100004, 25.059263713000064], [121.54423172600002, 25.059770048000075], [121.54423984200002, 25.060151838000024], [121.5442403730001, 25.06017683700003], [121.54425212500007, 25.060729688000038], [121.54426192400001, 25.06108820000003], [121.54426440600002, 25.061648442000035], [121.54427067600011, 25.062072442000044], [121.54427257400005, 25.06220077200004], [121.54427439800008, 25.062324131000025], [121.54427571400004, 25.062413201000027], [121.54427700500003, 25.062704524000026], [121.54427866200001, 25.06307800600007], [121.54429094400007, 25.06399674900007], [121.54430262500011, 25.064883403000067], [121.54431411300004, 25.065622864000034], [121.54433266800004, 25.066445600000065], [121.54434203900007, 25.06686112500006], [121.5443433160001, 25.06691770300006], [121.54434477000007, 25.06698226000003], [121.54415796500007, 25.067092331000026], [121.54367095500004, 25.067368995000038], [121.54269183600002, 25.067908570000043], [121.54260521100002, 25.067956430000038], [121.54211894700006, 25.068225091000045], [121.54204913100011, 25.068263665000075], [121.54161212000008, 25.068466847000025], [121.54111059200011, 25.068650066000032], [121.54101934700009, 25.068675805000055], [121.54092961200001, 25.06870112300004], [121.54069324800003, 25.068747791000078], [121.54039644400007, 25.068785527000045], [121.53998382900011, 25.068814518000067], [121.5394302410001, 25.068834869000057], [121.539088074, 25.06885901800007], [121.53892724800005, 25.06891457000006], [121.53879680400007, 25.069011256000067], [121.53867662800008, 25.06915371300005], [121.5386117380001, 25.069277629000055], [121.53856702300004, 25.069410640000058], [121.53855764000002, 25.069566424000072], [121.53855417700004, 25.069923765000055], [121.53856023800006, 25.070499864000055], [121.53857111100001, 25.070683055000075], [121.53857783700005, 25.07106784000007], [121.53857844000004, 25.071205271000053], [121.53861901100004, 25.071273834000067], [121.53865937900002, 25.071296602000075], [121.53874496700007, 25.071300868000037], [121.53921225700003, 25.071280836000028], [121.53967028000011, 25.07127458100007], [121.54086807700003, 25.071233560000053], [121.54223193900009, 25.071182754000063], [121.54334342200002, 25.071150599000077], [121.54401281000003, 25.07113438700003], [121.54488850900009, 25.071103665000066], [121.54551261400002, 25.071092196000052], [121.54605111, 25.071071870000026], [121.54661479700007, 25.071056034000037], [121.54718783500005, 25.071040551000067], [121.54747973400004, 25.071030301000064], [121.54786223400004, 25.071019725000042], [121.54814913900009, 25.071018657000025], [121.54840590600008, 25.071031448000042], [121.54858213900002, 25.071044527000026], [121.54880870500006, 25.071057421000035], [121.54881744600004, 25.071062545000075], [121.54890964000003, 25.071116596000024], [121.54897034800001, 25.071185083000046], [121.54902618900007, 25.07129025100005], [121.549066992, 25.071409196000047], [121.54908235800008, 25.071468698000047], [121.54912811000008, 25.07156930700006], [121.54916868600003, 25.071637871000064], [121.54921427500005, 25.071701826000037], [121.54929004300004, 25.071761104000075], [121.54933043400001, 25.071788436000077], [121.54941618900011, 25.07182934700006], [121.54950188100008, 25.071856511000078], [121.54966313800003, 25.07189713500003], [121.54986975700001, 25.071951343000023], [121.55015005400003, 25.072034416000065], [121.55050286800008, 25.072138464000034], [121.55071458200007, 25.072206390000076], [121.55081539800005, 25.07223807400004], [121.55109774800007, 25.072342381000055], [121.55121368200003, 25.072378593000053], [121.551252083, 25.072393318000024], [121.55152126200005, 25.072496546000025], [121.55163725900002, 25.072546501000033], [121.55189952, 25.07266003600006], [121.55199538000011, 25.072710073000053], [121.55213161600011, 25.07278285700005], [121.55231333900008, 25.07289669900007], [121.55240930600007, 25.072969632000024], [121.55242471600002, 25.07303829400007], [121.55245025600004, 25.07312065800005], [121.55246286300007, 25.073212952000063], [121.55249361300002, 25.07330691800007], [121.552528101, 25.073812394000072], [121.55257133400005, 25.07447172700006], [121.55262235500004, 25.075072396000053], [121.55265651400009, 25.075504597000077], [121.55266509400008, 25.075621805000026], [121.55269733400007, 25.075629013000025], [121.55279388800011, 25.075613993000047], [121.55313984700001, 25.07555406700004], [121.55323640000006, 25.075539055000036], [121.55344561000004, 25.075508952000064], [121.55373534000012, 25.075478556000064], [121.55387211900006, 25.075456061000068], [121.55406522700002, 25.07542601700004], [121.554475496, 25.075343864000047], [121.55468464000012, 25.075299107000035], [121.5550707220001, 25.075209720000032], [121.55521548600007, 25.075172542000075], [121.5557542790001, 25.075023946000044], [121.5561000670001, 25.074927385000024], [121.55627995600003, 25.07487889500004], [121.55629816200008, 25.074873988000036], [121.55648607900002, 25.07482333300004], [121.55669512300005, 25.07475659100004], [121.55710512200005, 25.074615811000058], [121.55763566100006, 25.074423275000072], [121.55790089700008, 25.074319681000077], [121.55823751700007, 25.07415552300006], [121.55875180400005, 25.073922586000037], [121.55925458500008, 25.073649627000066], [121.55945416400004, 25.073553221000054], [121.55992895000009, 25.073323879000043], [121.56005466700003, 25.073260850000054], [121.56017743900009, 25.073212003000037], [121.56034973600003, 25.07309556900003], [121.56060006100006, 25.072915743000067], [121.56062452000003, 25.072898172000066], [121.56098320600006, 25.072700446000056], [121.56139003500004, 25.072546172000045], [121.56166536800004, 25.07246876000005], [121.56179711400011, 25.072446443000047], [121.56199576200004, 25.072433626000077], [121.56204485600006, 25.072430458000042], [121.56215659700001, 25.072423249000053], [121.562264475, 25.07242283100004], [121.56231626200008, 25.07242431800006], [121.56260013300005, 25.07243246300004], [121.56298399400009, 25.072496442000045], [121.56322401400007, 25.072560974000055], [121.5635724650001, 25.07274508300003], [121.56401715700008, 25.073005178000074], [121.56428145600012, 25.073135067000067], [121.5644149850001, 25.073211839000066], [121.56449493600007, 25.073252658000058], [121.56471175100012, 25.073383009000054], [121.56518437900002, 25.07368391600005], [121.56568747500012, 25.074002094000036], [121.5659043170001, 25.074137488000076], [121.56625463400007, 25.074363179000045], [121.56667718500012, 25.074623918000043], [121.56718872200008, 25.074944849000076], [121.56762248300004, 25.075230756000053], [121.56797528200002, 25.075448669000025], [121.56818658400005, 25.075584083000024], [121.56854799700011, 25.07580973300003], [121.5688871640001, 25.076020327000037], [121.56914850700002, 25.076185810000027], [121.56928736300006, 25.076240763000044], [121.56934844300008, 25.076260715000046], [121.5693984080001, 25.07627565200005], [121.56949827100004, 25.07629041100006], [121.56959256800008, 25.07630013200003], [121.56971448800005, 25.076289571000075], [121.56981421000012, 25.076274037000076], [121.56987510200008, 25.07625362700003], [121.56996364000008, 25.07621795800003], [121.57020142200008, 25.076085860000035], [121.57030081300002, 25.07599969100005], [121.57041679100007, 25.07590338800003], [121.57059344900006, 25.075741252000057], [121.57070926200004, 25.075609610000072], [121.5709405770001, 25.075280762000034], [121.57119544500006, 25.074836838000067], [121.57130524100012, 25.074604317000023], [121.57144224100011, 25.07428930800006], [121.57145875100002, 25.07423541000003], [121.57147367700009, 25.074196398000026], [121.57155734500009, 25.07397770600005], [121.57169974300007, 25.073603787000025], [121.57174886200005, 25.07343710400005], [121.57185275200004, 25.07321124300006], [121.57188719500004, 25.073134332000052], [121.57196006900006, 25.07283839300004], [121.57199621100006, 25.07262706800003]]]}}, {"type": "Feature", "properties": {"TOWNID": "A09", "TOWNCODE": "63000060", "PNAME": "臺北市", "TNAME": "大同區", "TOWNENG": "Datong District", "COUNTYID": "A", "COUNTYCODE": "63000", "縣市": "臺北市", "行政區": "大同區", "淨流入": 18722, "平日日間活動人數": 140077, "平日夜間停留人數": 121355}, "geometry": {"type": "Polygon", "coordinates": [[[121.5135416710001, 25.08079181100004], [121.5141129220001, 25.07941317700005], [121.51488956600008, 25.079721751000022], [121.5159434520001, 25.080102487000033], [121.5160205630001, 25.080130346000033], [121.5160346130001, 25.080137800000045], [121.516219137, 25.080242328000054], [121.51622353500011, 25.08024481900003], [121.51623383600008, 25.080238171000076], [121.51625758300008, 25.08022284200007], [121.51645957200003, 25.080092454000066], [121.51666946700004, 25.079976085000055], [121.51704982000001, 25.079747436000048], [121.51725957800011, 25.079599143000053], [121.517478116, 25.079454818000045], [121.51765301000012, 25.079354504000037], [121.51784536900004, 25.07923818200004], [121.51825039500011, 25.07901110000006], [121.51846030200011, 25.078898698000046], [121.51863969600004, 25.078826289000062], [121.51889788100004, 25.078729683000063], [121.5191517500001, 25.078649034000023], [121.51927863300011, 25.078596753000056], [121.5195455810001, 25.078500104000057], [121.5198081310001, 25.07839948900005], [121.52023267700008, 25.078258428000026], [121.52042523500006, 25.078189955000028], [121.52088344800006, 25.077999220000038], [121.52107592100003, 25.077910803000066], [121.52148702500006, 25.077701986000022], [121.52170130900004, 25.077589574000058], [121.52208176700003, 25.077388837000058], [121.5222828310001, 25.07726052000004], [121.52250088500011, 25.077111080000066], [121.52248039000006, 25.07708440700003], [121.52245917000005, 25.07705678800005], [121.52235058200006, 25.076855874000046], [121.52223238700003, 25.076656744000047], [121.52220131400009, 25.07658858900004], [121.52212584900008, 25.076485587000036], [121.52209623600004, 25.076431485000057], [121.52201297200008, 25.076303997000025], [121.52196648200004, 25.076228892000074], [121.521939416, 25.076197481000065], [121.52185208900005, 25.07601925000006], [121.52180743100007, 25.07592313300006], [121.52176664300009, 25.07583051100005], [121.52171808500009, 25.075722151000036], [121.52169288400012, 25.07567672700003], [121.52161873400007, 25.075521301000038], [121.52159156400012, 25.07546538500003], [121.52157392800007, 25.075390189000075], [121.52153703600004, 25.075309789000073], [121.52150016000007, 25.075232911000057], [121.5214614460001, 25.07517702800004], [121.52143625100007, 25.075133367000035], [121.52141289200006, 25.075068680000072], [121.52137015500011, 25.074970805000078], [121.52134294600012, 25.074906143000078], [121.52130762400009, 25.074831118000077], [121.52125125000009, 25.074693042000035], [121.52113101300006, 25.074465915000076], [121.5210668740001, 25.074312103000068], [121.52096786700008, 25.074100654000063], [121.52093449000006, 25.07402740200007], [121.5207331470001, 25.073637346000055], [121.52072252900007, 25.07361677600005], [121.52046135100011, 25.073110798000073], [121.52032423500009, 25.072702294000067], [121.52011330300002, 25.07189879300006], [121.52011065700003, 25.071885088000045], [121.5201017280001, 25.071838851000052], [121.519933304, 25.070966687000066], [121.51983094200011, 25.070337349000056], [121.51962541900002, 25.068580989000054], [121.51961957500009, 25.068531048000068], [121.51961401400001, 25.068483533000062], [121.51960565400009, 25.068412083000055], [121.51951464000001, 25.067691986000057], [121.51939930700007, 25.066769193000027], [121.51930883000011, 25.066204903000028], [121.51928193100002, 25.066076172000066], [121.5192670890001, 25.066005146000066], [121.51909934600008, 25.065202388000046], [121.51899144600009, 25.064647783000055], [121.5189848660001, 25.06444155400004], [121.51900148400011, 25.064212029000032], [121.51906961200007, 25.063683488000038], [121.51913877700008, 25.063400416000036], [121.51923708000004, 25.06307455800004], [121.51931858000012, 25.062869728000067], [121.51933310800007, 25.062833213000033], [121.51940005200004, 25.062664965000067], [121.5196669070001, 25.06198630600005], [121.5199923030001, 25.061224854000045], [121.52035217600007, 25.06035909600007], [121.52036111400002, 25.060339029000033], [121.520370522, 25.060317905000034], [121.52049738500011, 25.060033075000035], [121.52057831600007, 25.05976062900004], [121.52063586500003, 25.05950427600004], [121.52064147600004, 25.05941030300005], [121.5206520480001, 25.05923323500008], [121.52065657500009, 25.05891835500006], [121.52064821800002, 25.058331382000063], [121.520646768, 25.057989856000063], [121.52062535300001, 25.05765883600003], [121.52062292100004, 25.05762122400006], [121.5205712820001, 25.056823009000027], [121.52049523800008, 25.055483825000067], [121.52043857000001, 25.054550152000047], [121.52038876800009, 25.05386726200004], [121.52030808800009, 25.05281626200008], [121.52030175700008, 25.052658187000077], [121.52030097400007, 25.052638643000023], [121.52030074100003, 25.052632837000033], [121.52027519, 25.05199496700004], [121.520274104, 25.051738827000065], [121.52021280500003, 25.05110934100003], [121.52017681300003, 25.050917361000074], [121.52011093800002, 25.050592067000025], [121.52005126900008, 25.050346801000046], [121.52000926500011, 25.050218028000074], [121.5199971610001, 25.050180917000034], [121.51997998400009, 25.05012825500006], [121.51990290300012, 25.049925737000024], [121.51979055400011, 25.049702], [121.5197049620001, 25.04955575400004], [121.51962845300011, 25.049456], [121.51961428400011, 25.04939339500004], [121.51959181500001, 25.049361361000024], [121.51957499500008, 25.049324268000078], [121.51953558100001, 25.049224654000056], [121.51950365700009, 25.049163907000036], [121.5194457550001, 25.04907957000006], [121.51934173100005, 25.048957957000027], [121.51919561500006, 25.04880306800004], [121.5190897540001, 25.048694089000037], [121.51899875900006, 25.048608044000048], [121.518917525, 25.048545715000046], [121.518914117, 25.048543101000064], [121.51880423400007, 25.048460995000028], [121.51865790800002, 25.048367073000065], [121.51828594000006, 25.048368371000038], [121.51796417700007, 25.04839552900006], [121.51773087400011, 25.04843088100006], [121.51761586000009, 25.04841619000007], [121.51738170500005, 25.048430331000077], [121.51679670800002, 25.048558928000034], [121.515378198, 25.048896935000073], [121.51494676000004, 25.048991691000026], [121.51460103600004, 25.049072677000026], [121.51416912400009, 25.049187131000053], [121.51375905400005, 25.049292792000074], [121.51342194300003, 25.049395939000078], [121.51335511400009, 25.049418134000064], [121.51204330200005, 25.049853807000034], [121.51185007200002, 25.049428611000053], [121.51151579500004, 25.048665035000056], [121.51151078400005, 25.048659530000066], [121.5113873250001, 25.048579912000037], [121.51119346500002, 25.048489862000054], [121.51097029100004, 25.04839990100004], [121.51078831600012, 25.048347170000056], [121.51068254800009, 25.048327277000055], [121.5106768280001, 25.048326201000066], [121.51050680000003, 25.04832678300005], [121.51035440600003, 25.048337978000063], [121.51017871300007, 25.04838661100007], [121.510175333, 25.048387856000033], [121.51003596900011, 25.048439150000036], [121.51000309000005, 25.048451250000028], [121.50988587200004, 25.048462322000034], [121.50981991100002, 25.048445198000024], [121.50970244900009, 25.048397563000037], [121.509643664, 25.048360417000026], [121.50957894800001, 25.048307270000066], [121.50952016300005, 25.048270125000045], [121.50945254200008, 25.048265615000048], [121.50899255700006, 25.048287927000047], [121.50872900700006, 25.048358203000078], [121.50851236200003, 25.04842831600007], [121.5083251210001, 25.048519680000027], [121.50823559900005, 25.048563788000024], [121.50818651700001, 25.04858454300006], [121.50809528400009, 25.048615493000057], [121.5079223460001, 25.04865547600008], [121.50764358600009, 25.048687060000077], [121.50754745400002, 25.048696137000036], [121.50738569900011, 25.04873046800003], [121.50633197900004, 25.048954105000064], [121.50605951500006, 25.049059815000078], [121.5058434450001, 25.04916078900004], [121.50554782800009, 25.049313881000046], [121.50521431300001, 25.04948784900006], [121.5046423440001, 25.049752390000037], [121.50467263500002, 25.049793021000028], [121.50469518700004, 25.04983667700003], [121.50473154100007, 25.049902162000024], [121.50475909500005, 25.04995959400003], [121.504812936, 25.050076767000064], [121.50484678200007, 25.05013765500007], [121.50487167200004, 25.050242125000068], [121.50495062900006, 25.050389186000075], [121.50500068800011, 25.050507482000057], [121.50502697900004, 25.050564911000038], [121.5050958920001, 25.050699311000074], [121.50512220200005, 25.050752163000027], [121.50515721500005, 25.050844040000072], [121.50518603300009, 25.050900322000075], [121.5052925220001, 25.05111399900005], [121.50536386300007, 25.051278238000066], [121.50539900500007, 25.05132766500003], [121.50545538500012, 25.051439095000035], [121.50549410300005, 25.051556221000055], [121.50553796100007, 25.051640079000038], [121.50558178800009, 25.05173541000005], [121.50569435700004, 25.052020233000064], [121.50573558300005, 25.052141953000046], [121.5057706130001, 25.05222808800005], [121.50579436400005, 25.05229355000006], [121.50582305900002, 25.05238999100004], [121.50588561100005, 25.052543895000042], [121.50596802200005, 25.052799950000065], [121.50603929300007, 25.052988294000045], [121.50607542600005, 25.053126056000053], [121.50611296500006, 25.053216779000024], [121.50617901300006, 25.05346478000007], [121.50622765800006, 25.053633556000023], [121.50625207100006, 25.053894059000072], [121.50625685400007, 25.05397898900003], [121.5062630760001, 25.05403188100007], [121.50626724100005, 25.05406729200007], [121.50626913700012, 25.05408341100008], [121.50628247400005, 25.05425668600003], [121.50629568600004, 25.054470128000048], [121.50631160800003, 25.05462275700006], [121.50631838000004, 25.054712006000045], [121.50632615100005, 25.054814408000027], [121.50633819900008, 25.054996851000055], [121.50635251300002, 25.055261931000075], [121.50637696900003, 25.05550865600003], [121.50638403000005, 25.055672753000067], [121.50639133600009, 25.055757663000065], [121.50637968800004, 25.055856308000045], [121.50636409200001, 25.05601001900004], [121.50633728700006, 25.056120091000025], [121.50630678100003, 25.056202621000068], [121.50626231700005, 25.056314946000043], [121.50620903200002, 25.056427256000063], [121.50612009000008, 25.056657649000044], [121.50606767600004, 25.056765661000043], [121.50605260000009, 25.05679672800005], [121.50599831000011, 25.05690860900006], [121.50593858400009, 25.05706564700006], [121.50587884700008, 25.057226125000057], [121.50581547800005, 25.057338408000078], [121.50579891900009, 25.057394592000037], [121.50578492200009, 25.05743699800007], [121.50576839200005, 25.057484002000024], [121.50574166800004, 25.057566546000032], [121.5056882450001, 25.057723590000023], [121.50561468700005, 25.057869120000078], [121.50559307600008, 25.057928735000075], [121.50556380500007, 25.058019294000076], [121.5055371630001, 25.058075449000057], [121.50553064600001, 25.05814427300004], [121.505486044, 25.058302488000038], [121.50545549500009, 25.05839880600007], [121.50542477600004, 25.058551313000066], [121.50542207100011, 25.058610961000056], [121.50541676900002, 25.05869585100004], [121.50540517000002, 25.05877957200005], [121.50540626000009, 25.05883465000005], [121.50540851900007, 25.05891956800008], [121.50540163100004, 25.059111148000056], [121.50538987200002, 25.059246501000075], [121.50539463200005, 25.059338300000036], [121.50541201300007, 25.059426689000077], [121.50541686000008, 25.059489805000055], [121.5054267380001, 25.05955751700003], [121.50545526600001, 25.05970904900005], [121.50548731100002, 25.05994775700003], [121.50551708500006, 25.060105024000052], [121.5055282080001, 25.060176183000067], [121.50554055500004, 25.060261111000045], [121.50555549400008, 25.060321956000053], [121.50555876300007, 25.06033911800006], [121.50556486900007, 25.060371185000065], [121.50560139900006, 25.060563012000046], [121.5056373330001, 25.060766182000066], [121.50568741000006, 25.06087989100007], [121.50574870700007, 25.061033783000028], [121.50581336500011, 25.061325365000073], [121.50587819400005, 25.061561881000046], [121.50592183800006, 25.061716871000044], [121.50595806500007, 25.06182482300005], [121.50599929500004, 25.061945387000037], [121.50606653000011, 25.06221976300003], [121.50612106800008, 25.062391723000076], [121.50612770900011, 25.062412663000032], [121.50616377400002, 25.062573387000043], [121.50618370000007, 25.06265374800006], [121.50627472400004, 25.062980958000026], [121.50629715200012, 25.063065918000063], [121.50633344100004, 25.063154349000058], [121.50635085600004, 25.063231272000053], [121.50637584900005, 25.06330246400006], [121.50640041800011, 25.063373309000042], [121.50641208800005, 25.06340695800003], [121.5064196290001, 25.063431734000062], [121.50648198200008, 25.063636591000034], [121.50649024400002, 25.06366177800004], [121.50651740800004, 25.06374458700003], [121.50652944300009, 25.063781276000043], [121.5065368060001, 25.063804841000035], [121.5065380210001, 25.063808730000062], [121.50659186300004, 25.06398106200004], [121.50661187800006, 25.064031577000037], [121.50665556700005, 25.064172824000025], [121.50673060500003, 25.064369200000044], [121.50676686700001, 25.06446681500006], [121.50678806300004, 25.064542587000062], [121.50679798100009, 25.06459768800005], [121.50681418600004, 25.064658534000046], [121.50682030900009, 25.06471591600007], [121.50682730200003, 25.064904098000056], [121.5068401420001, 25.065240286000062], [121.50686543200004, 25.065628144000073], [121.506868015, 25.06570159300003], [121.50686912000003, 25.065733025000043], [121.50688399100011, 25.066155958000024], [121.5068982900001, 25.066426771000067], [121.50691095800005, 25.066820332000077], [121.50693297400005, 25.06704181300006], [121.5069350550001, 25.067186382000045], [121.50693526200007, 25.067218599000057], [121.50693591000004, 25.06731947000003], [121.50694170200006, 25.067487002000064], [121.5069438480001, 25.067673084000035], [121.50694469300004, 25.067746295000063], [121.5069582220001, 25.067856479000056], [121.50696279100009, 25.06801252300005], [121.5069638440001, 25.06808135800003], [121.50697098600006, 25.06821904700007], [121.50698049800008, 25.068407241000045], [121.50699142000008, 25.068546101000038], [121.50699350800005, 25.06868836700005], [121.506995275, 25.06873816600006], [121.50699582800007, 25.068753757000025], [121.5069963520001, 25.06877078100007], [121.50700041700009, 25.068902940000044], [121.50700443700009, 25.069003327000075], [121.50700744700009, 25.069078491000027], [121.50701332100004, 25.06921847800004], [121.5070179490001, 25.069353875000047], [121.50701763000006, 25.069459429000062], [121.50702588800004, 25.069645326000057], [121.50702650500011, 25.06965438800006], [121.50703048700007, 25.06971288400007], [121.50703674500005, 25.069804825000062], [121.50704533200008, 25.06988400700004], [121.50704626800007, 25.069989559000078], [121.50704106800004, 25.070041182000068], [121.50703702600003, 25.070126068000036], [121.5070405670001, 25.070205241000053], [121.50703132700005, 25.07034290300004], [121.50703086200008, 25.070494343000064], [121.5070204110001, 25.070614784000043], [121.50700998700006, 25.070726037000043], [121.5070035230001, 25.070778819000054], [121.50699575800002, 25.07084419000006], [121.50699284900008, 25.070866743000067], [121.50698155400005, 25.07095429900005], [121.50696350700002, 25.07108505100007], [121.50695303700002, 25.071132729000055], [121.50693026800002, 25.07123641100003], [121.5069290030001, 25.071243610000067], [121.50691615400001, 25.071316700000068], [121.50687038500007, 25.07144278000004], [121.50679267900011, 25.071706464000044], [121.50671509900008, 25.071928854000078], [121.50662732700005, 25.072185622000063], [121.50662221300001, 25.07220203600008], [121.50660077400005, 25.072270850000052], [121.50659021900003, 25.072304727000073], [121.50656697300008, 25.072379339000065], [121.50654839000003, 25.07243898400003], [121.50650010900006, 25.072561622000023], [121.50644705500008, 25.072719584000026], [121.50644158400007, 25.072735873000056], [121.50640726000006, 25.072829863000038], [121.50638435000008, 25.07290094900003], [121.50635893700007, 25.07296628000006], [121.50633858300012, 25.073025881000035], [121.50631929400004, 25.07314974700006], [121.50631528500003, 25.073218500000053], [121.50634272400009, 25.073296183000025], [121.50633462400003, 25.073431595000045], [121.50631153000006, 25.073529078000035], [121.50629066200008, 25.07370231400006], [121.50625040600005, 25.07399371500003], [121.5062298040001, 25.074099241000056], [121.50620789200002, 25.074217385000054], [121.5061743330001, 25.07440894700005], [121.5061282480001, 25.074577514000055], [121.50607839400004, 25.074741479000068], [121.50604393300011, 25.074841220000053], [121.50597620000008, 25.075059072000045], [121.50589823000007, 25.075285844000064], [121.505895785, 25.075292954000076], [121.50585622500012, 25.075405298000078], [121.50582562200009, 25.075493979000044], [121.50581666000005, 25.075519946000043], [121.50578017500004, 25.075608576000036], [121.50576569900011, 25.075643740000032], [121.50565099000005, 25.07593374100003], [121.5056242170001, 25.07600367300006], [121.50558210400004, 25.07612404100007], [121.505533678, 25.076244406000058], [121.50543304500002, 25.07648510100006], [121.50539227600007, 25.076584811000032], [121.50534638400006, 25.076702882000063], [121.50529170300001, 25.076809444000048], [121.505184772, 25.077046677000055], [121.50513896900009, 25.077141789000052], [121.50507669900003, 25.077252920000035], [121.50498128000004, 25.077450029000033], [121.50491513600002, 25.07758409400003], [121.50485913400007, 25.077705576000028], [121.5048005640001, 25.07783852400007], [121.50479877100008, 25.07784203400007], [121.50476368200009, 25.077910718000055], [121.50474777200009, 25.07794749100003], [121.50471977900008, 25.078012194000053], [121.5047076510001, 25.078040228000077], [121.50467759500009, 25.078121260000046], [121.50756806700008, 25.078372313000045], [121.50819208100006, 25.07840023800003], [121.50822776200005, 25.078401835000022], [121.50882118900006, 25.07873366700005], [121.50961874100005, 25.07868062800003], [121.50978933600004, 25.078852595000058], [121.50979508500006, 25.07885838900006], [121.50995919000002, 25.078854424000042], [121.51023909900005, 25.078847664000023], [121.51069082800007, 25.07888727900007], [121.51116785300007, 25.07897710900005], [121.51127111200003, 25.07898459300003], [121.51140877000012, 25.078994570000077], [121.51181380500009, 25.07918098400006], [121.51255736100006, 25.079523195000036], [121.51271077100012, 25.079593799000065], [121.51293006600008, 25.079714558000035], [121.51330727000004, 25.079951021000056], [121.51314818600008, 25.08054502400006], [121.51312456100004, 25.080633178000028], [121.51326067800005, 25.08068494500003], [121.5135416710001, 25.08079181100004]]]}}, {"type": "Feature", "properties": {"TOWNID": "A10", "TOWNCODE": "63000040", "PNAME": "臺北市", "TNAME": "中山區", "TOWNENG": "Zhongshan District", "COUNTYID": "A", "COUNTYCODE": "63000", "縣市": "臺北市", "行政區": "中山區", "淨流入": 133902, "平日日間活動人數": 427268, "平日夜間停留人數": 293366}, "geometry": {"type": "Polygon", "coordinates": [[[121.54232371700004, 25.091837919000056], [121.54250412800002, 25.09175934800004], [121.54275128400002, 25.09171516400005], [121.54299867000009, 25.09172291400006], [121.5434459170001, 25.091747243000043], [121.54386458500005, 25.091763016000073], [121.544064176, 25.091718995000065], [121.54421589200001, 25.091605896000033], [121.54441478800004, 25.091406061000043], [121.54456596200009, 25.09117178300005], [121.54468859700012, 25.090937608000047], [121.54476381500001, 25.090738229000067], [121.54478218700001, 25.090590994000024], [121.54489561300011, 25.090426098000023], [121.54496164900002, 25.090382032000036], [121.54497322400005, 25.090374308000037], [121.54499995300012, 25.090356470000074], [121.5451141530001, 25.09036758700006], [121.54517127000008, 25.090373149000072], [121.545380797, 25.090424306000045], [121.54569469700004, 25.090414485000053], [121.54598048500009, 25.090499992000048], [121.54624113700004, 25.09061737500008], [121.54626646400004, 25.090628779000042], [121.54648538700008, 25.090653944000053], [121.54680479500007, 25.090652763000037], [121.54681835500003, 25.090652711000075], [121.54682600700005, 25.090652684000077], [121.54729402400005, 25.090650950000054], [121.54763654300007, 25.090658329000064], [121.54791293500011, 25.09076983500006], [121.54813998400004, 25.09091162200008], [121.54814630800001, 25.09091557100004], [121.54816098200001, 25.090924735000044], [121.54832313600002, 25.091019351000057], [121.54849468800012, 25.091087961000028], [121.54866604300003, 25.091113294000024], [121.54888524100011, 25.091199043000074], [121.54897033600002, 25.091239391000045], [121.5489733500001, 25.091240820000053], [121.54906638700004, 25.091284934000043], [121.54923820800002, 25.091414145000044], [121.54930007300004, 25.091481137000073], [121.54938160800009, 25.09156942800007], [121.54959214700011, 25.091845645000035], [121.54987455900005, 25.091880142000036], [121.5503216510001, 25.09186981600004], [121.55078753700002, 25.091807482000036], [121.55111072400007, 25.091745686000024], [121.55137721500012, 25.091770650000058], [121.55165365300002, 25.091890805000048], [121.55191153100009, 25.092114914000035], [121.55211244500003, 25.09236519600006], [121.55217261100006, 25.092405536000058], [121.5521737580001, 25.09239273000003], [121.55219884700011, 25.092112471000064], [121.552217014, 25.091921958000057], [121.55227304200002, 25.091688024000064], [121.55238509600008, 25.091509230000042], [121.55245250500002, 25.091401675000043], [121.55270764700003, 25.09101983200003], [121.5528682040001, 25.090759538000043], [121.55295021900008, 25.090623897000057], [121.5531042770001, 25.09036910900005], [121.55326479100006, 25.090100153000037], [121.55343629900005, 25.089881121000076], [121.55348234400003, 25.089822318000074], [121.55374769900004, 25.089596252000035], [121.5541023610001, 25.089327410000067], [121.55418382200003, 25.08926566100007], [121.55461206400003, 25.08885970700004], [121.55494388600005, 25.088607413000034], [121.55530460400007, 25.088432915000055], [121.55574158000002, 25.088292764000073], [121.5563090170001, 25.088132169000062], [121.55633065000006, 25.088126045000024], [121.55654671700006, 25.088085875000047], [121.55666333700003, 25.088064194000026], [121.55702464, 25.088019549000023], [121.5571577070001, 25.087993066000024], [121.55722406100006, 25.087940880000076], [121.5572712720001, 25.087862791000077], [121.55727328900002, 25.087853419000055], [121.55728990400007, 25.08777615200006], [121.55721308900002, 25.087620623000078], [121.55706980200011, 25.087491313000044], [121.55703302800009, 25.087414119000073], [121.5569545400001, 25.08724936400006], [121.55684844000007, 25.08692947000003], [121.55684749500006, 25.086721712000042], [121.55693196800007, 25.086470354000028], [121.5572053630001, 25.085923938000064], [121.55737818900002, 25.085666253000056], [121.55748235800002, 25.085561966000057], [121.55773786600002, 25.08526667500007], [121.55771840800003, 25.085171522000053], [121.55769646300007, 25.085116334000077], [121.55767028900004, 25.085050511000077], [121.55766981500005, 25.08494663500005], [121.55771607800011, 25.084660781000025], [121.55775730000005, 25.08451450800004], [121.55776238800001, 25.084496454000032], [121.5577722480001, 25.08446146700004], [121.55782897300003, 25.084383341000034], [121.55810559400004, 25.084546773000056], [121.55819144800012, 25.084598388000074], [121.5582429970001, 25.084685043000036], [121.55834219400003, 25.084785457000066], [121.55840888800003, 25.084820524000065], [121.55859778700005, 25.084905570000046], [121.55871440700002, 25.08494549200003], [121.55878659900009, 25.08497045300004], [121.55886429200007, 25.084985285000073], [121.55896975100006, 25.08501011000004], [121.55910493300007, 25.08501943600004], [121.55924706400003, 25.085029243000065], [121.55928030700011, 25.085024069000042], [121.55960710500005, 25.084952185000077], [121.55983967000009, 25.084885710000037], [121.55996148700001, 25.084849931000065], [121.56003347100011, 25.08482947400006], [121.56010543400009, 25.084803977000036], [121.56043204700006, 25.084691726000074], [121.56058698700008, 25.084625542000026], [121.56069918800006, 25.084576812000023], [121.56078619300001, 25.084539023000048], [121.56090264800002, 25.084488804000046], [121.56096326700003, 25.084462663000068], [121.56102959400005, 25.084416994000037], [121.56110123000008, 25.084320862000027], [121.56112858200004, 25.084240031000036], [121.56124385800001, 25.083987319000073], [121.56139755100003, 25.083648691000064], [121.56154006000008, 25.083289922000063], [121.56179540500011, 25.082659271000068], [121.56193793600005, 25.08230554800008], [121.56199277600001, 25.082174163000047], [121.56209700500006, 25.081931585000063], [121.562179151, 25.081709274000048], [121.56232179200003, 25.081380773000035], [121.56240957600005, 25.08117862100005], [121.56257644300001, 25.080895836000025], [121.56271964100006, 25.080688425000062], [121.56295665200003, 25.08038478900005], [121.5631662190001, 25.080141810000043], [121.563381305, 25.079893754000068], [121.56357978000005, 25.079650813000057], [121.56387204200007, 25.079306604000067], [121.5641422650001, 25.07899274700003], [121.56428028800008, 25.078866075000064], [121.5643321450001, 25.078823404000048], [121.56438869100009, 25.078776876000063], [121.56444046400009, 25.07873427800007], [121.56466728400005, 25.07862745400007], [121.56501804400011, 25.07850204400006], [121.56526720400007, 25.078430452000077], [121.56583202700006, 25.07828195600007], [121.56638573900011, 25.078128458000037], [121.5668065970001, 25.07802087700003], [121.5672107800001, 25.077903280000044], [121.56772572400007, 25.077760002000048], [121.56853807100003, 25.077537825000036], [121.56869678200007, 25.07749589200006], [121.56875706100004, 25.077479965000066], [121.56904197200004, 25.07740468800006], [121.56946278200007, 25.07728701900004], [121.56993898300004, 25.077159023000036], [121.57028785900002, 25.07707190600007], [121.570381945, 25.077036217000057], [121.570702675, 25.076858386000026], [121.57086293400005, 25.076746762000028], [121.57110578900006, 25.076513728000066], [121.57128223300003, 25.076306169000077], [121.57149154100011, 25.07601273100005], [121.571858356, 25.075544012000023], [121.57209523900008, 25.07522017200006], [121.57233216700001, 25.074906441000053], [121.57250839500011, 25.074653471000033], [121.57250820500008, 25.07461311000003], [121.57245257800002, 25.074572962000047], [121.57213607900007, 25.074468238000065], [121.5720702650001, 25.074450627000033], [121.57170865400008, 25.07435385900004], [121.57144224100011, 25.07428930800006], [121.57130524100012, 25.074604317000023], [121.57119544500006, 25.074836838000067], [121.5709405770001, 25.075280762000034], [121.57070926200004, 25.075609610000072], [121.57059344900006, 25.075741252000057], [121.57041679100007, 25.07590338800003], [121.57030081300002, 25.07599969100005], [121.57020142200008, 25.076085860000035], [121.56996364000008, 25.07621795800003], [121.56987510200008, 25.07625362700003], [121.56981421000012, 25.076274037000076], [121.56971448800005, 25.076289571000075], [121.56959256800008, 25.07630013200003], [121.56949827100004, 25.07629041100006], [121.5693984080001, 25.07627565200005], [121.56934844300008, 25.076260715000046], [121.56928736300006, 25.076240763000044], [121.56914850700002, 25.076185810000027], [121.5688871640001, 25.076020327000037], [121.56854799700011, 25.07580973300003], [121.56818658400005, 25.075584083000024], [121.56797528200002, 25.075448669000025], [121.56762248300004, 25.075230756000053], [121.56718872200008, 25.074944849000076], [121.56667718500012, 25.074623918000043], [121.56625463400007, 25.074363179000045], [121.5659043170001, 25.074137488000076], [121.56568747500012, 25.074002094000036], [121.56518437900002, 25.07368391600005], [121.56471175100012, 25.073383009000054], [121.56449493600007, 25.073252658000058], [121.5644149850001, 25.073211839000066], [121.56428145600012, 25.073135067000067], [121.56401715700008, 25.073005178000074], [121.5635724650001, 25.07274508300003], [121.56322401400007, 25.072560974000055], [121.56298399400009, 25.072496442000045], [121.56260013300005, 25.07243246300004], [121.56231626200008, 25.07242431800006], [121.562264475, 25.07242283100004], [121.56215659700001, 25.072423249000053], [121.56204485600006, 25.072430458000042], [121.56199576200004, 25.072433626000077], [121.56179711400011, 25.072446443000047], [121.56166536800004, 25.07246876000005], [121.56139003500004, 25.072546172000045], [121.56098320600006, 25.072700446000056], [121.56062452000003, 25.072898172000066], [121.56060006100006, 25.072915743000067], [121.56034973600003, 25.07309556900003], [121.56017743900009, 25.073212003000037], [121.56005466700003, 25.073260850000054], [121.55992895000009, 25.073323879000043], [121.55945416400004, 25.073553221000054], [121.55925458500008, 25.073649627000066], [121.55875180400005, 25.073922586000037], [121.55823751700007, 25.07415552300006], [121.55790089700008, 25.074319681000077], [121.55763566100006, 25.074423275000072], [121.55710512200005, 25.074615811000058], [121.55669512300005, 25.07475659100004], [121.55648607900002, 25.07482333300004], [121.55629816200008, 25.074873988000036], [121.55627995600003, 25.07487889500004], [121.5561000670001, 25.074927385000024], [121.5557542790001, 25.075023946000044], [121.55521548600007, 25.075172542000075], [121.5550707220001, 25.075209720000032], [121.55468464000012, 25.075299107000035], [121.554475496, 25.075343864000047], [121.55406522700002, 25.07542601700004], [121.55387211900006, 25.075456061000068], [121.55373534000012, 25.075478556000064], [121.55344561000004, 25.075508952000064], [121.55323640000006, 25.075539055000036], [121.55313984700001, 25.07555406700004], [121.55279388800011, 25.075613993000047], [121.55269733400007, 25.075629013000025], [121.55266509400008, 25.075621805000026], [121.55265651400009, 25.075504597000077], [121.55262235500004, 25.075072396000053], [121.55257133400005, 25.07447172700006], [121.552528101, 25.073812394000072], [121.55249361300002, 25.07330691800007], [121.55246286300007, 25.073212952000063], [121.55245025600004, 25.07312065800005], [121.55242471600002, 25.07303829400007], [121.55240930600007, 25.072969632000024], [121.55231333900008, 25.07289669900007], [121.55213161600011, 25.07278285700005], [121.55199538000011, 25.072710073000053], [121.55189952, 25.07266003600006], [121.55163725900002, 25.072546501000033], [121.55152126200005, 25.072496546000025], [121.551252083, 25.072393318000024], [121.55121368200003, 25.072378593000053], [121.55109774800007, 25.072342381000055], [121.55081539800005, 25.07223807400004], [121.55071458200007, 25.072206390000076], [121.55050286800008, 25.072138464000034], [121.55015005400003, 25.072034416000065], [121.54986975700001, 25.071951343000023], [121.54966313800003, 25.07189713500003], [121.54950188100008, 25.071856511000078], [121.54941618900011, 25.07182934700006], [121.54933043400001, 25.071788436000077], [121.54929004300004, 25.071761104000075], [121.54921427500005, 25.071701826000037], [121.54916868600003, 25.071637871000064], [121.54912811000008, 25.07156930700006], [121.54908235800008, 25.071468698000047], [121.549066992, 25.071409196000047], [121.54902618900007, 25.07129025100005], [121.54897034800001, 25.071185083000046], [121.54890964000003, 25.071116596000024], [121.54881744600004, 25.071062545000075], [121.54880870500006, 25.071057421000035], [121.54858213900002, 25.071044527000026], [121.54840590600008, 25.071031448000042], [121.54814913900009, 25.071018657000025], [121.54786223400004, 25.071019725000042], [121.54747973400004, 25.071030301000064], [121.54718783500005, 25.071040551000067], [121.54661479700007, 25.071056034000037], [121.54605111, 25.071071870000026], [121.54551261400002, 25.071092196000052], [121.54488850900009, 25.071103665000066], [121.54401281000003, 25.07113438700003], [121.54334342200002, 25.071150599000077], [121.54223193900009, 25.071182754000063], [121.54086807700003, 25.071233560000053], [121.53967028000011, 25.07127458100007], [121.53921225700003, 25.071280836000028], [121.53874496700007, 25.071300868000037], [121.53865937900002, 25.071296602000075], [121.53861901100004, 25.071273834000067], [121.53857844000004, 25.071205271000053], [121.53857783700005, 25.07106784000007], [121.53857111100001, 25.070683055000075], [121.53856023800006, 25.070499864000055], [121.53855417700004, 25.069923765000055], [121.53855764000002, 25.069566424000072], [121.53856702300004, 25.069410640000058], [121.5386117380001, 25.069277629000055], [121.53867662800008, 25.06915371300005], [121.53879680400007, 25.069011256000067], [121.53892724800005, 25.06891457000006], [121.539088074, 25.06885901800007], [121.5394302410001, 25.068834869000057], [121.53998382900011, 25.068814518000067], [121.54039644400007, 25.068785527000045], [121.54069324800003, 25.068747791000078], [121.54092961200001, 25.06870112300004], [121.54101934700009, 25.068675805000055], [121.54111059200011, 25.068650066000032], [121.54161212000008, 25.068466847000025], [121.54204913100011, 25.068263665000075], [121.54211894700006, 25.068225091000045], [121.54260521100002, 25.067956430000038], [121.54269183600002, 25.067908570000043], [121.54367095500004, 25.067368995000038], [121.54415796500007, 25.067092331000026], [121.54434477000007, 25.06698226000003], [121.5443433160001, 25.06691770300006], [121.54434203900007, 25.06686112500006], [121.54433266800004, 25.066445600000065], [121.54431411300004, 25.065622864000034], [121.54430262500011, 25.064883403000067], [121.54429094400007, 25.06399674900007], [121.54427866200001, 25.06307800600007], [121.54427700500003, 25.062704524000026], [121.54427571400004, 25.062413201000027], [121.54427439800008, 25.062324131000025], [121.54427257400005, 25.06220077200004], [121.54427067600011, 25.062072442000044], [121.54426440600002, 25.061648442000035], [121.54426192400001, 25.06108820000003], [121.54425212500007, 25.060729688000038], [121.5442403730001, 25.06017683700003], [121.54423984200002, 25.060151838000024], [121.54423172600002, 25.059770048000075], [121.54423096100004, 25.059263713000064], [121.54421696200006, 25.058716082000046], [121.5442162600001, 25.058558092000055], [121.54420211100012, 25.058071280000036], [121.54419401700011, 25.057759691000058], [121.54419284700009, 25.057714674000067], [121.5441881590001, 25.057534170000054], [121.54419810700006, 25.05720680400003], [121.5441768930001, 25.056597687000078], [121.5441402780001, 25.05456773900005], [121.54414026500001, 25.054566946000023], [121.54412916600006, 25.053951678000033], [121.5440715850001, 25.051837457000033], [121.54407101000004, 25.051816355000028], [121.54397413200002, 25.048258799000052], [121.54397311800005, 25.048221587000057], [121.54397288300004, 25.048212985000077], [121.54392888600012, 25.047768243000064], [121.54392326700008, 25.04756558100007], [121.54392287400003, 25.04755140800006], [121.54389489200003, 25.04654233800005], [121.54387103500005, 25.045481645000052], [121.54385340400006, 25.045001047000028], [121.54384985200011, 25.04490420700006], [121.54364731800001, 25.04488554900007], [121.54298332700012, 25.044794257000035], [121.54210186300008, 25.04468291300003], [121.54162418500005, 25.044623320000028], [121.54102929800001, 25.044635907000043], [121.54074424900011, 25.04464285000006], [121.5407265130001, 25.044643282000038], [121.54052594100006, 25.044648169000027], [121.53974795400006, 25.044651007000027], [121.53899294400003, 25.044674585000053], [121.53811207800004, 25.04469861700005], [121.537517191, 25.044711181000025], [121.53687663500011, 25.044744754000078], [121.53662363400008, 25.04475664000006], [121.5365394800001, 25.044760594000024], [121.5363962020001, 25.044767326000056], [121.5358815410001, 25.044810858000062], [121.5355956950001, 25.044853545000024], [121.53517273900002, 25.044938401000024], [121.53488767200008, 25.04499508400005], [121.53474491000009, 25.045023471000036], [121.53469262600004, 25.04503386700003], [121.5340297240001, 25.045192473000043], [121.53365248700004, 25.045266749000064], [121.53323524300004, 25.045380585000032], [121.53293162300008, 25.045462520000058], [121.53287726000008, 25.045476647000044], [121.53205545900005, 25.045690205000028], [121.53077570200003, 25.046049374000063], [121.53025372900004, 25.046209695000073], [121.52945661000001, 25.046435744000064], [121.5289093350001, 25.046602306000068], [121.52769581200005, 25.04697112200006], [121.5263990090001, 25.047363733000054], [121.52578630000005, 25.047542192000037], [121.5253282540001, 25.047649268000043], [121.52474232000009, 25.04775795000006], [121.52422013000012, 25.047838805000026], [121.52419880700006, 25.04784025300006], [121.52367435500003, 25.04787586300006], [121.52243794100002, 25.047949979000066], [121.52118744900008, 25.048013555000068], [121.52074096800004, 25.048030226000037], [121.52063997000005, 25.048034001000076], [121.52047798900003, 25.048040049000065], [121.52018705800003, 25.048084783000036], [121.51961330200004, 25.04817300700006], [121.51953496300007, 25.048185052000065], [121.5193108200001, 25.04831598100003], [121.51913796100007, 25.04841695300007], [121.51911965600004, 25.04842764600005], [121.51906179700006, 25.04842575300006], [121.51881425500005, 25.048399290000077], [121.51865790800002, 25.048367073000065], [121.51880423400007, 25.048460995000028], [121.518914117, 25.048543101000064], [121.518917525, 25.048545715000046], [121.51899875900006, 25.048608044000048], [121.5190897540001, 25.048694089000037], [121.51919561500006, 25.04880306800004], [121.51934173100005, 25.048957957000027], [121.5194457550001, 25.04907957000006], [121.51950365700009, 25.049163907000036], [121.51953558100001, 25.049224654000056], [121.51957499500008, 25.049324268000078], [121.51959181500001, 25.049361361000024], [121.51961428400011, 25.04939339500004], [121.51962845300011, 25.049456], [121.5197049620001, 25.04955575400004], [121.51979055400011, 25.049702], [121.51990290300012, 25.049925737000024], [121.51997998400009, 25.05012825500006], [121.5199971610001, 25.050180917000034], [121.52000926500011, 25.050218028000074], [121.52005126900008, 25.050346801000046], [121.52011093800002, 25.050592067000025], [121.52017681300003, 25.050917361000074], [121.52021280500003, 25.05110934100003], [121.520274104, 25.051738827000065], [121.52027519, 25.05199496700004], [121.52030074100003, 25.052632837000033], [121.52030097400007, 25.052638643000023], [121.52030175700008, 25.052658187000077], [121.52030808800009, 25.05281626200008], [121.52038876800009, 25.05386726200004], [121.52043857000001, 25.054550152000047], [121.52049523800008, 25.055483825000067], [121.5205712820001, 25.056823009000027], [121.52062292100004, 25.05762122400006], [121.52062535300001, 25.05765883600003], [121.520646768, 25.057989856000063], [121.52064821800002, 25.058331382000063], [121.52065657500009, 25.05891835500006], [121.5206520480001, 25.05923323500008], [121.52064147600004, 25.05941030300005], [121.52063586500003, 25.05950427600004], [121.52057831600007, 25.05976062900004], [121.52049738500011, 25.060033075000035], [121.520370522, 25.060317905000034], [121.52036111400002, 25.060339029000033], [121.52035217600007, 25.06035909600007], [121.5199923030001, 25.061224854000045], [121.5196669070001, 25.06198630600005], [121.51940005200004, 25.062664965000067], [121.51933310800007, 25.062833213000033], [121.51931858000012, 25.062869728000067], [121.51923708000004, 25.06307455800004], [121.51913877700008, 25.063400416000036], [121.51906961200007, 25.063683488000038], [121.51900148400011, 25.064212029000032], [121.5189848660001, 25.06444155400004], [121.51899144600009, 25.064647783000055], [121.51909934600008, 25.065202388000046], [121.5192670890001, 25.066005146000066], [121.51928193100002, 25.066076172000066], [121.51930883000011, 25.066204903000028], [121.51939930700007, 25.066769193000027], [121.51951464000001, 25.067691986000057], [121.51960565400009, 25.068412083000055], [121.51961401400001, 25.068483533000062], [121.51961957500009, 25.068531048000068], [121.51962541900002, 25.068580989000054], [121.51983094200011, 25.070337349000056], [121.519933304, 25.070966687000066], [121.5201017280001, 25.071838851000052], [121.52011065700003, 25.071885088000045], [121.52011330300002, 25.07189879300006], [121.52032423500009, 25.072702294000067], [121.52046135100011, 25.073110798000073], [121.52072252900007, 25.07361677600005], [121.5207331470001, 25.073637346000055], [121.52093449000006, 25.07402740200007], [121.52096786700008, 25.074100654000063], [121.5210668740001, 25.074312103000068], [121.52113101300006, 25.074465915000076], [121.52125125000009, 25.074693042000035], [121.52130762400009, 25.074831118000077], [121.52134294600012, 25.074906143000078], [121.52137015500011, 25.074970805000078], [121.52141289200006, 25.075068680000072], [121.52143625100007, 25.075133367000035], [121.5214614460001, 25.07517702800004], [121.52150016000007, 25.075232911000057], [121.52153703600004, 25.075309789000073], [121.52157392800007, 25.075390189000075], [121.52159156400012, 25.07546538500003], [121.52161873400007, 25.075521301000038], [121.52169288400012, 25.07567672700003], [121.52171808500009, 25.075722151000036], [121.52176664300009, 25.07583051100005], [121.52180743100007, 25.07592313300006], [121.52185208900005, 25.07601925000006], [121.521939416, 25.076197481000065], [121.52196648200004, 25.076228892000074], [121.52201297200008, 25.076303997000025], [121.52209623600004, 25.076431485000057], [121.52212584900008, 25.076485587000036], [121.52220131400009, 25.07658858900004], [121.52223238700003, 25.076656744000047], [121.52235058200006, 25.076855874000046], [121.52245917000005, 25.07705678800005], [121.52248039000006, 25.07708440700003], [121.52250088500011, 25.077111080000066], [121.5226630300001, 25.07699995400003], [121.52284649500007, 25.07685573400005], [121.52300637500002, 25.076740869000048], [121.523264175, 25.076556504000052], [121.52332741300006, 25.076505413000064], [121.52344762100006, 25.076408294000032], [121.52361785000005, 25.07624417900007], [121.5237530500001, 25.07608816900006], [121.52389254900004, 25.075912199000072], [121.52417588900005, 25.075552265000056], [121.52429843700008, 25.075365693000037], [121.52453419900007, 25.075033060000067], [121.52459032000002, 25.074953879000077], [121.52472093000006, 25.07475002700005], [121.5249255330001, 25.074426266000046], [121.52497439500007, 25.074334578000048], [121.52502987800005, 25.074230468000053], [121.52507358500009, 25.074202399000058], [121.52519208900003, 25.074241866000023], [121.52535901100009, 25.074329017000025], [121.52552168500006, 25.074448080000025], [121.52558330000011, 25.074507700000026], [121.52565373300001, 25.074579235000044], [121.52572447400007, 25.07472255400006], [121.52576008400001, 25.07485004600005], [121.52577362700004, 25.07494172500003], [121.52579162000006, 25.075049358000058], [121.52578319700001, 25.07512914800003], [121.52577489600003, 25.075236853000035], [121.52571881300003, 25.075444444000027], [121.52565396300008, 25.075652054000045], [121.52552052800002, 25.076010250000024], [121.52545114200007, 25.076181993000034], [121.52542095800004, 25.076297758000067], [121.52529509400006, 25.07658534500007], [121.52522587600004, 25.076796972000068], [121.52519560500002, 25.07694738500004], [121.52518353500011, 25.077198688000067], [121.52516251300005, 25.077406153000027], [121.52514542900008, 25.077509898000073], [121.52509834700004, 25.077773285000035], [121.525042331, 25.07799682700005], [121.52492144200005, 25.078423979000036], [121.52485667500002, 25.078651541000056], [121.52475295400006, 25.07904958100005], [121.52466620300004, 25.079261271000064], [121.52459677800005, 25.079425032000074], [121.524483712, 25.079632810000078], [121.5244445400001, 25.079696759000058], [121.52439691000006, 25.079832520000025], [121.52435782400005, 25.079916409000077], [121.52433198900007, 25.08009837000003], [121.52431945800004, 25.080241986000033], [121.52431278800009, 25.080361845000027], [121.52431075200002, 25.08039842000005], [121.52430724900012, 25.08046137300005], [121.52428576400007, 25.080561153000076], [121.52429100300003, 25.08076053700006], [121.52429145000008, 25.08086423000003], [121.52430476800009, 25.080904058000044], [121.5243314280001, 25.080987717000028], [121.52438017300005, 25.081111176000036], [121.52443757800006, 25.081210678000048], [121.5245393240001, 25.081384847000038], [121.52460991400005, 25.081492273000038], [121.52466274900007, 25.081547925000052], [121.524728632, 25.08157959600004], [121.52478127900008, 25.081591372000048], [121.52482486200006, 25.081596627000067], [121.52487775400004, 25.081603003000055], [121.52500241700011, 25.081602562000057], [121.52501102800011, 25.08161381700006], [121.52508527600003, 25.08171085400005], [121.5252551640001, 25.081932882000046], [121.5255044920001, 25.081505040000025], [121.52570274400011, 25.08132627200007], [121.5258424750001, 25.081341675000033], [121.52596129100004, 25.081366686000024], [121.52613269300002, 25.081439214000056], [121.52652333600008, 25.081663176000063], [121.52688575200011, 25.08193173500007], [121.52693631300008, 25.082023027000048], [121.52694597100003, 25.082122833000028], [121.5269113390001, 25.082237295000027], [121.526881666, 25.08233801700004], [121.52689209000005, 25.082429451000053], [121.52754250700002, 25.083161691000043], [121.52769215900003, 25.083289518000072], [121.52780008500008, 25.08338169900003], [121.5279091760001, 25.083553926000036], [121.52818075000005, 25.08371571500004], [121.52850158700005, 25.083995687000026], [121.52888841100003, 25.08450228600003], [121.52919155000006, 25.084331344000077], [121.52919646400005, 25.08432857300005], [121.52923857100006, 25.08434963700006], [121.52926399400008, 25.08436718200005], [121.52928473300005, 25.08437272900005], [121.52951412200002, 25.08443409000006], [121.5296500500001, 25.084445565000067], [121.52979921200006, 25.084476949000077], [121.53004939300001, 25.08455581800007], [121.53029517400012, 25.084630712000035], [121.53050157700011, 25.084721718000026], [121.53068164900003, 25.084804818000066], [121.53078115200003, 25.084866583000064], [121.53087347300004, 25.08493006200007], [121.5309702830001, 25.085017460000074], [121.53104961200006, 25.085116880000044], [121.53106066100008, 25.08513408600004], [121.5310623470001, 25.085136713000054], [121.53114670200011, 25.085268076000034], [121.53123516000005, 25.08545122000004], [121.531306, 25.08561447200003], [121.53132834900009, 25.08571409600006], [121.53140385100005, 25.085941150000053], [121.53146984200009, 25.085996742000077], [121.5315140560001, 25.086084329000073], [121.5316166240001, 25.08622950800003], [121.53173556000002, 25.086364683000056], [121.531854425, 25.08648389600006], [121.53205686600006, 25.086670619000074], [121.5321800800001, 25.08678184400003], [121.53230331300006, 25.08689706000007], [121.53235612700007, 25.08696255900003], [121.53246640300006, 25.087121687000035], [121.53251077400012, 25.08724515700004], [121.53256832900001, 25.087376560000052], [121.53262571100004, 25.087468088000037], [121.53274459500005, 25.087591291000024], [121.53284580800005, 25.087682654000048], [121.53295128400009, 25.08774608400006], [121.53306107200001, 25.087793546000057], [121.5331488600001, 25.087821145000078], [121.53323896800009, 25.087838127000055], [121.53338064600007, 25.08789019900007], [121.53354297700002, 25.088028133000023], [121.53361938000012, 25.088097109000046], [121.53393358200003, 25.088156576000074], [121.53431611500002, 25.088613992000035], [121.5346983500001, 25.08900215400007], [121.53489896300005, 25.08919187600003], [121.53515688300001, 25.089433330000077], [121.53548158600006, 25.089717820000033], [121.53573006700003, 25.089976613000033], [121.53579347800007, 25.09003425700007], [121.53589703700004, 25.09012840400004], [121.53597634200003, 25.090174391000062], [121.53616409200004, 25.09028326300006], [121.5365646790001, 25.090515529000072], [121.53685099200004, 25.09072224700003], [121.53708950100008, 25.090885824000054], [121.53740428600008, 25.09106649200004], [121.53763310300008, 25.09117820700004], [121.53799522000008, 25.09131539300006], [121.53805182200006, 25.091359907000026], [121.53828694600008, 25.091602615000056], [121.5383127340001, 25.091631435000068], [121.53833700500002, 25.09164964000007], [121.53863329500007, 25.091763109000055], [121.53867527800003, 25.091774027000042], [121.53871775200003, 25.091777062000062], [121.5387647770001, 25.091775545000075], [121.53881413400006, 25.091782145000025], [121.53888158100006, 25.091793748000043], [121.53896652900005, 25.091808917000037], [121.53947196800004, 25.091973779000057], [121.53977758600001, 25.09207068300003], [121.53992478100008, 25.092087183000046], [121.53995961200008, 25.09209108700003], [121.54030109700011, 25.092129365000062], [121.54062474500006, 25.09217146800006], [121.54075800700002, 25.092188297000064], [121.54080682400001, 25.092211581000072], [121.54083257600007, 25.09224468900004], [121.54086200600011, 25.09230171100006], [121.5408804010001, 25.092378965000023], [121.54090615200005, 25.092515081000045], [121.54095765600005, 25.092667752000068], [121.54101651600001, 25.092750525000042], [121.54111216500007, 25.092811225000048], [121.54124092300003, 25.092855370000052], [121.54136048300006, 25.092873764000046], [121.54147452600012, 25.092868246000023], [121.5415628180001, 25.092836976000058], [121.54164007300005, 25.092796510000028], [121.54170445200009, 25.092741327000056], [121.54175963400007, 25.092676949000065], [121.54183688900002, 25.09256106600003], [121.54193069900009, 25.09240287800003], [121.54205761800006, 25.092121451000025], [121.54211463900003, 25.091990853000027], [121.54218481900011, 25.091911843000048], [121.54232371700004, 25.091837919000056]]]}}, {"type": "Feature", "properties": {"TOWNID": "A15", "TOWNCODE": "63000110", "PNAME": "臺北市", "TNAME": "士林區", "TOWNENG": "Shilin District", "COUNTYID": "A", "COUNTYCODE": "63000", "縣市": "臺北市", "行政區": "士林區", "淨流入": -1511, "平日日間活動人數": 256224, "平日夜間停留人數": 257735}, "geometry": {"type": "Polygon", "coordinates": [[[121.58101981900006, 25.195333016000063], [121.581177163, 25.195313971000076], [121.58132599200007, 25.195316826000067], [121.58146567200004, 25.195296823000035], [121.58155621500009, 25.19527970100006], [121.58168777800006, 25.195220783000025], [121.58180188400001, 25.195175853000023], [121.58194501700007, 25.19513286800003], [121.58210611100003, 25.195111460000078], [121.58225078300006, 25.19508798000004], [121.58243704300003, 25.195062852000035], [121.58249857500005, 25.19504491500004], [121.5826222710001, 25.19505379900005], [121.582745756, 25.195047760000023], [121.5828691260001, 25.195033697000042], [121.58297984100011, 25.19501633400006], [121.58306037900002, 25.195005064000043], [121.58315305300005, 25.194960382000033], [121.58323139400011, 25.19490318900006], [121.58344860200009, 25.194772511000053], [121.58352789700007, 25.194729892000055], [121.5836147340001, 25.194681505000062], [121.5836927690001, 25.19463888200005], [121.58376449100001, 25.19459398400005], [121.5837202670001, 25.19455969100005], [121.58367099800012, 25.19452311400005], [121.58356994200005, 25.194452255000044], [121.58348153100007, 25.19439512300005], [121.5834120510001, 25.19434483200007], [121.58322811300002, 25.194211711000037], [121.58321285800002, 25.19420007100007], [121.58309029600002, 25.194093644000077], [121.58301837800002, 25.194001546000038], [121.58297173800008, 25.19391373600007], [121.58294092800008, 25.19387509200004], [121.58290464700008, 25.193806678000044], [121.58288428600008, 25.19370477800004], [121.5828720500001, 25.193553465000036], [121.58286376600006, 25.193503075000024], [121.58281058000011, 25.19339813000005], [121.58275220200005, 25.19328292000006], [121.58270499200012, 25.19315497300005], [121.58270412800005, 25.19309415600003], [121.58274161100007, 25.192981277000058], [121.58279184800006, 25.192878568000026], [121.58288501400011, 25.192779942000072], [121.5829509670001, 25.192718355000068], [121.58305323600007, 25.192639130000032], [121.58314207400008, 25.192591050000033], [121.58322024800009, 25.192553447000023], [121.58339890500008, 25.192438883000023], [121.58346811500007, 25.192397434000043], [121.58354357300004, 25.192336467000075], [121.58359505800001, 25.192268675000037], [121.58366661800005, 25.192168733000074], [121.58373191700002, 25.192082566000067], [121.58377701100005, 25.19198497900004], [121.58379192900009, 25.191913834000047], [121.58377403600002, 25.191830150000044], [121.58375115600006, 25.191765991000068], [121.5836903390001, 25.191659494000078], [121.5836573260001, 25.191579294000064], [121.58363179100002, 25.191468117000056], [121.58365548600011, 25.191380905000074], [121.58370679400002, 25.19125233400007], [121.5837619240001, 25.19113866200007], [121.58379703900005, 25.191076655000074], [121.5838221030001, 25.191026135000072], [121.58385215500005, 25.190957252000032], [121.58383563900009, 25.190913713000043], [121.58379515000001, 25.19086220500003], [121.58373821700002, 25.19079124500007], [121.58370276300002, 25.19073627800003], [121.58369627400009, 25.190674372000046], [121.58372383400001, 25.19061467000006], [121.58377664900001, 25.190570965000063], [121.58382570200001, 25.190534136000053], [121.58388480100007, 25.190483537000034], [121.58393124000008, 25.190415763000033], [121.58397131900006, 25.19032736500003], [121.5839924070001, 25.190210344000036], [121.58400328700009, 25.190052041000058], [121.58400047300006, 25.18995228500006], [121.583975054, 25.189881245000038], [121.5839319590001, 25.18979992000004], [121.58388261100004, 25.189736966000055], [121.58382435800002, 25.18964537200003], [121.58380272500006, 25.18957547100007], [121.58378488400001, 25.189510145000042], [121.58377836300008, 25.18943561900005], [121.5838121590001, 25.189354107000042], [121.58386735800002, 25.18926452200003], [121.58393772500006, 25.18918751700005], [121.58398290200012, 25.18911859800005], [121.58401046300003, 25.18906004400003], [121.58401902500009, 25.188970563000055], [121.58402136100005, 25.188907484000026], [121.5840111220001, 25.18885475600007], [121.58399706900002, 25.188790569000048], [121.5839212410001, 25.188724243000024], [121.5838581060001, 25.18868655700004], [121.58369544400011, 25.188669745000027], [121.583617333, 25.188683687000037], [121.58353798600001, 25.188706831000047], [121.58348640400004, 25.188741357000026], [121.58338429500009, 25.18873931400003], [121.58318596600009, 25.188669723000032], [121.583055338, 25.18861617700003], [121.58298770600004, 25.18855959700005], [121.5829615990001, 25.18849679300007], [121.58292774600011, 25.188421453000046], [121.58293525300007, 25.188328436000063], [121.58296052300011, 25.18824321200003], [121.58301759100004, 25.18808879200003], [121.58305381600007, 25.187975906000077], [121.58305978300007, 25.18786338700005], [121.58306463800011, 25.18776120800004], [121.58305596600007, 25.187683277000076], [121.58301808800002, 25.18759078100004], [121.58296407000012, 25.187515674000053], [121.58287353700007, 25.187444449000054], [121.58278056900008, 25.187378985000066], [121.58270806000007, 25.18733393100007], [121.58259244800001, 25.18727218500004], [121.58248327100011, 25.18721953100004], [121.58239701100001, 25.18718267400004], [121.58228773300004, 25.18712314100003], [121.58221341300009, 25.187039095000046], [121.58215176400006, 25.186959495000053], [121.5821255410001, 25.186888658000044], [121.5821003210001, 25.18679944300004], [121.58208937400002, 25.186738774000048], [121.58205704700003, 25.186681762000035], [121.58199908300003, 25.186595243000056], [121.581942378, 25.186508699000058], [121.58186146300011, 25.18640407600003], [121.5818064990001, 25.18626243600005], [121.5817877930001, 25.186188057000038], [121.58177631, 25.186089516000038], [121.58178419, 25.186022876000038], [121.58181007100006, 25.18589176100005], [121.58185156500008, 25.185794892000047], [121.581943109, 25.185671039000056], [121.58201380900005, 25.18558874400003], [121.58212490800008, 25.185421063000035], [121.58222913800012, 25.18530279400005], [121.58234213000003, 25.185179839000057], [121.58245775500006, 25.18506489200007], [121.58255049500008, 25.18493643900007], [121.58260239800006, 25.184862396000028], [121.58264302000009, 25.184793073000037], [121.58269207900003, 25.184696108000026], [121.58273869300001, 25.184604914000033], [121.58275375000005, 25.18451065100004], [121.58276631400008, 25.18441870500004], [121.58275384800004, 25.18433968000005], [121.58272473000011, 25.18424248100007], [121.58271109900011, 25.184170348000066], [121.58267826500003, 25.184077788000025], [121.58265823300007, 25.183998855000027], [121.5826380210001, 25.183907282000064], [121.58261282, 25.183819223000057], [121.5825841410001, 25.183753009000043], [121.58253165800011, 25.18369739600007], [121.58250471800011, 25.183664443000055], [121.58240847400009, 25.18363458600004], [121.5823012400001, 25.183630097000048], [121.5821116510001, 25.183596754000064], [121.58203313400008, 25.183572424000033], [121.58180867500005, 25.183480961000043], [121.5817271200001, 25.18341994800005], [121.58165387100007, 25.183322128000043], [121.58156088100009, 25.18316601300006], [121.58149735500001, 25.18304283200007], [121.5814426070001, 25.18291609700003], [121.58140853200007, 25.182824697000058], [121.58137746700004, 25.18276769000005], [121.58136010300007, 25.18269904600004], [121.58134656200002, 25.182544308000047], [121.58133535600007, 25.182465249000074], [121.58132188900004, 25.182404589000043], [121.58127312700003, 25.182344348000072], [121.5812398160001, 25.18230686800007], [121.58122042000002, 25.182272675000036], [121.58117075500002, 25.182237688000043], [121.58107657700009, 25.182175675000053], [121.58098888300003, 25.18212621200007], [121.58093137700007, 25.182071810000025], [121.58088920300008, 25.181942640000045], [121.580868183, 25.181793708000043], [121.58088584100005, 25.18170514700006], [121.58092348700006, 25.181603735000067], [121.58094597600007, 25.18150019500007], [121.58101835100001, 25.181358216000035], [121.58114132800006, 25.181228255000065], [121.5812320330001, 25.181134261000068], [121.5813089190001, 25.181043851000027], [121.58135944700007, 25.180961797000066], [121.58138022800006, 25.180915653000056], [121.58138573500003, 25.180859362000035], [121.58135663700011, 25.18076331900005], [121.58131856700004, 25.18065703900004], [121.581279418, 25.180563410000047], [121.58127399600005, 25.180447584000035], [121.58134554800006, 25.180336586000067], [121.58142240100005, 25.180243892000078], [121.58149323000009, 25.18017077500008], [121.58162905300003, 25.18005788000005], [121.58176206700011, 25.18001387000004], [121.58196675600004, 25.17995638700006], [121.58209049100003, 25.179880363000052], [121.58217001100002, 25.179797949000033], [121.58221882700002, 25.179683789000023], [121.58224121300009, 25.17957337000007], [121.58223104900003, 25.17938989000004], [121.58220350600004, 25.179314487000056], [121.5821695620001, 25.179232271000046], [121.58221374100003, 25.17896897600008], [121.58227081100006, 25.17890405000003], [121.58231230500007, 25.178807179000046], [121.58235192400002, 25.17875622100007], [121.582437, 25.178620976000047], [121.58247742900005, 25.178537885000026], [121.58255231900011, 25.178395869000042], [121.58262611400005, 25.178265341000042], [121.58269923400007, 25.17817612700003], [121.58278998100002, 25.17808556400007], [121.58288194300007, 25.177991536000036], [121.58297711600005, 25.177857322000023], [121.58306789700009, 25.177769048000073], [121.58314998500009, 25.177678111000034], [121.58328499700008, 25.177551073000075], [121.58334386700005, 25.177422488000047], [121.58337130100006, 25.17732149400007], [121.58340761600004, 25.177238835000026], [121.58343507500001, 25.177145883000037], [121.58346262400005, 25.177083881000044], [121.58348251600012, 25.176989794000065], [121.58350868700006, 25.17688651900005], [121.58350350400008, 25.176838374000056], [121.58346059200005, 25.176817808000067], [121.58333827700005, 25.17679748000006], [121.58314529000006, 25.176681346000066], [121.58311997500005, 25.17664047900007], [121.58306848100005, 25.17656534200006], [121.58300997200001, 25.176439806000076], [121.58298041700004, 25.176311635000047], [121.58296720200008, 25.17617983300005], [121.58297913100012, 25.176043149000066], [121.58298613400007, 25.17591454500007], [121.58298789900005, 25.175772239000025], [121.58299755000007, 25.175652781000053], [121.58300152100003, 25.175577002000068], [121.58298932800005, 25.175517484000068], [121.58296319400006, 25.175452387000064], [121.58289573000002, 25.175317767000024], [121.58282017400006, 25.17523488100005], [121.58275043300011, 25.175117513000032], [121.58267460000002, 25.17501512700005], [121.58258994700009, 25.174912841000037], [121.58253619300001, 25.17485610400007], [121.5824863690001, 25.17480963500003], [121.58242387300004, 25.174758729000075], [121.58230184500007, 25.17468787100006], [121.58220983800004, 25.174600591000058], [121.58210315400004, 25.17445612000006], [121.58200946300008, 25.174339017000023], [121.58194357400009, 25.174226193000038], [121.58187375200009, 25.174103072000037], [121.58180292500003, 25.173908835000077], [121.5817193040001, 25.17379048400005], [121.58160626300003, 25.17373096500006], [121.58143719200007, 25.17363197800006], [121.581238546, 25.173492012000054], [121.58108273900007, 25.17335039900007], [121.58095254800003, 25.173237177000033], [121.58090493100008, 25.173191510000038], [121.58069502800004, 25.172885430000065], [121.58046295400004, 25.172654024000053], [121.58029973700002, 25.172516923000046], [121.58014640100009, 25.172417675000077], [121.57977640500008, 25.172267076000026], [121.57959283800005, 25.17216083200003], [121.5794307000001, 25.172056979000047], [121.57929016600008, 25.171923419000052], [121.579071182, 25.171606095000072], [121.57892354500007, 25.171388809000064], [121.57881207900004, 25.171245051000028], [121.57863402500004, 25.171054002000062], [121.57840308000004, 25.17084896700004], [121.57807212400007, 25.17070999300006], [121.5777313860001, 25.170515957000077], [121.57750421800006, 25.170310934000042], [121.57738399700008, 25.170154525000044], [121.57729681700005, 25.16995240400007], [121.57725298000003, 25.16966793100005], [121.57724524700006, 25.169468461000065], [121.57724187300005, 25.169164656000078], [121.57727168800011, 25.16901806900006], [121.57739022600003, 25.168792755000027], [121.57738237500007, 25.168615045000024], [121.577284813, 25.168237495000028], [121.57713493300002, 25.167740511000034], [121.5770572890001, 25.167411193000078], [121.5770264890001, 25.167278087000057], [121.57701966600007, 25.167142803000047], [121.5770214480001, 25.16713769100005], [121.57703189900008, 25.167107723000072], [121.57706836300008, 25.167003157000067], [121.57730279000009, 25.166803557000037], [121.57780241000012, 25.166313958000046], [121.57832288800012, 25.165929902000073], [121.57849774800002, 25.165781631000073], [121.57866981400002, 25.165683785000056], [121.5788568800001, 25.165610081000068], [121.57902226800002, 25.165579840000078], [121.57928487200002, 25.16553053100006], [121.57963082900005, 25.165460945000063], [121.57993624400001, 25.165424423000047], [121.58019606100004, 25.16542325200004], [121.58053770900005, 25.165449928000044], [121.58080727800007, 25.165510693000044], [121.58101158400007, 25.16551270700006], [121.58124993800004, 25.165516034000063], [121.58163219500011, 25.165497020000032], [121.5820247370001, 25.16544138100005], [121.58247116300004, 25.165450171000032], [121.58261207900011, 25.16551266700003], [121.58278191500006, 25.165591335000045], [121.5829022470001, 25.16572825700007], [121.58306591700011, 25.165781690000074], [121.58321892300012, 25.165812523000056], [121.58337039600008, 25.165626322000037], [121.58340593300011, 25.165572601000065], [121.58342389800009, 25.165505046000078], [121.58344833500007, 25.165400860000034], [121.58347150800012, 25.165297805000023], [121.58349970100005, 25.16519934400003], [121.58354037900006, 25.16512387100005], [121.58359740100002, 25.16505649000004], [121.58370351600001, 25.164998483000034], [121.58382333800012, 25.16497147800004], [121.58391166900003, 25.16494319700007], [121.58408180300012, 25.16493474300006], [121.58429113700004, 25.164895514000023], [121.58449299200004, 25.164840199000025], [121.5845725900001, 25.16479353400007], [121.58465097600003, 25.164736558000072], [121.58477485800006, 25.164651116000073], [121.58488608300001, 25.16457821000006], [121.58500621200005, 25.16448704100003], [121.58512512000004, 25.164387824000073], [121.58518205700011, 25.164337629000045], [121.58523388800006, 25.164301169000055], [121.58532625600003, 25.164219037000066], [121.58544525000002, 25.164101478000077], [121.5855438750001, 25.164028538000025], [121.58568299300009, 25.163917938000054], [121.58575627000005, 25.16387584100005], [121.58585737500005, 25.16381093700005], [121.58595341700004, 25.16375058500006], [121.5860773170001, 25.163660564000054], [121.58621624600005, 25.163590085000067], [121.58631095600003, 25.163544633000072], [121.586393025, 25.16350830500005], [121.58649395700002, 25.16347892500005], [121.58662265100008, 25.163440508000065], [121.58674748100009, 25.16342038600004], [121.58686847800004, 25.16341058200004], [121.58695672600004, 25.16339948800004], [121.58707379000009, 25.163421756000048], [121.58715313300002, 25.163427816000024], [121.58727034500009, 25.16342030100003], [121.58735233400012, 25.163400006000074], [121.58749242500005, 25.163349002000075], [121.58764652700006, 25.163267131000055], [121.58768070100007, 25.163234027000044], [121.58773008100002, 25.16318265800004], [121.58779609700002, 25.16307749400005], [121.58784685900002, 25.163000925000063], [121.5879276280001, 25.162972590000038], [121.58802343000002, 25.162962677000053], [121.58813938700007, 25.162952847000042], [121.58832450800003, 25.16297081700003], [121.5884529010001, 25.16299542200005], [121.58855725900003, 25.163040554000077], [121.58865412500006, 25.163070765000043], [121.588783755, 25.163101097000037], [121.58895598300012, 25.163180924000073], [121.58903132900002, 25.163232805000064], [121.58910915400008, 25.163293877000058], [121.58925978000002, 25.16341254400004], [121.58937147300003, 25.16350471800007], [121.58951220100005, 25.16358553400005], [121.58966164800006, 25.16368701700003], [121.589745837, 25.163734369000053], [121.589845534, 25.163732374000062], [121.5898694010001, 25.163715397000033], [121.58988622400011, 25.16362147600006], [121.5899219370001, 25.163529935000042], [121.58996698100009, 25.16332953500006], [121.58999402900008, 25.16320587200005], [121.59001715600004, 25.163110841000048], [121.59006211100007, 25.162929924000025], [121.5901017760001, 25.162801724000076], [121.59016104200009, 25.162525748000064], [121.59018676700009, 25.16241466400004], [121.590197138, 25.162352827000063], [121.59022921000007, 25.16223146300007], [121.59024850600008, 25.162147880000077], [121.59028681400002, 25.162040314000023], [121.59030263800003, 25.161891360000027], [121.59033085900012, 25.161784891000025], [121.59036164000008, 25.161670401000038], [121.59038217800003, 25.16159026200006], [121.59041541300007, 25.16148953100003], [121.59043969100003, 25.161417418000042], [121.59046660900003, 25.16132011600007], [121.59048727600009, 25.16121244900006], [121.59050288800006, 25.161108221000063], [121.59050082800002, 25.16101079300006], [121.59050757300008, 25.160916830000076], [121.59049665600003, 25.160827379000068], [121.59048203600003, 25.160721875000036], [121.59046497400004, 25.160600309000074], [121.59047679500009, 25.160498356000062], [121.59050880000007, 25.160390750000033], [121.5905471430001, 25.16027514800004], [121.59058402700009, 25.160201956000037], [121.59064140200007, 25.160057770000037], [121.59070616100007, 25.159950305000052], [121.59075565900002, 25.159873713000025], [121.59082680200004, 25.15974907900005], [121.59087389100011, 25.159648420000053], [121.59093874900009, 25.159520298000075], [121.59099467500005, 25.159416246000035], [121.59103534700012, 25.159340773000054], [121.59111799100003, 25.15918180500006], [121.5911866560001, 25.159047980000025], [121.59125287800009, 25.158896967000032], [121.59131273000003, 25.15876196800008], [121.59137125000007, 25.158641862000025], [121.59143492300007, 25.15849771200004], [121.59147309900004, 25.158417646000032], [121.59153148300004, 25.15832619400004], [121.59158125800002, 25.15819000600004], [121.5916564690001, 25.15800349700004], [121.5916947610001, 25.157898215000046], [121.59171522800011, 25.157832961000054], [121.59174463400007, 25.15774139100006], [121.59178029800012, 25.157659023000065], [121.59179076500004, 25.157576537000068], [121.59176861900005, 25.15746412900006], [121.59170998200011, 25.157342379000056], [121.59166747100005, 25.157273432000068], [121.59162994100006, 25.15721712900006], [121.59159620500009, 25.157157383000026], [121.59156012900007, 25.157060956000066], [121.59154789600007, 25.156982966000044], [121.59155982900006, 25.156856945000072], [121.59158817900004, 25.156722956000067], [121.5916177150001, 25.156603878000055], [121.59164708600008, 25.15652033300006], [121.59167128100012, 25.15646541900003], [121.59171200600008, 25.156378480000058], [121.59176023100008, 25.156304178000028], [121.59178066200002, 25.156245812000066], [121.59181390900005, 25.156141649000062], [121.5918408770001, 25.15603288400007], [121.59184031500001, 25.15588501600007], [121.5918181620001, 25.155773746000023], [121.5918010040001, 25.155672819000074], [121.5917713660001, 25.155545474000064], [121.59174523200011, 25.15547659500004], [121.59168052500002, 25.155306695000036], [121.59166182900003, 25.155264214000056], [121.59163069600004, 25.15518729400003], [121.59159323800009, 25.155116079000038], [121.59152305100008, 25.15503898000003], [121.5914099900001, 25.154970883000033], [121.59135222200007, 25.15493167900007], [121.59124548000011, 25.154859026000054], [121.59115248300009, 25.15481051200004], [121.59108082000012, 25.154779253000072], [121.590982757, 25.154736438000043], [121.59092365400011, 25.154713272000038], [121.59082688500007, 25.154663579000044], [121.59079557300004, 25.15462449000006], [121.59077560600008, 25.154584276000037], [121.59072462200004, 25.154443094000044], [121.59068237100007, 25.15431913900005], [121.5906474520001, 25.154244491000043], [121.59062396400009, 25.154149267000037], [121.5906041390001, 25.15407926300003], [121.5905896050001, 25.153955414000052], [121.59056345300007, 25.15389112200006], [121.59055788100011, 25.153737516000035], [121.59052569500011, 25.153617042000064], [121.59050459900004, 25.153549327000064], [121.59044349200008, 25.153417267000066], [121.5903860740001, 25.153304699000046], [121.59033968100005, 25.153258653000023], [121.59022047100007, 25.153158448000056], [121.59013262200006, 25.153087018000065], [121.59007611600009, 25.153047809000043], [121.59001073400009, 25.15302117500005], [121.58995676500001, 25.152978545000053], [121.58991411500006, 25.152939398000058], [121.5898677450001, 25.152888775000065], [121.58978475100002, 25.152856332000056], [121.58966285800011, 25.152791637000064], [121.58954853300008, 25.15272469100006], [121.58948700400003, 25.152682026000036], [121.58944814600011, 25.15264059900005], [121.58941065300007, 25.15257740900006], [121.58937443700006, 25.152509636000048], [121.58935959100006, 25.152452267000058], [121.58939014000009, 25.15238591600007], [121.58945603900008, 25.152303673000063], [121.58954707200007, 25.152234129000078], [121.58964320300004, 25.152152009000076], [121.58970889900002, 25.15211216700004], [121.58984532700003, 25.152033651000067], [121.59009668400006, 25.151893718000053], [121.59029615300005, 25.151804007000067], [121.59037695800009, 25.151766527000063], [121.59045652000009, 25.15172444600006], [121.59053861500001, 25.151680089000024], [121.59063584500007, 25.151632359000075], [121.59072675800007, 25.151588031000074], [121.59086693100005, 25.15151641400007], [121.59105894100003, 25.151404891000027], [121.59114231500007, 25.15135710000004], [121.5912434060001, 25.15129104500005], [121.59131416700006, 25.15124548700004], [121.5914026580001, 25.151180530000033], [121.5915088700001, 25.15109730200004], [121.59163646900004, 25.15102104700003], [121.59179929800007, 25.15095296000004], [121.59194933200001, 25.15092721700006], [121.59205518800002, 25.150919626000075], [121.59215105900012, 25.15089252100006], [121.5922619270001, 25.150890695000044], [121.59249881100004, 25.150881361000074], [121.59272070100008, 25.150845608000054], [121.5928909270001, 25.150811928000053], [121.59293884600004, 25.15080181600007], [121.5930703040001, 25.150707228000044], [121.59319162200006, 25.15062635700008], [121.59334457300008, 25.150515822000045], [121.59348360400008, 25.15041896200006], [121.59358116800001, 25.15029902400005], [121.59363197500011, 25.15020984000006], [121.59373099900006, 25.150047492000056], [121.59377439800005, 25.14992618200006], [121.59381045900011, 25.149757849000025], [121.59381854300011, 25.149645564000025], [121.59383814900002, 25.14949434700003], [121.59384023400003, 25.14931784600003], [121.59387173200003, 25.149048633000064], [121.59386970000003, 25.14894433300003], [121.59384171300007, 25.14873332800005], [121.5938512140001, 25.148587806000023], [121.59385458100007, 25.148406720000025], [121.59385641400002, 25.148284095000065], [121.5938619530001, 25.148252727000056], [121.59390381100002, 25.148117267000032], [121.59391621800012, 25.14805319100003], [121.59405858700006, 25.147908272000052], [121.59435794, 25.147649587000046], [121.59450743700006, 25.147531146000063], [121.59468384500008, 25.147386668000024], [121.59481633300004, 25.147229006000032], [121.59490242100003, 25.14705579200006], [121.59499710700004, 25.14689645900006], [121.5951011410001, 25.146782001000076], [121.59525075700003, 25.14657982400007], [121.59530676500003, 25.146471597000073], [121.59540531100004, 25.146307726000032], [121.59550883000009, 25.146071663000043], [121.5956293800001, 25.145796817000075], [121.59571720100007, 25.145594954000046], [121.59578313500003, 25.145420324000042], [121.59585693600002, 25.14522745200003], [121.59589670900004, 25.145109830000024], [121.5959540990001, 25.144917892000024], [121.59601222100002, 25.14475806200005], [121.59599085500008, 25.144677484000056], [121.59600714700002, 25.14453086900005], [121.59600618800005, 25.144359937000047], [121.595986175, 25.144273639000062], [121.59591518500008, 25.14406735800003], [121.59585894300005, 25.143884210000067], [121.59580180300009, 25.143679254000062], [121.59577509200005, 25.143616959000042], [121.5957681110001, 25.14358130000005], [121.59577312500005, 25.143506801000058], [121.59579328600012, 25.14343136100007], [121.5958721940001, 25.143310830000075], [121.59608269600005, 25.14308652300008], [121.59616803200004, 25.143034901000078], [121.59645525700012, 25.142898787000036], [121.5965557400001, 25.142846228000053], [121.59662952100007, 25.142807065000056], [121.59675143600009, 25.142754771000057], [121.59683698300012, 25.142690535000042], [121.59694612800001, 25.14257155200005], [121.59705568700008, 25.14242733900005], [121.59714334300008, 25.14231148400006], [121.59726071300008, 25.14215247100003], [121.5973224600001, 25.142001880000066], [121.5974544720001, 25.141796025000076], [121.59752816500009, 25.14168574000007], [121.59761690900007, 25.141580242000032], [121.59775159100002, 25.141442097000038], [121.59806771900003, 25.14115840000005], [121.59818205700003, 25.141030301000058], [121.59823664900011, 25.14093123400005], [121.59827532600002, 25.140803279000068], [121.59828643900005, 25.14066462900007], [121.59831215400004, 25.14048144000003], [121.59835188300008, 25.140366098000072], [121.59839070500004, 25.14030581700007], [121.59848021800008, 25.14023016300007], [121.59864536900011, 25.140155521000054], [121.5988509230001, 25.14007797000005], [121.59900824400006, 25.140019276000032], [121.59919713900001, 25.139957564000042], [121.59931921900011, 25.139894956000035], [121.59951917600006, 25.13985060500005], [121.59975276300008, 25.139755066000077], [121.59995065200008, 25.139683132000073], [121.6002042450001, 25.139521353000077], [121.60034935600004, 25.139438405000078], [121.60051190800004, 25.139368303000026], [121.60063707800009, 25.13927132500004], [121.60069648400008, 25.139186085000063], [121.60076155600007, 25.13906306800004], [121.60084691000009, 25.138933442000052], [121.60098018700012, 25.13880329600005], [121.60107122500006, 25.138711602000058], [121.6012131970001, 25.138589609000064], [121.60140081400004, 25.138375309000025], [121.60147726800005, 25.13825014200006], [121.60158087700006, 25.138084051000078], [121.60159471100008, 25.13800967700007], [121.60166457700007, 25.137901636000038], [121.60183913100002, 25.13786839900007], [121.60198854600003, 25.137830246000078], [121.60212800700003, 25.137783934000026], [121.60241517500003, 25.137650120000046], [121.60252302800006, 25.13760910900004], [121.60269863700012, 25.137511651000068], [121.60277903600002, 25.137453075000053], [121.60293940400004, 25.137362316000065], [121.60307454300005, 25.137272333000055], [121.603180285, 25.137206063000065], [121.60333741700003, 25.137081984000076], [121.60340464600006, 25.13705763300004], [121.60347396600002, 25.136982851000027], [121.60359280300008, 25.136886933000028], [121.60371580500009, 25.136768120000056], [121.60383914400006, 25.13662867000005], [121.60394159900011, 25.136455684000055], [121.60401825500003, 25.13631790100004], [121.60405096000011, 25.136246070000027], [121.60407481900006, 25.136175275000028], [121.6041027230001, 25.13616531100007], [121.60426605500004, 25.13620075600005], [121.60439117400006, 25.13625978500005], [121.6044710430001, 25.13631016900007], [121.6045859840001, 25.136374792000026], [121.60464080800011, 25.136414526000067], [121.60471776200006, 25.136488962000044], [121.60480333400005, 25.136576138000066], [121.60486995600002, 25.136665350000044], [121.60493826800007, 25.13680506700007], [121.60493896300011, 25.13683948000005], [121.60497425800008, 25.136916804000066], [121.60502626400012, 25.13697485800003], [121.60511204200009, 25.136972556000046], [121.60539082900004, 25.13688794600006], [121.60560818700003, 25.136781855000038], [121.60569206500008, 25.13674168800003], [121.60571675300002, 25.136697269000024], [121.60567987400009, 25.136639434000074], [121.60556739900005, 25.136578280000037], [121.605441057, 25.13651695300007], [121.6053780090001, 25.13644040300005], [121.60534686900007, 25.136340184000062], [121.60535669500007, 25.13620266600003], [121.6053488120001, 25.136145200000044], [121.6053450490001, 25.136067151000077], [121.60533602200007, 25.135925937000025], [121.60533399400003, 25.135819225000034], [121.60530148500004, 25.135649022000052], [121.60525945200004, 25.135521133000054], [121.60516003900011, 25.13535578500006], [121.60502786800009, 25.13518884000007], [121.60489103300006, 25.134998881000058], [121.6047739490001, 25.134834429000023], [121.60464731000002, 25.134714595000048], [121.60459463000007, 25.134620983000048], [121.60457203400006, 25.134538090000035], [121.60458268900004, 25.134426957000073], [121.6046012810001, 25.134292999000024], [121.60460389900004, 25.134210436000046], [121.60459517000004, 25.134127731000035], [121.60456662800004, 25.134022970000046], [121.6045397260001, 25.133972134000032], [121.60451381900009, 25.13386052100003], [121.60452798800009, 25.13376549800006], [121.60458195100011, 25.133550567000043], [121.6046287480001, 25.13338828700006], [121.60470386200006, 25.133190840000054], [121.6047770130001, 25.13303581100007], [121.60484187200007, 25.132848551000052], [121.60487043800003, 25.13272160300005], [121.60484881700006, 25.132655931000045], [121.6048478030001, 25.132564149000075], [121.6048326770001, 25.132487094000055], [121.60480080900004, 25.132431602000054], [121.60475089700003, 25.132246257000077], [121.60470380700008, 25.132119445000058], [121.60464920900006, 25.13198909600004], [121.60460926700011, 25.131810761000054], [121.60458043100004, 25.131647490000034], [121.60456278400011, 25.131493548000037], [121.60456299400005, 25.131404072000066], [121.60456309100005, 25.13132148400007], [121.60456237800008, 25.13121135500006], [121.60456478900005, 25.131064551000065], [121.60457105500006, 25.130990073000078], [121.60459096300008, 25.130852686000026], [121.60464295300005, 25.130758170000036], [121.60470755800009, 25.130739532000064], [121.60487348200002, 25.130693562000033], [121.60500747900005, 25.130672403000062], [121.60522239500006, 25.130637410000077], [121.60543360400004, 25.130597789000035], [121.60563691200002, 25.130578686000035], [121.60580891000006, 25.13054657200007], [121.60593641700007, 25.130536809000034], [121.6062663240001, 25.130486137000048], [121.60639249300004, 25.130480935000037], [121.6064844010001, 25.130489027000067], [121.60662893200004, 25.130517343000065], [121.60677415900011, 25.130503215000033], [121.60689182300007, 25.13047839400008], [121.60701084300001, 25.13044785900007], [121.60725136600001, 25.130389114000025], [121.60741612100003, 25.130337395000026], [121.607580632, 25.130300600000055], [121.6076922960001, 25.13025734000007], [121.60780123000006, 25.130226668000034], [121.60782091500005, 25.13021073300007], [121.6078318970001, 25.13020184000004], [121.60783753900012, 25.130165202000057], [121.60778815300012, 25.130024595000066], [121.60774482300008, 25.129898987000047], [121.60770390000005, 25.129780295000046], [121.60766393800009, 25.129603105000058], [121.607600552, 25.12939347400004], [121.60757428900001, 25.129303683000046], [121.60754441300003, 25.12920348800003], [121.6075122950001, 25.129162904000054], [121.60740654300002, 25.12907660700006], [121.60735442700002, 25.129025442000057], [121.6071759570001, 25.128837230000045], [121.6070533080001, 25.12870483200004], [121.60696661300005, 25.12860961800004], [121.60690847900003, 25.12854116400007], [121.60671100800005, 25.128358434000063], [121.60660946900009, 25.128245822000054], [121.60646850100011, 25.128077614000063], [121.6062968980001, 25.127931939000064], [121.60618843700001, 25.12785708000007], [121.60604793800007, 25.12773706200005], [121.6059323820001, 25.127633425000056], [121.60581852300004, 25.12750343700003], [121.60566519500003, 25.127320157000042], [121.60557870700006, 25.127212319000023], [121.60542174600005, 25.12709666300003], [121.6052920620001, 25.12700891000003], [121.60509264100006, 25.12686859200005], [121.60497443600002, 25.126772954000046], [121.60479507100001, 25.12656294800007], [121.60468795000008, 25.12640665400005], [121.60460201300009, 25.12626556400005], [121.60460848800005, 25.126101618000064], [121.60454330000005, 25.126002090000043], [121.60443369500001, 25.125920330000042], [121.60432035400004, 25.125852499000075], [121.604261328, 25.125817174000076], [121.60422394700004, 25.125794803000076], [121.6041037110001, 25.12574616300003], [121.60398510800007, 25.12575146900008], [121.6038765180001, 25.12576149800003], [121.60378186700007, 25.125767112000062], [121.60371872700011, 25.125696301000062], [121.603605173, 25.125547966000056], [121.60346223200008, 25.125500169000077], [121.60337228100002, 25.125526498000056], [121.6032233300001, 25.125690846000055], [121.60311046600009, 25.125807493000025], [121.603050972, 25.12589846800006], [121.6029226600001, 25.126034409000056], [121.60278723400006, 25.12614271800004], [121.60273338800005, 25.12619706600003], [121.60264646900009, 25.126192455000023], [121.60251674800008, 25.12618384600006], [121.6024179210001, 25.126136646000077], [121.60231339400002, 25.126052660000028], [121.60214644500002, 25.126007982000033], [121.60194423300004, 25.126037414000052], [121.6017928220001, 25.126044566000076], [121.60171875300011, 25.126025222000067], [121.60167197300007, 25.125880061000032], [121.60162727500006, 25.125684456000045], [121.60156804200005, 25.125529950000043], [121.601529894, 25.125396374000047], [121.60147022600006, 25.12519139400007], [121.60141860800002, 25.125033552000048], [121.601375533, 25.12489302800003], [121.601269924, 25.124644991000025], [121.60116802700009, 25.124324733000037], [121.60116724600005, 25.124142346000042], [121.60117110300007, 25.124060945000053], [121.60116929500009, 25.12378791200007], [121.60116756800005, 25.123662849000027], [121.60115894100011, 25.12349755500003], [121.60116158000005, 25.123413846000062], [121.601177215, 25.12330841200003], [121.60118478200002, 25.123254168000074], [121.6011751640001, 25.12321140800003], [121.601127259, 25.123109396000075], [121.60104257900002, 25.122929740000075], [121.60099120100006, 25.12281415700005], [121.60092936100011, 25.12265386400003], [121.600889617, 25.122572640000044], [121.60085102100004, 25.12247877200008], [121.60082728100008, 25.122353813000075], [121.60084706600003, 25.12231006500008], [121.60082214300007, 25.122194276000073], [121.60080430200003, 25.122022222000055], [121.60076627400008, 25.121846849000065], [121.60071392000009, 25.121764553000048], [121.60062958200001, 25.121625081000047], [121.60054654600003, 25.121490206000033], [121.60052101800011, 25.12145134600007], [121.60043595800005, 25.121375018000037], [121.60034833000009, 25.121292967000045], [121.60027415800005, 25.121163753000076], [121.60019589700005, 25.12099784000003], [121.60009844600006, 25.12079761700005], [121.60002506800004, 25.120613302000038], [121.599974083, 25.12054362500004], [121.59988606400009, 25.12041567700004], [121.5998110270001, 25.120332381000026], [121.59971776500004, 25.12032842600007], [121.59957328100006, 25.120375317000025], [121.5994754080001, 25.120421900000053], [121.59936073800009, 25.120419231000028], [121.59928996000008, 25.120392181000057], [121.59917486800009, 25.12034015000006], [121.59904687100004, 25.120251481000025], [121.59892143200011, 25.120167389000073], [121.59886809500006, 25.120117246000063], [121.59885073400005, 25.120001427000034], [121.5988273160001, 25.119914339000047], [121.5988163620001, 25.119811104000064], [121.59880427500002, 25.119722797000065], [121.59877016500002, 25.119563465000056], [121.5987124510001, 25.119443330000024], [121.59863025000004, 25.11925793200004], [121.59852399400006, 25.119058918000064], [121.59848012900011, 25.11893754400006], [121.59837235000009, 25.11870754100005], [121.59831886800009, 25.118492100000026], [121.59826213600002, 25.11833866300003], [121.59822054800009, 25.118188565000025], [121.59817301400005, 25.11807983400007], [121.59813963300007, 25.118006600000058], [121.59809581000002, 25.117889811000055], [121.59807372300008, 25.11781075300007], [121.59800817200005, 25.117657381000072], [121.59792505000007, 25.117512161000036], [121.59788144800007, 25.117421768000042], [121.59782804500003, 25.117363574000024], [121.59774164300006, 25.117276939000078], [121.59768685100005, 25.117203845000063], [121.59762541900011, 25.117090620000056], [121.59758183000008, 25.117001377000065], [121.59748458100012, 25.11682410900005], [121.59742438900003, 25.116708577000054], [121.59738186600009, 25.116596369000035], [121.59738057900006, 25.11644485900007], [121.59742754600006, 25.116337782000073], [121.59747493800012, 25.116281221000065], [121.59750080800006, 25.11621217000004], [121.5973935400001, 25.116041857000027], [121.597294239, 25.115919705000067], [121.59719007600006, 25.11581824500007], [121.59710361500004, 25.115724705000048], [121.59702507600002, 25.11567357900003], [121.59693886100001, 25.11560874500003], [121.59690830400007, 25.115571051000074], [121.59685318200002, 25.11545894900007], [121.59681477900006, 25.115386880000074], [121.59678748100009, 25.115287194000075], [121.596735265, 25.115220977000035], [121.59669943900008, 25.11515578700005], [121.59664464900004, 25.115082692000044], [121.59658892000004, 25.11504748300007], [121.5964782530001, 25.11492196300003], [121.5963980360001, 25.114821489000065], [121.59635954300006, 25.114739103000034], [121.59631226300007, 25.11466021700005], [121.5962841590001, 25.11461448700004], [121.59625580500006, 25.11453891900004], [121.59620890400004, 25.114504795000073], [121.59610183500001, 25.11435743800007], [121.59598865900011, 25.114233074000026], [121.59581937200005, 25.11417684500003], [121.59568502900004, 25.114156125000022], [121.59522293300006, 25.11451788900007], [121.59508117100006, 25.114611916000058], [121.5948608870001, 25.11480688100005], [121.59475831500004, 25.114836058000037], [121.59471090700004, 25.114836247000028], [121.59466332800002, 25.11480049900007], [121.59459987600007, 25.114750430000072], [121.59453631800011, 25.11467880600003], [121.59437759800005, 25.114535682000053], [121.59431442700009, 25.114543123000033], [121.59419601500008, 25.114565176000042], [121.594085575, 25.11460156000004], [121.5939755930001, 25.114731389000042], [121.59384204100002, 25.114890057000025], [121.59369290000006, 25.11509193100005], [121.59359833100007, 25.115142631000026], [121.59351935600012, 25.11515013500008], [121.5934243700001, 25.115114576000053], [121.59331351100002, 25.115064716000063], [121.59309158300005, 25.114921837000054], [121.59294097500003, 25.11482180400003], [121.59281637200002, 25.11473879700003], [121.59275865900008, 25.114700351000067], [121.59266367100008, 25.114664792000042], [121.59251513200002, 25.114622445000066], [121.5924896030001, 25.114615167000068], [121.59226212800002, 25.114514001000032], [121.59203268500005, 25.114450230000045], [121.59179544400001, 25.11440806400003], [121.5915818740001, 25.114358594000066], [121.59145507400001, 25.114280035000036], [121.59139158800008, 25.114222780000034], [121.59113005600011, 25.11405850600005], [121.591042764, 25.113979786000073], [121.59096354300004, 25.113936970000054], [121.59086855900011, 25.11390140800006], [121.59077360600008, 25.11387303300006], [121.59058367000011, 25.113809115000038], [121.59051228400006, 25.11375189300003], [121.59042502700004, 25.113680359000057], [121.59030630300003, 25.11363769700006], [121.590227292, 25.113638021000042], [121.59017215900008, 25.113674182000068], [121.59006815000009, 25.11381148600003], [121.59004654000012, 25.113840012000026], [121.58997602500006, 25.11396249200004], [121.5899291720001, 25.114077703000078], [121.58992179000006, 25.114185545000055], [121.58986669100011, 25.114228901000047], [121.58985906400005, 25.114226952000024], [121.58981131500002, 25.11421474800005], [121.58980498200003, 25.114204295000036], [121.58976352700006, 25.114135864000048], [121.58965253300005, 25.114057238000044], [121.58951275700008, 25.113996402000055], [121.58940708000011, 25.113950406000072], [121.5891145700001, 25.113915631000054], [121.58910553800001, 25.11391590100004], [121.58883807000007, 25.113923924000062], [121.58836411400011, 25.113947375000066], [121.588142575, 25.11388356300006], [121.58800770200003, 25.11376910100006], [121.58794799200007, 25.113650965000033], [121.58788804900007, 25.11353236700006], [121.5878388750001, 25.113447862000044], [121.5878004110001, 25.113381762000074], [121.58769690500003, 25.113216842000043], [121.587656777, 25.11308762400006], [121.58759003700004, 25.112837348000028], [121.58751837600005, 25.112722616000042], [121.58739889600008, 25.11252183000005], [121.587303431, 25.112385634000077], [121.58727927600012, 25.112292283000045], [121.58719950900002, 25.11213445800007], [121.58715117100007, 25.11194057700004], [121.58712698600004, 25.11184004000006], [121.58707119500002, 25.11173962600003], [121.58702324, 25.11162480200005], [121.5869353280001, 25.11141669600005], [121.5868713960001, 25.111266002000036], [121.58679173300004, 25.11112974200006], [121.58676707400002, 25.111085356000046], [121.58670319500004, 25.11097038500003], [121.58665624700006, 25.110885885000073], [121.5866162960001, 25.110792596000067], [121.58652100200004, 25.110692337000046], [121.58646531800002, 25.110613492000027], [121.58642150700007, 25.11057398400004], [121.58640183600005, 25.110556246000044], [121.58625869200011, 25.110362731000066], [121.5862109410001, 25.11029104000005], [121.58619462200011, 25.110183285000062], [121.5861939130001, 25.11018095700007], [121.58614646, 25.110025330000042], [121.58603901700008, 25.10986603400005], [121.58599279600003, 25.109797505000074], [121.58584954900005, 25.10958243300007], [121.58582712700002, 25.109549057000038], [121.58566652500008, 25.10931000200003], [121.58552331300007, 25.109102121000035], [121.58537083300007, 25.10890087200005], [121.58530068400012, 25.108808284000077], [121.58528443600005, 25.10871491100005], [121.58528395300004, 25.10861427900005], [121.5852441400001, 25.108549741000047], [121.58514126200009, 25.108514209000077], [121.58500684500007, 25.10849318100003], [121.58484859200007, 25.108443486000056], [121.58476144600002, 25.108393517000025], [121.58457158700003, 25.10834395200004], [121.5844608750001, 25.108322830000077], [121.58431855900005, 25.108301835000077], [121.58428692500001, 25.10829477300007], [121.58423938300007, 25.108266206000053], [121.5841919180001, 25.108203978000063], [121.58415192600012, 25.108151545000055], [121.58400071500012, 25.10792211000006], [121.58380227400005, 25.107728830000042], [121.58366846100012, 25.10762720200006], [121.58365161400002, 25.107614407000028], [121.5833664380001, 25.107457405000048], [121.5832403930001, 25.10743181400005], [121.58316762800007, 25.107429031000038], [121.58310927200012, 25.10741409800005], [121.5829592880001, 25.107391969000048], [121.58280930300009, 25.107369843000072], [121.58270917200002, 25.10732478400007], [121.58265052500008, 25.10724926100005], [121.58246644000008, 25.10706060700005], [121.58226606800008, 25.106947760000025], [121.58195745000012, 25.10683534800006], [121.58177199700003, 25.106796752000037], [121.58170740800006, 25.106783310000026], [121.58151590200009, 25.106784060000052], [121.58137659300007, 25.106812198000057], [121.58132457500005, 25.106822703000034], [121.58105045400009, 25.106960145000073], [121.58080105600004, 25.107044462000033], [121.58074227400004, 25.10704701700007], [121.58060958500005, 25.107052786000054], [121.58030940300011, 25.106963070000063], [121.58008380100011, 25.10679729800006], [121.58008003100008, 25.10679329800007], [121.57994153400011, 25.106646349000073], [121.57977410900003, 25.106457625000075], [121.57968109800004, 25.106300859000044], [121.579596723, 25.106066356000042], [121.57942043300011, 25.105764022000074], [121.57924367900011, 25.10536321400008], [121.57915130100002, 25.105196912000054], [121.57902586900002, 25.10508377700006], [121.57900482200012, 25.105080797000028], [121.57899019400008, 25.105078726000045], [121.57881756900008, 25.10505429500006], [121.57863457000008, 25.105092897000077], [121.57821915200009, 25.105283918000055], [121.57779809800002, 25.105547986000033], [121.57730827800003, 25.105852937000066], [121.57710891300007, 25.105952199000058], [121.57699341600005, 25.106179927000028], [121.57683707500007, 25.10657446400006], [121.57667990800007, 25.10679478000003], [121.57658867500004, 25.106870886000024], [121.5762973950001, 25.106902330000025], [121.57594754400009, 25.10687339900005], [121.57573116600008, 25.10689697600003], [121.57524827100008, 25.106906437000077], [121.57482326800005, 25.10683234100003], [121.57433130000004, 25.106682759000023], [121.57412317800004, 25.106691141000056], [121.573975485, 25.106724188000044], [121.573950824, 25.106729706000067], [121.57388196000011, 25.106745115000024], [121.5736489630001, 25.106776323000076], [121.57348232900006, 25.106754245000047], [121.57324001100005, 25.106573379000054], [121.57294727100009, 25.106294220000052], [121.57268801900011, 25.106052813000076], [121.57237967000003, 25.10592945700006], [121.57229883900004, 25.105897122000044], [121.57199873700006, 25.105822527000043], [121.5716404530001, 25.105770887000062], [121.57144485200001, 25.105741161000026], [121.57134882100002, 25.105726566000044], [121.57113219200005, 25.105697104000058], [121.57098192800004, 25.105614364000076], [121.57080689700001, 25.105577156000038], [121.57049850500005, 25.105510176000053], [121.57034005600008, 25.105457756000078], [121.57026476600004, 25.105382302000066], [121.57014749300004, 25.105231247000063], [121.56991297800005, 25.104936706000046], [121.5697039050001, 25.10474055900005], [121.56950308500006, 25.104529209000077], [121.56939399600003, 25.10434782300007], [121.56928441700006, 25.104060369000024], [121.56915755900002, 25.103650341000048], [121.56913225500011, 25.10356855300006], [121.56903019000003, 25.10310684800004], [121.56899582900007, 25.10287971100007], [121.56889443300008, 25.102561928000057], [121.56882733200007, 25.102456136000058], [121.56875466800011, 25.10233551400006], [121.56873252200012, 25.10229875300007], [121.56848951500001, 25.10196637200005], [121.56816272300011, 25.10152068000008], [121.56807486000002, 25.10139199500003], [121.56796152700008, 25.10122601100005], [121.56769291500007, 25.100757362000024], [121.56752027100003, 25.100406247000024], [121.56749958800003, 25.100364186000036], [121.56730351300007, 25.099890886000026], [121.56728927200004, 25.099841109000067], [121.56721041900005, 25.09956549800006], [121.56720253000003, 25.099523528000077], [121.5671677360001, 25.09933840000008], [121.56712564800011, 25.09924007400008], [121.5670435400001, 25.099158602000045], [121.5670420030001, 25.09915707600004], [121.56703018200005, 25.099149612000076], [121.56699532800008, 25.099127612000075], [121.56695849800008, 25.099104365000073], [121.56683350300011, 25.09908211800007], [121.56681982300006, 25.099082171000077], [121.5666110740001, 25.09908297800007], [121.56649346300003, 25.099083432000043], [121.56637558000011, 25.099083888000052], [121.56599255300011, 25.099077777000048], [121.56557611800008, 25.099049086000036], [121.56508461200008, 25.098990366000066], [121.56499285100006, 25.098952842000074], [121.56482615900006, 25.09891560600005], [121.56473418900009, 25.098832618000074], [121.5645253780001, 25.098689489000037], [121.56440017600005, 25.098621797000078], [121.56419178600004, 25.098569570000052], [121.5639585560001, 25.098547731000053], [121.56380053700002, 25.098586216000058], [121.56355912300012, 25.098594717000026], [121.56340079300003, 25.098565019000034], [121.56325904500011, 25.098520110000038], [121.56321246300001, 25.098499141000048], [121.56307549100006, 25.09843748000003], [121.5628667530001, 25.098309501000074], [121.562708498, 25.098212129000046], [121.56263633300011, 25.098176545000058], [121.56250850300012, 25.098128647000067], [121.56250238000007, 25.098126353000055], [121.56232376100002, 25.098056058000054], [121.5622456430001, 25.09803101500006], [121.56203380500006, 25.09800647800006], [121.56203377200006, 25.09800647800006], [121.56199698000012, 25.098006616000077], [121.56193908800003, 25.098006835000035], [121.5617886550001, 25.098007404000043], [121.56163274100004, 25.098028283000076], [121.56151576100001, 25.098033798000074], [121.56143218500006, 25.098034125000027], [121.56127058400011, 25.098029663000034], [121.56103664700004, 25.098045769000066], [121.56095328200001, 25.098091709000073], [121.56088092000005, 25.09810718800003], [121.56078079300005, 25.098143065000045], [121.56064496300007, 25.098212174000025], [121.56059232700011, 25.09822457100006], [121.56054956300011, 25.098249558000077], [121.56049767400009, 25.09826866700007], [121.56041064200008, 25.09827372700005], [121.56038335400001, 25.09827383100003], [121.56030534900003, 25.098264674000063], [121.56023377800011, 25.09824130000004], [121.56017073500004, 25.09821217900003], [121.56013742900006, 25.098186071000043], [121.5601206230001, 25.098165866000045], [121.56004805300006, 25.098135725000077], [121.55994769300003, 25.098120893000043], [121.55984180900009, 25.09811622600006], [121.5598030210001, 25.098119738000037], [121.55972485000007, 25.098126815000057], [121.5596970150001, 25.098131995000074], [121.55960296700005, 25.09815469800003], [121.55956900600006, 25.09816289500003], [121.55944059300009, 25.09821219300005], [121.55932300500001, 25.098273991000042], [121.55922931200007, 25.098338477000027], [121.55908115300008, 25.098481543000048], [121.55894865700009, 25.098624565000023], [121.55880816600006, 25.098731979000036], [121.55876117200012, 25.09873215400006], [121.5587218820001, 25.098703792000038], [121.55870576300003, 25.098604112000032], [121.5586896100001, 25.098497292000047], [121.5586813430001, 25.098448520000034], [121.55866546400011, 25.098354866000022], [121.55861209900002, 25.09821220200007], [121.55834781500005, 25.097963064000055], [121.55823967900005, 25.097861126000055], [121.55817647100002, 25.097829224000066], [121.55811906800011, 25.097760187000063], [121.55805168200004, 25.09758731200003], [121.55801925900005, 25.09748675900005], [121.55792622500007, 25.097198244000026], [121.55783068100004, 25.096905718000073], [121.55781044300011, 25.096843754000076], [121.55776200500009, 25.09665349900007], [121.55771329400011, 25.096402644000023], [121.55764638000005, 25.096333641000058], [121.55760816700001, 25.096299164000072], [121.5574844460001, 25.09629097900006], [121.55724680000003, 25.09633516300005], [121.557065996, 25.096327184000074], [121.55693264600006, 25.09629306000005], [121.55681797000011, 25.096180968000056], [121.5566932270001, 25.095947713000044], [121.55648792500006, 25.09549338200003], [121.55641098900003, 25.09531188300008], [121.55636286900005, 25.095190872000046], [121.55635252900004, 25.095009117000075], [121.55636125600006, 25.094835954000075], [121.55625589500005, 25.094680536000055], [121.55602923800006, 25.094450446000053], [121.55595004500003, 25.09437005500007], [121.55585430000008, 25.094323772000052], [121.55555912000011, 25.09418108400007], [121.55529238300005, 25.094104179000055], [121.55490220700005, 25.09407969500006], [121.5548542790001, 25.094052686000055], [121.55474959700007, 25.09399369500005], [121.55466346300011, 25.093881495000062], [121.55455752000012, 25.093596217000027], [121.55454628100006, 25.093215377000035], [121.55449900600001, 25.092822311000077], [121.5544988690001, 25.09282117300006], [121.55448696300004, 25.092722176000052], [121.55447292100007, 25.092713144000072], [121.55421579100005, 25.092547739000054], [121.55385384700003, 25.092453893000027], [121.5535206400001, 25.092403199000046], [121.55320685100003, 25.092439011000067], [121.55281703100002, 25.092492401000072], [121.55259837800008, 25.09252785900003], [121.55234139600009, 25.092502851000063], [121.55220808900003, 25.092477373000065], [121.55217261100006, 25.092405536000058], [121.55211244500003, 25.09236519600006], [121.55191153100009, 25.092114914000035], [121.55165365300002, 25.091890805000048], [121.55137721500012, 25.091770650000058], [121.55111072400007, 25.091745686000024], [121.55078753700002, 25.091807482000036], [121.5503216510001, 25.09186981600004], [121.54987455900005, 25.091880142000036], [121.54959214700011, 25.091845645000035], [121.54938160800009, 25.09156942800007], [121.54930007300004, 25.091481137000073], [121.54923820800002, 25.091414145000044], [121.54906638700004, 25.091284934000043], [121.5489733500001, 25.091240820000053], [121.54897033600002, 25.091239391000045], [121.54888524100011, 25.091199043000074], [121.54866604300003, 25.091113294000024], [121.54849468800012, 25.091087961000028], [121.54832313600002, 25.091019351000057], [121.54816098200001, 25.090924735000044], [121.54814630800001, 25.09091557100004], [121.54813998400004, 25.09091162200008], [121.54791293500011, 25.09076983500006], [121.54763654300007, 25.090658329000064], [121.54729402400005, 25.090650950000054], [121.54682600700005, 25.090652684000077], [121.54681835500003, 25.090652711000075], [121.54680479500007, 25.090652763000037], [121.54648538700008, 25.090653944000053], [121.54626646400004, 25.090628779000042], [121.54624113700004, 25.09061737500008], [121.54598048500009, 25.090499992000048], [121.54569469700004, 25.090414485000053], [121.545380797, 25.090424306000045], [121.54517127000008, 25.090373149000072], [121.5451141530001, 25.09036758700006], [121.54499995300012, 25.090356470000074], [121.54497322400005, 25.090374308000037], [121.54496164900002, 25.090382032000036], [121.54489561300011, 25.090426098000023], [121.54478218700001, 25.090590994000024], [121.54476381500001, 25.090738229000067], [121.54468859700012, 25.090937608000047], [121.54456596200009, 25.09117178300005], [121.54441478800004, 25.091406061000043], [121.54421589200001, 25.091605896000033], [121.544064176, 25.091718995000065], [121.54386458500005, 25.091763016000073], [121.5434459170001, 25.091747243000043], [121.54299867000009, 25.09172291400006], [121.54275128400002, 25.09171516400005], [121.54250412800002, 25.09175934800004], [121.54232371700004, 25.091837919000056], [121.54218481900011, 25.091911843000048], [121.54211463900003, 25.091990853000027], [121.54205761800006, 25.092121451000025], [121.54193069900009, 25.09240287800003], [121.54183688900002, 25.09256106600003], [121.54175963400007, 25.092676949000065], [121.54170445200009, 25.092741327000056], [121.54164007300005, 25.092796510000028], [121.5415628180001, 25.092836976000058], [121.54147452600012, 25.092868246000023], [121.54136048300006, 25.092873764000046], [121.54124092300003, 25.092855370000052], [121.54111216500007, 25.092811225000048], [121.54101651600001, 25.092750525000042], [121.54095765600005, 25.092667752000068], [121.54090615200005, 25.092515081000045], [121.5408804010001, 25.092378965000023], [121.54086200600011, 25.09230171100006], [121.54083257600007, 25.09224468900004], [121.54080682400001, 25.092211581000072], [121.54075800700002, 25.092188297000064], [121.54062474500006, 25.09217146800006], [121.54030109700011, 25.092129365000062], [121.53995961200008, 25.09209108700003], [121.53992478100008, 25.092087183000046], [121.53977758600001, 25.09207068300003], [121.53947196800004, 25.091973779000057], [121.53896652900005, 25.091808917000037], [121.53888158100006, 25.091793748000043], [121.53881413400006, 25.091782145000025], [121.5387647770001, 25.091775545000075], [121.53871775200003, 25.091777062000062], [121.53867527800003, 25.091774027000042], [121.53863329500007, 25.091763109000055], [121.53833700500002, 25.09164964000007], [121.5383127340001, 25.091631435000068], [121.53828694600008, 25.091602615000056], [121.53805182200006, 25.091359907000026], [121.53799522000008, 25.09131539300006], [121.53763310300008, 25.09117820700004], [121.53740428600008, 25.09106649200004], [121.53708950100008, 25.090885824000054], [121.53685099200004, 25.09072224700003], [121.5365646790001, 25.090515529000072], [121.53616409200004, 25.09028326300006], [121.53597634200003, 25.090174391000062], [121.53589703700004, 25.09012840400004], [121.53579347800007, 25.09003425700007], [121.53573006700003, 25.089976613000033], [121.53548158600006, 25.089717820000033], [121.53515688300001, 25.089433330000077], [121.53489896300005, 25.08919187600003], [121.5346983500001, 25.08900215400007], [121.53431611500002, 25.088613992000035], [121.53393358200003, 25.088156576000074], [121.53361938000012, 25.088097109000046], [121.53354297700002, 25.088028133000023], [121.53338064600007, 25.08789019900007], [121.53323896800009, 25.087838127000055], [121.5331488600001, 25.087821145000078], [121.53306107200001, 25.087793546000057], [121.53295128400009, 25.08774608400006], [121.53284580800005, 25.087682654000048], [121.53274459500005, 25.087591291000024], [121.53262571100004, 25.087468088000037], [121.53256832900001, 25.087376560000052], [121.53251077400012, 25.08724515700004], [121.53246640300006, 25.087121687000035], [121.53235612700007, 25.08696255900003], [121.53230331300006, 25.08689706000007], [121.5321800800001, 25.08678184400003], [121.53205686600006, 25.086670619000074], [121.531854425, 25.08648389600006], [121.53173556000002, 25.086364683000056], [121.5316166240001, 25.08622950800003], [121.5315140560001, 25.086084329000073], [121.53146984200009, 25.085996742000077], [121.53140385100005, 25.085941150000053], [121.53132834900009, 25.08571409600006], [121.531306, 25.08561447200003], [121.53123516000005, 25.08545122000004], [121.53114670200011, 25.085268076000034], [121.5310623470001, 25.085136713000054], [121.53106066100008, 25.08513408600004], [121.53104961200006, 25.085116880000044], [121.5309702830001, 25.085017460000074], [121.53087347300004, 25.08493006200007], [121.53078115200003, 25.084866583000064], [121.53068164900003, 25.084804818000066], [121.53050157700011, 25.084721718000026], [121.53029517400012, 25.084630712000035], [121.53004939300001, 25.08455581800007], [121.52979921200006, 25.084476949000077], [121.5296500500001, 25.084445565000067], [121.52951412200002, 25.08443409000006], [121.52928473300005, 25.08437272900005], [121.52926399400008, 25.08436718200005], [121.52923857100006, 25.08434963700006], [121.52919646400005, 25.08432857300005], [121.52919155000006, 25.084331344000077], [121.52888841100003, 25.08450228600003], [121.52850158700005, 25.083995687000026], [121.52818075000005, 25.08371571500004], [121.5279091760001, 25.083553926000036], [121.52780008500008, 25.08338169900003], [121.52769215900003, 25.083289518000072], [121.52754250700002, 25.083161691000043], [121.52689209000005, 25.082429451000053], [121.526881666, 25.08233801700004], [121.5269113390001, 25.082237295000027], [121.52694597100003, 25.082122833000028], [121.52693631300008, 25.082023027000048], [121.52688575200011, 25.08193173500007], [121.52652333600008, 25.081663176000063], [121.52613269300002, 25.081439214000056], [121.52596129100004, 25.081366686000024], [121.5258424750001, 25.081341675000033], [121.52570274400011, 25.08132627200007], [121.5255044920001, 25.081505040000025], [121.5252551640001, 25.081932882000046], [121.52508527600003, 25.08171085400005], [121.52501102800011, 25.08161381700006], [121.52500241700011, 25.081602562000057], [121.52487775400004, 25.081603003000055], [121.52482486200006, 25.081596627000067], [121.52478127900008, 25.081591372000048], [121.524728632, 25.08157959600004], [121.52466274900007, 25.081547925000052], [121.52460991400005, 25.081492273000038], [121.5245393240001, 25.081384847000038], [121.52443757800006, 25.081210678000048], [121.52438017300005, 25.081111176000036], [121.5243314280001, 25.080987717000028], [121.52430476800009, 25.080904058000044], [121.52429145000008, 25.08086423000003], [121.52429100300003, 25.08076053700006], [121.52428576400007, 25.080561153000076], [121.52430724900012, 25.08046137300005], [121.52431075200002, 25.08039842000005], [121.52431278800009, 25.080361845000027], [121.52431945800004, 25.080241986000033], [121.52433198900007, 25.08009837000003], [121.52435782400005, 25.079916409000077], [121.52439691000006, 25.079832520000025], [121.5244445400001, 25.079696759000058], [121.524483712, 25.079632810000078], [121.52459677800005, 25.079425032000074], [121.52466620300004, 25.079261271000064], [121.52475295400006, 25.07904958100005], [121.52485667500002, 25.078651541000056], [121.52492144200005, 25.078423979000036], [121.525042331, 25.07799682700005], [121.52509834700004, 25.077773285000035], [121.52514542900008, 25.077509898000073], [121.52516251300005, 25.077406153000027], [121.52518353500011, 25.077198688000067], [121.52519560500002, 25.07694738500004], [121.52522587600004, 25.076796972000068], [121.52529509400006, 25.07658534500007], [121.52542095800004, 25.076297758000067], [121.52545114200007, 25.076181993000034], [121.52552052800002, 25.076010250000024], [121.52565396300008, 25.075652054000045], [121.52571881300003, 25.075444444000027], [121.52577489600003, 25.075236853000035], [121.52578319700001, 25.07512914800003], [121.52579162000006, 25.075049358000058], [121.52577362700004, 25.07494172500003], [121.52576008400001, 25.07485004600005], [121.52572447400007, 25.07472255400006], [121.52565373300001, 25.074579235000044], [121.52558330000011, 25.074507700000026], [121.52552168500006, 25.074448080000025], [121.52535901100009, 25.074329017000025], [121.52519208900003, 25.074241866000023], [121.52507358500009, 25.074202399000058], [121.52502987800005, 25.074230468000053], [121.52497439500007, 25.074334578000048], [121.5249255330001, 25.074426266000046], [121.52472093000006, 25.07475002700005], [121.52459032000002, 25.074953879000077], [121.52453419900007, 25.075033060000067], [121.52429843700008, 25.075365693000037], [121.52417588900005, 25.075552265000056], [121.52389254900004, 25.075912199000072], [121.5237530500001, 25.07608816900006], [121.52361785000005, 25.07624417900007], [121.52344762100006, 25.076408294000032], [121.52332741300006, 25.076505413000064], [121.523264175, 25.076556504000052], [121.52300637500002, 25.076740869000048], [121.52284649500007, 25.07685573400005], [121.5226630300001, 25.07699995400003], [121.52250088500011, 25.077111080000066], [121.5222828310001, 25.07726052000004], [121.52208176700003, 25.077388837000058], [121.52170130900004, 25.077589574000058], [121.52148702500006, 25.077701986000022], [121.52107592100003, 25.077910803000066], [121.52088344800006, 25.077999220000038], [121.52042523500006, 25.078189955000028], [121.52023267700008, 25.078258428000026], [121.5198081310001, 25.07839948900005], [121.5195455810001, 25.078500104000057], [121.51927863300011, 25.078596753000056], [121.5191517500001, 25.078649034000023], [121.51889788100004, 25.078729683000063], [121.51863969600004, 25.078826289000062], [121.51846030200011, 25.078898698000046], [121.51825039500011, 25.07901110000006], [121.51784536900004, 25.07923818200004], [121.51765301000012, 25.079354504000037], [121.517478116, 25.079454818000045], [121.51725957800011, 25.079599143000053], [121.51704982000001, 25.079747436000048], [121.51666946700004, 25.079976085000055], [121.51645957200003, 25.080092454000066], [121.51625758300008, 25.08022284200007], [121.51623383600008, 25.080238171000076], [121.51622353500011, 25.08024481900003], [121.516219137, 25.080242328000054], [121.5160346130001, 25.080137800000045], [121.5160205630001, 25.080130346000033], [121.5159434520001, 25.080102487000033], [121.51488956600008, 25.079721751000022], [121.5141129220001, 25.07941317700005], [121.5135416710001, 25.08079181100004], [121.51326067800005, 25.08068494500003], [121.51312456100004, 25.080633178000028], [121.51314818600008, 25.08054502400006], [121.51330727000004, 25.079951021000056], [121.51293006600008, 25.079714558000035], [121.51271077100012, 25.079593799000065], [121.51255736100006, 25.079523195000036], [121.51181380500009, 25.07918098400006], [121.51140877000012, 25.078994570000077], [121.51127111200003, 25.07898459300003], [121.51116785300007, 25.07897710900005], [121.51069082800007, 25.07888727900007], [121.51023909900005, 25.078847664000023], [121.50995919000002, 25.078854424000042], [121.50979508500006, 25.07885838900006], [121.50978933600004, 25.078852595000058], [121.50961874100005, 25.07868062800003], [121.50882118900006, 25.07873366700005], [121.50822776200005, 25.078401835000022], [121.50819208100006, 25.07840023800003], [121.50756806700008, 25.078372313000045], [121.50467759500009, 25.078121260000046], [121.50465280600008, 25.07818809300005], [121.50460809800006, 25.078326826000023], [121.50457398800006, 25.078424007000024], [121.50456343100007, 25.078454084000043], [121.50451616700002, 25.07859968500003], [121.50445992300001, 25.078783145000045], [121.50442025200005, 25.078923042000042], [121.50437303400008, 25.079057170000056], [121.50432821400011, 25.07922344800005], [121.50424646800002, 25.07947454300006], [121.50420172300005, 25.07962130100003], [121.50416845600012, 25.079737117000036], [121.5041174270001, 25.079876978000073], [121.50405224300005, 25.080087952000042], [121.50399883600005, 25.080189923000034], [121.5039542940001, 25.080285041000025], [121.50391742500005, 25.08035492500005], [121.50387035400001, 25.08045118900003], [121.5038156170001, 25.080571529000053], [121.50372919200004, 25.080726183000024], [121.50367580300008, 25.080824715000062], [121.50362486100005, 25.08094162100008], [121.50356761000012, 25.081059640000035], [121.50346434800008, 25.081263283000055], [121.5034531450001, 25.08128537600004], [121.503452605, 25.081286388000024], [121.50339211700009, 25.081399951000037], [121.50332843600006, 25.081547802000046], [121.5032648130001, 25.081680721000055], [121.50317451600006, 25.08185718200008], [121.50312110900006, 25.081960292000076], [121.50307402200008, 25.08205999100005], [121.5030154850001, 25.082182611000064], [121.50295444400001, 25.082301780000023], [121.502892072, 25.082437006000077], [121.50283609600001, 25.08255044200007], [121.50277375400003, 25.082678789000056], [121.50270883100006, 25.08282089200003], [121.50263886000005, 25.08296298700003], [121.50257532800003, 25.083071810000035], [121.502513, 25.08319670700007], [121.50243299100009, 25.083323851000046], [121.50238221000006, 25.083400578000067], [121.5023199850001, 25.083497932000057], [121.50223234000009, 25.083641105000027], [121.50214729200002, 25.083767081000076], [121.5020686040001, 25.083878140000024], [121.50195947500004, 25.08402929500005], [121.5018300480001, 25.084206770000037], [121.50176649700006, 25.08432018900004], [121.50170053800002, 25.08440490600003], [121.50164219300007, 25.084489259000065], [121.50163765500008, 25.08449581900004], [121.50159518800001, 25.08455721300004], [121.5014682310001, 25.084747311000058], [121.50145723600008, 25.08476300500007], [121.501383196, 25.084868691000054], [121.50135889800003, 25.08491249800005], [121.50133362400004, 25.08495806600007], [121.5012876290001, 25.085019440000053], [121.50124354000002, 25.085078271000043], [121.50121152500003, 25.085127530000022], [121.50118791300008, 25.08516386100007], [121.50117878500009, 25.08517790600007], [121.50114027300003, 25.085232511000072], [121.50108105800007, 25.085316472000045], [121.50099724200004, 25.085448177000046], [121.5009566220001, 25.085507729000028], [121.50095186200008, 25.08551538100005], [121.50092740900004, 25.085554691000027], [121.50089749000006, 25.085598953000044], [121.50086393200002, 25.085648598000034], [121.5007560470001, 25.08580317800005], [121.50066212000002, 25.08593945900003], [121.50057197300009, 25.08607574100006], [121.50048691300003, 25.086202855000067], [121.50045740900009, 25.086245382000072], [121.5003764810001, 25.086362030000032], [121.50026344000003, 25.086542990000055], [121.50019366600009, 25.086634590000074], [121.50011875000007, 25.086749118000057], [121.50005909400011, 25.08683499500006], [121.5000484730001, 25.086849441000027], [121.49997154000005, 25.086954073000072], [121.49987131700004, 25.08708458500007], [121.49976723300006, 25.08723460300007], [121.49971395700004, 25.087297714000044], [121.49968608000006, 25.08733073600007], [121.49961382100003, 25.087411988000042], [121.49951490600006, 25.087531031000026], [121.49940845300011, 25.08764085400003], [121.49931852600002, 25.087722056000075], [121.49922603900006, 25.087811275000035], [121.499144999, 25.087878717000024], [121.49909306300003, 25.087926759000027], [121.49896569100008, 25.088032170000076], [121.49889552900004, 25.08809023500004], [121.49879547400008, 25.088178278000044], [121.4987081050001, 25.088250300000027], [121.49861941300003, 25.088337231000025], [121.4985825330001, 25.088368090000074], [121.4985694940001, 25.088379001000078], [121.49841174100004, 25.088511006000033], [121.4983223690001, 25.088593785000057], [121.49831419800012, 25.08860135300006], [121.49822679200008, 25.08868254600003], [121.4981331460001, 25.08874651800005], [121.49800949300004, 25.08885617800007], [121.49799002300006, 25.088873445000047], [121.49787603000004, 25.088975211000047], [121.49779039900011, 25.089054410000074], [121.497772155, 25.089071285000045], [121.49768349400006, 25.089150190000055], [121.49760496200008, 25.089221079000026], [121.49737704200004, 25.08940741600003], [121.49728584200011, 25.089489740000033], [121.4971870390001, 25.089580090000027], [121.49708827000006, 25.089661248000027], [121.49683753700003, 25.089870449000045], [121.49675264200005, 25.08995396200004], [121.49665384000002, 25.090043155000046], [121.49655256500012, 25.09011971800004], [121.4963638160001, 25.090293544000076], [121.49620553600005, 25.090422715000045], [121.49595092200002, 25.090654854000036], [121.49555949600006, 25.091011652000077], [121.49539864400003, 25.091152286000067], [121.49534265800003, 25.09120247900006], [121.49533548600004, 25.091208909000045], [121.49521497500007, 25.09131694900003], [121.49511877300006, 25.091386643000078], [121.49502375800012, 25.091474702000028], [121.4949249330001, 25.091569637000077], [121.49471724000011, 25.09174454500004], [121.49460708800007, 25.091831419000073], [121.49452222100001, 25.09190686900007], [121.49441583100008, 25.091999490000035], [121.49421205200008, 25.092142281000065], [121.49411073500005, 25.092228024000065], [121.49399549700001, 25.09232404200003], [121.49373214100001, 25.092529757000023], [121.49357261000011, 25.092654332000052], [121.49345483800005, 25.09275149700005], [121.49331429100005, 25.092862360000026], [121.49313445100006, 25.093015558000047], [121.49305341700006, 25.09307956600003], [121.49297988800004, 25.09315966400004], [121.49284700100009, 25.093248725000024], [121.49274566000008, 25.093341363000036], [121.49259625900004, 25.093456797000044], [121.49247592800009, 25.093561977000036], [121.492342946, 25.09367517100003], [121.49220361500011, 25.093797503000076], [121.49210735400004, 25.093879823000066], [121.49203134400011, 25.09394958300004], [121.4919274450001, 25.094049083000073], [121.49181853400012, 25.094139399000028], [121.49172988700002, 25.094212559000027], [121.49162976100001, 25.094315521000055], [121.49154865800006, 25.094395599000052], [121.49147141600008, 25.094457309000063], [121.49137007200011, 25.094548793000058], [121.49124336200009, 25.094671172000062], [121.49115972000004, 25.09475467900006], [121.49114826000005, 25.094764863000023], [121.491078646, 25.09482672000007], [121.49098993500002, 25.09491594800005], [121.49089240400008, 25.095001695000065], [121.49080365900011, 25.09509781500003], [121.49070356400011, 25.095191593000038], [121.49061612000003, 25.09527967300005], [121.4905527630001, 25.095341435000023], [121.49035376800009, 25.095546218000038], [121.49027647600008, 25.09561941100003], [121.4902067590001, 25.095692635000034], [121.49009522500012, 25.095807035000064], [121.48991520400011, 25.096001546000025], [121.48976430700009, 25.09617319800003], [121.4895601830001, 25.096397480000064], [121.48942076700007, 25.096539318000055], [121.48933584000008, 25.096627415000057], [121.48922690000006, 25.096723463000046], [121.48918886400008, 25.096765795000067], [121.48910266100006, 25.096857326000077], [121.48899879400005, 25.09694765200004], [121.48892027200009, 25.09701281300005], [121.4888506420001, 25.097064232000037], [121.488793686, 25.097103050000044], [121.48874810000007, 25.097139628000036], [121.48869876700007, 25.097165863000043], [121.488463464, 25.09729593000003], [121.4882408410001, 25.097413388000064], [121.48811433000003, 25.09748527100004], [121.48801944900003, 25.097537746000057], [121.48790432800001, 25.097601629000053], [121.48773477400005, 25.097704359000033], [121.48764746200004, 25.097758001000045], [121.48759813000004, 25.097784236000052], [121.487463982, 25.09787102300004], [121.48730453500002, 25.09797148800004], [121.48714379400008, 25.09807882700005], [121.48706406500003, 25.098130214000037], [121.48700965600005, 25.098163310000075], [121.48685198600003, 25.098275840000042], [121.48674100900007, 25.098346081000045], [121.48664391400007, 25.098412566000036], [121.48651908000011, 25.098497380000026], [121.48638416100005, 25.09858218000005], [121.48628456300003, 25.098632587000054], [121.48618998900008, 25.098697925000067], [121.48607146800009, 25.098767812000062], [121.48602987600009, 25.09877926100006], [121.48594919600009, 25.098811331000036], [121.48588995300008, 25.098831938000046], [121.48583070400002, 25.098857140000064], [121.48577397300005, 25.098884636000037], [121.48564036200003, 25.09892699100004], [121.48552691700002, 25.098963621000053], [121.48546389100011, 25.098984221000023], [121.48536810700011, 25.09900595700003], [121.48532020400012, 25.099024279000048], [121.48523196400004, 25.099058632000038], [121.48515381200002, 25.09908381400004], [121.48505548500009, 25.099125042000026], [121.484891607, 25.099188034000065], [121.48479959000008, 25.099221242000056], [121.4847579740001, 25.099252183000033], [121.48466092000001, 25.099277345000075], [121.48461426800009, 25.099306], [121.48454367900001, 25.099330045000045], [121.4844907270001, 25.099358685000027], [121.48436845300012, 25.099402204000057], [121.48424491300011, 25.09945258600004], [121.48417181200011, 25.099468597000055], [121.4841380040001, 25.09947902400006], [121.48413246400003, 25.099480732000075], [121.48410500700004, 25.09948920000005], [121.48404702000005, 25.09951210400004], [121.4839562520001, 25.099553342000036], [121.48389196300002, 25.099576241000022], [121.48381758800008, 25.099609463000036], [121.4837066550001, 25.099652981000077], [121.48359445200003, 25.09970452400006], [121.48353396000005, 25.099715954000033], [121.48346588000004, 25.099746891000052], [121.48340412900006, 25.099758313000052], [121.48333353900011, 25.09978465300003], [121.48327680400007, 25.099811], [121.48324705900006, 25.09981442000003], [121.48314703400001, 25.099882284000046], [121.48302008600001, 25.099950636000074], [121.4828084830001, 25.100047348000032], [121.48271905100012, 25.10008534900004], [121.48259811700007, 25.10013373700008], [121.48249739900007, 25.100198145000036], [121.4823362200001, 25.10028789300003], [121.48224429800007, 25.100340818000063], [121.48204907400009, 25.100431769000068], [121.48191679700005, 25.100482459000034], [121.48182864400007, 25.100528491000034], [121.48177199700001, 25.100567596000076], [121.48166368400007, 25.100620536000065], [121.48158563600009, 25.100673441000026], [121.481469779, 25.100734441000043], [121.48127702300008, 25.10080586600003], [121.4811686810001, 25.10084734000003], [121.48107670200011, 25.10087616800007], [121.48096200300006, 25.10089814300005], [121.48083345400005, 25.10092702600008], [121.48075153600007, 25.100945512000067], [121.48054354900012, 25.10097680900003], [121.48041624600012, 25.101001101000065], [121.48026373400012, 25.10102886900006], [121.4800948410001, 25.101060103000066], [121.47998897000002, 25.101082057000042], [121.47983139900009, 25.101104100000043], [121.4796322520001, 25.101141119000033], [121.47953898700007, 25.101161915000034], [121.47945075000007, 25.101174669000045], [121.47935117400004, 25.101192035000054], [121.47925288400006, 25.10121971800004], [121.47915963900004, 25.101247400000034], [121.47891255600007, 25.10127875300003], [121.47883822200004, 25.101304107000033], [121.47871599200005, 25.10133871900007], [121.47858488400004, 25.10135383100004], [121.47845883100001, 25.10137237500004], [121.47828740000011, 25.101400175000038], [121.47810833900007, 25.101400455000032], [121.478007477, 25.101408626000023], [121.47790786300004, 25.10141107000004], [121.47785869200004, 25.101414585000043], [121.47777801300003, 25.10142503900005], [121.47765949100005, 25.101429808000034], [121.47747288000005, 25.10143812000007], [121.47731022100004, 25.101442951000024], [121.47720556000002, 25.10144310800007], [121.47707946300011, 25.101445590000026], [121.4770113830001, 25.10145142400006], [121.4769079890001, 25.101455024000074], [121.47680459100002, 25.10145747100006], [121.4766557910001, 25.101456540000072], [121.47650817700003, 25.101466592000065], [121.47644901900003, 25.101470621000033], [121.4762901470001, 25.10147659300003], [121.47613882200005, 25.101474517000042], [121.47597742000005, 25.101479350000034], [121.4756722730001, 25.101485530000048], [121.47548561300005, 25.10147435700003], [121.4753128640001, 25.101478042000053], [121.47522082600005, 25.10148391000007], [121.47507959000006, 25.101482971000053], [121.474894231, 25.10148668900007], [121.47479086500005, 25.101501755000072], [121.47468494100008, 25.101503059000038], [121.47454622700002, 25.101502113000038], [121.47435839200011, 25.101525339000034], [121.47423986500007, 25.101528960000053], [121.47403689200007, 25.101547630000027], [121.4738868290001, 25.10154555400004], [121.47388679800008, 25.10154555500003], [121.47370400300008, 25.101552709000032], [121.47357163800007, 25.101568969000027], [121.47346952500004, 25.101580589000037], [121.47321230400007, 25.101590160000057], [121.47302567600002, 25.101590429000055], [121.47278858800007, 25.101581598000053], [121.47264106800003, 25.10158871400006], [121.47239643000012, 25.10158676800006], [121.47220982700003, 25.101596226000026], [121.47202698800004, 25.10159879400004], [121.47184538600004, 25.10159217900008], [121.47163986600003, 25.101600506000068], [121.47145070700003, 25.101597344000027], [121.47124642800009, 25.10159764100007], [121.4710963440001, 25.101587537000057], [121.47081135400003, 25.101585662000048], [121.47071679400005, 25.10159268800004], [121.47061336400009, 25.101581362000047], [121.47046078500011, 25.10158159300005], [121.47031828500008, 25.101578353000036], [121.47002449600006, 25.101587961000064], [121.46982151500004, 25.101604331000033], [121.46963615900006, 25.101609179000036], [121.46942307200004, 25.101617529000066], [121.46924658600005, 25.101640730000042], [121.4691154090001, 25.101626004000025], [121.46897417500008, 25.101626208000027], [121.46876107600008, 25.101628815000026], [121.46853536800006, 25.101633736000053], [121.46834243100011, 25.101632865000056], [121.46817471500003, 25.101630813000043], [121.46804987100006, 25.10162869800007], [121.46791241300002, 25.10162545600008], [121.46768796900005, 25.101630361000048], [121.46763124200004, 25.10163848700006], [121.46751520400005, 25.101628325000036], [121.46740550100003, 25.10162962900006], [121.46722142300007, 25.101640231000033], [121.46702849700011, 25.101643944000045], [121.46684690500001, 25.101640770000074], [121.46678388500004, 25.101653481000028], [121.4666956000001, 25.10164671800004], [121.46652538300009, 25.101653853000073], [121.46638415400002, 25.10165519800006], [121.46629805700002, 25.101671315000033], [121.46626063300005, 25.101678320000076], [121.46609933400009, 25.101723310000068], [121.46599604100004, 25.101769353000066], [121.46592048900004, 25.101814215000047], [121.46592046100011, 25.10181422200003], [121.46584613700009, 25.101833833000057], [121.46573903500007, 25.101868412000044], [121.46564454600002, 25.101905264000038], [121.46552611700008, 25.10194788800004], [121.46534596400011, 25.102019297000027], [121.46523888800004, 25.10206535100008], [121.46514941400005, 25.10208841900004], [121.46504107300007, 25.102132184000027], [121.464975535, 25.10214718700007], [121.46484072500004, 25.10219558400007], [121.46461140200006, 25.10227165200007], [121.46444509800006, 25.102333845000032], [121.46434808800007, 25.102369556000042], [121.46421579300011, 25.10241450600006], [121.46413767900003, 25.102443298000026], [121.46396007200008, 25.102523878000056], [121.46382777600002, 25.10256997500005], [121.46373707300006, 25.102605676000053], [121.46362497500002, 25.10265977100005], [121.46357835100002, 25.102673613000036], [121.46347508000008, 25.102727688000073], [121.46341842900006, 25.102767932000063], [121.46327357700011, 25.10283469600006], [121.46311866400004, 25.102914105000025], [121.46302672500008, 25.102962430000048], [121.46290833400008, 25.10302112100004], [121.46275472400009, 25.10311888800004], [121.46266720100004, 25.10316372400007], [121.46261996300007, 25.10318792100003], [121.46251041100004, 25.103252336000025], [121.46242603200005, 25.10329835300007], [121.46228369700009, 25.103363972000068], [121.46210737500007, 25.103456021000056], [121.46196632400006, 25.103531963000023], [121.46177739600012, 25.103625178000073], [121.46162882500005, 25.103720645000067], [121.46139585500009, 25.103852935000077], [121.46126872600007, 25.10395066500007], [121.46121963400003, 25.10398744300005], [121.46111894500007, 25.10406905600007], [121.46094018200006, 25.10419553500003], [121.46085079600005, 25.10425648200004], [121.46077653700002, 25.104315117000056], [121.46066072700012, 25.104401341000028], [121.46060158600005, 25.104454215000032], [121.46052477500007, 25.104501372000072], [121.46038251200002, 25.104599117000078], [121.46028178400002, 25.104662365000024], [121.46019371000011, 25.104746256000055], [121.4601295120001, 25.104793404000077], [121.45872150600007, 25.105824510000048], [121.45822340600012, 25.106193129000076], [121.45795195500011, 25.106426379000027], [121.457792, 25.10658746100006], [121.45769005200009, 25.106690127000036], [121.45759956200004, 25.106781255000044], [121.457331339, 25.107098936000057], [121.45729380500006, 25.107193676000065], [121.4572464260001, 25.107370213000024], [121.45721035400004, 25.107536656000036], [121.45719045800001, 25.107629925000026], [121.45716932800008, 25.10773323600006], [121.45716326000002, 25.107816438000043], [121.45714976500005, 25.10794555500007], [121.45714882300001, 25.108060306000027], [121.45715325100002, 25.108291232000056], [121.457172581, 25.10844466700007], [121.45718544200008, 25.108537870000077], [121.45719457200005, 25.108648300000027], [121.45723407500009, 25.108807443000046], [121.45726717600007, 25.108929283000066], [121.45731550000005, 25.109088409000037], [121.45738281100012, 25.10927903700008], [121.45742847500003, 25.109387963000074], [121.45751997100001, 25.109666063000077], [121.45755941800007, 25.10980366600006], [121.45758873500006, 25.109924100000057], [121.45764467600009, 25.110103269000035], [121.4576727320001, 25.110223708000035], [121.4577070040001, 25.110314002000052], [121.45774254100002, 25.11040573400004], [121.45778183700008, 25.110490278000043], [121.45783005700002, 25.110612109000044], [121.45792644800008, 25.110837126000035], [121.4580139850001, 25.111050657000078], [121.45810650700002, 25.11124410700006], [121.458176277, 25.111411795000038], [121.458286197, 25.111639695000065], [121.45832229400003, 25.11170510900007], [121.4583716080001, 25.11176126600003], [121.45843103800007, 25.111828883000044], [121.45846262200007, 25.111854091000055], [121.45851072300002, 25.111930897000036], [121.45855502000006, 25.111999689000072], [121.45860811800003, 25.11205584100003], [121.45864733000008, 25.112106269000037], [121.45869663100007, 25.112157849000027], [121.45874721900009, 25.112219742000036], [121.45878141600008, 25.112282796000045], [121.4588143410001, 25.11234127700004], [121.45885862600005, 25.112404328000025], [121.45888778100004, 25.112467389000074], [121.45894348800005, 25.112561414000027], [121.45902455100008, 25.112712773000055], [121.45902790900004, 25.112721754000063], [121.45905881700003, 25.112804519000065], [121.45913477800002, 25.11293063900007], [121.45920065400003, 25.113057914000024], [121.45924497600004, 25.113135887000055], [121.45928422400004, 25.113202382000054], [121.4593424090001, 25.113275746000056], [121.45937784000012, 25.11332847700004], [121.45942979900008, 25.113436265000075], [121.45949944200004, 25.11355780100007], [121.45960583500005, 25.11375387700008], [121.45964770000012, 25.113860541000065], [121.45974655200007, 25.114066940000043], [121.45977447300004, 25.114142626000046], [121.45990106800002, 25.114350152000043], [121.4599150250001, 25.11438455800004], [121.45995173800009, 25.114444174000027], [121.460073254, 25.11463563500007], [121.46012897300011, 25.114734245000022], [121.46019613800001, 25.114872991000027], [121.46027466400005, 25.115015165000045], [121.46032282400006, 25.115117231000056], [121.46036585000002, 25.115180295000073], [121.46041273300011, 25.115274303000035], [121.46048496300011, 25.115422247000026], [121.46053684000003, 25.11549559100007], [121.4606002270001, 25.115635501000042], [121.46068117000004, 25.115734071000077], [121.46073428800003, 25.11579824900008], [121.46076342900005, 25.115856732000054], [121.46080015100006, 25.115919787000053], [121.46086097900002, 25.116043627000067], [121.46092996700008, 25.116181425000036], [121.46108341100012, 25.115996448000033], [121.46142734600005, 25.11562967100008], [121.46166342100003, 25.11536170200003], [121.46179172100005, 25.115215959000068], [121.46195604200011, 25.115056039000024], [121.46241088800002, 25.114704709000023], [121.46291463300008, 25.114351500000055], [121.46314434500005, 25.11417263000004], [121.46332573000007, 25.114031388000058], [121.46354686100005, 25.113904105000074], [121.4638297670001, 25.11375786900004], [121.46406621800008, 25.113593026000046], [121.4644413960001, 25.11331523100006], [121.4647498280001, 25.113103285000022], [121.46510471200008, 25.112909955000077], [121.46529230200008, 25.11277440500004], [121.4656572990001, 25.112529464000033], [121.4661147060001, 25.112190466000072], [121.46660829400003, 25.111879473000045], [121.46688590300005, 25.111695755000028], [121.46726509000007, 25.111518585000056], [121.46800082200002, 25.11118807400004], [121.4686132170001, 25.110951715000056], [121.46893240600002, 25.110861615000033], [121.46908180800006, 25.110847075000038], [121.46931359900009, 25.110813507000046], [121.46943719500007, 25.11078968000004], [121.46988015900001, 25.110722621000036], [121.47022536000009, 25.11069807900003], [121.47055526400004, 25.110715776000063], [121.4706171250001, 25.110720265000054], [121.47067381400007, 25.110720075000074], [121.4712399880001, 25.110692120000067], [121.47148383500007, 25.110671167000078], [121.47163669100007, 25.11065803200006], [121.4723221380001, 25.110660516000053], [121.47269339500008, 25.110710891000053], [121.47312649500009, 25.110761059000026], [121.47353391900003, 25.110834753000063], [121.4741530880001, 25.111024962000045], [121.474540079, 25.11114561200003], [121.47489105300008, 25.111280432000058], [121.47528749800006, 25.111412604000066], [121.47529562300008, 25.111415991000058], [121.47534708500007, 25.111437446000025], [121.4759841980001, 25.111703069000043], [121.47639217800008, 25.111873158000037], [121.47707342700005, 25.112119419000067], [121.47740880000003, 25.112216791000037], [121.47790936400008, 25.11238394700007], [121.47922336900001, 25.11269800200006], [121.47988021700007, 25.11285387600003], [121.48053061000007, 25.113003926000033], [121.480962169, 25.113131277000036], [121.4814259850001, 25.11328191900003], [121.4817931880001, 25.113403623000067], [121.48215383800004, 25.11349608000006], [121.483240023, 25.113828158000047], [121.48396118700009, 25.114014308000037], [121.48517957700005, 25.114366696000047], [121.48588054100003, 25.114561535000064], [121.48614489400006, 25.114650723000068], [121.48621441000012, 25.11467417500006], [121.48669862200006, 25.114862146000064], [121.48709090500006, 25.114989759000025], [121.48766666100005, 25.115139509000073], [121.48823119500003, 25.11526783100004], [121.4885897800001, 25.115304568000056], [121.48904839400006, 25.11534096300005], [121.48936511900001, 25.115332334000072], [121.48971137600006, 25.115313696000044], [121.48996517000012, 25.11530003300004], [121.49042339400012, 25.115237859000047], [121.49070650700003, 25.11516110200006], [121.49118119100001, 25.115045801000065], [121.49148088600009, 25.114946238000073], [121.49169719500003, 25.114839378000056], [121.49207157600006, 25.114656163000063], [121.49237927500008, 25.11447316300007], [121.49268921800001, 25.114276232000066], [121.49338754300004, 25.113803825000048], [121.4939530050001, 25.113460753000027], [121.49469309200003, 25.113010940000038], [121.49479268400012, 25.112946024000053], [121.49497934500005, 25.112824355000043], [121.49506722900003, 25.112767071000064], [121.49524447100009, 25.112596047000068], [121.49544349900009, 25.112337594000053], [121.49587779, 25.111613118000037], [121.49589892300003, 25.111577864000026], [121.49624556100002, 25.11071234900004], [121.4964521610001, 25.11026431500005], [121.49673159000008, 25.10915049700003], [121.4968191800001, 25.10879693000004], [121.49682182400011, 25.10878625500004], [121.49682525100002, 25.108758143000045], [121.49699936500008, 25.107329897000056], [121.4970479750001, 25.10698095400005], [121.49708809200001, 25.106112275000044], [121.49711511700002, 25.105071026000076], [121.49712102700005, 25.103954119000036], [121.4970973610001, 25.10324430600008], [121.49708101400006, 25.102683890000037], [121.49694903700004, 25.100791015000027], [121.49693442500006, 25.100453471000037], [121.49697166400006, 25.09982638300005], [121.49704910000003, 25.09930767900005], [121.49710725900002, 25.09893975600005], [121.49715238500005, 25.098626121000052], [121.49717855000006, 25.098541633000025], [121.4972771460001, 25.098342368000033], [121.49733068300009, 25.09821562600007], [121.49757267100006, 25.098069544000055], [121.49792889600008, 25.097918529000026], [121.4981542480001, 25.097822993000023], [121.49849734800011, 25.097706334000065], [121.498683819, 25.097644562000028], [121.49916127200004, 25.097507071000052], [121.49946699400004, 25.097383738000076], [121.49991418200011, 25.097151230000065], [121.50016737500005, 25.09696692400007], [121.50042811700007, 25.09680297400007], [121.50066659100003, 25.09667307600006], [121.5006999960001, 25.096664383000075], [121.50072323600011, 25.096658336000075], [121.50074006600005, 25.096653958000047], [121.50095756700011, 25.09659736100008], [121.50162922600009, 25.09646600600007], [121.50212946300007, 25.096423558000026], [121.50259246900009, 25.096408402000066], [121.50324668700011, 25.096466994000025], [121.50357539400011, 25.09648627400003], [121.50380692200008, 25.096485487000052], [121.50423258400008, 25.096470469000053], [121.5044790500001, 25.096469632000037], [121.5049122590001, 25.096474965000027], [121.50533791900011, 25.09645993500004], [121.50576351900008, 25.096431317000054], [121.50629353900001, 25.09636837000005], [121.50633634400003, 25.09636051600006], [121.50635072600005, 25.09635787700006], [121.50662276900005, 25.096307962000026], [121.5069726810001, 25.096243757000025], [121.5073264130001, 25.096136837000074], [121.50745008600006, 25.09609945400007], [121.50775874900012, 25.095968925000022], [121.50785712600009, 25.09593622600005], [121.507860316, 25.09593516600006], [121.50802725300002, 25.095879677000028], [121.50813170200001, 25.095852152000077], [121.50823986900002, 25.095818738000048], [121.50837909800009, 25.09580337500006], [121.50850950900008, 25.09581874500003], [121.5085654400001, 25.095835497000053], [121.50877052700002, 25.095896926000023], [121.50880735900012, 25.095914250000078], [121.50897078300011, 25.09599111600005], [121.5090203530001, 25.096030902000052], [121.509127723, 25.09611708600005], [121.5093545100001, 25.096321884000076], [121.50971213600008, 25.096644824000066], [121.5098779650001, 25.09681819700006], [121.51021795400004, 25.09707795500003], [121.51045333500008, 25.09725899800003], [121.51048104800009, 25.097274715000026], [121.51075820100004, 25.09743189900007], [121.51093239400006, 25.09752618400006], [121.51128923600004, 25.097659372000066], [121.51161984600003, 25.097753115000046], [121.51203637300011, 25.09790035800006], [121.51206389100003, 25.09791008600007], [121.512107205, 25.09792539500006], [121.51251618800006, 25.09805840000007], [121.51277728000002, 25.09815237400005], [121.51296996700012, 25.09821493100003], [121.51301975900003, 25.098243944000046], [121.5131005080001, 25.098290994000024], [121.51312482500009, 25.098305163000077], [121.51314154900001, 25.098310497000057], [121.51351170600003, 25.098428574000025], [121.513748888, 25.09851847500005], [121.51407335100009, 25.098619411000072], [121.51438530200005, 25.09870905400004], [121.51448519600001, 25.098754074000055], [121.51478468500011, 25.098843749000025], [121.51508412700002, 25.098922102000074], [121.51542129100005, 25.09907967600003], [121.51563340000007, 25.099135654000065], [121.51604505700004, 25.09922494500006], [121.51669341400009, 25.09929074300004], [121.51688059700007, 25.09934678700006], [121.51691371600009, 25.099367237000024], [121.51696238600005, 25.09939729000007], [121.51711801500005, 25.099493386000063], [121.51728098600006, 25.09971960100006], [121.51746912800002, 25.100002434000032], [121.51756983400003, 25.10024022400006], [121.51767044700011, 25.10045531700007], [121.51768338900001, 25.100568672000065], [121.51764671800004, 25.10073889000006], [121.5175977240001, 25.100943175000054], [121.51755637500003, 25.101166663000072], [121.51759448100006, 25.101336610000033], [121.51777078300006, 25.101766902000065], [121.51802267700009, 25.10238969900007], [121.51817372300002, 25.102740692000054], [121.51833746800003, 25.103148350000026], [121.5185383170001, 25.10348783200004], [121.51867589400001, 25.10360075400007], [121.51887569100006, 25.103690769000025], [121.519075584, 25.103803481000057], [121.51922528900002, 25.103836974000046], [121.51925968400008, 25.103850438000052], [121.51929881, 25.103865754000026], [121.519512426, 25.103949369000077], [121.51964985900008, 25.104028263000032], [121.51974990400004, 25.10410729800003], [121.51991255100006, 25.104254137000055], [121.51996274100009, 25.104333343000064], [121.52001283400011, 25.10438986500003], [121.52015118300005, 25.104684217000056], [121.52030199300009, 25.104978507000055], [121.52045275600005, 25.10526146600006], [121.52046396900005, 25.105281674000025], [121.52054067600011, 25.105419917000063], [121.52066361800007, 25.105667221000033], [121.52072960700002, 25.105799964000028], [121.52103109200004, 25.106354535000037], [121.52107575000002, 25.106456312000034], [121.52109199100005, 25.10649332500003], [121.52121987500004, 25.106784789000073], [121.52127016400004, 25.10688665600003], [121.52128354400008, 25.10710206300007], [121.52127218900011, 25.10736291300003], [121.52126012400004, 25.107461356000044], [121.52123604600001, 25.10765785700005], [121.52117534900003, 25.108043611000028], [121.52112706800006, 25.10841798200005], [121.52111551200005, 25.10863346900004], [121.5211392970001, 25.10878090600005], [121.52114110700006, 25.10879212800006], [121.52115409700002, 25.108916816000033], [121.52126646200009, 25.108961776000058], [121.52139143600004, 25.109040721000042], [121.52150385100003, 25.10909703300007], [121.52202023900008, 25.109263309000028], [121.52218246000007, 25.109308104000036], [121.52244497200002, 25.109488615000032], [121.5225259550001, 25.109616403000075], [121.52254535200007, 25.10964701300003], [121.52260882200005, 25.109918940000057], [121.52262210000004, 25.11011166700007], [121.52263566600004, 25.110372421000022], [121.52262406200009, 25.110576570000035], [121.52262157400003, 25.11060507600007], [121.52261217500006, 25.11071269000007], [121.522624973, 25.11079201000007], [121.52267511900004, 25.110859878000042], [121.52277516600009, 25.110938899000075], [121.52292488100011, 25.11097239000003], [121.52322421300005, 25.111016703000075], [121.52346122200004, 25.111061240000026], [121.52376055600007, 25.11110553800006], [121.52412225400008, 25.111160968000036], [121.52438414400001, 25.11119406800003], [121.52473338000004, 25.111249531000055], [121.52492058000007, 25.111305564000077], [121.52514517500003, 25.111361473000045], [121.52524532100006, 25.11146317200007], [121.52534561200002, 25.111598896000032], [121.5254588040001, 25.11183661700005], [121.52553440500003, 25.11202912600004], [121.52567267000006, 25.11230077600004], [121.5257232990001, 25.11248203300005], [121.5257737820001, 25.11262926300003], [121.52579208800012, 25.112726855000062], [121.52581204400008, 25.11283324300007], [121.52576310300003, 25.11304886100004], [121.52570145700008, 25.11320783000008], [121.52556555500007, 25.113491800000077], [121.52545419400008, 25.11368495800008], [121.5254184050001, 25.113769125000033], [121.52541603500003, 25.11377470000008], [121.52534312600005, 25.113946165000073], [121.5252077990001, 25.114248675000056], [121.52509667900006, 25.11449853000005], [121.52505986400001, 25.114634743000067], [121.52504802700003, 25.114782193000053], [121.52504072800002, 25.114949827000032], [121.5250366680001, 25.115043037000078], [121.52506636900011, 25.11529469900006], [121.52507545900005, 25.115371743000026], [121.52507566400004, 25.115419735000046], [121.52507676200003, 25.115677907000077], [121.52505649500006, 25.115815504000068], [121.52502829800005, 25.11600692500008], [121.52497897100011, 25.116131821000067], [121.52479267500007, 25.11629123800003], [121.52450694900006, 25.11651902500006], [121.52430804200003, 25.11664446800006], [121.52413406300002, 25.116769815000055], [121.52400980000004, 25.116860958000075], [121.52379852000001, 25.11700912300006], [121.52371165000011, 25.117100143000073], [121.52362496900002, 25.11723651400007], [121.523575875, 25.11741812200006], [121.52355128200008, 25.117497584000034], [121.52355131600007, 25.11750554100007], [121.52355171400006, 25.117599635000033], [121.52357712100002, 25.11771294600004], [121.5237032550001, 25.11806402600007], [121.5239991410001, 25.118627446000062], [121.52401777900002, 25.118662936000078], [121.52402288500002, 25.11866869800008], [121.524094224, 25.118749182000045], [121.52411797800005, 25.118775984000024], [121.52420600100004, 25.11895710700003], [121.52423121900006, 25.119025046000047], [121.52426918800006, 25.11916099000007], [121.52431962500009, 25.11929689300007], [121.52433429400003, 25.119336418000046], [121.52440788700005, 25.119534703000056], [121.52443962200005, 25.119598993000068], [121.52445817800003, 25.11963658800005], [121.52452088900009, 25.119727081000065], [121.52467148000005, 25.11996467000006], [121.52471419200003, 25.12002246800006], [121.52474670300012, 25.120066464000047], [121.52488444300002, 25.120213394000075], [121.5251218090001, 25.12033728800003], [121.52533415000005, 25.120438596000042], [121.52563403400006, 25.120607630000052], [121.52573423800004, 25.12072067300005], [121.52575026000011, 25.12077331300003], [121.52577216200007, 25.120845272000054], [121.5257727400001, 25.120981339000025], [121.52574867800001, 25.121185530000048], [121.52565030300002, 25.121503388000065], [121.52562594800008, 25.121639551000044], [121.5256137230001, 25.121696292000024], [121.52567686800012, 25.12188883400006], [121.52584094000008, 25.12236451700005], [121.52584658500007, 25.122396243000026], [121.52587925000012, 25.12257982500006], [121.5259798410001, 25.122783582000068], [121.52611792500011, 25.123009885000045], [121.52620561600008, 25.123111635000043], [121.5262880470001, 25.123207685000068], [121.52629346800006, 25.123214002000054], [121.52630065500011, 25.123226200000033], [121.52635182200004, 25.123313047000067], [121.5263972030001, 25.123390073000053], [121.52640737600007, 25.12340255500004], [121.52653109700009, 25.123554359000025], [121.52663252900004, 25.123602462000065], [121.52674466000008, 25.12366021300005], [121.52694203300007, 25.123717660000068], [121.52709135400005, 25.123751045000063], [121.52729921700006, 25.123769699000036], [121.52761881800006, 25.12375402600003], [121.52798112500011, 25.123757584000032], [121.52825292000011, 25.123776005000025], [121.52850883700012, 25.123818707000055], [121.52870616900009, 25.12386646300007], [121.52885018600011, 25.123904717000073], [121.52902102400003, 25.12398649800008], [121.52922401700005, 25.124111755000058], [121.52935460600008, 25.124184797000055], [121.52950432800003, 25.124265785000034], [121.52957289900007, 25.124331531000053], [121.5296074040001, 25.124416807000046], [121.5296552000001, 25.124614618000066], [121.52968185600002, 25.124859076000064], [121.52972566400001, 25.12512288100004], [121.5297349330001, 25.12529364900007], [121.52973583500011, 25.125326726000026], [121.52973674100008, 25.125359976000027], [121.52974497700006, 25.125661810000054], [121.52977578600007, 25.125879075000057], [121.52978077000012, 25.126045986000065], [121.529789821, 25.126166289000025], [121.5298200960001, 25.126259350000055], [121.52988878500003, 25.126352264000047], [121.52996152300011, 25.126394695000045], [121.53031197700011, 25.12650602900004], [121.53059399400001, 25.126582659000064], [121.53070944400008, 25.12663271400004], [121.53088058100002, 25.126729144000024], [121.53100475200006, 25.126821865000068], [121.53109916500011, 25.126941861000034], [121.53114227900005, 25.12704264000007], [121.53116447100001, 25.127127143000052], [121.53120762100002, 25.127235685000073], [121.53132375700011, 25.12744488100003], [121.53135841900007, 25.127565091000065], [121.53138032900006, 25.127697001000058], [121.53140683900006, 25.127906520000067], [121.5314122960001, 25.128182116000062], [121.53141726700005, 25.128345144000036], [121.53137517300001, 25.128481149000038], [121.53131605400006, 25.128628869000067], [121.53126578900003, 25.128799188000073], [121.5312409500001, 25.128977855000073], [121.53121587500004, 25.12910216000006], [121.53120425700001, 25.129377817000034], [121.53120176300001, 25.129789294000034], [121.53119824600003, 25.129963993000047], [121.53119024400007, 25.130088235000073], [121.53116972500004, 25.130278520000047], [121.53108555100005, 25.130576936000068], [121.53105620800011, 25.130701257000055], [121.53104015600002, 25.130938101000027], [121.53099794200011, 25.13104695000004], [121.53093865700009, 25.131155860000035], [121.53088902700006, 25.131524806000073], [121.53082217100007, 25.131858882000074], [121.53080160700006, 25.132044462000067], [121.53084112300007, 25.132300518000022], [121.53088850600011, 25.132401274000074], [121.53101747300002, 25.132614320000073], [121.53118508800003, 25.13288156300007], [121.53120676300011, 25.13295911700004], [121.5310801710001, 25.13329728900004], [121.53107246900004, 25.133459235000032], [121.53108624300012, 25.133684326000036], [121.53108679400009, 25.13381243200007], [121.53104871200003, 25.13389020900007], [121.53097635200004, 25.133937053000068], [121.53084435200003, 25.134011276000024], [121.53067817300007, 25.134077857000023], [121.53047359400011, 25.134148468000035], [121.53038844500009, 25.134199240000044], [121.53035038000007, 25.13428088200004], [121.53033375700011, 25.13438575500004], [121.53036395200002, 25.134459406000076], [121.53046369000003, 25.13482394300007], [121.53051617100004, 25.135086714000067], [121.53053857900011, 25.135335087000044], [121.5305525340001, 25.135602884000036], [121.53055326700007, 25.135773676000042], [121.53057509300004, 25.135886176000042], [121.53062039400004, 25.135977128000036], [121.53063106500008, 25.135998554000025], [121.53064062300007, 25.136007466000024], [121.53075963300012, 25.13611843800004], [121.53095684800007, 25.13631958600007], [121.53102218200002, 25.13642705500007], [121.53106531700007, 25.136531707000074], [121.5310786230001, 25.136648120000075], [121.5311263100001, 25.136818751000078], [121.53120376100003, 25.136962109000024], [121.53129823400002, 25.13709374900003], [121.5314268730001, 25.13722915900007], [121.53151687800005, 25.137314230000072], [121.53161947100011, 25.137348802000076], [121.53179024600001, 25.13735594900004], [121.53196078100007, 25.13730875300007], [121.5321270180001, 25.137253806000047], [121.53224208100005, 25.137210701000072], [121.53242570900011, 25.137229449000074], [121.53254978100006, 25.137294989000054], [121.53277659500009, 25.137430051000024], [121.53287053600002, 25.137437479000027], [121.53298575100007, 25.13742929700004], [121.53304479300004, 25.137435049000032], [121.53313948200002, 25.137444274000075], [121.5331993420001, 25.137467350000065], [121.53324218000012, 25.137466835000055], [121.53327081200007, 25.137476228000025], [121.533352207, 25.137522086000047], [121.53342183600012, 25.13757547800003], [121.53345404000004, 25.137600173000067], [121.53348982300008, 25.13766004300004], [121.5335374230001, 25.13778184100005], [121.53353836300005, 25.137788467000064], [121.53355836100002, 25.137929445000054], [121.53357410300009, 25.13804938000004], [121.53363552200005, 25.138169147000042], [121.53373231900002, 25.138256487000035], [121.53391525000006, 25.138311205000036], [121.53406757000005, 25.13832911800006], [121.53414587100008, 25.13834661900006], [121.53429107900001, 25.138379076000035], [121.53440915600004, 25.138417640000057], [121.5344587830001, 25.138433847000044], [121.53457064800011, 25.13848421600005], [121.5346522420001, 25.138576214000068], [121.5347135400001, 25.138668302000042], [121.53474450800002, 25.13878817500006], [121.53474976400003, 25.13882969200006], [121.534734963, 25.13892666000004], [121.53474051700005, 25.139037398000028], [121.53479662000007, 25.139101806000042], [121.53492379000011, 25.139170574000048], [121.53504750700006, 25.13919390600006], [121.53515409800002, 25.13919813600006], [121.53542301800007, 25.139187933000073], [121.53544239000007, 25.139186262000067], [121.53575783100007, 25.139159033000055], [121.53604514200003, 25.13917632400006], [121.53604717200005, 25.13917644600008], [121.53616894600009, 25.13917138200003], [121.5363458270001, 25.139173076000077], [121.53651912600003, 25.13917473400005], [121.53662587500003, 25.139215874000058], [121.53670288700005, 25.139285948000065], [121.53671432500005, 25.139296356000045], [121.53677540400008, 25.139337672000067], [121.53682141900003, 25.13941596500007], [121.53688646800003, 25.139501849000055], [121.53696434000005, 25.13960466700007], [121.53700511900001, 25.139646046000053], [121.53713241100002, 25.13974248900007], [121.537229034, 25.139788289000023], [121.53749002500001, 25.13985508500008], [121.53751354600001, 25.13986110600007], [121.53771667900003, 25.13989267000005], [121.53793493600006, 25.139901103000057], [121.53798062700002, 25.139905558000066], [121.5379992820001, 25.13991172900006], [121.53807719100007, 25.13993750700007], [121.53816878200007, 25.139992552000024], [121.53821981200008, 25.140056981000043], [121.53829136400009, 25.14017209600007], [121.53836279600011, 25.14025952700007], [121.538454365, 25.140309957000056], [121.53853690800008, 25.140332924000063], [121.538601717, 25.140350958000056], [121.53875096100012, 25.140375756000026], [121.538999665, 25.14038408500005], [121.53907149600002, 25.14039626400006], [121.5391063190001, 25.140402167000047], [121.53919610900004, 25.14043632000005], [121.53923848700003, 25.140452441000036], [121.5392945750001, 25.140512228000034], [121.53934605400002, 25.140678192000053], [121.53937759700011, 25.140927284000043], [121.53942398400011, 25.141088644000035], [121.53951080500008, 25.141212921000033], [121.5396433410001, 25.141346277000025], [121.53975019600011, 25.141410501000053], [121.53978330400003, 25.141430398000068], [121.53988758100002, 25.141493067000056], [121.54002140400007, 25.14156309200007], [121.540183984, 25.14160403900007], [121.54031595200001, 25.14160817100003], [121.54047820500011, 25.141575275000037], [121.5404937300001, 25.141568146000054], [121.54067066400012, 25.14148688100005], [121.54093893900006, 25.14132898500003], [121.54110608400003, 25.14125453500003], [121.54121771300004, 25.141249513000048], [121.54129389500008, 25.14126308300007], [121.5413625860001, 25.141302877000044], [121.54136512600007, 25.141304349000052], [121.5413957400001, 25.14134116100007], [121.541492693, 25.141460797000036], [121.54154383000002, 25.14154829000006], [121.5416607950001, 25.14160324000005], [121.54180440100004, 25.14168255900006], [121.54181610600006, 25.141689023000026], [121.54181850900011, 25.141690351000022], [121.54186943900004, 25.141731700000037], [121.54188489, 25.14178240900003], [121.54188740000006, 25.141826593000076], [121.54189039500011, 25.141879306000078], [121.54189808900003, 25.14192249200005], [121.54190600600009, 25.141966936000074], [121.54193692700005, 25.142072966000057], [121.54199318300005, 25.14216967300007], [121.54206174500007, 25.142275212000072], [121.5421076230001, 25.142321197000058], [121.54214791900006, 25.14237206200005], [121.54218417700008, 25.142417833000025], [121.54224528200007, 25.142463759000066], [121.54230124900005, 25.142495865000058], [121.542333557, 25.142508315000043], [121.54236839200007, 25.142521740000063], [121.54239387100006, 25.142531560000066], [121.542443595, 25.142550721000077], [121.54257622300008, 25.142554537000024], [121.54258571100002, 25.142554811000025], [121.54277845700005, 25.142531031000033], [121.54294574700009, 25.142488877000062], [121.54318383800012, 25.142391089000057], [121.54333084900009, 25.142353634000074], [121.54344710100008, 25.14224705500004], [121.54349248500012, 25.14218227400005], [121.54354788, 25.142085157000054], [121.54371977100004, 25.141936845000032], [121.54390197200007, 25.141825421000078], [121.54402065600004, 25.14180109700004], [121.54435068100008, 25.14183680600007], [121.544574011, 25.141845200000034], [121.5446501350001, 25.14184492000004], [121.54474638800002, 25.14180765100008], [121.54500967800004, 25.141672851000067], [121.54517685700011, 25.14160761900007], [121.54534925400003, 25.141574684000034], [121.54548621100002, 25.14156032900007], [121.54568418800011, 25.14157344800003], [121.54577052200011, 25.14158697000005], [121.54583168600004, 25.14164674400007], [121.5459030620001, 25.141720319000058], [121.54594399100006, 25.14179400200004], [121.54597503600007, 25.141927727000052], [121.54596750100006, 25.142073465000067], [121.54595287500001, 25.142207350000035], [121.54596343900005, 25.142299623000042], [121.54598914000007, 25.142373358000043], [121.54605045000005, 25.142465435000076], [121.54605270400009, 25.14246765300004], [121.54610652000008, 25.142520605000072], [121.54623875400011, 25.142584731000056], [121.54644222200011, 25.142690121000044], [121.5465695050001, 25.142781951000075], [121.54668137800002, 25.142832303000034], [121.54683399300006, 25.14291481400005], [121.54701191900006, 25.14298337400004], [121.54714409400003, 25.143033651000053], [121.54727015900005, 25.14309172000003], [121.5473627660001, 25.143134377000024], [121.54765409100003, 25.14327021200006], [121.5477507390001, 25.143320618000075], [121.54789322800002, 25.14340777800004], [121.54801048700006, 25.143527327000072], [121.54807186200003, 25.143633238000064], [121.54813337900009, 25.14377147500005], [121.54823590800004, 25.144001841000033], [121.5482595420001, 25.14404823700005], [121.54834854300009, 25.144222960000036], [121.54839964400003, 25.14430122300007], [121.54847611700006, 25.144379396000033], [121.54858308200005, 25.144466687000033], [121.54862367500004, 25.144501777000073], [121.54870535200007, 25.14457238400007], [121.54881821300012, 25.144690233000063], [121.54885197400006, 25.144735882000077], [121.54887948300006, 25.14477307900006], [121.54892076300007, 25.14492522200004], [121.54891096300003, 25.145003716000076], [121.548794799, 25.14512875500003], [121.54873456100006, 25.145276656000078], [121.54870586000004, 25.145398346000036], [121.54869969800006, 25.145424476000073], [121.54869526400012, 25.14556755700005], [121.54874665200009, 25.145710433000033], [121.5488949810001, 25.14596832700005], [121.54897156000004, 25.146069573000034], [121.5489753820001, 25.14607403900004], [121.54910930800008, 25.146230591000062], [121.54920785400009, 25.14631707500007], [121.54922901600003, 25.146335646000068], [121.54929782400006, 25.14639603200004], [121.54928214300003, 25.146547129000055], [121.5491714850001, 25.146769066000047], [121.5491312580001, 25.146852283000044], [121.54909637300011, 25.146995479000054], [121.54906691600002, 25.147217125000054], [121.54908315500006, 25.14744319700003], [121.54912505400011, 25.147733798000047], [121.54917679800008, 25.147955124000077], [121.54921808000006, 25.14810727300005], [121.54925529400009, 25.14821259000007], [121.5493217070001, 25.14843139900006], [121.5493800700001, 25.14879796400004], [121.54945075300009, 25.149101436000024], [121.54946459000007, 25.149376467000025], [121.54947783700004, 25.14951968300005], [121.54949743500003, 25.149674350000055], [121.54966829000011, 25.14982844700006], [121.54979486800005, 25.14994832800005], [121.5499341850001, 25.150096808000058], [121.55001055700006, 25.150262721000047], [121.55002086600007, 25.15035200600005], [121.55003811400002, 25.15082020500006], [121.55005944000004, 25.151072622000072], [121.550085652, 25.151288288000046], [121.5501413080001, 25.15131562600004], [121.55019191600002, 25.15134297900005], [121.55020735000005, 25.151407195000047], [121.55023277600003, 25.151448420000065], [121.55028841400008, 25.151471161000075], [121.55035907100012, 25.15146631400006], [121.55042457700006, 25.15143852400007], [121.55048509700009, 25.151424521000024], [121.55054075300006, 25.151451859000076], [121.55063214200004, 25.15156629300003], [121.55079449100003, 25.15177810700004], [121.55082511900002, 25.15181806800007], [121.5510026390001, 25.152001037000048], [121.55121049500008, 25.152193073000035], [121.5514009850001, 25.152379035000024], [121.55150764300004, 25.152520955000057], [121.55163970900003, 25.152699496000025], [121.5518273990001, 25.152900808000027], [121.55191369300007, 25.153006068000025], [121.55208620300004, 25.153198239000062], [121.55228399500004, 25.153399506000028], [121.55245638300005, 25.153564137000046], [121.55264886000009, 25.153705724000076], [121.552815914, 25.15380609700003], [121.55297903600001, 25.15397869800006], [121.55306533400005, 25.15408396600003], [121.55308024600004, 25.15410616400004], [121.55318222900007, 25.154257983000036], [121.55321733800008, 25.154358138000077], [121.55323848100011, 25.154418452000073], [121.5532843090001, 25.154505504000042], [121.5533203660001, 25.15466605900008], [121.55333427200003, 25.154780498000036], [121.55334657300011, 25.154881730000056], [121.55334931900006, 25.154927187000055], [121.55335096600004, 25.154954459000066], [121.55336292800007, 25.155152533000035], [121.55338862100007, 25.155253436000066], [121.55348516300012, 25.155390804000035], [121.55364332900001, 25.155591447000063], [121.5537704080001, 25.155783780000036], [121.55382142700012, 25.15590295800007], [121.55389795700012, 25.156081714000038], [121.5539221680001, 25.156189512000026], [121.55393019900009, 25.15622527100004], [121.55393916700007, 25.15626519800003], [121.5539904740001, 25.15644863500006], [121.55410802600011, 25.15676955200007], [121.55425078300004, 25.157081204000065], [121.55441917500002, 25.15747997400007], [121.55461324900011, 25.157887109000058], [121.55465625000011, 25.157980574000078], [121.55495483900006, 25.158629554000072], [121.55516883700011, 25.159064885000078], [121.55519325900002, 25.159099793000053], [121.55531619600004, 25.15927551200008], [121.55549897800006, 25.15950437300006], [121.55562258300006, 25.15970015000005], [121.5556990560001, 25.159865146000072], [121.55577037500007, 25.16000718600003], [121.55585665700005, 25.160107856000025], [121.55604931200003, 25.16028618400003], [121.55620595300002, 25.160399545000075], [121.55643427400003, 25.160564781000062], [121.55668236300005, 25.160719931000074], [121.55689484600009, 25.160815539000055], [121.55718804500009, 25.160897076000026], [121.55742562600005, 25.160960449000072], [121.55774386400003, 25.16099597400006], [121.55797389700001, 25.161038203000032], [121.55824460500003, 25.161065276000045], [121.55828896000003, 25.161055403000034], [121.55849833100001, 25.16117748000005], [121.55869539200012, 25.161294008000027], [121.55882773300004, 25.161400995000065], [121.5588741580001, 25.161438529000066], [121.5590221650001, 25.16157200300006], [121.55918260400006, 25.161738937000052], [121.5592874680001, 25.161839068000063], [121.55936920500005, 25.16191277300004], [121.55938613600006, 25.161928041000067], [121.55947232300002, 25.161972396000067], [121.5595584570001, 25.162005579000038], [121.559644466, 25.162010829000053], [121.55983493600002, 25.16202687200007], [121.56014222400006, 25.16207038700003], [121.56037774000004, 25.162151572000027], [121.56050082800004, 25.16220695100003], [121.56066720800004, 25.162329189000047], [121.56076603000008, 25.162451685000065], [121.56089591400007, 25.162652235000053], [121.56109404000006, 25.16300331800005], [121.5611437550001, 25.163131578000048], [121.56114415900004, 25.16322093800005], [121.56115687200008, 25.16331582600003], [121.56111496300002, 25.16355612900003], [121.56104357900006, 25.164023491000023], [121.56101971900011, 25.164179947000036], [121.56099588400002, 25.164341999000044], [121.56100912500006, 25.16455417000003], [121.56106141600003, 25.164679388000025], [121.5610641930001, 25.164686037000024], [121.56108363500005, 25.16473259600008], [121.56113939000011, 25.164838495000026], [121.5612694570001, 25.16507814700003], [121.56135003300005, 25.165239792000023], [121.56143058500004, 25.165395858000068], [121.56150969600003, 25.16559633600008], [121.56153620900011, 25.165663523000035], [121.56160483000008, 25.165897826000048], [121.56167426400009, 25.166197858000032], [121.56178006900006, 25.16650461200004], [121.56196637300002, 25.166956267000046], [121.56202852700005, 25.167117990000065], [121.56209120900007, 25.16739698600003], [121.56210402300007, 25.167514209000046], [121.56213584700004, 25.16775982100006], [121.56214886200007, 25.167921730000046], [121.5621800020001, 25.168016541000043], [121.56222964300002, 25.168128055000068], [121.56230999600007, 25.16823944400005], [121.5623900710001, 25.168289395000045], [121.56246264000004, 25.16835483500006], [121.56247024600009, 25.168361692000076], [121.56250012900011, 25.168396329000075], [121.56254206200003, 25.168444931000067], [121.5625999130001, 25.16851198200004], [121.56268696400002, 25.168661674000077], [121.56276746900005, 25.16880657200005], [121.5628111210001, 25.168951612000058], [121.5628362220001, 25.16906879000004], [121.56281820000004, 25.169158217000074], [121.56279386800009, 25.169208556000058], [121.56276951900008, 25.16925893000007], [121.56275904900008, 25.169327576000057], [121.56275758800007, 25.16933715700003], [121.56276385600006, 25.16936505700005], [121.5628441340001, 25.169459696000047], [121.56302944000004, 25.16968795300005], [121.56306045200006, 25.169754858000033], [121.56309176900004, 25.169888765000053], [121.56311059900008, 25.16997805500006], [121.56308712100008, 25.170218290000037], [121.563063209, 25.170363576000057], [121.56300863900003, 25.170520158000045], [121.56292348300008, 25.17070478900007], [121.56282586100008, 25.170850359000042], [121.56269708900004, 25.171078952000073], [121.56250192200002, 25.171386864000056], [121.5623550360001, 25.171504697000046], [121.56223896100005, 25.171644766000043], [121.56209824200005, 25.17176815600004], [121.56207626100002, 25.17179468100005], [121.56198216700011, 25.17190822500004], [121.56187253700011, 25.172115276000056], [121.56182877100002, 25.172264941000037], [121.56181458500009, 25.17231345400006], [121.56181204300003, 25.172322148000035], [121.56176962300003, 25.172450757000036], [121.56165389800003, 25.17266900800007], [121.56157520300007, 25.172926207000046], [121.5614370400001, 25.17321245100004], [121.5612919570001, 25.173437420000027], [121.56123334600011, 25.173507095000048], [121.56115676700006, 25.173598127000048], [121.56111185300006, 25.173685265000074], [121.56107205700005, 25.17379067400003], [121.5610571410001, 25.17383191400006], [121.56106755700011, 25.173909687000048], [121.56105301100001, 25.17403330700006], [121.56100314500009, 25.17413877300004], [121.56099995600005, 25.174143310000034], [121.56090310800005, 25.174281026000074], [121.56085840100002, 25.174413926000057], [121.56086417400002, 25.17457866500007], [121.5609054900001, 25.17481192300005], [121.56094625600008, 25.17517345600004], [121.56097212100008, 25.175278302000038], [121.56100265600003, 25.175402080000026], [121.56109920200004, 25.175603099000057], [121.56120573400005, 25.175785750000045], [121.56140811800003, 25.17601380900004], [121.56169144900002, 25.176333103000047], [121.56184848700002, 25.176552189000063], [121.56195515000002, 25.176713670000026], [121.56208670800004, 25.17691283700003], [121.5622087370001, 25.177182397000024], [121.56232636300001, 25.17739624400008], [121.56240510900011, 25.177499727000054], [121.56244790000005, 25.177555961000053], [121.56256453200001, 25.177657617000023], [121.56259951700008, 25.177688110000076], [121.56260361600005, 25.17769108500005], [121.56280658600008, 25.17783833900006], [121.5629679430001, 25.177897225000038], [121.56316456800005, 25.177927543000067], [121.56318435600008, 25.177930595000078], [121.56319966700005, 25.177932956000063], [121.56341136100002, 25.177991642000052], [121.56355251800005, 25.178036864000035], [121.56385007900008, 25.178159289000064], [121.56404173500005, 25.178240945000027], [121.56417267300003, 25.178254174000074], [121.56435882000005, 25.178230575000043], [121.56451967600003, 25.178179612000065], [121.56461527600004, 25.178170091000027], [121.56471613700012, 25.17821090600006], [121.56488106200004, 25.178297333000046], [121.565047778, 25.17842941200007], [121.56514895400005, 25.17853886300003], [121.56518337700004, 25.178586008000025], [121.56518861900008, 25.178593186000057], [121.56527558700009, 25.178712295000025], [121.56546784700004, 25.178926661000048], [121.56556197500004, 25.17908519200006], [121.56562510000003, 25.17919150700004], [121.56565631800004, 25.179243572000075], [121.56573703900006, 25.17937819100007], [121.56573735100005, 25.179446846000076], [121.56579326200006, 25.179565620000062], [121.56587159800006, 25.17973283400005], [121.56587459500008, 25.179739231000042], [121.56589021800005, 25.17985358100003], [121.56591097900002, 25.179990807000024], [121.56595802600009, 25.18013404000004], [121.56596202600008, 25.180146215000036], [121.5660434020001, 25.18032897300003], [121.56608425500008, 25.180456956000057], [121.56612030500003, 25.18063531000007], [121.56611692000001, 25.180686286000025], [121.56611088400007, 25.18077721900005], [121.56609194300006, 25.180845851000072], [121.56605145700007, 25.180992555000046], [121.5660317600001, 25.181088743000032], [121.56601730600005, 25.181230671000037], [121.56602783100004, 25.18132121700006], [121.5660481970001, 25.181371488000025], [121.56613916300012, 25.181448941000042], [121.56621500200004, 25.181521876000033], [121.56626567700005, 25.181594907000033], [121.56633166000006, 25.181713649000073], [121.56636215600008, 25.181777604000047], [121.56643789500004, 25.181827652000038], [121.56653362200007, 25.18184559200006], [121.566614189, 25.181849860000057], [121.56681579500002, 25.181904003000056], [121.56696506600008, 25.18194714200007], [121.56697205700004, 25.181949162000024], [121.56703764400004, 25.18198095200006], [121.56708305600011, 25.182003655000074], [121.567153802, 25.18206288700003], [121.56717924300006, 25.18212229100004], [121.56719340300003, 25.182181169000046], [121.5671972240001, 25.182197061000068], [121.56724082100004, 25.182378347000054], [121.56726665800011, 25.182524688000058], [121.56727775200011, 25.182748907000075], [121.56725786400011, 25.182803902000046], [121.56721297600006, 25.182895619000078], [121.5671830660001, 25.182959803000074], [121.56717838700001, 25.183037624000065], [121.56716975100005, 25.18311015300003], [121.56721551700002, 25.183210666000036], [121.56726122100008, 25.18329744700003], [121.56736221300002, 25.183365697000056], [121.56749343400008, 25.183438427000056], [121.5676497610001, 25.183497319000026], [121.56777066200004, 25.183560818000046], [121.56783142400002, 25.183592730000044], [121.5679223510001, 25.183661029000064], [121.56798311500006, 25.183738598000048], [121.5680236390001, 25.18379335800006], [121.5680292180001, 25.183912333000023], [121.56799129300009, 25.184425066000074], [121.5679722860001, 25.18467228800006], [121.56794270900002, 25.184809690000066], [121.56784744100003, 25.18489244500006], [121.56776200800005, 25.184924812000077], [121.5676615970001, 25.184984694000036], [121.56758661000003, 25.18509939100005], [121.56756701900008, 25.185217480000063], [121.56755772600002, 25.18538685200008], [121.56756336500007, 25.185519558000067], [121.56760906800002, 25.18560633800007], [121.56771023300007, 25.185711216000072], [121.56782635400009, 25.185783994000076], [121.56798259900006, 25.18582458000003], [121.56810367100002, 25.185879028000045], [121.56816936500002, 25.18593369100006], [121.56819480900003, 25.18599309700005], [121.56818522100002, 25.18609840000005], [121.5681803980001, 25.186144179000053], [121.56812019900008, 25.186190184000054], [121.56800992900003, 25.18629587500004], [121.56795992200011, 25.186369291000062], [121.56789510600004, 25.186506837000024], [121.56777002800004, 25.186676655000042], [121.56771511300008, 25.186777563000078], [121.56766517000005, 25.186864713000034], [121.567589085, 25.186937229000023], [121.56750881200003, 25.18699704000005], [121.56742843300003, 25.187033966000058], [121.56737320500008, 25.18706621900003], [121.56731809500002, 25.187125923000053], [121.56728808200012, 25.187167225000053], [121.56725852600005, 25.18730922000003], [121.56723414700002, 25.187483219000057], [121.56721434600001, 25.187556529000062], [121.56718457900001, 25.187652753000066], [121.56716569800005, 25.18792742100004], [121.56714121800007, 25.18807854000005], [121.56711635900001, 25.188147293000043], [121.56700667300004, 25.188381132000075], [121.5669620760001, 25.188536898000052], [121.5669723960001, 25.18859178500003], [121.56703337200008, 25.188715117000072], [121.56710423200002, 25.18879722400004], [121.56721129300001, 25.188896643000078], [121.56731040300008, 25.188987601000065], [121.56762541300009, 25.18935176100007], [121.567771364, 25.18958544700007], [121.56783643200004, 25.189605121000056], [121.56848867600002, 25.18980229700003], [121.56887739700005, 25.190320533000033], [121.56987776500011, 25.190829097000062], [121.569991049, 25.19096042900003], [121.570393738, 25.191017429000055], [121.57101109700011, 25.19133555800005], [121.57148342500011, 25.191619281000044], [121.57163095400006, 25.192120524000075], [121.57184118700002, 25.19236797700006], [121.57205213600002, 25.192768611000076], [121.57211177500005, 25.193101166000076], [121.57254046700007, 25.19324424100006], [121.57255611500011, 25.19324946200004], [121.572565488, 25.193252591000032], [121.57259087900002, 25.193251839000027], [121.57263712200006, 25.193248426000025], [121.57264952900005, 25.193250112000044], [121.57276810600001, 25.19326622600005], [121.57287395600008, 25.193293267000058], [121.57301033400006, 25.193388852000055], [121.57312153900011, 25.193484520000027], [121.57321150700011, 25.19360387000006], [121.57329280300007, 25.193763730000057], [121.57332375600004, 25.193923792000078], [121.57334935600011, 25.194015224000054], [121.57342032800011, 25.194120206000036], [121.57352123200008, 25.194165575000056], [121.57368285000007, 25.194274791000055], [121.57377865500007, 25.194306450000056], [121.57390468800008, 25.194342574000075], [121.5740759250001, 25.19435562500007], [121.57420191200004, 25.194382596000025], [121.5742877990001, 25.194446335000066], [121.57434337100005, 25.194487303000074], [121.57443016800005, 25.194581361000076], [121.57454621800002, 25.19463581800005], [121.5746470570001, 25.194667465000066], [121.57472257400002, 25.194667168000024], [121.5748534280001, 25.194657497000037], [121.57496405800009, 25.194629604000056], [121.57509471700007, 25.194578755000066], [121.57522054000003, 25.194569113000057], [121.57539670300002, 25.194559264000077], [121.57551251900009, 25.19456339000004], [121.57560324500002, 25.194585924000023], [121.57566888800011, 25.194626846000062], [121.57568429000003, 25.194690863000062], [121.57568517100003, 25.194878497000047], [121.57568112400008, 25.195089034000034], [121.57569648300012, 25.195143891000043], [121.57573718900005, 25.195235264000075], [121.5757978800001, 25.195294524000076], [121.57583826300004, 25.19531724500007], [121.5759542290001, 25.195353398000066], [121.57605991100002, 25.195343834000028], [121.57610840900008, 25.19532614800005], [121.57617212100001, 25.195284102000073], [121.57631267200009, 25.195236555000065], [121.57638820000011, 25.195227646000035], [121.57653315100004, 25.195223661000057], [121.57663952200005, 25.195255692000046], [121.5768242050001, 25.195297141000026], [121.57695197600003, 25.195326634000025], [121.57703893300004, 25.195323315000053], [121.57714085500004, 25.195308356000055], [121.5772449430001, 25.19526813500005], [121.57732492800005, 25.19521786300004], [121.57740084300008, 25.195146978000025], [121.57749343100011, 25.195007055000076], [121.57755275600005, 25.194922602000076], [121.57764091700005, 25.194826336000062], [121.57775440800003, 25.194737799000052], [121.57787848700002, 25.19468472500006], [121.57802676400001, 25.194648549000078], [121.57812976800005, 25.19462097400003], [121.57827188600004, 25.194595222000032], [121.57838127500008, 25.194573288000072], [121.57853557800001, 25.194517551000047], [121.57868947500003, 25.194433144000072], [121.57887024600006, 25.194287591000034], [121.57896478900011, 25.194196989000034], [121.579084824, 25.19412558600004], [121.57917170000007, 25.194116544000053], [121.57927829900007, 25.194164641000043], [121.5793268750001, 25.194211118000055], [121.5793709730001, 25.194297810000023], [121.57940687300004, 25.194339848000027], [121.57944570600012, 25.194410529000038], [121.57946785400009, 25.19446076400004], [121.5795036830001, 25.19458656300003], [121.57954332600002, 25.19471461200004], [121.57956793100004, 25.19476022400005], [121.57965874400008, 25.194850951000035], [121.57974338200006, 25.194950936000055], [121.5798837210001, 25.195066332000067], [121.5800109490001, 25.195146317000024], [121.58013300300001, 25.195217194000065], [121.58036116900007, 25.19530171200006], [121.5805472080001, 25.195350028000064], [121.58072763900009, 25.195358241000065], [121.58089145300005, 25.195350593000057], [121.58101981900006, 25.195333016000063]]]}}, {"type": "Feature", "properties": {"TOWNID": "A16", "TOWNCODE": "63000120", "PNAME": "臺北市", "TNAME": "北投區", "TOWNENG": "Beitou District", "COUNTYID": "A", "COUNTYCODE": "63000", "縣市": "臺北市", "行政區": "北投區", "淨流入": 1691, "平日日間活動人數": 233324, "平日夜間停留人數": 231633}, "geometry": {"type": "Polygon", "coordinates": [[[121.57098851600006, 25.19716545800003], [121.57098033600005, 25.197032453000077], [121.57094175100008, 25.196889465000027], [121.57092440600002, 25.19682197000003], [121.57090471800007, 25.196767118000025], [121.57088113400005, 25.196704287000045], [121.57084602500004, 25.196628967000038], [121.57081857900005, 25.196560435000038], [121.57080228400002, 25.19647800900003], [121.57081742700007, 25.196389487000033], [121.57087984700001, 25.19625565800004], [121.57094786000005, 25.196160758000076], [121.57105881700011, 25.19607112500006], [121.57111112400003, 25.196024627000043], [121.57118618400011, 25.195982446000073], [121.57128751000005, 25.195925043000045], [121.57136887400009, 25.195882784000048], [121.57142253200004, 25.195843153000055], [121.5714870380001, 25.195767818000036], [121.5715352200001, 25.195697258000052], [121.57157595000001, 25.19563484500003], [121.57160793300011, 25.195578225000077], [121.57166996700005, 25.195506366000075], [121.57170298500012, 25.195433699000034], [121.5717502120001, 25.195384955000065], [121.57189590500002, 25.19534424400007], [121.57203070700007, 25.19533579600005], [121.5721641020001, 25.195317024000076], [121.57227591800006, 25.195288189000053], [121.57241223000005, 25.195208575000038], [121.57251463900002, 25.195138547000056], [121.57263104600008, 25.195077518000062], [121.57271993900008, 25.195032883000067], [121.5729121490001, 25.194982448000076], [121.57307976000004, 25.19497591000004], [121.57318821500007, 25.19497694200004], [121.57327299100007, 25.194997758000056], [121.57335270900012, 25.195017489000065], [121.57342980600004, 25.195030362000068], [121.57354235100001, 25.19505314500003], [121.573603208, 25.19507653200003], [121.5737326090001, 25.195132401000023], [121.5738325320001, 25.195154175000027], [121.57392602100003, 25.19516685800005], [121.57401156900005, 25.195153246000075], [121.57410208200008, 25.195133827000063], [121.57416893000004, 25.19513534500004], [121.57425501900002, 25.19515957400006], [121.57447819900005, 25.195248777000074], [121.574598648, 25.195295561000023], [121.57475077900006, 25.195353454000042], [121.5749017600001, 25.19541939000004], [121.57505005700011, 25.195473892000052], [121.57519691900006, 25.195515770000043], [121.57528421900008, 25.195536557000025], [121.57542070000011, 25.195557918000077], [121.57557735500006, 25.19557903900005], [121.57567577300006, 25.195583630000044], [121.57578042900002, 25.195583558000067], [121.57587961800004, 25.19555371100006], [121.57598204200008, 25.195484818000068], [121.57606046, 25.195412760000067], [121.57610840900008, 25.19532614800005], [121.57605991100002, 25.195343834000028], [121.5759542290001, 25.195353398000066], [121.57583826300004, 25.19531724500007], [121.5757978800001, 25.195294524000076], [121.57573718900005, 25.195235264000075], [121.57569648300012, 25.195143891000043], [121.57568112400008, 25.195089034000034], [121.57568517100003, 25.194878497000047], [121.57568429000003, 25.194690863000062], [121.57566888800011, 25.194626846000062], [121.57560324500002, 25.194585924000023], [121.57551251900009, 25.19456339000004], [121.57539670300002, 25.194559264000077], [121.57522054000003, 25.194569113000057], [121.57509471700007, 25.194578755000066], [121.57496405800009, 25.194629604000056], [121.5748534280001, 25.194657497000037], [121.57472257400002, 25.194667168000024], [121.5746470570001, 25.194667465000066], [121.57454621800002, 25.19463581800005], [121.57443016800005, 25.194581361000076], [121.57434337100005, 25.194487303000074], [121.5742877990001, 25.194446335000066], [121.57420191200004, 25.194382596000025], [121.5740759250001, 25.19435562500007], [121.57390468800008, 25.194342574000075], [121.57377865500007, 25.194306450000056], [121.57368285000007, 25.194274791000055], [121.57352123200008, 25.194165575000056], [121.57342032800011, 25.194120206000036], [121.57334935600011, 25.194015224000054], [121.57332375600004, 25.193923792000078], [121.57329280300007, 25.193763730000057], [121.57321150700011, 25.19360387000006], [121.57312153900011, 25.193484520000027], [121.57301033400006, 25.193388852000055], [121.57287395600008, 25.193293267000058], [121.57276810600001, 25.19326622600005], [121.57264952900005, 25.193250112000044], [121.57263712200006, 25.193248426000025], [121.57259087900002, 25.193251839000027], [121.572565488, 25.193252591000032], [121.57255611500011, 25.19324946200004], [121.57254046700007, 25.19324424100006], [121.57211177500005, 25.193101166000076], [121.57205213600002, 25.192768611000076], [121.57184118700002, 25.19236797700006], [121.57163095400006, 25.192120524000075], [121.57148342500011, 25.191619281000044], [121.57101109700011, 25.19133555800005], [121.570393738, 25.191017429000055], [121.569991049, 25.19096042900003], [121.56987776500011, 25.190829097000062], [121.56887739700005, 25.190320533000033], [121.56848867600002, 25.18980229700003], [121.56783643200004, 25.189605121000056], [121.567771364, 25.18958544700007], [121.56762541300009, 25.18935176100007], [121.56731040300008, 25.188987601000065], [121.56721129300001, 25.188896643000078], [121.56710423200002, 25.18879722400004], [121.56703337200008, 25.188715117000072], [121.5669723960001, 25.18859178500003], [121.5669620760001, 25.188536898000052], [121.56700667300004, 25.188381132000075], [121.56711635900001, 25.188147293000043], [121.56714121800007, 25.18807854000005], [121.56716569800005, 25.18792742100004], [121.56718457900001, 25.187652753000066], [121.56721434600001, 25.187556529000062], [121.56723414700002, 25.187483219000057], [121.56725852600005, 25.18730922000003], [121.56728808200012, 25.187167225000053], [121.56731809500002, 25.187125923000053], [121.56737320500008, 25.18706621900003], [121.56742843300003, 25.187033966000058], [121.56750881200003, 25.18699704000005], [121.567589085, 25.186937229000023], [121.56766517000005, 25.186864713000034], [121.56771511300008, 25.186777563000078], [121.56777002800004, 25.186676655000042], [121.56789510600004, 25.186506837000024], [121.56795992200011, 25.186369291000062], [121.56800992900003, 25.18629587500004], [121.56812019900008, 25.186190184000054], [121.5681803980001, 25.186144179000053], [121.56818522100002, 25.18609840000005], [121.56819480900003, 25.18599309700005], [121.56816936500002, 25.18593369100006], [121.56810367100002, 25.185879028000045], [121.56798259900006, 25.18582458000003], [121.56782635400009, 25.185783994000076], [121.56771023300007, 25.185711216000072], [121.56760906800002, 25.18560633800007], [121.56756336500007, 25.185519558000067], [121.56755772600002, 25.18538685200008], [121.56756701900008, 25.185217480000063], [121.56758661000003, 25.18509939100005], [121.5676615970001, 25.184984694000036], [121.56776200800005, 25.184924812000077], [121.56784744100003, 25.18489244500006], [121.56794270900002, 25.184809690000066], [121.5679722860001, 25.18467228800006], [121.56799129300009, 25.184425066000074], [121.5680292180001, 25.183912333000023], [121.5680236390001, 25.18379335800006], [121.56798311500006, 25.183738598000048], [121.5679223510001, 25.183661029000064], [121.56783142400002, 25.183592730000044], [121.56777066200004, 25.183560818000046], [121.5676497610001, 25.183497319000026], [121.56749343400008, 25.183438427000056], [121.56736221300002, 25.183365697000056], [121.56726122100008, 25.18329744700003], [121.56721551700002, 25.183210666000036], [121.56716975100005, 25.18311015300003], [121.56717838700001, 25.183037624000065], [121.5671830660001, 25.182959803000074], [121.56721297600006, 25.182895619000078], [121.56725786400011, 25.182803902000046], [121.56727775200011, 25.182748907000075], [121.56726665800011, 25.182524688000058], [121.56724082100004, 25.182378347000054], [121.5671972240001, 25.182197061000068], [121.56719340300003, 25.182181169000046], [121.56717924300006, 25.18212229100004], [121.567153802, 25.18206288700003], [121.56708305600011, 25.182003655000074], [121.56703764400004, 25.18198095200006], [121.56697205700004, 25.181949162000024], [121.56696506600008, 25.18194714200007], [121.56681579500002, 25.181904003000056], [121.566614189, 25.181849860000057], [121.56653362200007, 25.18184559200006], [121.56643789500004, 25.181827652000038], [121.56636215600008, 25.181777604000047], [121.56633166000006, 25.181713649000073], [121.56626567700005, 25.181594907000033], [121.56621500200004, 25.181521876000033], [121.56613916300012, 25.181448941000042], [121.5660481970001, 25.181371488000025], [121.56602783100004, 25.18132121700006], [121.56601730600005, 25.181230671000037], [121.5660317600001, 25.181088743000032], [121.56605145700007, 25.180992555000046], [121.56609194300006, 25.180845851000072], [121.56611088400007, 25.18077721900005], [121.56611692000001, 25.180686286000025], [121.56612030500003, 25.18063531000007], [121.56608425500008, 25.180456956000057], [121.5660434020001, 25.18032897300003], [121.56596202600008, 25.180146215000036], [121.56595802600009, 25.18013404000004], [121.56591097900002, 25.179990807000024], [121.56589021800005, 25.17985358100003], [121.56587459500008, 25.179739231000042], [121.56587159800006, 25.17973283400005], [121.56579326200006, 25.179565620000062], [121.56573735100005, 25.179446846000076], [121.56573703900006, 25.17937819100007], [121.56565631800004, 25.179243572000075], [121.56562510000003, 25.17919150700004], [121.56556197500004, 25.17908519200006], [121.56546784700004, 25.178926661000048], [121.56527558700009, 25.178712295000025], [121.56518861900008, 25.178593186000057], [121.56518337700004, 25.178586008000025], [121.56514895400005, 25.17853886300003], [121.565047778, 25.17842941200007], [121.56488106200004, 25.178297333000046], [121.56471613700012, 25.17821090600006], [121.56461527600004, 25.178170091000027], [121.56451967600003, 25.178179612000065], [121.56435882000005, 25.178230575000043], [121.56417267300003, 25.178254174000074], [121.56404173500005, 25.178240945000027], [121.56385007900008, 25.178159289000064], [121.56355251800005, 25.178036864000035], [121.56341136100002, 25.177991642000052], [121.56319966700005, 25.177932956000063], [121.56318435600008, 25.177930595000078], [121.56316456800005, 25.177927543000067], [121.5629679430001, 25.177897225000038], [121.56280658600008, 25.17783833900006], [121.56260361600005, 25.17769108500005], [121.56259951700008, 25.177688110000076], [121.56256453200001, 25.177657617000023], [121.56244790000005, 25.177555961000053], [121.56240510900011, 25.177499727000054], [121.56232636300001, 25.17739624400008], [121.5622087370001, 25.177182397000024], [121.56208670800004, 25.17691283700003], [121.56195515000002, 25.176713670000026], [121.56184848700002, 25.176552189000063], [121.56169144900002, 25.176333103000047], [121.56140811800003, 25.17601380900004], [121.56120573400005, 25.175785750000045], [121.56109920200004, 25.175603099000057], [121.56100265600003, 25.175402080000026], [121.56097212100008, 25.175278302000038], [121.56094625600008, 25.17517345600004], [121.5609054900001, 25.17481192300005], [121.56086417400002, 25.17457866500007], [121.56085840100002, 25.174413926000057], [121.56090310800005, 25.174281026000074], [121.56099995600005, 25.174143310000034], [121.56100314500009, 25.17413877300004], [121.56105301100001, 25.17403330700006], [121.56106755700011, 25.173909687000048], [121.5610571410001, 25.17383191400006], [121.56107205700005, 25.17379067400003], [121.56111185300006, 25.173685265000074], [121.56115676700006, 25.173598127000048], [121.56123334600011, 25.173507095000048], [121.5612919570001, 25.173437420000027], [121.5614370400001, 25.17321245100004], [121.56157520300007, 25.172926207000046], [121.56165389800003, 25.17266900800007], [121.56176962300003, 25.172450757000036], [121.56181204300003, 25.172322148000035], [121.56181458500009, 25.17231345400006], [121.56182877100002, 25.172264941000037], [121.56187253700011, 25.172115276000056], [121.56198216700011, 25.17190822500004], [121.56207626100002, 25.17179468100005], [121.56209824200005, 25.17176815600004], [121.56223896100005, 25.171644766000043], [121.5623550360001, 25.171504697000046], [121.56250192200002, 25.171386864000056], [121.56269708900004, 25.171078952000073], [121.56282586100008, 25.170850359000042], [121.56292348300008, 25.17070478900007], [121.56300863900003, 25.170520158000045], [121.563063209, 25.170363576000057], [121.56308712100008, 25.170218290000037], [121.56311059900008, 25.16997805500006], [121.56309176900004, 25.169888765000053], [121.56306045200006, 25.169754858000033], [121.56302944000004, 25.16968795300005], [121.5628441340001, 25.169459696000047], [121.56276385600006, 25.16936505700005], [121.56275758800007, 25.16933715700003], [121.56275904900008, 25.169327576000057], [121.56276951900008, 25.16925893000007], [121.56279386800009, 25.169208556000058], [121.56281820000004, 25.169158217000074], [121.5628362220001, 25.16906879000004], [121.5628111210001, 25.168951612000058], [121.56276746900005, 25.16880657200005], [121.56268696400002, 25.168661674000077], [121.5625999130001, 25.16851198200004], [121.56254206200003, 25.168444931000067], [121.56250012900011, 25.168396329000075], [121.56247024600009, 25.168361692000076], [121.56246264000004, 25.16835483500006], [121.5623900710001, 25.168289395000045], [121.56230999600007, 25.16823944400005], [121.56222964300002, 25.168128055000068], [121.5621800020001, 25.168016541000043], [121.56214886200007, 25.167921730000046], [121.56213584700004, 25.16775982100006], [121.56210402300007, 25.167514209000046], [121.56209120900007, 25.16739698600003], [121.56202852700005, 25.167117990000065], [121.56196637300002, 25.166956267000046], [121.56178006900006, 25.16650461200004], [121.56167426400009, 25.166197858000032], [121.56160483000008, 25.165897826000048], [121.56153620900011, 25.165663523000035], [121.56150969600003, 25.16559633600008], [121.56143058500004, 25.165395858000068], [121.56135003300005, 25.165239792000023], [121.5612694570001, 25.16507814700003], [121.56113939000011, 25.164838495000026], [121.56108363500005, 25.16473259600008], [121.5610641930001, 25.164686037000024], [121.56106141600003, 25.164679388000025], [121.56100912500006, 25.16455417000003], [121.56099588400002, 25.164341999000044], [121.56101971900011, 25.164179947000036], [121.56104357900006, 25.164023491000023], [121.56111496300002, 25.16355612900003], [121.56115687200008, 25.16331582600003], [121.56114415900004, 25.16322093800005], [121.5611437550001, 25.163131578000048], [121.56109404000006, 25.16300331800005], [121.56089591400007, 25.162652235000053], [121.56076603000008, 25.162451685000065], [121.56066720800004, 25.162329189000047], [121.56050082800004, 25.16220695100003], [121.56037774000004, 25.162151572000027], [121.56014222400006, 25.16207038700003], [121.55983493600002, 25.16202687200007], [121.559644466, 25.162010829000053], [121.5595584570001, 25.162005579000038], [121.55947232300002, 25.161972396000067], [121.55938613600006, 25.161928041000067], [121.55936920500005, 25.16191277300004], [121.5592874680001, 25.161839068000063], [121.55918260400006, 25.161738937000052], [121.5590221650001, 25.16157200300006], [121.5588741580001, 25.161438529000066], [121.55882773300004, 25.161400995000065], [121.55869539200012, 25.161294008000027], [121.55849833100001, 25.16117748000005], [121.55828896000003, 25.161055403000034], [121.55824460500003, 25.161065276000045], [121.55797389700001, 25.161038203000032], [121.55774386400003, 25.16099597400006], [121.55742562600005, 25.160960449000072], [121.55718804500009, 25.160897076000026], [121.55689484600009, 25.160815539000055], [121.55668236300005, 25.160719931000074], [121.55643427400003, 25.160564781000062], [121.55620595300002, 25.160399545000075], [121.55604931200003, 25.16028618400003], [121.55585665700005, 25.160107856000025], [121.55577037500007, 25.16000718600003], [121.5556990560001, 25.159865146000072], [121.55562258300006, 25.15970015000005], [121.55549897800006, 25.15950437300006], [121.55531619600004, 25.15927551200008], [121.55519325900002, 25.159099793000053], [121.55516883700011, 25.159064885000078], [121.55495483900006, 25.158629554000072], [121.55465625000011, 25.157980574000078], [121.55461324900011, 25.157887109000058], [121.55441917500002, 25.15747997400007], [121.55425078300004, 25.157081204000065], [121.55410802600011, 25.15676955200007], [121.5539904740001, 25.15644863500006], [121.55393916700007, 25.15626519800003], [121.55393019900009, 25.15622527100004], [121.5539221680001, 25.156189512000026], [121.55389795700012, 25.156081714000038], [121.55382142700012, 25.15590295800007], [121.5537704080001, 25.155783780000036], [121.55364332900001, 25.155591447000063], [121.55348516300012, 25.155390804000035], [121.55338862100007, 25.155253436000066], [121.55336292800007, 25.155152533000035], [121.55335096600004, 25.154954459000066], [121.55334931900006, 25.154927187000055], [121.55334657300011, 25.154881730000056], [121.55333427200003, 25.154780498000036], [121.5533203660001, 25.15466605900008], [121.5532843090001, 25.154505504000042], [121.55323848100011, 25.154418452000073], [121.55321733800008, 25.154358138000077], [121.55318222900007, 25.154257983000036], [121.55308024600004, 25.15410616400004], [121.55306533400005, 25.15408396600003], [121.55297903600001, 25.15397869800006], [121.552815914, 25.15380609700003], [121.55264886000009, 25.153705724000076], [121.55245638300005, 25.153564137000046], [121.55228399500004, 25.153399506000028], [121.55208620300004, 25.153198239000062], [121.55191369300007, 25.153006068000025], [121.5518273990001, 25.152900808000027], [121.55163970900003, 25.152699496000025], [121.55150764300004, 25.152520955000057], [121.5514009850001, 25.152379035000024], [121.55121049500008, 25.152193073000035], [121.5510026390001, 25.152001037000048], [121.55082511900002, 25.15181806800007], [121.55079449100003, 25.15177810700004], [121.55063214200004, 25.15156629300003], [121.55054075300006, 25.151451859000076], [121.55048509700009, 25.151424521000024], [121.55042457700006, 25.15143852400007], [121.55035907100012, 25.15146631400006], [121.55028841400008, 25.151471161000075], [121.55023277600003, 25.151448420000065], [121.55020735000005, 25.151407195000047], [121.55019191600002, 25.15134297900005], [121.5501413080001, 25.15131562600004], [121.550085652, 25.151288288000046], [121.55005944000004, 25.151072622000072], [121.55003811400002, 25.15082020500006], [121.55002086600007, 25.15035200600005], [121.55001055700006, 25.150262721000047], [121.5499341850001, 25.150096808000058], [121.54979486800005, 25.14994832800005], [121.54966829000011, 25.14982844700006], [121.54949743500003, 25.149674350000055], [121.54947783700004, 25.14951968300005], [121.54946459000007, 25.149376467000025], [121.54945075300009, 25.149101436000024], [121.5493800700001, 25.14879796400004], [121.5493217070001, 25.14843139900006], [121.54925529400009, 25.14821259000007], [121.54921808000006, 25.14810727300005], [121.54917679800008, 25.147955124000077], [121.54912505400011, 25.147733798000047], [121.54908315500006, 25.14744319700003], [121.54906691600002, 25.147217125000054], [121.54909637300011, 25.146995479000054], [121.5491312580001, 25.146852283000044], [121.5491714850001, 25.146769066000047], [121.54928214300003, 25.146547129000055], [121.54929782400006, 25.14639603200004], [121.54922901600003, 25.146335646000068], [121.54920785400009, 25.14631707500007], [121.54910930800008, 25.146230591000062], [121.5489753820001, 25.14607403900004], [121.54897156000004, 25.146069573000034], [121.5488949810001, 25.14596832700005], [121.54874665200009, 25.145710433000033], [121.54869526400012, 25.14556755700005], [121.54869969800006, 25.145424476000073], [121.54870586000004, 25.145398346000036], [121.54873456100006, 25.145276656000078], [121.548794799, 25.14512875500003], [121.54891096300003, 25.145003716000076], [121.54892076300007, 25.14492522200004], [121.54887948300006, 25.14477307900006], [121.54885197400006, 25.144735882000077], [121.54881821300012, 25.144690233000063], [121.54870535200007, 25.14457238400007], [121.54862367500004, 25.144501777000073], [121.54858308200005, 25.144466687000033], [121.54847611700006, 25.144379396000033], [121.54839964400003, 25.14430122300007], [121.54834854300009, 25.144222960000036], [121.5482595420001, 25.14404823700005], [121.54823590800004, 25.144001841000033], [121.54813337900009, 25.14377147500005], [121.54807186200003, 25.143633238000064], [121.54801048700006, 25.143527327000072], [121.54789322800002, 25.14340777800004], [121.5477507390001, 25.143320618000075], [121.54765409100003, 25.14327021200006], [121.5473627660001, 25.143134377000024], [121.54727015900005, 25.14309172000003], [121.54714409400003, 25.143033651000053], [121.54701191900006, 25.14298337400004], [121.54683399300006, 25.14291481400005], [121.54668137800002, 25.142832303000034], [121.5465695050001, 25.142781951000075], [121.54644222200011, 25.142690121000044], [121.54623875400011, 25.142584731000056], [121.54610652000008, 25.142520605000072], [121.54605270400009, 25.14246765300004], [121.54605045000005, 25.142465435000076], [121.54598914000007, 25.142373358000043], [121.54596343900005, 25.142299623000042], [121.54595287500001, 25.142207350000035], [121.54596750100006, 25.142073465000067], [121.54597503600007, 25.141927727000052], [121.54594399100006, 25.14179400200004], [121.5459030620001, 25.141720319000058], [121.54583168600004, 25.14164674400007], [121.54577052200011, 25.14158697000005], [121.54568418800011, 25.14157344800003], [121.54548621100002, 25.14156032900007], [121.54534925400003, 25.141574684000034], [121.54517685700011, 25.14160761900007], [121.54500967800004, 25.141672851000067], [121.54474638800002, 25.14180765100008], [121.5446501350001, 25.14184492000004], [121.544574011, 25.141845200000034], [121.54435068100008, 25.14183680600007], [121.54402065600004, 25.14180109700004], [121.54390197200007, 25.141825421000078], [121.54371977100004, 25.141936845000032], [121.54354788, 25.142085157000054], [121.54349248500012, 25.14218227400005], [121.54344710100008, 25.14224705500004], [121.54333084900009, 25.142353634000074], [121.54318383800012, 25.142391089000057], [121.54294574700009, 25.142488877000062], [121.54277845700005, 25.142531031000033], [121.54258571100002, 25.142554811000025], [121.54257622300008, 25.142554537000024], [121.542443595, 25.142550721000077], [121.54239387100006, 25.142531560000066], [121.54236839200007, 25.142521740000063], [121.542333557, 25.142508315000043], [121.54230124900005, 25.142495865000058], [121.54224528200007, 25.142463759000066], [121.54218417700008, 25.142417833000025], [121.54214791900006, 25.14237206200005], [121.5421076230001, 25.142321197000058], [121.54206174500007, 25.142275212000072], [121.54199318300005, 25.14216967300007], [121.54193692700005, 25.142072966000057], [121.54190600600009, 25.141966936000074], [121.54189808900003, 25.14192249200005], [121.54189039500011, 25.141879306000078], [121.54188740000006, 25.141826593000076], [121.54188489, 25.14178240900003], [121.54186943900004, 25.141731700000037], [121.54181850900011, 25.141690351000022], [121.54181610600006, 25.141689023000026], [121.54180440100004, 25.14168255900006], [121.5416607950001, 25.14160324000005], [121.54154383000002, 25.14154829000006], [121.541492693, 25.141460797000036], [121.5413957400001, 25.14134116100007], [121.54136512600007, 25.141304349000052], [121.5413625860001, 25.141302877000044], [121.54129389500008, 25.14126308300007], [121.54121771300004, 25.141249513000048], [121.54110608400003, 25.14125453500003], [121.54093893900006, 25.14132898500003], [121.54067066400012, 25.14148688100005], [121.5404937300001, 25.141568146000054], [121.54047820500011, 25.141575275000037], [121.54031595200001, 25.14160817100003], [121.540183984, 25.14160403900007], [121.54002140400007, 25.14156309200007], [121.53988758100002, 25.141493067000056], [121.53978330400003, 25.141430398000068], [121.53975019600011, 25.141410501000053], [121.5396433410001, 25.141346277000025], [121.53951080500008, 25.141212921000033], [121.53942398400011, 25.141088644000035], [121.53937759700011, 25.140927284000043], [121.53934605400002, 25.140678192000053], [121.5392945750001, 25.140512228000034], [121.53923848700003, 25.140452441000036], [121.53919610900004, 25.14043632000005], [121.5391063190001, 25.140402167000047], [121.53907149600002, 25.14039626400006], [121.538999665, 25.14038408500005], [121.53875096100012, 25.140375756000026], [121.538601717, 25.140350958000056], [121.53853690800008, 25.140332924000063], [121.538454365, 25.140309957000056], [121.53836279600011, 25.14025952700007], [121.53829136400009, 25.14017209600007], [121.53821981200008, 25.140056981000043], [121.53816878200007, 25.139992552000024], [121.53807719100007, 25.13993750700007], [121.5379992820001, 25.13991172900006], [121.53798062700002, 25.139905558000066], [121.53793493600006, 25.139901103000057], [121.53771667900003, 25.13989267000005], [121.53751354600001, 25.13986110600007], [121.53749002500001, 25.13985508500008], [121.537229034, 25.139788289000023], [121.53713241100002, 25.13974248900007], [121.53700511900001, 25.139646046000053], [121.53696434000005, 25.13960466700007], [121.53688646800003, 25.139501849000055], [121.53682141900003, 25.13941596500007], [121.53677540400008, 25.139337672000067], [121.53671432500005, 25.139296356000045], [121.53670288700005, 25.139285948000065], [121.53662587500003, 25.139215874000058], [121.53651912600003, 25.13917473400005], [121.5363458270001, 25.139173076000077], [121.53616894600009, 25.13917138200003], [121.53604717200005, 25.13917644600008], [121.53604514200003, 25.13917632400006], [121.53575783100007, 25.139159033000055], [121.53544239000007, 25.139186262000067], [121.53542301800007, 25.139187933000073], [121.53515409800002, 25.13919813600006], [121.53504750700006, 25.13919390600006], [121.53492379000011, 25.139170574000048], [121.53479662000007, 25.139101806000042], [121.53474051700005, 25.139037398000028], [121.534734963, 25.13892666000004], [121.53474976400003, 25.13882969200006], [121.53474450800002, 25.13878817500006], [121.5347135400001, 25.138668302000042], [121.5346522420001, 25.138576214000068], [121.53457064800011, 25.13848421600005], [121.5344587830001, 25.138433847000044], [121.53440915600004, 25.138417640000057], [121.53429107900001, 25.138379076000035], [121.53414587100008, 25.13834661900006], [121.53406757000005, 25.13832911800006], [121.53391525000006, 25.138311205000036], [121.53373231900002, 25.138256487000035], [121.53363552200005, 25.138169147000042], [121.53357410300009, 25.13804938000004], [121.53355836100002, 25.137929445000054], [121.53353836300005, 25.137788467000064], [121.5335374230001, 25.13778184100005], [121.53348982300008, 25.13766004300004], [121.53345404000004, 25.137600173000067], [121.53342183600012, 25.13757547800003], [121.533352207, 25.137522086000047], [121.53327081200007, 25.137476228000025], [121.53324218000012, 25.137466835000055], [121.5331993420001, 25.137467350000065], [121.53313948200002, 25.137444274000075], [121.53304479300004, 25.137435049000032], [121.53298575100007, 25.13742929700004], [121.53287053600002, 25.137437479000027], [121.53277659500009, 25.137430051000024], [121.53254978100006, 25.137294989000054], [121.53242570900011, 25.137229449000074], [121.53224208100005, 25.137210701000072], [121.5321270180001, 25.137253806000047], [121.53196078100007, 25.13730875300007], [121.53179024600001, 25.13735594900004], [121.53161947100011, 25.137348802000076], [121.53151687800005, 25.137314230000072], [121.5314268730001, 25.13722915900007], [121.53129823400002, 25.13709374900003], [121.53120376100003, 25.136962109000024], [121.5311263100001, 25.136818751000078], [121.5310786230001, 25.136648120000075], [121.53106531700007, 25.136531707000074], [121.53102218200002, 25.13642705500007], [121.53095684800007, 25.13631958600007], [121.53075963300012, 25.13611843800004], [121.53064062300007, 25.136007466000024], [121.53063106500008, 25.135998554000025], [121.53062039400004, 25.135977128000036], [121.53057509300004, 25.135886176000042], [121.53055326700007, 25.135773676000042], [121.5305525340001, 25.135602884000036], [121.53053857900011, 25.135335087000044], [121.53051617100004, 25.135086714000067], [121.53046369000003, 25.13482394300007], [121.53036395200002, 25.134459406000076], [121.53033375700011, 25.13438575500004], [121.53035038000007, 25.13428088200004], [121.53038844500009, 25.134199240000044], [121.53047359400011, 25.134148468000035], [121.53067817300007, 25.134077857000023], [121.53084435200003, 25.134011276000024], [121.53097635200004, 25.133937053000068], [121.53104871200003, 25.13389020900007], [121.53108679400009, 25.13381243200007], [121.53108624300012, 25.133684326000036], [121.53107246900004, 25.133459235000032], [121.5310801710001, 25.13329728900004], [121.53120676300011, 25.13295911700004], [121.53118508800003, 25.13288156300007], [121.53101747300002, 25.132614320000073], [121.53088850600011, 25.132401274000074], [121.53084112300007, 25.132300518000022], [121.53080160700006, 25.132044462000067], [121.53082217100007, 25.131858882000074], [121.53088902700006, 25.131524806000073], [121.53093865700009, 25.131155860000035], [121.53099794200011, 25.13104695000004], [121.53104015600002, 25.130938101000027], [121.53105620800011, 25.130701257000055], [121.53108555100005, 25.130576936000068], [121.53116972500004, 25.130278520000047], [121.53119024400007, 25.130088235000073], [121.53119824600003, 25.129963993000047], [121.53120176300001, 25.129789294000034], [121.53120425700001, 25.129377817000034], [121.53121587500004, 25.12910216000006], [121.5312409500001, 25.128977855000073], [121.53126578900003, 25.128799188000073], [121.53131605400006, 25.128628869000067], [121.53137517300001, 25.128481149000038], [121.53141726700005, 25.128345144000036], [121.5314122960001, 25.128182116000062], [121.53140683900006, 25.127906520000067], [121.53138032900006, 25.127697001000058], [121.53135841900007, 25.127565091000065], [121.53132375700011, 25.12744488100003], [121.53120762100002, 25.127235685000073], [121.53116447100001, 25.127127143000052], [121.53114227900005, 25.12704264000007], [121.53109916500011, 25.126941861000034], [121.53100475200006, 25.126821865000068], [121.53088058100002, 25.126729144000024], [121.53070944400008, 25.12663271400004], [121.53059399400001, 25.126582659000064], [121.53031197700011, 25.12650602900004], [121.52996152300011, 25.126394695000045], [121.52988878500003, 25.126352264000047], [121.5298200960001, 25.126259350000055], [121.529789821, 25.126166289000025], [121.52978077000012, 25.126045986000065], [121.52977578600007, 25.125879075000057], [121.52974497700006, 25.125661810000054], [121.52973674100008, 25.125359976000027], [121.52973583500011, 25.125326726000026], [121.5297349330001, 25.12529364900007], [121.52972566400001, 25.12512288100004], [121.52968185600002, 25.124859076000064], [121.5296552000001, 25.124614618000066], [121.5296074040001, 25.124416807000046], [121.52957289900007, 25.124331531000053], [121.52950432800003, 25.124265785000034], [121.52935460600008, 25.124184797000055], [121.52922401700005, 25.124111755000058], [121.52902102400003, 25.12398649800008], [121.52885018600011, 25.123904717000073], [121.52870616900009, 25.12386646300007], [121.52850883700012, 25.123818707000055], [121.52825292000011, 25.123776005000025], [121.52798112500011, 25.123757584000032], [121.52761881800006, 25.12375402600003], [121.52729921700006, 25.123769699000036], [121.52709135400005, 25.123751045000063], [121.52694203300007, 25.123717660000068], [121.52674466000008, 25.12366021300005], [121.52663252900004, 25.123602462000065], [121.52653109700009, 25.123554359000025], [121.52640737600007, 25.12340255500004], [121.5263972030001, 25.123390073000053], [121.52635182200004, 25.123313047000067], [121.52630065500011, 25.123226200000033], [121.52629346800006, 25.123214002000054], [121.5262880470001, 25.123207685000068], [121.52620561600008, 25.123111635000043], [121.52611792500011, 25.123009885000045], [121.5259798410001, 25.122783582000068], [121.52587925000012, 25.12257982500006], [121.52584658500007, 25.122396243000026], [121.52584094000008, 25.12236451700005], [121.52567686800012, 25.12188883400006], [121.5256137230001, 25.121696292000024], [121.52562594800008, 25.121639551000044], [121.52565030300002, 25.121503388000065], [121.52574867800001, 25.121185530000048], [121.5257727400001, 25.120981339000025], [121.52577216200007, 25.120845272000054], [121.52575026000011, 25.12077331300003], [121.52573423800004, 25.12072067300005], [121.52563403400006, 25.120607630000052], [121.52533415000005, 25.120438596000042], [121.5251218090001, 25.12033728800003], [121.52488444300002, 25.120213394000075], [121.52474670300012, 25.120066464000047], [121.52471419200003, 25.12002246800006], [121.52467148000005, 25.11996467000006], [121.52452088900009, 25.119727081000065], [121.52445817800003, 25.11963658800005], [121.52443962200005, 25.119598993000068], [121.52440788700005, 25.119534703000056], [121.52433429400003, 25.119336418000046], [121.52431962500009, 25.11929689300007], [121.52426918800006, 25.11916099000007], [121.52423121900006, 25.119025046000047], [121.52420600100004, 25.11895710700003], [121.52411797800005, 25.118775984000024], [121.524094224, 25.118749182000045], [121.52402288500002, 25.11866869800008], [121.52401777900002, 25.118662936000078], [121.5239991410001, 25.118627446000062], [121.5237032550001, 25.11806402600007], [121.52357712100002, 25.11771294600004], [121.52355171400006, 25.117599635000033], [121.52355131600007, 25.11750554100007], [121.52355128200008, 25.117497584000034], [121.523575875, 25.11741812200006], [121.52362496900002, 25.11723651400007], [121.52371165000011, 25.117100143000073], [121.52379852000001, 25.11700912300006], [121.52400980000004, 25.116860958000075], [121.52413406300002, 25.116769815000055], [121.52430804200003, 25.11664446800006], [121.52450694900006, 25.11651902500006], [121.52479267500007, 25.11629123800003], [121.52497897100011, 25.116131821000067], [121.52502829800005, 25.11600692500008], [121.52505649500006, 25.115815504000068], [121.52507676200003, 25.115677907000077], [121.52507566400004, 25.115419735000046], [121.52507545900005, 25.115371743000026], [121.52506636900011, 25.11529469900006], [121.5250366680001, 25.115043037000078], [121.52504072800002, 25.114949827000032], [121.52504802700003, 25.114782193000053], [121.52505986400001, 25.114634743000067], [121.52509667900006, 25.11449853000005], [121.5252077990001, 25.114248675000056], [121.52534312600005, 25.113946165000073], [121.52541603500003, 25.11377470000008], [121.5254184050001, 25.113769125000033], [121.52545419400008, 25.11368495800008], [121.52556555500007, 25.113491800000077], [121.52570145700008, 25.11320783000008], [121.52576310300003, 25.11304886100004], [121.52581204400008, 25.11283324300007], [121.52579208800012, 25.112726855000062], [121.5257737820001, 25.11262926300003], [121.5257232990001, 25.11248203300005], [121.52567267000006, 25.11230077600004], [121.52553440500003, 25.11202912600004], [121.5254588040001, 25.11183661700005], [121.52534561200002, 25.111598896000032], [121.52524532100006, 25.11146317200007], [121.52514517500003, 25.111361473000045], [121.52492058000007, 25.111305564000077], [121.52473338000004, 25.111249531000055], [121.52438414400001, 25.11119406800003], [121.52412225400008, 25.111160968000036], [121.52376055600007, 25.11110553800006], [121.52346122200004, 25.111061240000026], [121.52322421300005, 25.111016703000075], [121.52292488100011, 25.11097239000003], [121.52277516600009, 25.110938899000075], [121.52267511900004, 25.110859878000042], [121.522624973, 25.11079201000007], [121.52261217500006, 25.11071269000007], [121.52262157400003, 25.11060507600007], [121.52262406200009, 25.110576570000035], [121.52263566600004, 25.110372421000022], [121.52262210000004, 25.11011166700007], [121.52260882200005, 25.109918940000057], [121.52254535200007, 25.10964701300003], [121.5225259550001, 25.109616403000075], [121.52244497200002, 25.109488615000032], [121.52218246000007, 25.109308104000036], [121.52202023900008, 25.109263309000028], [121.52150385100003, 25.10909703300007], [121.52139143600004, 25.109040721000042], [121.52126646200009, 25.108961776000058], [121.52115409700002, 25.108916816000033], [121.52114110700006, 25.10879212800006], [121.5211392970001, 25.10878090600005], [121.52111551200005, 25.10863346900004], [121.52112706800006, 25.10841798200005], [121.52117534900003, 25.108043611000028], [121.52123604600001, 25.10765785700005], [121.52126012400004, 25.107461356000044], [121.52127218900011, 25.10736291300003], [121.52128354400008, 25.10710206300007], [121.52127016400004, 25.10688665600003], [121.52121987500004, 25.106784789000073], [121.52109199100005, 25.10649332500003], [121.52107575000002, 25.106456312000034], [121.52103109200004, 25.106354535000037], [121.52072960700002, 25.105799964000028], [121.52066361800007, 25.105667221000033], [121.52054067600011, 25.105419917000063], [121.52046396900005, 25.105281674000025], [121.52045275600005, 25.10526146600006], [121.52030199300009, 25.104978507000055], [121.52015118300005, 25.104684217000056], [121.52001283400011, 25.10438986500003], [121.51996274100009, 25.104333343000064], [121.51991255100006, 25.104254137000055], [121.51974990400004, 25.10410729800003], [121.51964985900008, 25.104028263000032], [121.519512426, 25.103949369000077], [121.51929881, 25.103865754000026], [121.51925968400008, 25.103850438000052], [121.51922528900002, 25.103836974000046], [121.519075584, 25.103803481000057], [121.51887569100006, 25.103690769000025], [121.51867589400001, 25.10360075400007], [121.5185383170001, 25.10348783200004], [121.51833746800003, 25.103148350000026], [121.51817372300002, 25.102740692000054], [121.51802267700009, 25.10238969900007], [121.51777078300006, 25.101766902000065], [121.51759448100006, 25.101336610000033], [121.51755637500003, 25.101166663000072], [121.5175977240001, 25.100943175000054], [121.51764671800004, 25.10073889000006], [121.51768338900001, 25.100568672000065], [121.51767044700011, 25.10045531700007], [121.51756983400003, 25.10024022400006], [121.51746912800002, 25.100002434000032], [121.51728098600006, 25.09971960100006], [121.51711801500005, 25.099493386000063], [121.51696238600005, 25.09939729000007], [121.51691371600009, 25.099367237000024], [121.51688059700007, 25.09934678700006], [121.51669341400009, 25.09929074300004], [121.51604505700004, 25.09922494500006], [121.51563340000007, 25.099135654000065], [121.51542129100005, 25.09907967600003], [121.51508412700002, 25.098922102000074], [121.51478468500011, 25.098843749000025], [121.51448519600001, 25.098754074000055], [121.51438530200005, 25.09870905400004], [121.51407335100009, 25.098619411000072], [121.513748888, 25.09851847500005], [121.51351170600003, 25.098428574000025], [121.51314154900001, 25.098310497000057], [121.51312482500009, 25.098305163000077], [121.5131005080001, 25.098290994000024], [121.51301975900003, 25.098243944000046], [121.51296996700012, 25.09821493100003], [121.51277728000002, 25.09815237400005], [121.51251618800006, 25.09805840000007], [121.512107205, 25.09792539500006], [121.51206389100003, 25.09791008600007], [121.51203637300011, 25.09790035800006], [121.51161984600003, 25.097753115000046], [121.51128923600004, 25.097659372000066], [121.51093239400006, 25.09752618400006], [121.51075820100004, 25.09743189900007], [121.51048104800009, 25.097274715000026], [121.51045333500008, 25.09725899800003], [121.51021795400004, 25.09707795500003], [121.5098779650001, 25.09681819700006], [121.50971213600008, 25.096644824000066], [121.5093545100001, 25.096321884000076], [121.509127723, 25.09611708600005], [121.5090203530001, 25.096030902000052], [121.50897078300011, 25.09599111600005], [121.50880735900012, 25.095914250000078], [121.50877052700002, 25.095896926000023], [121.5085654400001, 25.095835497000053], [121.50850950900008, 25.09581874500003], [121.50837909800009, 25.09580337500006], [121.50823986900002, 25.095818738000048], [121.50813170200001, 25.095852152000077], [121.50802725300002, 25.095879677000028], [121.507860316, 25.09593516600006], [121.50785712600009, 25.09593622600005], [121.50775874900012, 25.095968925000022], [121.50745008600006, 25.09609945400007], [121.5073264130001, 25.096136837000074], [121.5069726810001, 25.096243757000025], [121.50662276900005, 25.096307962000026], [121.50635072600005, 25.09635787700006], [121.50633634400003, 25.09636051600006], [121.50629353900001, 25.09636837000005], [121.50576351900008, 25.096431317000054], [121.50533791900011, 25.09645993500004], [121.5049122590001, 25.096474965000027], [121.5044790500001, 25.096469632000037], [121.50423258400008, 25.096470469000053], [121.50380692200008, 25.096485487000052], [121.50357539400011, 25.09648627400003], [121.50324668700011, 25.096466994000025], [121.50259246900009, 25.096408402000066], [121.50212946300007, 25.096423558000026], [121.50162922600009, 25.09646600600007], [121.50095756700011, 25.09659736100008], [121.50074006600005, 25.096653958000047], [121.50072323600011, 25.096658336000075], [121.5006999960001, 25.096664383000075], [121.50066659100003, 25.09667307600006], [121.50042811700007, 25.09680297400007], [121.50016737500005, 25.09696692400007], [121.49991418200011, 25.097151230000065], [121.49946699400004, 25.097383738000076], [121.49916127200004, 25.097507071000052], [121.498683819, 25.097644562000028], [121.49849734800011, 25.097706334000065], [121.4981542480001, 25.097822993000023], [121.49792889600008, 25.097918529000026], [121.49757267100006, 25.098069544000055], [121.49733068300009, 25.09821562600007], [121.4972771460001, 25.098342368000033], [121.49717855000006, 25.098541633000025], [121.49715238500005, 25.098626121000052], [121.49710725900002, 25.09893975600005], [121.49704910000003, 25.09930767900005], [121.49697166400006, 25.09982638300005], [121.49693442500006, 25.100453471000037], [121.49694903700004, 25.100791015000027], [121.49708101400006, 25.102683890000037], [121.4970973610001, 25.10324430600008], [121.49712102700005, 25.103954119000036], [121.49711511700002, 25.105071026000076], [121.49708809200001, 25.106112275000044], [121.4970479750001, 25.10698095400005], [121.49699936500008, 25.107329897000056], [121.49682525100002, 25.108758143000045], [121.49682182400011, 25.10878625500004], [121.4968191800001, 25.10879693000004], [121.49673159000008, 25.10915049700003], [121.4964521610001, 25.11026431500005], [121.49624556100002, 25.11071234900004], [121.49589892300003, 25.111577864000026], [121.49587779, 25.111613118000037], [121.49544349900009, 25.112337594000053], [121.49524447100009, 25.112596047000068], [121.49506722900003, 25.112767071000064], [121.49497934500005, 25.112824355000043], [121.49479268400012, 25.112946024000053], [121.49469309200003, 25.113010940000038], [121.4939530050001, 25.113460753000027], [121.49338754300004, 25.113803825000048], [121.49268921800001, 25.114276232000066], [121.49237927500008, 25.11447316300007], [121.49207157600006, 25.114656163000063], [121.49169719500003, 25.114839378000056], [121.49148088600009, 25.114946238000073], [121.49118119100001, 25.115045801000065], [121.49070650700003, 25.11516110200006], [121.49042339400012, 25.115237859000047], [121.48996517000012, 25.11530003300004], [121.48971137600006, 25.115313696000044], [121.48936511900001, 25.115332334000072], [121.48904839400006, 25.11534096300005], [121.4885897800001, 25.115304568000056], [121.48823119500003, 25.11526783100004], [121.48766666100005, 25.115139509000073], [121.48709090500006, 25.114989759000025], [121.48669862200006, 25.114862146000064], [121.48621441000012, 25.11467417500006], [121.48614489400006, 25.114650723000068], [121.48588054100003, 25.114561535000064], [121.48517957700005, 25.114366696000047], [121.48396118700009, 25.114014308000037], [121.483240023, 25.113828158000047], [121.48215383800004, 25.11349608000006], [121.4817931880001, 25.113403623000067], [121.4814259850001, 25.11328191900003], [121.480962169, 25.113131277000036], [121.48053061000007, 25.113003926000033], [121.47988021700007, 25.11285387600003], [121.47922336900001, 25.11269800200006], [121.47790936400008, 25.11238394700007], [121.47740880000003, 25.112216791000037], [121.47707342700005, 25.112119419000067], [121.47639217800008, 25.111873158000037], [121.4759841980001, 25.111703069000043], [121.47534708500007, 25.111437446000025], [121.47529562300008, 25.111415991000058], [121.47528749800006, 25.111412604000066], [121.47489105300008, 25.111280432000058], [121.474540079, 25.11114561200003], [121.4741530880001, 25.111024962000045], [121.47353391900003, 25.110834753000063], [121.47312649500009, 25.110761059000026], [121.47269339500008, 25.110710891000053], [121.4723221380001, 25.110660516000053], [121.47163669100007, 25.11065803200006], [121.47148383500007, 25.110671167000078], [121.4712399880001, 25.110692120000067], [121.47067381400007, 25.110720075000074], [121.4706171250001, 25.110720265000054], [121.47055526400004, 25.110715776000063], [121.47022536000009, 25.11069807900003], [121.46988015900001, 25.110722621000036], [121.46943719500007, 25.11078968000004], [121.46931359900009, 25.110813507000046], [121.46908180800006, 25.110847075000038], [121.46893240600002, 25.110861615000033], [121.4686132170001, 25.110951715000056], [121.46800082200002, 25.11118807400004], [121.46726509000007, 25.111518585000056], [121.46688590300005, 25.111695755000028], [121.46660829400003, 25.111879473000045], [121.4661147060001, 25.112190466000072], [121.4656572990001, 25.112529464000033], [121.46529230200008, 25.11277440500004], [121.46510471200008, 25.112909955000077], [121.4647498280001, 25.113103285000022], [121.4644413960001, 25.11331523100006], [121.46406621800008, 25.113593026000046], [121.4638297670001, 25.11375786900004], [121.46354686100005, 25.113904105000074], [121.46332573000007, 25.114031388000058], [121.46314434500005, 25.11417263000004], [121.46291463300008, 25.114351500000055], [121.46241088800002, 25.114704709000023], [121.46195604200011, 25.115056039000024], [121.46179172100005, 25.115215959000068], [121.46166342100003, 25.11536170200003], [121.46142734600005, 25.11562967100008], [121.46108341100012, 25.115996448000033], [121.46092996700008, 25.116181425000036], [121.4609350930001, 25.116196287000037], [121.46088921700004, 25.11625358400005], [121.46088431900012, 25.116315559000043], [121.4608668730001, 25.11640393700003], [121.46084563700003, 25.11649003200006], [121.46080674400002, 25.116574997000043], [121.46076414600009, 25.11669326200007], [121.46073663900006, 25.116794282000058], [121.46069274100012, 25.116896473000054], [121.46065644200007, 25.11701242500004], [121.46064022600001, 25.117087037000033], [121.4606215120001, 25.117174270000078], [121.46059393700011, 25.117244306000032], [121.46057273400004, 25.117344167000056], [121.46053022900003, 25.117502589000026], [121.46049886800006, 25.11757378200008], [121.46048389500004, 25.117641503000073], [121.4604676780001, 25.117716117000043], [121.46042758500005, 25.117827485000078], [121.46038510500011, 25.117996224000024], [121.46035371500011, 25.11805479700007], [121.4603275070001, 25.118170727000063], [121.46028251900009, 25.118346372000076], [121.46023869600003, 25.11848068200004], [121.46022374600011, 25.118557594000038], [121.4601824340001, 25.11868732000005], [121.46016492700005, 25.118750464000072], [121.46011724400012, 25.118851509000024], [121.46005834400012, 25.119009953000045], [121.4600433490001, 25.119068492000054], [121.46003216400004, 25.11913965900004], [121.46001970100008, 25.11920163900004], [121.4599833960001, 25.11931529800006], [121.45993839000005, 25.119482899000047], [121.45992342200009, 25.119552914000053], [121.45989463900003, 25.119647048000047], [121.45989227100006, 25.11971247200006], [121.45986873000004, 25.119891517000042], [121.45984375600005, 25.119997116000036], [121.459831312, 25.12006827600004], [121.45980881000003, 25.120152073000042], [121.45980013000008, 25.120214069000042], [121.45978767500003, 25.120281783000053], [121.459746461, 25.120452819000036], [121.45972899600008, 25.120533187000035], [121.45969900500006, 25.12065026600004], [121.4597004100001, 25.12071108500004], [121.4596591720001, 25.120872930000075], [121.45962405800003, 25.12095788700003], [121.4596280400001, 25.12104052500007], [121.45958916300003, 25.12113352700004], [121.45957416200008, 25.121189773000026], [121.45952025300005, 25.121326407000026], [121.4594876970001, 25.121425140000042], [121.45946768100009, 25.12149516200003], [121.45943395100005, 25.121630605000064], [121.45941523700003, 25.121716711000033], [121.45938275700007, 25.121849868000027], [121.4593652750001, 25.12192218000007], [121.45933514, 25.12197845600008], [121.45928996200007, 25.122073767000074], [121.45926610600009, 25.122118551000028], [121.45921960800001, 25.122189762000062], [121.4591266650001, 25.122351681000055], [121.45910405000006, 25.122388450000074], [121.45903996100003, 25.122486079000055], [121.45900353200011, 25.12254809800004], [121.45894074300008, 25.122662940000055], [121.45887420600002, 25.122791561000042], [121.45883522000008, 25.12283866200005], [121.45880385900011, 25.122909855000046], [121.45879320300003, 25.12294012500007], [121.45892125400007, 25.12295559100005], [121.45911294400003, 25.122951864000072], [121.45918859200003, 25.122942573000046], [121.45926931200006, 25.122944761000042], [121.45933740800001, 25.12294236500003], [121.45944336900004, 25.12295253700006], [121.45959220800012, 25.122960353000053], [121.45969055300009, 25.122949883000047], [121.45977629400011, 25.122941728000058], [121.4598468910001, 25.122930159000077], [121.4599591540001, 25.122936879000065], [121.46010169700003, 25.122950440000068], [121.46015468000007, 25.122957244000077], [121.46027325900002, 25.12296969600004], [121.46034636600007, 25.122951241000067], [121.4604384700001, 25.122968316000026], [121.46060113700003, 25.122957745000065], [121.4606969780001, 25.12295530800003], [121.46078782400002, 25.122972402000073], [121.46088238200002, 25.122960780000028], [121.46111069800008, 25.122978811000053], [121.46134660300004, 25.12300715600003], [121.46142106200011, 25.12302884500008], [121.46151197400002, 25.123073474000023], [121.46155879800006, 25.123141102000034], [121.46154397600003, 25.123243604000038], [121.46153058900006, 25.12329660300003], [121.46154247800007, 25.123361879000072], [121.46155890000011, 25.123387320000063], [121.46157654800004, 25.123414661000027], [121.46168602500006, 25.12352376900003], [121.46176534400001, 25.123577797000053], [121.46182336400011, 25.12356182600007], [121.46198973700007, 25.12357812600004], [121.46224684600008, 25.123609474000034], [121.46248881300005, 25.12365111300005], [121.46270933800008, 25.12369731800004], [121.46285050200004, 25.123711284000024], [121.46297527200011, 25.123730975000058], [121.463077311, 25.12377011800004], [121.46332929700009, 25.123847324000053], [121.46348297800012, 25.123909479000076], [121.4636115080001, 25.12394064700004], [121.46377671400012, 25.123906473000034], [121.46385361700004, 25.12390430000005], [121.46413206600005, 25.123986126000034], [121.46420888700004, 25.12402866900004], [121.46426306700005, 25.124043666000034], [121.4643226390001, 25.12406882500005], [121.46437002500011, 25.124088837000045], [121.46453011800008, 25.124156449000054], [121.46459691000007, 25.124170313000036], [121.46474432000002, 25.124217565000038], [121.46482619400001, 25.124255523000045], [121.46482231100003, 25.12431056300005], [121.46476799000004, 25.12437241300006], [121.46473009400006, 25.12441364500006], [121.46466309300001, 25.12451561000006], [121.46463021400007, 25.12457174900004], [121.46458725100001, 25.124625593000076], [121.46456948500008, 25.12468864600004], [121.46455933900006, 25.124721891000036], [121.46460080100007, 25.124798781000038], [121.46464342900003, 25.124927297000056], [121.46468730200002, 25.125064981000037], [121.46470487400006, 25.12510513600006], [121.46471473500003, 25.12522787900008], [121.4647271230001, 25.12534830900006], [121.46472063800002, 25.125446917000033], [121.46473566000009, 25.125505436000026], [121.46471904000009, 25.12563270100003], [121.464709921, 25.125792103000038], [121.46470099700002, 25.125845992000052], [121.46467170200003, 25.126008806000073], [121.46465648500009, 25.126056946000062], [121.4646209660001, 25.12617731000006], [121.46460571500006, 25.12624380500006], [121.46453079100002, 25.126539582000078], [121.46451805400011, 25.126611810000043], [121.4644736680001, 25.126753962000066], [121.4644508990001, 25.126794063000034], [121.46442299900002, 25.126884621000045], [121.46439625200003, 25.127032521000046], [121.46435543400003, 25.127291654000032], [121.46433003400011, 25.127394826000057], [121.46431859100005, 25.127447567000047], [121.46429818700005, 25.127573690000077], [121.46430937600007, 25.12765857200003], [121.46433945600006, 25.12775494300007], [121.46436704100006, 25.127836416000036], [121.46439967100002, 25.12791674400006], [121.46444989600002, 25.128026920000025], [121.46452279000005, 25.12815089000003], [121.46466623300012, 25.128300187000036], [121.46474159600007, 25.128453980000074], [121.4647690380001, 25.12861343700007], [121.46480642800009, 25.128848600000026], [121.46482649400002, 25.128905965000058], [121.46486917800007, 25.12900465200005], [121.4648930520001, 25.129048272000034], [121.46493569600011, 25.129167607000056], [121.46495825200009, 25.12924333500007], [121.4650058520001, 25.129409700000053], [121.46503957100003, 25.12958291600006], [121.46506217800004, 25.129632271000048], [121.46511233800004, 25.12977798000003], [121.46513118500002, 25.12981472000007], [121.46518389700009, 25.129942094000057], [121.46519140200007, 25.129975366000053], [121.46523148300003, 25.130118786000025], [121.46527533900007, 25.130264496000052], [121.46529411900008, 25.13033678000005], [121.46532670600004, 25.13044119400007], [121.46533919300009, 25.130506581000077], [121.46536800700005, 25.130607533000045], [121.46539174700001, 25.13072455300005], [121.46543290700004, 25.130965445000072], [121.46546426000009, 25.131056095000076], [121.46550931200011, 25.131240804000072], [121.46554939900011, 25.131379637000066], [121.4656096010001, 25.131549465000035], [121.465713993, 25.131686083000034], [121.4657592750001, 25.13174349600007], [121.46586126500006, 25.13181473800006], [121.46591159700006, 25.131867584000076], [121.46597073700002, 25.13193074700007], [121.46603241000003, 25.131985889000077], [121.46613055500006, 25.132092688000057], [121.46621358300001, 25.132190308000077], [121.46623994300012, 25.132255686000065], [121.46628388200008, 25.132358984000064], [121.46636437300003, 25.13246690400007], [121.46643104000009, 25.132548435000047], [121.46651531300006, 25.132656361000045], [121.46660082100004, 25.132779199000026], [121.46671161600011, 25.13286308000005], [121.46688170900006, 25.13292182300006], [121.46694719200002, 25.132963190000055], [121.4670239940001, 25.133019510000054], [121.46706418400004, 25.133104436000053], [121.46710190700003, 25.13316069700005], [121.46714596800007, 25.133196302000044], [121.46720893500003, 25.13323539000004], [121.46727943100007, 25.13329397700005], [121.46733607700003, 25.133341078000058], [121.46740153500002, 25.13339737900003], [121.46749842700001, 25.13350073400005], [121.46758276000003, 25.133576554000058], [121.46766706400001, 25.13366841900006], [121.46772494600009, 25.133731587000057], [121.46781802500004, 25.13384984100003], [121.46787336200009, 25.133925617000045], [121.46793624300005, 25.134012882000036], [121.46799025700011, 25.134123036000062], [121.46802669200008, 25.134191903000044], [121.46819295300008, 25.134280457000045], [121.46827226900007, 25.134343665000074], [121.4683376910001, 25.134418292000078], [121.46839169900011, 25.134531911000067], [121.46844690700004, 25.13467993000006], [121.46845171300004, 25.134811825000043], [121.46842135100007, 25.134865682000054], [121.46870545500008, 25.13532599200005], [121.46879475900005, 25.135443100000032], [121.4688639740001, 25.13551430900003], [121.46895706900011, 25.135626838000064], [121.46908547900011, 25.135731383000063], [121.46917236600007, 25.13579115300007], [121.46921390600005, 25.13582675400005], [121.46937884800002, 25.135949717000074], [121.46942545200011, 25.135975020000046], [121.46954383400009, 25.13604743700006], [121.4697554810001, 25.136138347000042], [121.46987515100011, 25.136195864000058], [121.47000614900003, 25.136263718000066], [121.4702001280001, 25.13636606700004], [121.47035253500007, 25.13644885800005], [121.47054902000002, 25.13655925100005], [121.47060315100009, 25.13660404700005], [121.47074044300007, 25.13667534500007], [121.47081096500006, 25.136726749000047], [121.47091547000002, 25.13680292500004], [121.47096330400007, 25.13684540500003], [121.47106027300003, 25.136908635000054], [121.47110941000005, 25.136928214000022], [121.47121013800006, 25.13700288900003], [121.47126051400005, 25.137033931000076], [121.47140279500002, 25.137139638000065], [121.47150472400006, 25.137248742000054], [121.47157649300004, 25.13730160800003], [121.47162934800008, 25.13735787400003], [121.47166711200009, 25.137391184000023], [121.47175393400005, 25.137486505000027], [121.47177278900006, 25.13751978700003], [121.47186462800005, 25.13763116000007], [121.47196405900002, 25.13772879000004], [121.47198536400003, 25.137799925000024], [121.47205582700008, 25.137879174000034], [121.47213746800003, 25.138053608000064], [121.47223800400002, 25.138237231000062], [121.47227929400003, 25.138416216000053], [121.4722966490001, 25.138582531000054], [121.47233547000008, 25.138731677000067], [121.47240700100008, 25.13891986300007], [121.47248995300004, 25.139066782000043], [121.4726005760001, 25.13925157600005], [121.47267100200008, 25.139351455000053], [121.47279938600002, 25.139475506000053], [121.47291768700006, 25.13959609400007], [121.47302460700007, 25.13973732100004], [121.47317441700011, 25.13986482200005], [121.47325628100009, 25.139915398000028], [121.47334067800011, 25.13996025000006], [121.47340867000003, 25.140011954000045], [121.47362905000011, 25.14016021300006], [121.47369199400009, 25.14021535100005], [121.47380407700007, 25.14029007000005], [121.47397281600001, 25.140409567000063], [121.47410001600008, 25.14049003200006], [121.47416295200003, 25.140549769000074], [121.4743039110001, 25.140693313000043], [121.47440585800007, 25.14079552800007], [121.47454564300006, 25.14089092100005], [121.47469799300006, 25.141011572000025], [121.47486166600004, 25.14114713500004], [121.47495731000004, 25.141249341000048], [121.47501771400005, 25.141315946000077], [121.47506923500009, 25.141414655000062], [121.47510066300003, 25.14146744900006], [121.47516731400003, 25.141568477000078], [121.47520502600003, 25.141632752000078], [121.47529688600002, 25.141737255000066], [121.4753534460001, 25.141838259000053], [121.47539622900001, 25.141888787000028], [121.4755006260001, 25.142033441000024], [121.4755434220001, 25.142075933000058], [121.47558746200002, 25.142126458000064], [121.47565922700005, 25.142186201000072], [121.47571840700004, 25.14223101300007], [121.47582418400009, 25.142310301000066], [121.47587833900002, 25.142344795000042], [121.475920685, 25.142371616000048], [121.47594293100008, 25.142385707000074], [121.47598539500007, 25.142412603000025], [121.47611639400009, 25.142487338000024], [121.4762171210001, 25.14256892800006], [121.47626118200003, 25.142609123000057], [121.47630147400002, 25.142641295000033], [121.47634681300008, 25.142670030000033], [121.47641601900011, 25.142751564000037], [121.47645504400009, 25.142787172000055], [121.47651414600011, 25.14287785600004], [121.47655685000007, 25.14297424700004], [121.47656169000004, 25.143090106000045], [121.47656787800008, 25.143157768000037], [121.47656772100004, 25.143247218000056], [121.47657012900004, 25.14331259200003], [121.47655475600004, 25.143451338000034], [121.47656592600003, 25.143554575000053], [121.47659472900011, 25.143667007000033], [121.47664495000004, 25.143789797000068], [121.47673554200003, 25.14390002600004], [121.47682869800008, 25.143986187000053], [121.4769181040001, 25.14405398100007], [121.477008812, 25.144096544000035], [121.47709825200002, 25.144144853000057], [121.47721669400005, 25.14419090000007], [121.47727844400004, 25.144209337000063], [121.47734525200008, 25.144220904000065], [121.47740951300011, 25.144246225000074], [121.47746873300002, 25.144270421000044], [121.47755688600012, 25.14433361300007], [121.47772686200005, 25.144473783000024], [121.47781366900006, 25.144586308000044], [121.47785016700004, 25.144626499000026], [121.47795087300005, 25.144720697000025], [121.47800880200009, 25.144762076000063], [121.47812844700002, 25.14484252500006], [121.47815989900005, 25.14488270700008], [121.47825686700003, 25.14495395800003], [121.47838780000006, 25.145069989000035], [121.47848476000001, 25.14514239500005], [121.4785565410001, 25.14519524800005], [121.47863464700004, 25.145236650000072], [121.4786975720001, 25.145304401000033], [121.47879703400008, 25.14539171200005], [121.47895564600003, 25.145543331000056], [121.47905922500001, 25.145620592000057], [121.47909023200009, 25.145643720000066], [121.479100463, 25.145651352000073], [121.47916216400006, 25.145698476000064], [121.47928680300004, 25.145809901000064], [121.47934352200002, 25.145822603000056], [121.47945935700011, 25.145919115000027], [121.47958776200005, 25.146038565000026], [121.4796544720001, 25.14610863300004], [121.47973632100002, 25.146171824000078], [121.47986728400008, 25.14627179000007], [121.4799642480001, 25.146345343000064], [121.48019470100007, 25.146515415000067], [121.48026020300006, 25.14655220900005], [121.48034206800003, 25.146608529000048], [121.48045033100004, 25.146710746000053], [121.48051331700003, 25.146744090000027], [121.48054730900003, 25.146775126000023], [121.48061275100008, 25.14685090100005], [121.48065304500005, 25.14688077900007], [121.48076883300007, 25.147005955000054], [121.48085191400003, 25.147088663000034], [121.48089340500007, 25.147157528000037], [121.48098326400009, 25.14725755300003], [121.48100793300011, 25.147285011000065], [121.48104190200002, 25.147327484000073], [121.48115389100008, 25.14746413100005], [121.48119921000011, 25.147506630000066], [121.48132254600011, 25.14764443100006], [121.48136159700005, 25.14766628700005], [121.48143058700009, 25.147756352000044], [121.48145217900003, 25.147784540000032], [121.48156045000007, 25.14788333200005], [121.48165107800003, 25.14797635900004], [121.48168506900004, 25.148008523000044], [121.48172527200006, 25.148095738000052], [121.4817626470001, 25.148181618000024], [121.4817919730001, 25.14827671000006], [121.48181352400002, 25.148343099000044], [121.48188999100012, 25.148505733000036], [121.481912953, 25.14855842700007], [121.48194736900007, 25.148632875000033], [121.48197163600003, 25.148694757000044], [121.48201109000001, 25.148768017000066], [121.4820404190001, 25.14883331200008], [121.482092609, 25.148931780000055], [121.48215899700006, 25.149095611000064], [121.48223274800011, 25.149220400000047], [121.48227729200005, 25.14930283500007], [121.48232435900002, 25.149385279000057], [121.48235115700004, 25.149449425000057], [121.48241474300005, 25.149558187000025], [121.4824834420001, 25.149680698000054], [121.48256096800003, 25.14980317800007], [121.48261685900002, 25.149886733000073], [121.48265385600007, 25.149972638000065], [121.48283013600008, 25.150179672000036], [121.48286438500008, 25.150220846000025], [121.48297956100009, 25.150311084000066], [121.4830187770001, 25.150338472000044], [121.48309467800004, 25.150390985000058], [121.48313858800009, 25.150418134000063], [121.48324731500009, 25.150455632000046], [121.48343969200005, 25.15060095000007], [121.48360454600004, 25.15069210000007], [121.4836914220001, 25.150727927000048], [121.48377710200009, 25.150744232000022], [121.48389921800003, 25.15079737600007], [121.48401003200001, 25.150837857000056], [121.48440589900008, 25.15084698900006], [121.48473498600003, 25.150844434000078], [121.48510063600008, 25.15084199900008], [121.48558111200009, 25.150813466000045], [121.48598589500011, 25.150797342000033], [121.48645502000011, 25.150768780000078], [121.48655832700001, 25.150793169000053], [121.48661494300006, 25.150828915000034], [121.48674952800002, 25.150924575000033], [121.48675097700004, 25.150925809000057], [121.48677782000004, 25.150948662000076], [121.48687398700008, 25.15103053300004], [121.48691542200004, 25.151081162000025], [121.48703753500001, 25.15113660700007], [121.48711306700011, 25.15117125200004], [121.48719609200009, 25.15122658200005], [121.4872679020001, 25.151243996000062], [121.4873370470001, 25.151303892000044], [121.48746897600006, 25.151438572000075], [121.4875128860001, 25.151502978000053], [121.48748367600001, 25.15156489800006], [121.48745566000002, 25.15164633100005], [121.48744408900006, 25.151711741000042], [121.48742351600004, 25.15182879200006], [121.48743956400006, 25.151929863000078], [121.48751329800007, 25.15212293600007], [121.48756088900006, 25.15221721000006], [121.48759212800007, 25.152299951000032], [121.48760693700001, 25.152394134000076], [121.48759532600002, 25.152472174000025], [121.48756470900003, 25.15257771200004], [121.48754661200007, 25.15270739600004], [121.48757498700002, 25.152891165000028], [121.4876275690001, 25.153001523000057], [121.48775067400004, 25.153135029000055], [121.48789268900009, 25.153272048000076], [121.48799572900009, 25.153374511000038], [121.48810246500011, 25.153503384000032], [121.48814499900004, 25.153601080000044], [121.48819366000009, 25.153751615000033], [121.48823986700006, 25.153882620000047], [121.48830393500009, 25.153952829000048], [121.48844603700002, 25.15406228300003], [121.48853782300012, 25.154138313000033], [121.48863831300002, 25.15424994500006], [121.48869857200009, 25.154327025000043], [121.48875503600004, 25.154407551000077], [121.48882899600005, 25.15453517800006], [121.4889430820001, 25.154727224000055], [121.48908358800009, 25.154936560000067], [121.48917518200005, 25.155068834000076], [121.48931689900007, 25.155293091000033], [121.48936962200003, 25.15536211400007], [121.4894724080001, 25.155540348000045], [121.4895751890001, 25.155719720000036], [121.48962150800003, 25.155818585000077], [121.4896679090001, 25.155892191000078], [121.48971150400007, 25.15605074000007], [121.48975404500004, 25.156148445000042], [121.48980551800003, 25.15621287700003], [121.48998529500011, 25.156369496000025], [121.49002173500003, 25.156406336000032], [121.49007070900007, 25.15646502900006], [121.49012088800009, 25.156540921000044], [121.49017866400004, 25.156607674000043], [121.49020869200001, 25.156675482000026], [121.49036560500008, 25.156881422000026], [121.49049366200006, 25.15704478400005], [121.49054133600009, 25.157116101000042], [121.49061037900003, 25.15720583700005], [121.49065052100002, 25.157266796000044], [121.49069944300004, 25.157341556000063], [121.49081473600006, 25.157550813000057], [121.49083092800004, 25.157609404000027], [121.490929832, 25.15781862500006], [121.49099387600006, 25.15789570900006], [121.49106920200006, 25.157992358000058], [121.49118586000009, 25.15817178100008], [121.49135643000011, 25.158440880000057], [121.49149945500005, 25.158652506000067], [121.4915381720001, 25.158726657000045], [121.49158589900003, 25.15881806400006], [121.49159326300003, 25.15887777900008], [121.49161944600007, 25.158965108000075], [121.49164677400006, 25.15908687700005], [121.49169674400002, 25.159225931000037], [121.49178434800001, 25.159420192000027], [121.49183677700012, 25.159576465000043], [121.491888076, 25.15969485900007], [121.49196330500001, 25.159821342000043], [121.49202355800003, 25.159901880000064], [121.49215291200005, 25.160054915000046], [121.49216592900007, 25.160075206000045], [121.49221562500009, 25.160152672000038], [121.49229345900005, 25.160253906000037], [121.49236619300007, 25.16037235400006], [121.49239917700004, 25.16041175400005], [121.49246540500008, 25.160490869000057], [121.49258485700011, 25.16058993300004], [121.492632608, 25.160638273000075], [121.4926992610001, 25.160690115000023], [121.49275955400003, 25.160758013000077], [121.49294071800011, 25.16087904400007], [121.49322380700005, 25.161061200000063], [121.49336097000003, 25.161143069000047], [121.49354215900007, 25.16125607500004], [121.4936591930001, 25.161325263000037], [121.49373754400006, 25.161380741000073], [121.4937422160001, 25.16138404900005], [121.49379132700005, 25.161402545000044], [121.49385675000008, 25.161446347000037], [121.49405560800005, 25.16155364100007], [121.49414501800004, 25.161588319000032], [121.49422806700011, 25.161639068000056], [121.494308541, 25.16170585800006], [121.49438913100005, 25.161738227000058], [121.49450613300007, 25.161816604000023], [121.4946911290001, 25.161925019000023], [121.49475648700002, 25.161987185000044], [121.49480426500008, 25.16202864400003], [121.49488222700006, 25.162091996000072], [121.49493252500008, 25.162134610000066], [121.49513496600002, 25.162303914000063], [121.49518016000002, 25.16236373600003], [121.49522288600008, 25.162407477000045], [121.49525675900009, 25.162459221000063], [121.49531451200005, 25.162534004000065], [121.49536607200002, 25.162574323000058], [121.49545527200007, 25.16267215000005], [121.49558464800009, 25.16282173600007], [121.4956436540001, 25.16289881800003], [121.49572168400005, 25.162942650000048], [121.495769472, 25.162980662000052], [121.495829963, 25.162991156000032], [121.49604273500006, 25.163088155000025], [121.49616990800007, 25.163143604000027], [121.49625676500011, 25.163187461000064], [121.49643174900007, 25.163272884000037], [121.49674270100002, 25.163422953000065], [121.49678551400007, 25.16344028700007], [121.49687118600002, 25.163462336000066], [121.49701849100006, 25.163529310000058], [121.497122955, 25.163588136000044], [121.49726770100006, 25.163665447000028], [121.49743646000002, 25.16372788600006], [121.49748554200005, 25.163756722000073], [121.4975572510001, 25.163806270000066], [121.49759623300008, 25.16383737600006], [121.49767417300006, 25.16390990700006], [121.49772325200001, 25.16393873900006], [121.49788910500001, 25.16411597900003], [121.49798456400003, 25.16422874400007], [121.49815043700005, 25.164399096000068], [121.498204514, 25.164442853000025], [121.4982913230001, 25.164501641000072], [121.49838938500011, 25.164589154000055], [121.4985176240001, 25.164702005000038], [121.49865206900006, 25.164845866000064], [121.49874880200002, 25.16495288300007], [121.498786472, 25.16500121000007], [121.49884038200003, 25.165094343000078], [121.49888933700004, 25.165159920000065], [121.49893571900009, 25.165242694000028], [121.49900461400011, 25.16537949800005], [121.49908113400011, 25.165500251000026], [121.49914249900007, 25.16562668800003], [121.49921497800005, 25.165823200000034], [121.4992737450001, 25.165972605000036], [121.49931746900006, 25.166095556000073], [121.49937621300012, 25.166252996000026], [121.49938871400002, 25.166285192000032], [121.49941619800006, 25.16636217100006], [121.49945853100007, 25.166524163000076], [121.4994758260001, 25.166632123000056], [121.49953040700007, 25.166902066000034], [121.49955634300011, 25.167066306000038], [121.4995836060001, 25.167209886000023], [121.49961596600008, 25.16733740500007], [121.49968461900005, 25.167548827000076], [121.49978229800001, 25.167752285000063], [121.49984745000006, 25.167877600000054], [121.49991016800004, 25.167977653000037], [121.50000548700007, 25.168131730000027], [121.50011459600012, 25.168311118000076], [121.50018868100005, 25.168405453000048], [121.50029302300004, 25.16850101600005], [121.50034455500008, 25.168551670000056], [121.50040366200005, 25.16859889400007], [121.5005119110001, 25.16865772600005], [121.50062525300007, 25.168701653000028], [121.50070585800006, 25.16873056000003], [121.50077894000003, 25.168747980000035], [121.50085581600001, 25.168760813000063], [121.500945322, 25.168767932000037], [121.5010775940001, 25.168807317000073], [121.50114677500005, 25.168859156000053], [121.50125241, 25.168945532000066], [121.5012951650001, 25.168981237000025], [121.50136056100007, 25.169034228000044], [121.50139451500002, 25.16906186500006], [121.50145486800011, 25.169113680000066], [121.50149004600007, 25.169152805000067], [121.50163862900001, 25.169217487000026], [121.50175313400007, 25.169291275000035], [121.50179580100007, 25.16935337700005], [121.50184600300008, 25.169424683000045], [121.50186349000012, 25.16947524300008], [121.5019035580001, 25.169560303000026], [121.5019397850001, 25.16966373200006], [121.50194199000009, 25.169759016000057], [121.50194043400006, 25.169848570000056], [121.50191995600005, 25.169939198000066], [121.50191600200003, 25.16999086000004], [121.5018993110001, 25.170081522000032], [121.50188777000005, 25.170138887000064], [121.50185824900007, 25.17029494700006], [121.50182113400001, 25.170460166000055], [121.5017955730001, 25.17056342500007], [121.50176725000006, 25.170738997000058], [121.50174942700005, 25.170789469000056], [121.50173283400011, 25.170850275000078], [121.50168061000011, 25.171008567000058], [121.501660119, 25.171103801000072], [121.50164712700007, 25.171219717000042], [121.5016557460001, 25.171282894000058], [121.50169587700009, 25.17134957500008], [121.50173098500011, 25.171410511000033], [121.50176742500003, 25.171449634000055], [121.50182655600008, 25.171491124000056], [121.50187813700006, 25.17152799200005], [121.50201273900007, 25.171625924000068], [121.50211707000005, 25.17172722500004], [121.50216480000006, 25.171784754000043], [121.50220752700011, 25.171828494000067], [121.50225275100001, 25.171881417000066], [121.50230425000007, 25.171942396000077], [121.50234307500011, 25.172024006000072], [121.50243593300002, 25.172162008000043], [121.5025199910001, 25.17229196200003], [121.50261275500009, 25.172459821000075], [121.50263647500003, 25.172532209000053], [121.50269661900006, 25.172650615000066], [121.50273398500008, 25.172790774000077], [121.50271224100004, 25.172883700000057], [121.50269326500006, 25.172968765000064], [121.50268920300005, 25.172986967000043], [121.5026536580001, 25.173059195000064], [121.50261179100005, 25.173137159000078], [121.50257226800011, 25.173221622000028], [121.50257076700007, 25.173252647000027], [121.50266902900012, 25.173295026000062], [121.50283404200002, 25.173351108000077], [121.50288387000012, 25.173344161000045], [121.50308209400009, 25.17331652100006], [121.50336922000008, 25.173325506000026], [121.50361856200004, 25.17332533000007], [121.50392330200009, 25.173314789000074], [121.50405553200005, 25.17331699500005], [121.50432755600002, 25.173342035000076], [121.50453658600009, 25.17331437000007], [121.50468769300005, 25.173300495000035], [121.50484575100006, 25.17324709600007], [121.50491782000006, 25.173206196000024], [121.50498629100002, 25.17313645200005], [121.50505331000011, 25.17308035900004], [121.50511529000005, 25.173023128000068], [121.50520128500011, 25.172947586000078], [121.50528984100004, 25.172861709000074], [121.50535963900006, 25.17272642300003], [121.50538765500005, 25.172642692000068], [121.50543088000006, 25.172536034000075], [121.5054464100001, 25.172414391000075], [121.5054390890001, 25.172339746000034], [121.50541933300008, 25.172211120000043], [121.50542084400001, 25.17213419600006], [121.50538450300007, 25.172064073000058], [121.5053519380001, 25.171996257000046], [121.50531436300002, 25.171918095000024], [121.50531719700007, 25.171822813000063], [121.50532112500002, 25.17177920300003], [121.50543646500012, 25.17159926100004], [121.50547568400009, 25.171560327000066], [121.50550616300006, 25.17149495800004], [121.50553914900001, 25.17143420600007], [121.50558482300005, 25.17134937900005], [121.50560898300012, 25.171287435000067], [121.50568001800002, 25.171160204000046], [121.50575215300012, 25.171081164000043], [121.50582037600009, 25.17104230900003], [121.50592385200002, 25.171020760000033], [121.50605504400005, 25.171006185000067], [121.5061495870001, 25.171016760000043], [121.50627056300004, 25.171042328000055], [121.50640156000009, 25.171087446000058], [121.50659551000001, 25.171163713000055], [121.50669505500002, 25.171186935000037], [121.50679840500004, 25.17120327600003], [121.50693335200003, 25.171197877000054], [121.50698005900006, 25.171183074000055], [121.50706084700005, 25.17115803300004], [121.5071202040001, 25.17113063100004], [121.50719980200006, 25.171083767000027], [121.50725664100003, 25.171055215000024], [121.50738051400003, 25.170964837000042], [121.5075511340001, 25.170847034000076], [121.50760677300002, 25.170801252000047], [121.50767127000006, 25.17074401800005], [121.50771302800001, 25.17070049800003], [121.50778008500004, 25.17063293800004], [121.50783312600004, 25.170608969000057], [121.5079279470001, 25.170534587000077], [121.50811369200005, 25.17042026300004], [121.50817331100006, 25.170397113000035], [121.50823888100001, 25.170379482000044], [121.5083323660001, 25.17036406400007], [121.508549893, 25.170266439000045], [121.50885593700002, 25.170113838000077], [121.50907885900006, 25.17000286900003], [121.50935090900009, 25.169869902000073], [121.50958266700002, 25.169758884000032], [121.50975530500011, 25.169695131000026], [121.51000472300007, 25.169582895000076], [121.5102239900001, 25.16950290400007], [121.51042311800006, 25.169435601000032], [121.51059721700005, 25.169418861000054], [121.51078013800009, 25.169398659000024], [121.51101358500011, 25.169388565000077], [121.51111831000003, 25.16938128000004], [121.51124709300007, 25.169392247000076], [121.51131028000009, 25.169411505000028], [121.51142695700003, 25.169542965000062], [121.51156511300007, 25.16968005800004], [121.51163353200002, 25.16974172700003], [121.51172855900006, 25.16982738100006], [121.51177925600007, 25.169877665000058], [121.51184516900003, 25.169943930000045], [121.51189716300007, 25.17000107700005], [121.51199487500003, 25.17012457800007], [121.51211033800007, 25.17026750800005], [121.51222577200008, 25.170403548000024], [121.51235891200008, 25.170547557000077], [121.51250714200012, 25.170678872000053], [121.51262745100007, 25.170773620000034], [121.51274514800002, 25.170847722000076], [121.51290447200006, 25.170917058000043], [121.51302072900012, 25.170949870000072], [121.51313184800006, 25.17096205200005], [121.51325310000004, 25.17098222800007], [121.51334524900005, 25.170985294000047], [121.51353712900004, 25.170993731000067], [121.51377184300009, 25.17098479300006], [121.51393839000002, 25.170972679000045], [121.51405060000002, 25.170944702000043], [121.51415778300009, 25.170922490000066], [121.5142951470001, 25.170872621000058], [121.51446405500008, 25.170820352000078], [121.5145900870001, 25.170777420000036], [121.51466570900004, 25.17075188900003], [121.51471866200006, 25.17073792000008], [121.51479176400005, 25.170713543000033], [121.51491406100001, 25.17068209100006], [121.51504392100003, 25.170648326000048], [121.51511832500012, 25.170633116000033], [121.51529483700006, 25.170587691000037], [121.51545614800011, 25.17052971100003], [121.51563761900002, 25.170463620000078], [121.51572836300011, 25.170432274000063], [121.51584921100005, 25.170358411000052], [121.5159865280001, 25.170297076000054], [121.51606593100007, 25.170270385000038], [121.51626759100009, 25.170203066000056], [121.51640883400012, 25.170174985000074], [121.5165198520001, 25.170161934000078], [121.51669647100005, 25.170141736000062], [121.51692104200004, 25.170119060000047], [121.51714306800011, 25.17009064900003], [121.51728433000005, 25.170067161000077], [121.51744324600008, 25.17003899100007], [121.51756433100002, 25.17001902100003], [121.51768032300004, 25.169989900000076], [121.51786440300009, 25.169943285000045], [121.51800299400008, 25.169885391000037], [121.51811260600005, 25.16983907300005], [121.51826886600008, 25.16978110900004], [121.51843393400009, 25.169716223000023], [121.51860273900002, 25.169640999000023], [121.5187765930001, 25.16956460800003], [121.51895168100009, 25.169481336000047], [121.51908998400006, 25.169428117000052], [121.51913525400005, 25.169410697000046], [121.51919865600007, 25.169386300000042], [121.51937881200001, 25.16930873900003], [121.51950107300001, 25.169269256000064], [121.51961331300004, 25.169247014000064], [121.51973693100001, 25.16922932800003], [121.51984672700007, 25.169226595000055], [121.51994790300012, 25.169273221000026], [121.5200620490001, 25.16940009800004], [121.52012955300006, 25.169540907000055], [121.52018061900003, 25.169674909000037], [121.52024052900003, 25.169810023000025], [121.52032082500011, 25.169990932000076], [121.52038701200001, 25.170119131000035], [121.52045816600003, 25.17022782400005], [121.52050785400002, 25.170335442000066], [121.520556209, 25.17042587000003], [121.52062349200003, 25.17051506300004], [121.52070099500008, 25.170632906000037], [121.52080247800006, 25.170750644000066], [121.52085958500004, 25.170821540000077], [121.5209435700001, 25.170978340000033], [121.52102106500001, 25.17109274200004], [121.5210694000001, 25.171178574000066], [121.52110508800001, 25.171258736000027], [121.52113312300003, 25.17131940400003], [121.52117901500003, 25.171423598000047], [121.5212174180001, 25.171547326000052], [121.521211547, 25.171648289000075], [121.52120556000011, 25.17172287300008], [121.521200926, 25.171818090000045], [121.52119881100009, 25.17191215300005], [121.521201732, 25.17200390200003], [121.52120609300005, 25.17213579500003], [121.52122055100006, 25.172267643000055], [121.52122973500002, 25.172347899000044], [121.521251548, 25.172429245000046], [121.52127848900011, 25.172530075000054], [121.52130028900001, 25.172607991000064], [121.52136654600008, 25.17275110500003], [121.52148354200006, 25.172952515000077], [121.52157001700004, 25.173100135000027], [121.52163724000002, 25.17324050800005], [121.52166368900009, 25.173272249000036], [121.52173661800009, 25.173361432000036], [121.5218244570001, 25.173457905000078], [121.52192343400009, 25.173561548000066], [121.5219731200001, 25.17362715300004], [121.52201941900012, 25.17368004700006], [121.52210441200009, 25.173786774000064], [121.52218912100011, 25.17390267500008], [121.52227343400011, 25.17399101600006], [121.52234369300004, 25.17408471500005], [121.52238260600006, 25.17417185900007], [121.5224254850001, 25.174253367000063], [121.52248392400008, 25.174361686000054], [121.52250817700008, 25.174433528000066], [121.52253267600008, 25.174537507000025], [121.52256226000009, 25.174680677000026], [121.52256052700011, 25.174735756000075], [121.52256280000006, 25.174864424000077], [121.52255588600008, 25.17496413400005], [121.5225217630001, 25.175086115000056], [121.52246494500002, 25.175207486000033], [121.52242048300002, 25.175297030000024], [121.52238337200004, 25.175353468000026], [121.52237497700003, 25.175419851000072], [121.52237598700003, 25.175548477000063], [121.5223799150001, 25.175624378000066], [121.52238719400009, 25.17571412800004], [121.52238031500008, 25.175812708000024], [121.52236694800001, 25.17595704000007], [121.52234472100008, 25.176062095000077], [121.52231813000003, 25.176145228000053], [121.52227997500006, 25.176194744000043], [121.52224221600011, 25.176271842000062], [121.52218788000005, 25.176354240000023], [121.5221009390001, 25.176470231000053], [121.52202066500001, 25.176574911000046], [121.52198939000004, 25.17664643200004], [121.5219818270001, 25.17676681000006], [121.52201778500012, 25.176948018000076], [121.52207086300007, 25.177026355000066], [121.52215348100003, 25.177168606000066], [121.52220911500001, 25.177286054000035], [121.5222572880001, 25.177399842000057], [121.52232027500008, 25.177604743000074], [121.52233166100007, 25.177724468000065], [121.52231894300007, 25.177888341000028], [121.52229318500008, 25.177985257000046], [121.52225805300009, 25.178099167000028], [121.52220505600008, 25.178219498000033], [121.52217014200005, 25.17828633000005], [121.52208233500005, 25.178389656000036], [121.52201221900009, 25.17849231400004], [121.5219217450001, 25.178600174000053], [121.52185584600011, 25.178689160000033], [121.52181473400003, 25.178752383000074], [121.52175863700006, 25.178850812000064], [121.52170473400008, 25.17899981900007], [121.5217343490001, 25.17911883800008], [121.52173723500005, 25.179130437000026], [121.52178249200006, 25.179176400000074], [121.52183016100003, 25.179225878000068], [121.52196409100009, 25.17934192000007], [121.52210587600007, 25.179448997000065], [121.5222572460001, 25.179572388000054], [121.5223224240001, 25.17962691500003], [121.52242223300004, 25.17970418400006], [121.5224949420001, 25.179760053000052], [121.52258769200012, 25.17982105300007], [121.52269677400011, 25.17992496000005], [121.52279158300007, 25.180000936000056], [121.52283414300007, 25.18005258000005], [121.5229066490001, 25.180115321000073], [121.52300715600006, 25.180210996000028], [121.52310038400003, 25.18029724400003], [121.52317267300009, 25.180366892000052], [121.52326409600005, 25.180430152000042], [121.52334348800002, 25.18051490600004], [121.52340878600012, 25.180565999000066], [121.52345671700004, 25.180607438000038], [121.52352907700003, 25.180674785000065], [121.52358907900009, 25.180733777000057], [121.52367495400006, 25.18081296400004], [121.5237816990001, 25.180911062000064], [121.52389154200011, 25.181031070000074], [121.52403122200008, 25.181165633000035], [121.52414856400003, 25.181288125000037], [121.52434971500008, 25.181475978000037], [121.52451154300002, 25.18162949400005], [121.52467802500007, 25.18179575700003], [121.52487629600012, 25.181995005000033], [121.5250196720001, 25.182133102000023], [121.52509608200012, 25.182192531000055], [121.5251857500001, 25.18227180300005], [121.52532332900012, 25.18239368600007], [121.52539274700007, 25.182474719000027], [121.52544793100003, 25.182526694000046], [121.52548148800008, 25.182583839000074], [121.52556017000006, 25.182651358000044], [121.5256841160001, 25.182764831000043], [121.52581008600009, 25.182854255000052], [121.52600571500011, 25.182976492000023], [121.52612532900002, 25.183026702000063], [121.52626670900008, 25.183067150000056], [121.52636440900005, 25.183091528000034], [121.52645223200011, 25.18310875700007], [121.52663076500005, 25.18313180100006], [121.52674291100004, 25.18313819100007], [121.52687452500004, 25.18316804500006], [121.52698516100008, 25.183182428000066], [121.52716466400011, 25.18321467900006], [121.52728823500001, 25.18321906700004], [121.52742694300002, 25.183223851000037], [121.5275732550001, 25.18322768200005], [121.52767217400003, 25.18321304600005], [121.5277528580001, 25.183216306000077], [121.52789837700004, 25.183205195000028], [121.52800882200006, 25.183185111000057], [121.52814046300011, 25.18317363600005], [121.5282786250001, 25.183155439000075], [121.528412967, 25.18313829300007], [121.52858683800002, 25.183108392000065], [121.52874870300002, 25.18305864900003], [121.52891223800009, 25.183036531000027], [121.52904517600007, 25.183023939000066], [121.52912968200008, 25.18302615500005], [121.52917270800003, 25.18302268800005], [121.52927263800007, 25.18301610800006], [121.52937754800007, 25.18305216300007], [121.52942893900001, 25.183063840000045], [121.52948782500005, 25.183078011000077], [121.52956923500005, 25.183098518000065], [121.52966258200001, 25.18314114700007], [121.52977512900009, 25.183175087000052], [121.52989135500002, 25.18321258700007], [121.53003223400003, 25.183269091000057], [121.53019282800005, 25.183341038000037], [121.53027972000007, 25.183388095000055], [121.53041916100005, 25.18345030100005], [121.53052991200002, 25.18350143500004], [121.53064231700012, 25.183539968000048], [121.53073010800006, 25.183558340000047], [121.53083821900009, 25.18357264800005], [121.5309370760001, 25.183600497000043], [121.5310588860001, 25.183620903000076], [121.53120469200007, 25.183640801000024], [121.53130224100005, 25.183629591000056], [121.53138019300002, 25.183639648000053], [121.5315087350001, 25.18364646200007], [121.53171086800012, 25.183641418000036], [121.53189778800004, 25.183638262000045], [121.53205800900002, 25.183641306000027], [121.53227412000001, 25.183633188000044], [121.53244720700002, 25.18362852000007], [121.53261744400004, 25.183634126000072], [121.53294469500008, 25.183624305000023], [121.53307482100001, 25.183620821000034], [121.53317354, 25.183623390000037], [121.53329549000011, 25.183585575000052], [121.53337386500004, 25.183577022000065], [121.53348467800004, 25.18364851900003], [121.53354008500003, 25.18368542500008], [121.53362431100004, 25.183791306000046], [121.53368979600009, 25.183832822000056], [121.53376655300008, 25.18390308000005], [121.53392387400004, 25.184035571000038], [121.53401327300003, 25.184096675000035], [121.534120271, 25.18417965100008], [121.53425876500012, 25.184279936000053], [121.53435192900008, 25.184347941000055], [121.53447539800004, 25.184406842000044], [121.53460144400003, 25.18444736500004], [121.53466939000009, 25.18451070900005], [121.53470079100009, 25.184560176000048], [121.53475854300007, 25.184660248000057], [121.53477982200002, 25.184720036000044], [121.53483005800001, 25.184801708000066], [121.53486521800005, 25.184859225000025], [121.53496191900001, 25.185016826000037], [121.53506487900006, 25.185191675000056], [121.535129, 25.18526994000007], [121.53519432000007, 25.185370039000077], [121.53523076800002, 25.185420661000023], [121.53528221400006, 25.185519572000032], [121.53532497700007, 25.185565621000023], [121.53539655500003, 25.18568525300003], [121.53548950400011, 25.185829054000067], [121.5355195510001, 25.185912986000062], [121.53557966200003, 25.18607163100006], [121.53559464200009, 25.18612910300004], [121.5356158080001, 25.186229083000057], [121.53566212300007, 25.186358988000052], [121.5357134510001, 25.186501531000033], [121.53571387400007, 25.186502404000066], [121.53574915500008, 25.18657488300005], [121.53578118500002, 25.186640685000043], [121.53581137700007, 25.186671777000072], [121.5359463210001, 25.186688196000034], [121.53609512100002, 25.186712707000027], [121.53619726800002, 25.18672790000005], [121.53629815400006, 25.186741953000023], [121.53648093100003, 25.186796412000035], [121.53670896500012, 25.18690956000006], [121.53681096100001, 25.186978731000067], [121.53720192300011, 25.18702569000004], [121.53735091900012, 25.186980134000066], [121.53755422900008, 25.186910601000022], [121.53780664600004, 25.186874501000034], [121.53799339400007, 25.186863493000033], [121.53824322300011, 25.18685151300008], [121.53850676900004, 25.186895836000076], [121.53866565300007, 25.186923812000032], [121.53888381800004, 25.186956534000046], [121.53901112200003, 25.186998214000027], [121.53914095700009, 25.187037598000074], [121.53923169000007, 25.18707344300003], [121.53940064400001, 25.187109477000035], [121.53957732200001, 25.18708926000005], [121.5398398000001, 25.187065821000033], [121.54014766900002, 25.187051677000056], [121.5404389790001, 25.187093781000044], [121.5406293640001, 25.187135624000064], [121.54069870700005, 25.187150719000044], [121.54086124500009, 25.18722579300004], [121.54102246100001, 25.187322686000073], [121.54109548000008, 25.187378012000067], [121.54118357400012, 25.18745632300005], [121.54125026500003, 25.18751852400004], [121.54134086400006, 25.187602602000027], [121.54139623800006, 25.187652125000056], [121.54150692400003, 25.18777300800008], [121.54162009600009, 25.187907668000037], [121.54175461300008, 25.188078008000048], [121.54189036000002, 25.18826096400005], [121.54193558300005, 25.188331144000074], [121.54205628900002, 25.188478469000074], [121.54214431900004, 25.18858091000004], [121.54223116700007, 25.18865463800006], [121.54231424200009, 25.188721460000068], [121.54240873000003, 25.188769947000026], [121.54253105400005, 25.18878978400005], [121.54262946400002, 25.18878658600005], [121.54271773300002, 25.188802899000052], [121.54276809900011, 25.188838628000042], [121.5428270860001, 25.188952479000022], [121.54284047600004, 25.18913167900007], [121.54281358300011, 25.189278622000074], [121.54281660000004, 25.189313080000034], [121.54282092300002, 25.189362474000063], [121.54284706900012, 25.189491188000034], [121.54285692600001, 25.189577350000036], [121.54287299100008, 25.189700277000043], [121.54288143300005, 25.18984500700003], [121.54288124300001, 25.18991390800005], [121.54288214000007, 25.190048304000072], [121.54288068400001, 25.19012065900006], [121.54287148500009, 25.190255009000055], [121.542862409, 25.190345708000052], [121.54285200900006, 25.19045824400007], [121.54282626600002, 25.190646532000073], [121.54282085900002, 25.19077859300006], [121.5427928680001, 25.190864661000035], [121.54276610500006, 25.190964516000065], [121.54274684200004, 25.191089658000067], [121.54274639500011, 25.191253886000027], [121.54275745200005, 25.19136302900006], [121.54279108100002, 25.191522761000044], [121.54281230100003, 25.19160665000004], [121.54286241500006, 25.19173541200007], [121.54290503000004, 25.191838886000028], [121.54298264400006, 25.19206190400007], [121.54303892500002, 25.192243509000036], [121.5430889910001, 25.19239065000005], [121.54312510000011, 25.192565306000063], [121.5431510090001, 25.192782430000022], [121.54315827100004, 25.192895023000062], [121.54316286900007, 25.193060416000037], [121.54319395900006, 25.193225881000046], [121.54320746100007, 25.19336488700003], [121.54322102600008, 25.193479771000057], [121.54322209400004, 25.193550978000076], [121.54323822300012, 25.193652084000064], [121.5432668850001, 25.193781944000023], [121.54329437900003, 25.193878486000074], [121.54337344400005, 25.194032598000035], [121.54344896900011, 25.194095958000048], [121.54351074800002, 25.194112179000058], [121.54361785000003, 25.194161853000026], [121.54369967000002, 25.194230967000067], [121.5437738920001, 25.19430925300003], [121.54383802300003, 25.194387524000035], [121.54389839700002, 25.194456590000073], [121.54396259300006, 25.19451073700003], [121.54406576600002, 25.194614358000024], [121.54413746900002, 25.194691489000036], [121.54422049300001, 25.19478014200007], [121.54429220100008, 25.194856127000037], [121.54434254400007, 25.19490104600004], [121.5443752110001, 25.194950515000073], [121.5444128370001, 25.195033297000066], [121.54445170300005, 25.19512412800003], [121.54451563400005, 25.19527474700004], [121.54455442800008, 25.195392011000024], [121.54460973300002, 25.195467947000054], [121.54469779500005, 25.19556004900005], [121.54478088400003, 25.195626874000027], [121.54487782800004, 25.195700626000075], [121.5449470750001, 25.19575248800004], [121.54508446400007, 25.195799927000053], [121.54520166900011, 25.19584731300006], [121.54528356000003, 25.19588886500003], [121.54538058600008, 25.195932752000033], [121.54544606600007, 25.195978860000025], [121.54552033000004, 25.196042221000027], [121.54558960100007, 25.196086041000058], [121.54565387500008, 25.196111468000026], [121.54570552900009, 25.196138018000056], [121.54583522500002, 25.196231375000025], [121.54594595600008, 25.196339614000067], [121.5459949970001, 25.196399459000077], [121.54604145000008, 25.196483417000024], [121.54608408500007, 25.196580002000076], [121.54612671100006, 25.19668002700007], [121.54617565, 25.196778925000046], [121.54623722300005, 25.19686981500007], [121.54631895700004, 25.19696994800006], [121.54643108200003, 25.197028802000034], [121.546520611, 25.197046254000043], [121.54661771100007, 25.197063725000078], [121.54666559900011, 25.19708452900005], [121.54673371500007, 25.197088140000062], [121.54686239400007, 25.197090769000056], [121.5469444150001, 25.197085230000027], [121.54711104800003, 25.197047760000032], [121.54731804500011, 25.197014970000055], [121.54739119600004, 25.197023194000053], [121.54743654600009, 25.19704972200003], [121.54750831400008, 25.19710273900006], [121.54755613800012, 25.19714650000003], [121.5476038590001, 25.197229314000026], [121.54766038100001, 25.19732250800007], [121.54772313500007, 25.19744438500004], [121.54779846800011, 25.197580110000047], [121.54786884900011, 25.19768134800006], [121.54792787000008, 25.197783721000064], [121.54799074400012, 25.197860821000063], [121.54805488900001, 25.19793678800005], [121.54812033300004, 25.197996678000038], [121.54823881400011, 25.19803947400004], [121.54837240800009, 25.19809149200006], [121.54862700400008, 25.198187451000024], [121.5487544130001, 25.198193522000054], [121.54887811800006, 25.198168561000045], [121.54897784000002, 25.198149296000054], [121.54905992200008, 25.198119640000073], [121.54916863900007, 25.19803950100004], [121.54924322900001, 25.197981137000056], [121.54935449600009, 25.197888378000073], [121.54947847900007, 25.197760065000068], [121.54958348000002, 25.19765351700005], [121.54974533900008, 25.197514948000048], [121.54986796000003, 25.197424531000024], [121.55000436900002, 25.197367445000054], [121.55009276100009, 25.19733780100006], [121.5502430360001, 25.197285349000026], [121.55031629400003, 25.197253379000074], [121.55042114000003, 25.197205403000055], [121.5506004670001, 25.197139237000044], [121.55070399600004, 25.197110790000067], [121.5508123190001, 25.197177672000066], [121.55089544300006, 25.197230707000074], [121.55098235500009, 25.197283756000047], [121.55105038700003, 25.197318385000074], [121.55116251000004, 25.197379537000074], [121.55129352100005, 25.197454520000065], [121.55136660500011, 25.197488011000075], [121.55149011900005, 25.197534259000065], [121.55156069800012, 25.197562], [121.5516854330001, 25.197624330000053], [121.55177613600006, 25.197675091000065], [121.55186173800007, 25.197746515000063], [121.55193595900005, 25.19782824600003], [121.55200257700005, 25.19792258900003], [121.55202382400012, 25.197998443000074], [121.55201864600008, 25.19804780900006], [121.5520676860001, 25.198109955000064], [121.55216142800009, 25.19824460600006], [121.5522347430001, 25.19834002700003], [121.55233296400002, 25.198466040000028], [121.55244094600005, 25.198620824000045], [121.55251945000009, 25.19870648500006], [121.55259773600005, 25.198810508000065], [121.55262845200002, 25.198881938000056], [121.55264783700011, 25.19905881300008], [121.55264084400005, 25.19911726600003], [121.5526182110001, 25.199218013000063], [121.5526084810001, 25.199294785000063], [121.5525845200001, 25.19940125900007], [121.55254354100009, 25.199668195000072], [121.55253135300006, 25.19984706500003], [121.55254359600008, 25.199987166000028], [121.55256580200012, 25.200138824000078], [121.55260078700007, 25.200276854000037], [121.55260966300011, 25.20038134600003], [121.55263605400012, 25.20049862700006], [121.55263977600009, 25.200612256000056], [121.55264271500005, 25.200684567000053], [121.55262848900009, 25.200822105000043], [121.55259981600011, 25.200899852000077], [121.55255869900009, 25.200962549000053], [121.55252395600007, 25.20101958200007], [121.55247012900008, 25.201090201000056], [121.552411387, 25.201149291000036], [121.5523552090001, 25.20120496900006], [121.5523004150001, 25.20125034000006], [121.55220732100008, 25.20133319400003], [121.55212844200003, 25.201387513000043], [121.55207539000003, 25.20139158300003], [121.55198843200003, 25.20148942000003], [121.55187277200002, 25.201559429000042], [121.55180673900009, 25.20159436000006], [121.55174410300003, 25.201662592000048], [121.55169535000005, 25.201730972000064], [121.5516490760001, 25.201802806000046], [121.55159895500003, 25.201880345000063], [121.5515630860001, 25.201925888000062], [121.55152903100009, 25.20203226600006], [121.55150542800004, 25.202107762000026], [121.5515093350001, 25.202205321000065], [121.55152457400004, 25.202305283000044], [121.55155324900011, 25.202443248000066], [121.55155863100003, 25.202522464000026], [121.5515740830001, 25.202604074000078], [121.55158255600008, 25.202742986000032], [121.55159298800004, 25.202822252000033], [121.55159717300012, 25.20289572200005], [121.55160789000001, 25.202950904000033], [121.55161686800011, 25.20304621400004], [121.55161987600002, 25.203112791000024], [121.55164875500009, 25.203233539000053], [121.551660233, 25.203331177000052], [121.55169788600006, 25.203456605000042], [121.55174222500011, 25.20354996800006], [121.55180095800006, 25.203599870000062], [121.55195055700005, 25.203649507000023], [121.55213664300004, 25.20370867400004], [121.552232075, 25.203749747000074], [121.55232109200006, 25.203799951000065], [121.55242762600005, 25.203862936000064], [121.55252410600008, 25.203922384000066], [121.552586958, 25.203943646000027], [121.55267496500005, 25.203972024000052], [121.552781793, 25.20400976700006], [121.55290491000005, 25.204058002000068], [121.55297381500009, 25.204101114000025], [121.55303393100007, 25.204140711000036], [121.553115294, 25.204197713000042], [121.55315357900008, 25.204269215000068], [121.55318780200002, 25.204364774000055], [121.55320223700005, 25.204425728000047], [121.55321486900004, 25.204532553000035], [121.55322086700005, 25.204558999000028], [121.55322273600007, 25.20461523700004], [121.55323320800005, 25.204691058000037], [121.55322992100002, 25.20475642400004], [121.55323809400011, 25.204812727000046], [121.55324879700004, 25.204869047000045], [121.55326944300009, 25.204938088000063], [121.5532866960001, 25.20497382700006], [121.55331758500006, 25.20503034400008], [121.55336211500003, 25.205107644000066], [121.55341829500003, 25.20515982300003], [121.55345442100008, 25.205200330000025], [121.55350296300003, 25.205258160000028], [121.55358191200003, 25.205305965000036], [121.5536519210001, 25.205362855000033], [121.55372292400011, 25.205442712000035], [121.55381177800007, 25.20550667400005], [121.5538965830001, 25.20559354900007], [121.5539428830001, 25.205627263000054], [121.55402242600007, 25.20573243900003], [121.554078419, 25.20580067000003], [121.55415060100006, 25.20588742500007], [121.55418517300006, 25.205953153000053], [121.5542346530001, 25.20603853500006], [121.55426568000007, 25.206083585000044], [121.55431506700006, 25.206176982000045], [121.55433093600004, 25.20622304500006], [121.55436903400005, 25.206310599000062], [121.5543794560001, 25.206391025000073], [121.55439853200005, 25.20648643000004], [121.55441422800004, 25.206547401000023], [121.55443467400005, 25.206633649000025], [121.55446257400001, 25.206730293000078], [121.55449789500005, 25.206839633000072], [121.55453567900008, 25.206954731000053], [121.55457755400005, 25.207043471000077], [121.55464119200008, 25.207213895000052], [121.55469406100008, 25.207333721000055], [121.55473180100012, 25.207452268000054], [121.5547876170001, 25.207644404000064], [121.55482519700001, 25.207776720000027], [121.5548638140001, 25.20792854000007], [121.5548877010001, 25.208044650000033], [121.55491038100001, 25.20815615600003], [121.55495527900007, 25.208310337000057], [121.5550094130001, 25.208430186000044], [121.55508963800003, 25.20847685600006], [121.55521164000004, 25.208512435000046], [121.55549356900008, 25.20857826200006], [121.55564349100007, 25.20860036600004], [121.55578718900006, 25.208615507000047], [121.55593210400002, 25.208634137000047], [121.55614909700012, 25.208640804000026], [121.55665856600001, 25.208674389000066], [121.55682635900007, 25.20867944300005], [121.55689047200008, 25.208700716000067], [121.55700093300004, 25.208752263000065], [121.55709864000005, 25.208815161000075], [121.557198803, 25.208883811000078], [121.55734050300009, 25.20896204400003], [121.55744446300002, 25.20902959500006], [121.5575621370001, 25.209112188000063], [121.55770628100004, 25.209197335000056], [121.55782386900012, 25.20928680800006], [121.5579112160001, 25.20937254100005], [121.5579986140001, 25.209453705000044], [121.55803730700006, 25.20949078800004], [121.5582736020001, 25.209708415000023], [121.55834848600011, 25.209758489000023], [121.558452353, 25.209800355000027], [121.55859171300006, 25.209860368000022], [121.5587741170001, 25.209933903000035], [121.558890689, 25.209986024000045], [121.5589998050001, 25.21005426800008], [121.55909357900009, 25.210097328000074], [121.559173428, 25.21013589900008], [121.55920500700006, 25.210140140000078], [121.55926317800004, 25.210147982000024], [121.55944008100005, 25.210161845000073], [121.55974955400006, 25.21017262500004], [121.55991095800005, 25.210140659000047], [121.56011127300008, 25.21007744600007], [121.56020324700012, 25.210049336000054], [121.56036949100007, 25.209989781000047], [121.56052437900007, 25.209931442000027], [121.56064401200001, 25.209887093000077], [121.56081902000005, 25.20981714000004], [121.56096517800006, 25.20977378400005], [121.56110508400002, 25.209738495000067], [121.56125512300002, 25.209706598000025], [121.56142151200004, 25.209666541000047], [121.56159053300007, 25.209640277000062], [121.56172172900006, 25.209622264000075], [121.56191356900001, 25.209607333000065], [121.5621293690001, 25.209588808000035], [121.56225176200007, 25.209575442000073], [121.56238803600002, 25.209560848000024], [121.5625054080001, 25.209550958000023], [121.56258838400004, 25.20950223400007], [121.56267504900006, 25.209439712000062], [121.56272366900009, 25.20935675000004], [121.56275092900012, 25.209287691000043], [121.56276907300003, 25.20918195200005], [121.56278421500008, 25.20901307400004], [121.5628019190001, 25.208849926000028], [121.56279701400001, 25.20870184300003], [121.56281262200002, 25.208594967000067], [121.56282558400005, 25.20847203200003], [121.56284715200002, 25.20831804200003], [121.56287602400005, 25.208128420000037], [121.56290468100008, 25.207910089000052], [121.56294631500009, 25.207737606000023], [121.56297547200006, 25.20758587200004], [121.56299733700007, 25.20747091900006], [121.56302319500003, 25.207383502000027], [121.56306525100001, 25.20726728900007], [121.56310250100012, 25.20718324300003], [121.5631434500001, 25.207087698000066], [121.56318200300007, 25.207009388000074], [121.56322911300003, 25.206893137000066], [121.56327342500003, 25.20674130900005], [121.56329181300009, 25.206667717000073], [121.56331894200002, 25.20658144300006], [121.56332852600008, 25.206512487000055], [121.56335059900005, 25.206425093000064], [121.56336254100006, 25.206334319000064], [121.56337832200006, 25.206250398000066], [121.56341384200005, 25.206104364000055], [121.56345814100007, 25.205950244000064], [121.56348756200009, 25.205832959000077], [121.56351357800008, 25.20576618000007], [121.56356460400002, 25.20566713900007], [121.56361082400008, 25.205600266000033], [121.56366589800007, 25.205535631000032], [121.56378502100006, 25.205423547000066], [121.56388915800005, 25.205334506000042], [121.56396070700009, 25.205277816000034], [121.56402459600008, 25.205209685000057], [121.56412117500008, 25.205122981000045], [121.56418392000012, 25.205070939000052], [121.5642315130001, 25.20501898300006], [121.564285272, 25.204947467000068], [121.5643490110001, 25.20485982400004], [121.56440763100011, 25.204763021000076], [121.56444217900003, 25.204656035000028], [121.56448526500003, 25.204508805000046], [121.56450954900004, 25.204380065000066], [121.56455263500004, 25.204232836000074], [121.56460264500004, 25.20399943800004], [121.56464041700008, 25.203817799000035], [121.56469910400006, 25.203562547000047], [121.56475340500003, 25.20339572900008], [121.56480282600012, 25.203251906000048], [121.56483615700006, 25.203150667000045], [121.56486842700008, 25.203076986000042], [121.56490562700003, 25.20298605800008], [121.56493155200008, 25.20290782400008], [121.56497100500007, 25.202781282000046], [121.56498181400002, 25.202707745000055], [121.56503104700005, 25.20253866400003], [121.56506034200004, 25.202405291000048], [121.56508962900011, 25.202269616000024], [121.56510444800006, 25.20222588300004], [121.565107742, 25.20216042800007], [121.56510123200007, 25.201967572000058], [121.56506746500008, 25.20184376700007], [121.5650133480001, 25.201700584000037], [121.56496064200007, 25.201576897000052], [121.56491842000003, 25.20150366200005], [121.56488367700001, 25.201417762000062], [121.56485659900011, 25.201343294000026], [121.56483050600002, 25.20123207000006], [121.56481218600004, 25.201147216000038], [121.564814135, 25.201071428000034], [121.56484271200009, 25.201009253000052], [121.56490028200005, 25.20094116100006], [121.56501084100012, 25.200866999000027], [121.56511888300008, 25.20079400800006], [121.56522695400008, 25.20072446900008], [121.56534878200011, 25.20063762500007], [121.56548318500006, 25.20054380700003], [121.56559239, 25.20045817400006], [121.56568007600004, 25.200364643000057], [121.56571866500008, 25.200290918000064], [121.56575684200004, 25.200163244000066], [121.56579269500003, 25.200061987000026], [121.56581486700009, 25.19998836900004], [121.56588851300012, 25.199875401000043], [121.5659887280001, 25.199769166000067], [121.56611050200002, 25.199675413000023], [121.56624633800004, 25.199604565000072], [121.56635834000008, 25.199554508000062], [121.56651588000011, 25.199514515000033], [121.56681459000004, 25.199441525000054], [121.56711573000007, 25.199355877000073], [121.56734125700007, 25.199290218000044], [121.567541505, 25.199221271000056], [121.56776051100007, 25.199128091000034], [121.56796463400008, 25.199070584000026], [121.56821783400005, 25.19899097700005], [121.56837760600001, 25.198913075000064], [121.56852203800008, 25.19881000600003], [121.5686298600001, 25.198708316000022], [121.56868005400008, 25.198666677000062], [121.56880126700003, 25.198499455000047], [121.56889293200004, 25.19843230400005], [121.56910475200004, 25.198390818000064], [121.56934951400001, 25.198364080000033], [121.56957421100003, 25.198355830000025], [121.569782357, 25.19832931700006], [121.56993988300007, 25.198288164000076], [121.56999519500005, 25.198255677000077], [121.5700686240001, 25.198175820000074], [121.57011596100006, 25.19814977300007], [121.57022336700004, 25.19807624200007], [121.57031546300004, 25.197990257000072], [121.57040119100009, 25.197899764000056], [121.57046589100003, 25.197838196000077], [121.57056059000001, 25.19775792400003], [121.57060405200002, 25.197710377000078], [121.5706750060001, 25.19764529300005], [121.57075957500001, 25.19756169200008], [121.57085755300011, 25.19744581200007], [121.57089463300008, 25.197392594000064], [121.570922805, 25.19733374900005], [121.57095490200004, 25.19728519000006], [121.57097167800009, 25.197223031000078], [121.57098851600006, 25.19716545800003]]]}}, {"type": "Feature", "properties": {"TOWNID": "A13", "TOWNCODE": "63000090", "PNAME": "臺北市", "TNAME": "南港區", "TOWNENG": "Nangang District", "COUNTYID": "A", "COUNTYCODE": "63000", "縣市": "臺北市", "行政區": "南港區", "淨流入": 47071, "平日日間活動人數": 165268, "平日夜間停留人數": 118197}, "geometry": {"type": "Polygon", "coordinates": [[[121.62230447400009, 25.05890522800007], [121.62233979200005, 25.058816841000066], [121.6223927750001, 25.058710105000046], [121.62244070400004, 25.058591902000046], [121.62250756000003, 25.058439230000033], [121.6225428890001, 25.058387587000027], [121.62260976100004, 25.058293460000073], [121.62264129500011, 25.058221159000027], [121.62271068400003, 25.058099496000068], [121.6227775540001, 25.058000786000036], [121.62281792200008, 25.05792159200007], [121.62290372100006, 25.057794202000025], [121.6230286340001, 25.057630063000033], [121.623072782, 25.057547428000078], [121.62311315700003, 25.05748659900007], [121.62318507600003, 25.057394771000077], [121.62324943200008, 25.05732017300005], [121.62332134500002, 25.057209983000064], [121.62346140300008, 25.057036673000027], [121.62354342000003, 25.05694484000003], [121.62359767300006, 25.05687139500003], [121.62364688000002, 25.056805971000074], [121.62371123200012, 25.056721027000037], [121.62374781100004, 25.056648722000034], [121.62379196600011, 25.05657182500005], [121.62389290200008, 25.05643064800006], [121.62401023500001, 25.056255048000025], [121.624067007, 25.056163241000036], [121.62410359000012, 25.056097795000028], [121.62415405100012, 25.05599795100005], [121.62419946500006, 25.05591761000005], [121.62422973500009, 25.055851036000035], [121.62425924100012, 25.055755541000053], [121.62426378200007, 25.055740842000034], [121.62427888600007, 25.05561919200005], [121.62426495900002, 25.055481464000025], [121.62426404500002, 25.05547947200006], [121.62422074800008, 25.05538505100003], [121.62412856800006, 25.05527485500005], [121.62406670500002, 25.05523583300004], [121.6239859100001, 25.055206001000045], [121.62380665, 25.055141725000055], [121.62365767800009, 25.055063679000057], [121.62348977900001, 25.05500399700003], [121.62343171600003, 25.055001703000073], [121.62338122900007, 25.055022364000024], [121.62329292000004, 25.055168129000037], [121.6231907240001, 25.055318486000033], [121.62312384200004, 25.055368987000065], [121.62301279100006, 25.055456212000024], [121.62284368200005, 25.05556066200006], [121.62268213200002, 25.05563640500003], [121.62259001500001, 25.055722495000055], [121.62241082600008, 25.055894659000046], [121.62231745400004, 25.056014021000067], [121.6222341670001, 25.056089779000047], [121.62219126900004, 25.056144867000057], [121.62212564200001, 25.056187340000065], [121.62201837400005, 25.05627686500003], [121.6219022680001, 25.056354911000028], [121.62174829600008, 25.056446729000072], [121.62164985800007, 25.05651215200004], [121.62155393900002, 25.056560366000042], [121.62147064100009, 25.056600536000076], [121.62132296300001, 25.05664185200004], [121.62113742100007, 25.05667972400005], [121.62096575300006, 25.056691201000035], [121.62083447400005, 25.056690051000032], [121.62065648600003, 25.05667514000004], [121.62052520200007, 25.056648731000053], [121.62042545300005, 25.056561504000058], [121.62030298000002, 25.05645131400007], [121.62023477500009, 25.05631473400007], [121.62022086400009, 25.056230950000042], [121.62019559300006, 25.056147166000073], [121.62019936000002, 25.056084018000035], [121.62019049700007, 25.055992223000032], [121.62019549700005, 25.055823496000073], [121.62022827200008, 25.05567773000007], [121.62030270100001, 25.055520485000045], [121.62040995300003, 25.055379301000073], [121.62052729600009, 25.05521633400008], [121.62064211600011, 25.05505794800007], [121.62072411600002, 25.054899560000024], [121.62073520700005, 25.054878458000076], [121.62074813000004, 25.05485387400006], [121.62077962400008, 25.054793962000076], [121.62086414400005, 25.054621799000074], [121.62094614300008, 25.05446225700007], [121.62100795000003, 25.054316495000023], [121.62104200200008, 25.05421778400006], [121.62106847400003, 25.05410646000007], [121.62107852400004, 25.053943478000065], [121.62105576200008, 25.053810330000033], [121.62103426800002, 25.05368982400006], [121.62095596900008, 25.05356012200008], [121.62092692200008, 25.053505037000036], [121.62086756800011, 25.05342353700007], [121.62080948900007, 25.053365006000035], [121.62076024100008, 25.053303028000073], [121.62068826900008, 25.053223827000068], [121.620588515, 25.05310791000005], [121.62053801600007, 25.053072324000027], [121.6204925720001, 25.05307461700005], [121.62039538600004, 25.05309298800006], [121.62033354700009, 25.05313774700005], [121.62024267800007, 25.053180221000048], [121.62016693600003, 25.053159549000043], [121.62000913300005, 25.05308724300005], [121.619867741, 25.05302756100008], [121.61974907500007, 25.052978193000058], [121.619577391, 25.052910487000077], [121.61941327000011, 25.052832435000028], [121.61923148300002, 25.05275438800004], [121.61899162300006, 25.05264878400004], [121.6188148870001, 25.052579923000053], [121.6186583430001, 25.052501877000054], [121.61842985100009, 25.05240660800007], [121.6182632120001, 25.05234119000005], [121.61817358000008, 25.05229642300003], [121.61812054100005, 25.052219516000036], [121.61802205100003, 25.052101298000025], [121.6179008370001, 25.051969298000074], [121.61778340800004, 25.051829275000046], [121.61767355900008, 25.051713351000046], [121.61760664400003, 25.05164907900007], [121.61754603600002, 25.051587092000034], [121.61741978200007, 25.051480338000033], [121.61728595000011, 25.05135869000003], [121.61722282000005, 25.051297859000044], [121.61716727400005, 25.05127145700004], [121.61709025300001, 25.05118996400006], [121.61702208300005, 25.05115207700004], [121.6169652640001, 25.051088953000033], [121.61684028500008, 25.051020092000044], [121.61675570400007, 25.05098221000003], [121.616605477, 25.050905300000068], [121.61652341700005, 25.050846770000078], [121.6164691250001, 25.050802008000062], [121.61642114500012, 25.050742323000065], [121.61634033300004, 25.050635579000073], [121.61630622700011, 25.050552932000073], [121.61630366400004, 25.050417507000077], [121.61631499100008, 25.050283222000076], [121.61634398100011, 25.050148927000066], [121.61635151500002, 25.04999857200005], [121.61634011900003, 25.049870034000037], [121.6163110440001, 25.049715071000037], [121.61627565900005, 25.049563584000055], [121.61623269100005, 25.049374200000045], [121.61624023500008, 25.049266311000054], [121.61627932100009, 25.049115959000062], [121.6163061210001, 25.04907079700007], [121.61631916100009, 25.04904882200003], [121.6163562810001, 25.04898626800008], [121.61640420900005, 25.04885773600006], [121.61644107900008, 25.04871843600006], [121.61644747700007, 25.04869426500005], [121.61645464100002, 25.04866719900008], [121.61646469300001, 25.048495036000077], [121.61647221500004, 25.048317137000026], [121.61646193400009, 25.048148256000047], [121.61648843300009, 25.04808301500003], [121.61651925400008, 25.048012778000043], [121.6165775400001, 25.047917055000028], [121.61664064500007, 25.047798356000044], [121.61669673200004, 25.047735936000038], [121.61673898800007, 25.047675926000068], [121.6167674300001, 25.047620609000035], [121.61680097600004, 25.047572143000025], [121.61686710900005, 25.047506190000036], [121.61694655500003, 25.047383919000026], [121.617017185, 25.04726170300006], [121.61706812300008, 25.047187851000047], [121.61713366800006, 25.047061106000058], [121.6171669260001, 25.04698281000003], [121.6172338990001, 25.046873240000025], [121.6173203940001, 25.046698135000042], [121.61738609400004, 25.046587441000042], [121.61745518700002, 25.046436567000057], [121.6175533390001, 25.046294619000037], [121.6176200000001, 25.04615294300004], [121.6177117100001, 25.045996135000053], [121.61776383300003, 25.045914242000038], [121.61782444800008, 25.045799011000042], [121.61790480800005, 25.045641156000045], [121.61798280800008, 25.045499380000024], [121.6181090990001, 25.045271160000027], [121.61819826500005, 25.045112078000045], [121.61825999900009, 25.04498191600004], [121.61837784700003, 25.044792768000036], [121.61844453800006, 25.044654525000055], [121.61852385000009, 25.04451848800005], [121.61862048600005, 25.044350172000065], [121.6186909810001, 25.04421418800007], [121.61876277600004, 25.04408279300003], [121.61883693400011, 25.04393532100005], [121.61891623500003, 25.043798124000034], [121.61900676200003, 25.043649364000032], [121.61905735300002, 25.04353994300004], [121.6191070640001, 25.043469542000025], [121.61916809900003, 25.043397904000074], [121.6192128140001, 25.04333212800003], [121.6192664030001, 25.04327202500008], [121.61928877900004, 25.04325481500007], [121.61929993000001, 25.04324624000003], [121.61936143500009, 25.04319894400004], [121.61949653700003, 25.043100301000038], [121.619569049, 25.043043484000066], [121.61966149800003, 25.04296353500007], [121.6197227450001, 25.042913698000064], [121.61977898300006, 25.042867330000036], [121.61984618300005, 25.042781871000045], [121.61994206600002, 25.04266633800006], [121.62001429200006, 25.04257969300005], [121.62005403500007, 25.04252083600005], [121.620105082, 25.042458457000066], [121.62015983900005, 25.042389164000042], [121.62022953600001, 25.04230138300005], [121.62030653500005, 25.042187156000068], [121.62035737100007, 25.042102974000045], [121.62036022200004, 25.042094746000032], [121.62039046000007, 25.042007472000023], [121.62042887500002, 25.041941760000043], [121.62045976700006, 25.041879537000057], [121.62049797100008, 25.04179202200004], [121.62054145900004, 25.041729702000055], [121.62063216000001, 25.041599301000076], [121.62072522000005, 25.041452814000024], [121.62077486200008, 25.041375526000024], [121.62080965400003, 25.041325890000053], [121.62084942900003, 25.041270492000024], [121.62090411000008, 25.041193173000067], [121.62095509100004, 25.041123907000042], [121.621039633, 25.041008472000044], [121.6211403640001, 25.040873383000076], [121.62118147600006, 25.040826023000022], [121.62121388300011, 25.040790163000054], [121.62129490100006, 25.040701143000035], [121.62135213300007, 25.040627244000063], [121.62137818500003, 25.040585725000028], [121.6214718120001, 25.04049774400005], [121.62157643400008, 25.040374102000044], [121.62164260600002, 25.040312742000026], [121.62171131500008, 25.04025365800004], [121.62176753100005, 25.04020500400003], [121.62186111300002, 25.04011243900004], [121.62194747100011, 25.040054343000065], [121.62211936000006, 25.03998292700004], [121.62221735300011, 25.03995572300005], [121.6223142550001, 25.03994573800003], [121.62244766200001, 25.039933147000056], [121.622632468, 25.039894897000067], [121.62279063300002, 25.039837352000063], [121.62290230300005, 25.039791681000054], [121.62301497800001, 25.039719597000044], [121.62314022300006, 25.03964512500005], [121.62335149300009, 25.039478145000032], [121.62349970900004, 25.03934616300006], [121.62357130600003, 25.039282408000076], [121.6235973470001, 25.039260099000046], [121.62388238100004, 25.039015926000047], [121.62408310400008, 25.03880085000003], [121.624200416, 25.03868741900004], [121.6243339240001, 25.038555511000027], [121.62444744400011, 25.038440983000044], [121.62454563800009, 25.03830478200007], [121.6246289930001, 25.038197369000045], [121.62467851000008, 25.038107468000078], [121.624717916, 25.03801420700006], [121.62476492000008, 25.03792547200004], [121.62480688700009, 25.037836777000052], [121.62484792100008, 25.037781361000043], [121.62493050700004, 25.037724446000027], [121.62502466300009, 25.037691531000064], [121.62512888300012, 25.03765739200003], [121.62519439500011, 25.03765799200005], [121.62530155500008, 25.03766742600004], [121.62535339900012, 25.03768764800003], [121.6254495180001, 25.03772699500007], [121.62558356600005, 25.03778095100006], [121.62577816200007, 25.03784356400007], [121.62584125300009, 25.037854510000045], [121.6259775960001, 25.037885508000045], [121.62604829000009, 25.037900974000024], [121.62613406300011, 25.03791287300004], [121.626282349, 25.037876073000064], [121.62640323500011, 25.037871617000064], [121.62653506400011, 25.037826908000056], [121.62664044500002, 25.037782434000064], [121.62671321200003, 25.03775199100005], [121.62683610300007, 25.037694742000042], [121.62699139400002, 25.037601659000075], [121.62715288800007, 25.03749819500007], [121.62724038800002, 25.037428619000025], [121.6272979370001, 25.03738797400007], [121.62735042800011, 25.037345087000062], [121.62748455400003, 25.03727741600005], [121.62759751400006, 25.037235157000055], [121.62767406700004, 25.037205847000052], [121.6277669970001, 25.037176387000045], [121.62789024500012, 25.03715584200006], [121.62806131200011, 25.037130319000028], [121.62822471900006, 25.03709453700003], [121.62847624200003, 25.03705226900007], [121.62862586200004, 25.037023480000073], [121.62874888600004, 25.03697999700006], [121.62891082100009, 25.036922417000028], [121.62910804600006, 25.036866839000027], [121.62921351400007, 25.036831535000033], [121.62934405200008, 25.03678340600004], [121.62948082100002, 25.03672833400003], [121.62964483600001, 25.036625984000068], [121.62973121300001, 25.036570187000052], [121.62981105100005, 25.036490350000065], [121.62990189000004, 25.036376003000044], [121.62996749800004, 25.03625727900004], [121.6300073540001, 25.036081399000068], [121.63004110100007, 25.035925081000073], [121.63007032200005, 25.035821577000036], [121.63010168700009, 25.035679037000023], [121.63010965300009, 25.035591777000036], [121.63010965300009, 25.035462126000027], [121.630110951, 25.035337054000024], [121.63013131500009, 25.03522903100003], [121.6301419020001, 25.03515207600003], [121.63017049000007, 25.035112818000073], [121.63021047300003, 25.035079218000078], [121.63034284500009, 25.03509071800005], [121.63047171100004, 25.03512979800007], [121.63060195700007, 25.035181480000062], [121.63073347600005, 25.035234305000074], [121.63086760200008, 25.035296282000047], [121.63106871900004, 25.035381791000077], [121.63130993000004, 25.035445165000056], [121.63141984700007, 25.035478660000024], [121.63159280700006, 25.03551851700007], [121.6317987430001, 25.035581036000053], [121.63199683700009, 25.035614934000023], [121.63212563900004, 25.035647123000047], [121.63220393900008, 25.03566826800005], [121.63246802700007, 25.035752099000035], [121.63257281400001, 25.03577646100007], [121.63264094200008, 25.03578737500004], [121.63271290700004, 25.03580396900003], [121.63279240300005, 25.035818212000038], [121.63290473900008, 25.035841360000063], [121.63302181100005, 25.035833496000066], [121.63310082900011, 25.03583283000006], [121.63311501800001, 25.03583271100007], [121.6331768980001, 25.035821017000046], [121.63328704700007, 25.035789330000057], [121.63331580700003, 25.03578315900006], [121.6333687, 25.035765635000075], [121.63343926700009, 25.03574801900004], [121.63347834000001, 25.035739764000027], [121.63356894100002, 25.035699086000022], [121.63364935400011, 25.035645831000068], [121.63369315300008, 25.035591630000056], [121.6337318520001, 25.035530553000058], [121.63381428800005, 25.03540612100005], [121.633822645, 25.035338339000077], [121.63385111100001, 25.03525782300005], [121.63387054700001, 25.035149801000045], [121.6339100140001, 25.03501872000004], [121.63393358400003, 25.03496003600003], [121.63395977800008, 25.03491511900006], [121.63400971700003, 25.034836778000056], [121.63407254800006, 25.034796253000025], [121.63418840000008, 25.034756568000034], [121.63427043800004, 25.034754965000047], [121.63436791700008, 25.03479459700003], [121.63445287600007, 25.034849215000065], [121.63454930900002, 25.034919854000066], [121.63463802400008, 25.034969868000076], [121.63474682300011, 25.03500370300003], [121.63485281100009, 25.03499736200007], [121.63494211700004, 25.03495209400006], [121.63504377000004, 25.034867726000073], [121.63508761300011, 25.03482041500007], [121.63512908000007, 25.034793794000052], [121.63517035600012, 25.03473959400003], [121.63521817000003, 25.034717515000068], [121.6353613440001, 25.034614545000068], [121.63547701700008, 25.03454960700003], [121.63553104300001, 25.03451371500006], [121.63564179700006, 25.034467173000053], [121.63578280500008, 25.034414724000044], [121.63595810000004, 25.034390780000024], [121.63612693100004, 25.034346209000034], [121.63624419100006, 25.034327192000035], [121.63637031000007, 25.03431156700003], [121.63648382500003, 25.03429829600003], [121.63661341400007, 25.034237878000056], [121.63683108500004, 25.034137926000028], [121.63692291600012, 25.034092636000025], [121.63703482400001, 25.034031173000074], [121.63712183000007, 25.03401804300006], [121.63718865500005, 25.034007339000027], [121.6372477970001, 25.033980608000036], [121.6373713260001, 25.033955810000066], [121.63746835600011, 25.03393229200003], [121.63754125000003, 25.033887118000052], [121.63760527400007, 25.03383739800006], [121.6377008820001, 25.03379094400003], [121.63776389700001, 25.033776817000046], [121.63782070800005, 25.03377765600004], [121.637905025, 25.033741581000072], [121.6380054660001, 25.033665253000038], [121.63807941900006, 25.033591365000063], [121.63812184900007, 25.03352224400004], [121.63816814600011, 25.03346459100004], [121.63820178700007, 25.03340240800003], [121.63822672300012, 25.03335865100007], [121.6382791850001, 25.03328028900006], [121.6382902260001, 25.033235452000042], [121.63832392600011, 25.03318130300005], [121.63839786900007, 25.033106288000056], [121.63852212400002, 25.03300569700008], [121.63859502500009, 25.032961672000056], [121.63874207200001, 25.032871302000046], [121.63884888400003, 25.032802961000073], [121.6389819310001, 25.032696609000027], [121.63909514400007, 25.03264087100007], [121.63922582900011, 25.032557488000066], [121.63932509800009, 25.032493773000056], [121.63946454100005, 25.032398859000068], [121.63957358800008, 25.032290343000057], [121.63965148200009, 25.032238233000044], [121.63969673600002, 25.032211578000044], [121.63973425300003, 25.032162007000068], [121.6397906200001, 25.032100841000045], [121.63990738900009, 25.032012941000062], [121.63999435200003, 25.031994095000073], [121.64008499600004, 25.031960283000046], [121.64025158700008, 25.03195590100006], [121.64039785200009, 25.031933259000027], [121.64045714200006, 25.031928336000078], [121.64056536100009, 25.031880665000074], [121.64070361800009, 25.031797227000027], [121.64082177300008, 25.031726535000075], [121.64095257800011, 25.03166036300007], [121.64107452500002, 25.031590794000067], [121.64121303600007, 25.031542944000023], [121.64131972100006, 25.03145739400003], [121.64143022600001, 25.031376426000065], [121.64154719800001, 25.03131720400006], [121.6416783630001, 25.03130154100006], [121.64183614, 25.031300644000055], [121.64194979000001, 25.031306896000046], [121.64210867400004, 25.031284190000065], [121.64222820000009, 25.03122955200007], [121.64228207600001, 25.03117299300004], [121.64239222900005, 25.031042659000036], [121.64251305000005, 25.030992601000037], [121.642655439, 25.030957363000027], [121.64273601200011, 25.030927061000057], [121.64280526100003, 25.03090255500007], [121.64290092200008, 25.03086413400007], [121.64302503400006, 25.030744041000048], [121.64310034400012, 25.030683922000037], [121.64318675600009, 25.030588157000068], [121.64323179200005, 25.03053049300007], [121.64331603100004, 25.03048410200006], [121.64339546400004, 25.030471030000058], [121.6435104090001, 25.030481861000055], [121.64364295100006, 25.03048225300006], [121.64374652700008, 25.03049199700007], [121.64377396100008, 25.03044477900005], [121.64381391000006, 25.030382556000063], [121.64386242500007, 25.03028240900005], [121.64388215400004, 25.030216861000042], [121.64391815500005, 25.030131707000066], [121.64394292600002, 25.030064990000028], [121.64396535300011, 25.030023528000072], [121.64400143900002, 25.029951003000065], [121.64404908600011, 25.029905963000033], [121.64415085900009, 25.029839951000042], [121.64427155800001, 25.02977266700003], [121.64439241200012, 25.02972722800007], [121.64457128700008, 25.029675706000035], [121.64465827300012, 25.02966027800005], [121.64478695700006, 25.029650368000034], [121.64491450800006, 25.029658835000077], [121.64509644500004, 25.02968306100007], [121.64519601500001, 25.02966182800003], [121.64530802400009, 25.029615273000047], [121.645425982, 25.029518170000074], [121.64548866900009, 25.02945812200005], [121.64557429800004, 25.029428944000074], [121.6456678720001, 25.02945251500006], [121.64576505500008, 25.02945081200005], [121.64584958400008, 25.02944459300005], [121.64594260100012, 25.029390111000055], [121.64604409600008, 25.02928506300003], [121.64615060500012, 25.029175407000025], [121.64625740100007, 25.02910591600005], [121.6463603950001, 25.029034155000033], [121.64646442800006, 25.028931398000054], [121.64653572500004, 25.02884030200005], [121.64656043800005, 25.028765561000057], [121.64655977200005, 25.02867257500003], [121.6465285700001, 25.028545318000056], [121.64649513000006, 25.028458262000072], [121.64647951500001, 25.028392912000072], [121.64647244000003, 25.02828618700005], [121.64648328500004, 25.02821380000006], [121.64652178000006, 25.02812519300005], [121.64659443200003, 25.028046713000037], [121.64671774800001, 25.027993201000072], [121.64683751100006, 25.027971861000026], [121.646927161, 25.02797594900005], [121.64706510200006, 25.028025671000023], [121.647224746, 25.028109721000078], [121.64734632800003, 25.02816641900006], [121.64741980800011, 25.028203891000032], [121.64757067800008, 25.028296013000045], [121.6477156200001, 25.028442132000066], [121.64780843400001, 25.028535744000067], [121.64790615100003, 25.02860865200006], [121.64797956200005, 25.02863693300003], [121.64807526900006, 25.028605396000046], [121.64819572500005, 25.028504833000056], [121.64826585300011, 25.02842637200007], [121.64844482600006, 25.028212971000073], [121.64857505900011, 25.028067588000056], [121.64868795200005, 25.02796821800007], [121.648797392, 25.027915931000052], [121.64885669300008, 25.027912152000056], [121.64895800400006, 25.02795864500007], [121.64904155700003, 25.027992594000068], [121.64912511800003, 25.02802770900007], [121.64917707200004, 25.02805612000003], [121.64923542300005, 25.02809596700007], [121.64931257500007, 25.028117343000076], [121.6494073450001, 25.028131716000075], [121.64951575500004, 25.02811158800006], [121.64960120700005, 25.028058293000072], [121.64971308300005, 25.027993372000026], [121.6498827480001, 25.02789023400004], [121.6500584260001, 25.027745722000077], [121.65016761800007, 25.027659010000036], [121.65023680200011, 25.027625321000073], [121.65035820300011, 25.027656768000043], [121.65055803500002, 25.027711875000023], [121.65068702000008, 25.027744433000066], [121.65081974600002, 25.027771233000067], [121.6509600170001, 25.027793388000077], [121.6510963610001, 25.027796051000053], [121.65117579500009, 25.027784120000035], [121.65126398500001, 25.027760648000026], [121.65132950100008, 25.027744209000048], [121.65141529200002, 25.027737973000058], [121.65145574900009, 25.02774693300006], [121.65153562400008, 25.02779583100005], [121.65161462300011, 25.027898700000037], [121.65167234300009, 25.028026942000054], [121.65170177000005, 25.028081884000073], [121.6517576120001, 25.02812404200006], [121.65184363300011, 25.028149945000052], [121.65190791400005, 25.028136954000047], [121.65195824500006, 25.02811485700005], [121.65208563600004, 25.02792585700007], [121.65219458800004, 25.027805839000052], [121.652285129, 25.027758254000048], [121.652353091, 25.027730320000046], [121.65243722200012, 25.02766898400006], [121.65255789000003, 25.027598273000024], [121.65263092500004, 25.027573748000066], [121.65276710600006, 25.027553449000038], [121.65291345500009, 25.027543426000022], [121.65311006400009, 25.027500962000033], [121.65324494900005, 25.02747608100003], [121.65332209000007, 25.02749630200003], [121.6534169150001, 25.027517577000026], [121.65347523300011, 25.02755282800007], [121.65357530100005, 25.027601610000033], [121.65368050600011, 25.027661859000034], [121.65380217600011, 25.027730036000037], [121.65384656900005, 25.027759623000065], [121.65389354400008, 25.027797245000045], [121.653954429, 25.02783822500004], [121.654034292, 25.027885973000025], [121.65409130300009, 25.02791435200004], [121.65418346000001, 25.02791611200007], [121.65432082000007, 25.02788432400007], [121.6543684500001, 25.02783813700006], [121.65443774100004, 25.027819368000053], [121.65451707400007, 25.027792513000065], [121.65457991500011, 25.027755410000054], [121.65467321400001, 25.027739951000058], [121.65481857600003, 25.027767803000074], [121.65489672500007, 25.027752443000054], [121.65495694900005, 25.027701585000045], [121.65504190000001, 25.02757941400006], [121.65508303900003, 25.027507994000075], [121.65510921700002, 25.027461926000058], [121.65514690000009, 25.027436453000064], [121.65518501400004, 25.02747067400003], [121.65527271100007, 25.027553968000063], [121.65537803100005, 25.027630285000043], [121.65548561000003, 25.027669841000034], [121.65561074400011, 25.027693230000068], [121.655740809, 25.027700511000035], [121.65589997300003, 25.027716825000027], [121.65606810100007, 25.027750291000075], [121.65615920200003, 25.027780756000027], [121.656278197, 25.027828293000027], [121.65645002600002, 25.027850260000037], [121.65662701800011, 25.02788827100005], [121.65674841600003, 25.027918572000033], [121.65682179900011, 25.02794225400004], [121.65689025800009, 25.02798318300006], [121.65698662500006, 25.02804347600005], [121.65710311300006, 25.028093313000056], [121.65718936300004, 25.02815021400005], [121.65723528300009, 25.02821653700005], [121.65728985700002, 25.02825754400004], [121.65732951100006, 25.02832964600003], [121.65736301600009, 25.028424735000044], [121.65741705900007, 25.02856676700003], [121.6574913500001, 25.02871558000004], [121.65757013000007, 25.028787455000042], [121.65768433000005, 25.028869446000044], [121.65780729800008, 25.028942210000025], [121.65795565000008, 25.029034341000056], [121.65805197300006, 25.02908774100007], [121.65814242700003, 25.02910404000005], [121.65826553300008, 25.029160345000037], [121.65829532200007, 25.02917287100007], [121.65839715800007, 25.029242043000067], [121.65849024800002, 25.029285921000053], [121.658592085, 25.02935508400003], [121.65868768500002, 25.029402427000036], [121.65876315500009, 25.029441672000075], [121.65886883100006, 25.029490163000048], [121.65896070800011, 25.029517949000024], [121.65907394100009, 25.02956759700004], [121.65919095400011, 25.029616135000026], [121.65934194700003, 25.029676222000035], [121.65944375600009, 25.029754596000032], [121.6594978170001, 25.02979149500004], [121.65957579400003, 25.029835339000044], [121.65963868900008, 25.029866497000057], [121.65970906300004, 25.02992527300006], [121.65981090500009, 25.029992151000044], [121.65992160700011, 25.03004525600005], [121.6600197030001, 25.03010178900007], [121.66011781700001, 25.030151412000066], [121.66022599200005, 25.030206814000053], [121.66033422100008, 25.030243836000068], [121.66045375700003, 25.03029235200006], [121.66058207300011, 25.030353542000057], [121.66068774200005, 25.030405490000078], [121.66080099700002, 25.030445964000023], [121.66097726500004, 25.03047966500003], [121.66111832100012, 25.03049260800003], [121.6613337440001, 25.030490764000035], [121.66146229900005, 25.030470346000072], [121.66163378400006, 25.03041554300006], [121.66174723200004, 25.030391636000047], [121.66186829900005, 25.030347076000055], [121.66194896900004, 25.030331154000066], [121.66208383900005, 25.030305003000024], [121.662238881, 25.03027314600007], [121.66236750000007, 25.030232047000027], [121.66258808700002, 25.030188831000032], [121.66273549300001, 25.03018569900007], [121.66291810900009, 25.030203311000037], [121.66299241900003, 25.03020921700005], [121.66315125200003, 25.03017506900005], [121.66327735800007, 25.03013051100004], [121.66334801200003, 25.03009387700007], [121.66344023500005, 25.030005569000025], [121.66350585500004, 25.029966628000068], [121.66358659800005, 25.029926570000043], [121.66368746, 25.029899199000056], [121.66379827900005, 25.029913221000072], [121.66395437900007, 25.029952625000078], [121.66397956300011, 25.02995727900003], [121.6640376470001, 25.029910272000052], [121.66411845500011, 25.029848377000064], [121.66421311600004, 25.029786510000065], [121.66428254400012, 25.02973837600007], [121.66439612500005, 25.029668508000043], [121.66456384900005, 25.02960908400007], [121.66472900500003, 25.029565753000043], [121.66481976900002, 25.02954525900003], [121.665037632, 25.02957215300006], [121.66511439100009, 25.029602187000023], [121.66519365200008, 25.02963913700006], [121.66528669500008, 25.02970140900004], [121.66539229400007, 25.029778621000048], [121.66543876100002, 25.029828140000063], [121.66550417000008, 25.029862757000046], [121.66561118100003, 25.029887122000048], [121.66570556500005, 25.02992179100005], [121.66577229100005, 25.02993687700007], [121.66585541500001, 25.029943952000053], [121.66592477400002, 25.029919952000057], [121.66594253800008, 25.029875166000068], [121.66591760000006, 25.029786615000035], [121.66589020100002, 25.029676218000077], [121.66586271800008, 25.02959570200005], [121.66582772200002, 25.029500227000028], [121.66579528200009, 25.029390971000055], [121.66575766400001, 25.029329973000074], [121.66571382200004, 25.02924369300007], [121.66563367300012, 25.029078010000035], [121.66557095900009, 25.028983632000063], [121.66554214700011, 25.028927246000023], [121.66548952700009, 25.028827144000047], [121.66546069700007, 25.028776510000057], [121.66542941500006, 25.02870289200007], [121.66540313500002, 25.028641908000054], [121.6653592880001, 25.028557927000065], [121.665227307, 25.02845534900007], [121.66509782500009, 25.028360835000058], [121.6650211330001, 25.02830779900006], [121.66494706200001, 25.02821915000004], [121.66490947700004, 25.02814780700004], [121.66488711200009, 25.02804087100003], [121.66486850100011, 25.027941990000045], [121.66483364400005, 25.027798241000028], [121.6648365530001, 25.02766262800003], [121.66484304200003, 25.027597136000054], [121.66483831100004, 25.027491378000036], [121.66485748900004, 25.02739371000007], [121.66487417400003, 25.02728686000006], [121.664907244, 25.027177736000056], [121.66495933300007, 25.027026122000052], [121.66500513800008, 25.026868757000045], [121.66503944300007, 25.02676768200007], [121.6650966200001, 25.026598845000024], [121.66515371900005, 25.02645760100006], [121.66523734100008, 25.02629225800007], [121.66530955600001, 25.026149888000077], [121.66537669000002, 25.02602243800004], [121.66537564400005, 25.02594889100004], [121.66535706000002, 25.025840801000072], [121.66529568400006, 25.025719994000042], [121.66520296100009, 25.025547397000025], [121.665154142, 25.025439263000067], [121.66508782300002, 25.02528395300004], [121.66503426100007, 25.025074662000065], [121.6649970630001, 25.02486885600007], [121.66496586300002, 25.02476764900007], [121.66493836000006, 25.024694030000035], [121.66488820200004, 25.02461463700007], [121.66476876100012, 25.024533920000067], [121.66466440900001, 25.02446244300006], [121.66452474200003, 25.024406987000077], [121.66445561100011, 25.024352820000047], [121.66439666000008, 25.024265351000054], [121.66435533200001, 25.024181359000067], [121.66433033900012, 25.024111197000025], [121.66429676500002, 25.023959416000025], [121.66423186200007, 25.023751250000032], [121.66420459100004, 25.023599475000026], [121.66415227800007, 25.023393639000062], [121.66408945700005, 25.023247771000058], [121.66405467200002, 25.023174262000055], [121.66387413700011, 25.02309880100006], [121.66363263000005, 25.02299785400004], [121.6634688260001, 25.022946386000058], [121.66324076, 25.022870874000034], [121.6629698480001, 25.022781633000022], [121.66284007800004, 25.02274962100006], [121.66257812800006, 25.02277626500006], [121.66229228500004, 25.022832764000043], [121.66205305300002, 25.022892658000046], [121.66178358500008, 25.02294568800005], [121.66154056800008, 25.022998699000027], [121.66135230600003, 25.023061407000057], [121.66123846000005, 25.023127138000063], [121.66114250600003, 25.02318871500006], [121.6609683690001, 25.023285289000057], [121.6608078480001, 25.02337050700004], [121.66069818100004, 25.023395570000048], [121.660654668, 25.023397080000052], [121.66057345900003, 25.023399899000026], [121.66047520300003, 25.02340084100007], [121.66037440600007, 25.023408665000034], [121.660289981, 25.02341769000003], [121.6601690330001, 25.02342432100005], [121.65998003400011, 25.023440013000027], [121.6598654170001, 25.023435176000078], [121.65975961400011, 25.02343264900003], [121.65967394600011, 25.023435918000075], [121.65962431000003, 25.02343581100007], [121.65957317000004, 25.02343569900006], [121.65947115400002, 25.023429752000027], [121.65936912600012, 25.023428370000033], [121.65918772900011, 25.02342912900008], [121.65907566400006, 25.023412808000046], [121.658968619, 25.023404526000036], [121.65885642800004, 25.023430735000034], [121.6587896200001, 25.02344667600005], [121.65872409000008, 25.023455725000076], [121.65864087400007, 25.023481976000028], [121.65857913800005, 25.02348530300003], [121.65849732700008, 25.023462137000024], [121.65841923100004, 25.023461979000047], [121.65839022000011, 25.023473410000065], [121.65833591000012, 25.023522709000076], [121.6582576940001, 25.02356277000007], [121.65823561600007, 25.023573124000052], [121.65811060300007, 25.023412934000078], [121.65798782900004, 25.023366578000036], [121.65786372000002, 25.023309889000075], [121.65773832800005, 25.023249776000057], [121.657637238, 25.023234272000025], [121.6575011320001, 25.023263772000064], [121.65737429900003, 25.023354045000076], [121.65725992400007, 25.02342128600003], [121.65709655500007, 25.02352095400005], [121.65695423600005, 25.02356425000005], [121.6567877220001, 25.023577842000066], [121.65674602000001, 25.023571192000077], [121.65662367400012, 25.02358337900006], [121.65651804000004, 25.023637932000042], [121.65638082800001, 25.023689239000078], [121.65627391400005, 25.02374151400005], [121.6561984440001, 25.02377753500008], [121.6561066920001, 25.023832017000075], [121.6560448460001, 25.023832371000026], [121.65594623900006, 25.02381113900003], [121.65588664400002, 25.023773594000033], [121.65583839900012, 25.023734834000038], [121.65577495000002, 25.023688140000047], [121.65569148300006, 25.023665658000027], [121.65562962000001, 25.023663730000067], [121.65557918200011, 25.023670905000074], [121.65550365600006, 25.023700036000037], [121.65529384500007, 25.023835559000077], [121.65516940100008, 25.023907438000037], [121.65504365000004, 25.023972452000066], [121.65489270700004, 25.024045639000065], [121.65473688500003, 25.024141825000072], [121.65458457700004, 25.024200095000026], [121.65446622800005, 25.02424209900005], [121.6543265580001, 25.024302616000057], [121.6541929220001, 25.024325177000037], [121.65408710600002, 25.02435448700004], [121.65393724800003, 25.024402416000044], [121.65381746300011, 25.02442032400006], [121.65370742900006, 25.024389959000075], [121.65359481500002, 25.02435158000003], [121.6534100230001, 25.024281468000027], [121.6533277420001, 25.024248644000068], [121.6532682940001, 25.024231771000075], [121.65317469700005, 25.024204755000028], [121.65312418400003, 25.024201601000073], [121.653044625, 25.024196318000065], [121.65291947100002, 25.024169476000054], [121.65274758400005, 25.02413832600007], [121.65267938400007, 25.024132992000034], [121.65261115300007, 25.024123045000067], [121.65253656000004, 25.02410624600003], [121.65246081500004, 25.024104394000062], [121.652303834, 25.024039857000048], [121.65220769400003, 25.024010558000043], [121.65211026200006, 25.023976679000043], [121.65200159100004, 25.023960076000037], [121.65187136700001, 25.02392982600003], [121.65174375200002, 25.023912194000047], [121.6516629030001, 25.023902320000047], [121.65150001100005, 25.023892923000062], [121.65134106800008, 25.023906459000045], [121.65119583100011, 25.02389465500005], [121.65108611300002, 25.023907918000077], [121.65099652300012, 25.023911868000027], [121.65082627200002, 25.023932358000025], [121.65064594600005, 25.023956351000038], [121.6505098560001, 25.023988126000063], [121.65037365100011, 25.024003820000075], [121.65029543900005, 25.024010002000068], [121.65018438200002, 25.02401294200007], [121.65005425100003, 25.023995313000057], [121.64996322700006, 25.023975173000053], [121.64991268800009, 25.023968577000062], [121.6498480140001, 25.023926464000056], [121.64978831600001, 25.023873993000052], [121.64972615800002, 25.023830733000068], [121.64961950800011, 25.023744097000076], [121.64952050200009, 25.023666610000078], [121.64946332700003, 25.023614117000022], [121.64941633300009, 25.023573056000032], [121.64938208800004, 25.02355029200004], [121.64933102700002, 25.023470219000046], [121.64927245600006, 25.023399391000055], [121.64919341500001, 25.02328963100007], [121.6491669610001, 25.02326507400005], [121.64913957400006, 25.02323626900005], [121.6490676310001, 25.023179912000046], [121.64897900300002, 25.023103255000024], [121.6488929620001, 25.023040363000064], [121.64878915200006, 25.022953406000056], [121.64870060200008, 25.02289283600004], [121.64858055800005, 25.022835843000053], [121.64842400500004, 25.02278818900004], [121.64827378100006, 25.022745113000042], [121.64816892200008, 25.02269956500004], [121.6481284030001, 25.022664081000073], [121.64798153900006, 25.022539358000074], [121.64794106900001, 25.022513084000025], [121.6478500390001, 25.022460568000042], [121.64770072300007, 25.022348504000036], [121.64760072500007, 25.02226728000005], [121.647407143, 25.02212665600007], [121.64730086000009, 25.02204891100007], [121.64722871700008, 25.02199171600006], [121.64705159900006, 25.021865969000032], [121.64694551100001, 25.021826157000078], [121.64685200400004, 25.021781705000024], [121.64669544900005, 25.021732902000053], [121.64654785200003, 25.021710514000063], [121.64642933400012, 25.02170525200006], [121.64634238300005, 25.021710217000077], [121.646246614, 25.02171634700005], [121.646119526, 25.021760560000075], [121.64606429900005, 25.02180677000007], [121.64599414700001, 25.021892146000027], [121.64595039800008, 25.021964750000052], [121.64591671200003, 25.022032722000063], [121.64586040900008, 25.022115734000067], [121.64582428800009, 25.022200964000035], [121.6457820280001, 25.02231841100007], [121.64574349100008, 25.02242321400007], [121.64568983900006, 25.022531494000077], [121.64564365100011, 25.022620222000057], [121.64560749400005, 25.022698562000073], [121.64555251200011, 25.022793052000054], [121.64550127900009, 25.02288064700008], [121.64542740000002, 25.022977523000066], [121.64538241900004, 25.02305589200006], [121.64530594000007, 25.02313668000005], [121.64518316800002, 25.023234210000055], [121.6451441700001, 25.02327708200005], [121.64509806800004, 25.023361143000045], [121.64500673000009, 25.02347416300006], [121.64492653500008, 25.023556134000046], [121.64486495000006, 25.02359321600005], [121.64478585900008, 25.023653352000053], [121.64472306200003, 25.023697329000072], [121.64465273300004, 25.02374709000003], [121.64449402900004, 25.02379391900007], [121.64436699700002, 25.023857775000067], [121.64427754000008, 25.02388009200007], [121.64422334200003, 25.023890726000047], [121.64411366600007, 25.023909719000073], [121.64396373800002, 25.023948447000066], [121.64384801900007, 25.024005357000078], [121.64380148200007, 25.02402856200007], [121.64373490700007, 25.024073728000076], [121.64368962300011, 25.024095799000065], [121.6436116860001, 25.024141005000047], [121.64352626100003, 25.024197738000055], [121.6434080900001, 25.024264991000052], [121.64325716200005, 25.024340468000048], [121.64322460300002, 25.02437738200007], [121.64315061000002, 25.02444438200007], [121.64309156800005, 25.024483746000044], [121.64304265400006, 25.024527653000064], [121.642981028, 25.024559012000054], [121.64288377300011, 25.024550361000024], [121.642786225, 25.024500397000054], [121.64268370600007, 25.02446081000005], [121.64255456600006, 25.024405279000064], [121.64243934500007, 25.024354281000058], [121.64239756600011, 25.024337299000024], [121.6422534620001, 25.02430711900007], [121.64212956900008, 25.02427911600006], [121.64198410900008, 25.02423631100004], [121.64191583200011, 25.024219481000046], [121.64185366000004, 25.024173913000027], [121.64172921300008, 25.024067857000034], [121.64164033300005, 25.023993743000062], [121.64154779600005, 25.023938014000066], [121.64144764600007, 25.02387658600003], [121.64137797500007, 25.02384139800006], [121.64120308100007, 25.023741365000035], [121.64108760800002, 25.02365476800003], [121.64103055800001, 25.023619508000024], [121.64092029500011, 25.02355583900004], [121.64080621300002, 25.023487602000046], [121.64074306300006, 25.023482213000023], [121.64055002300006, 25.023492488000045], [121.64051588000007, 25.02349794500003], [121.64038612000002, 25.023518670000044], [121.64025625900001, 25.023538920000078], [121.64021914000011, 25.02354391500006], [121.64011376500002, 25.023558096000045], [121.639991387, 25.023565673000064], [121.6397920920001, 25.023584018000065], [121.63965709700005, 25.023592806000067], [121.6394868540001, 25.02361442800003], [121.63924979800004, 25.023647912000058], [121.63912740900003, 25.023654342000043], [121.63900631700005, 25.02366535400006], [121.63885880100008, 25.023687989000052], [121.63867211500008, 25.023705113000062], [121.63853459800009, 25.023713929000053], [121.63837068900011, 25.023738954000066], [121.63821192400007, 25.02377774100006], [121.63805487000002, 25.02387963700005], [121.63802474900001, 25.02390391800003], [121.63798207800005, 25.02393859500006], [121.63792805100002, 25.02397333300007], [121.63787396400005, 25.024000043000058], [121.63779338900008, 25.024029189000032], [121.63766995100002, 25.024065478000068], [121.63756272300009, 25.024074116000065], [121.63750842900004, 25.02407097400004], [121.63745009400009, 25.02403227600007], [121.63738919200011, 25.023987849000036], [121.6372774570001, 25.02389432900003], [121.63715322400003, 25.02381812300007], [121.63706209000009, 25.02378189700005], [121.63697217600009, 25.02373993200007], [121.6369167260001, 25.023751725000068], [121.63679164300004, 25.023734051000076], [121.63666268600002, 25.02370379100006], [121.63651723800001, 25.023662127000023], [121.63638054400008, 25.023608941000077], [121.63627424700007, 25.023570504000077], [121.63617169800011, 25.02352632700007], [121.63609692400007, 25.023483114000044], [121.63595872600001, 25.023395484000048], [121.63589018200003, 25.023340778000033], [121.635833079, 25.023297472000024], [121.63574560100005, 25.023242856000024], [121.63568731600003, 25.023211056000036], [121.6356181970001, 25.023253908000072], [121.6356189820001, 25.023365257000023], [121.63561205600001, 25.023457138000026], [121.635621538, 25.023548920000053], [121.6356398910001, 25.023645242000043], [121.6356657880001, 25.02373808300007], [121.63568549600006, 25.023848177000048], [121.63568585200005, 25.02389868700004], [121.63566096700004, 25.02394934000006], [121.63562227600005, 25.024011546000054], [121.63553654800012, 25.024025797000036], [121.63534883600005, 25.024076210000032], [121.6352379010001, 25.02409635500004], [121.635053706, 25.02410885200004], [121.63493542100002, 25.024160039000037], [121.6347856220001, 25.02421712200004], [121.63467476900007, 25.024248733000036], [121.63455021400011, 25.024305687000037], [121.63448251700004, 25.024371503000054], [121.63439092800002, 25.02445007600005], [121.6342893320001, 25.02454133200007], [121.63419527700012, 25.024627948000045], [121.63405598600002, 25.024743543000056], [121.6339341690001, 25.024831462000066], [121.63382232900005, 25.024902113000053], [121.6337518580001, 25.024932358000058], [121.63368754600003, 25.02494075900006], [121.63356505100012, 25.02493226200005], [121.63350067800002, 25.024932626000066], [121.63339130000008, 25.02499407700003], [121.6333286040001, 25.025052971000036], [121.63323194000009, 25.02509709700007], [121.63312223800006, 25.025213663000045], [121.63306634300011, 25.025293715000032], [121.63298620900002, 25.025342574000035], [121.63285719900011, 25.02541708800004], [121.63271705800003, 25.025512353000067], [121.63259289700011, 25.02556732000005], [121.63244862800002, 25.025627039000028], [121.63236053500009, 25.025634672000024], [121.63220905500009, 25.025600376000057], [121.63197645600007, 25.02551397600007], [121.63173699200001, 25.025369135000062], [121.631501393, 25.025233436000065], [121.63136553700008, 25.02512213800003], [121.63121959500006, 25.02500978000006], [121.63112541500004, 25.024909609000076], [121.63104024000006, 25.02482886200005], [121.63093848000005, 25.024726448000024], [121.63086440300003, 25.024621522000075], [121.63081196200005, 25.02453935400007], [121.6307285360001, 25.024379427000042], [121.63065272400002, 25.024225181000077], [121.63060215400003, 25.024076442000023], [121.63053116800006, 25.023900345000072], [121.6305144160001, 25.023861488000023], [121.63049987000011, 25.02379045300006], [121.63047668600007, 25.023737891000053], [121.63044068500005, 25.02366246200006], [121.63037872400002, 25.02350809400008], [121.63031395900009, 25.023323909000055], [121.63029491100008, 25.023273419000077], [121.630272751, 25.02322455600006], [121.63026179400003, 25.023150792000024], [121.63027015700004, 25.02310671400005], [121.63027712400003, 25.02306923900005], [121.63028565500008, 25.023021432000064], [121.63029502800009, 25.022965858000077], [121.63030421400003, 25.02282336600007], [121.63031190400011, 25.022772820000057], [121.6303146780001, 25.022672843000066], [121.63031986400006, 25.02261539500006], [121.63032004000002, 25.02254758400005], [121.63031521000005, 25.02246483500005], [121.6303015520001, 25.02238549300006], [121.63029544800008, 25.022308474000056], [121.6302716990001, 25.022233705000076], [121.63023531500005, 25.022171540000045], [121.63016884800004, 25.022049520000053], [121.6301324740001, 25.02198392200006], [121.63009480500011, 25.021932098000036], [121.63005840100004, 25.02187797700003], [121.62998430300001, 25.021782377000022], [121.62990775800006, 25.02165918000003], [121.62986511000008, 25.021583209000028], [121.62981367700002, 25.02149342900003], [121.62975465400007, 25.021415108000042], [121.62973460600006, 25.02137252700004], [121.62965044900011, 25.021268861000067], [121.62956006800005, 25.021136434000027], [121.62949725100009, 25.021062706000066], [121.62943187600001, 25.021006206000038], [121.62939796700005, 25.020962446000055], [121.6293578320001, 25.02088877700004], [121.6292324530001, 25.020645912000077], [121.62917231300003, 25.02051242700003], [121.62911227300003, 25.020339875000047], [121.6290597200001, 25.020197212000028], [121.62903351700004, 25.02009713900003], [121.62899345700009, 25.019995906000077], [121.62893566600007, 25.019929081000043], [121.62886777200004, 25.019872572000054], [121.62880612900005, 25.01983447400005], [121.62871552400009, 25.019789391000074], [121.6286601590001, 25.019759365000027], [121.62859349200005, 25.01971435300004], [121.62852427900009, 25.01968082600007], [121.62842107800009, 25.019633406000025], [121.628340535, 25.019595258000038], [121.62824865100004, 25.019558217000053], [121.62821346400005, 25.019551595000053], [121.62816804800002, 25.019543046000024], [121.62806227100009, 25.019517476000033], [121.62805973600007, 25.01951730600007], [121.62788338000007, 25.019505475000074], [121.62772081300011, 25.01951536000007], [121.62750019300006, 25.01955955300008], [121.62734517500007, 25.019574055000078], [121.62723425600007, 25.019588679000037], [121.62713219200009, 25.01958954400004], [121.62703268000007, 25.019577757000036], [121.62692945800006, 25.019539552000026], [121.62686154900007, 25.019487638000044], [121.62679744500008, 25.019427691000033], [121.62673341300001, 25.019339009000078], [121.62668450700005, 25.019248078000032], [121.62666696000008, 25.01921240200005], [121.62658410300003, 25.01909379700004], [121.62651133700001, 25.018972912000038], [121.62646230300004, 25.018931391000024], [121.62640578800006, 25.018859992000046], [121.62637438100012, 25.018824266000024], [121.6263115370001, 25.01876317700004], [121.626276372, 25.018718257000046], [121.6262147860001, 25.018658317000074], [121.62617456200007, 25.018621436000046], [121.62607134000007, 25.018583212000067], [121.62592284300001, 25.018513824000024], [121.62581081100006, 25.018469823000032], [121.62569506200009, 25.01840400100008], [121.62562333100004, 25.018369320000033], [121.62551638200011, 25.018310390000067], [121.62541946500005, 25.018271049000077], [121.62530989600009, 25.01825119700004], [121.62513609200005, 25.018220817000042], [121.62503155000002, 25.01820673000003], [121.62494341800004, 25.018181191000053], [121.62480238600006, 25.018146314000035], [121.62463246400011, 25.018076880000024], [121.62454312600005, 25.01803064300003], [121.62435936500003, 25.017954270000075], [121.62424357200007, 25.017904525000063], [121.624000711, 25.017782005000072], [121.62388497000006, 25.01771386100006], [121.62375798100004, 25.017608919000054], [121.6236901100001, 25.01754436500005], [121.62360215400008, 25.01745102500007], [121.62355687200011, 25.017421015000025], [121.62348273300006, 25.017343794000055], [121.62339967600008, 25.01730449200005], [121.62328385800004, 25.01726622800004], [121.62318938700002, 25.017255611000053], [121.6230142280001, 25.01726201300005], [121.62288693200003, 25.01727542900005], [121.62271549500008, 25.017305977000035], [121.62257424200004, 25.01735614200004], [121.62249480300011, 25.01737889900005], [121.622435504, 25.01740860600006], [121.62239009900009, 25.01742571500006], [121.62228919400002, 25.017466800000022], [121.62223238800004, 25.017506869000044], [121.62206835200004, 25.017597184000067], [121.62192323400006, 25.017679514000065], [121.62186896800006, 25.017712691000042], [121.62175919100002, 25.01777213200006], [121.62170996100008, 25.01780762800007], [121.62162290100002, 25.017852192000078], [121.62156991100005, 25.017878478000057], [121.62148670500005, 25.017903516000047], [121.62142615900007, 25.017921736000062], [121.62126356200008, 25.017943099000036], [121.62119672900008, 25.01796245500003], [121.62109460200008, 25.01798859300004], [121.62104036300002, 25.018010270000048], [121.62097348300006, 25.018048006000072], [121.6208851130001, 25.018113258000028], [121.62072090200002, 25.018269081000028], [121.62062366400005, 25.018351563000067], [121.62055373600003, 25.018382692000046], [121.62054671300007, 25.018385817000024], [121.62046102300008, 25.018390166000074], [121.6203286440001, 25.01841966300003], [121.62021779300005, 25.018407848000038], [121.62005909800007, 25.01838325800003], [121.61992945500003, 25.01833001800003], [121.61983386300005, 25.018266527000037], [121.61974835100011, 25.018201917000056], [121.61966533100008, 25.018148817000053], [121.61960236400012, 25.018135991000065], [121.61950412500005, 25.018119617000025], [121.61936429200011, 25.018110024000066], [121.61922567600004, 25.018115367000064], [121.61900382300007, 25.018150364000064], [121.6187693380001, 25.01819679600004], [121.61851463700009, 25.018265015000054], [121.61834819, 25.01831280400006], [121.61825238300003, 25.018329761000075], [121.61812766000003, 25.018323656000064], [121.61791977300004, 25.018317315000047], [121.61777607400006, 25.018339878000063], [121.61764114200002, 25.018380855000032], [121.61752389600008, 25.018405808000068], [121.61739778100002, 25.018449115000067], [121.61725267000008, 25.01852799200003], [121.61714026200002, 25.018627646000027], [121.61703784100007, 25.018762968000033], [121.61698092200004, 25.01884554800006], [121.61690501100009, 25.018962542000054], [121.61686824800006, 25.019045190000043], [121.61681515500004, 25.019110556000044], [121.61669260400004, 25.019234316000052], [121.61657511900012, 25.01934890700005], [121.61637430200005, 25.01952645500006], [121.61629973300012, 25.019612430000052], [121.6162088850001, 25.019660448000025], [121.616077732, 25.01970029100005], [121.61595932400007, 25.019688448000068], [121.61587878300008, 25.019672532000072], [121.61586487000011, 25.01966978300004], [121.615861719, 25.019669055000065], [121.6156734650001, 25.019625560000065], [121.6152603920001, 25.019545054000048], [121.61512563300005, 25.019521671000064], [121.61495060700008, 25.01947864500005], [121.61476173300002, 25.01942981800005], [121.61462199300001, 25.01938343200004], [121.61454390600011, 25.01937057400005], [121.61434988700012, 25.019361960000026], [121.61417987700008, 25.019328150000035], [121.614004797, 25.01930348600007], [121.613872549, 25.019282410000073], [121.61376429900008, 25.019241871000077], [121.61363590200006, 25.01919552700008], [121.61350245800008, 25.019151461000035], [121.61337397300008, 25.01913845000007], [121.61329579400001, 25.01915890500004], [121.61312673700002, 25.01923885000008], [121.61304092700004, 25.019286873000055], [121.61297020300003, 25.019347580000044], [121.612898201, 25.019414033000032], [121.6128412920001, 25.019490861000065], [121.61278056900005, 25.019581473000073], [121.61272001400005, 25.01960888700006], [121.61258264800006, 25.019616520000056], [121.61242394700002, 25.019594219000055], [121.61231188800002, 25.019564003000028], [121.61225403200001, 25.019523616000072], [121.61215961100004, 25.01949460900005], [121.61209154800008, 25.019502446000047], [121.61188473600009, 25.019563920000053], [121.61170808500003, 25.01965533400005], [121.61151244500002, 25.019778873000064], [121.611381219, 25.019847439000046], [121.61127025200005, 25.01987814900008], [121.61115301900008, 25.01989734500006], [121.61104592800007, 25.019892422000055], [121.6108846950001, 25.019873567000047], [121.61072213800003, 25.019878832000074], [121.61057856700006, 25.01985197500005], [121.61043241400012, 25.01984808900005], [121.61035172600009, 25.019865105000065], [121.61020794500007, 25.019915241000035], [121.61008168, 25.02001141100004], [121.60993146100009, 25.020113249000076], [121.60979638000003, 25.020207089000053], [121.60972679600002, 25.020311468000045], [121.60967864300005, 25.020411333000027], [121.60961651500008, 25.020553653000036], [121.60955320200003, 25.020668386000068], [121.60944948000008, 25.020815193000033], [121.60942165200004, 25.02085418000007], [121.6093610040001, 25.020914916000038], [121.609309273, 25.02094004500003], [121.60925759600002, 25.020946786000025], [121.60921102400005, 25.02092826100005], [121.60914438500004, 25.020875206000028], [121.60910418900005, 25.02082911100007], [121.60897220600009, 25.02071033800007], [121.60887664100005, 25.020638805000033], [121.60880373400005, 25.020574227000054], [121.60873714900004, 25.020501627000044], [121.60866815800011, 25.02038764200006], [121.60863557500011, 25.02032203400006], [121.6085567, 25.020135614000026], [121.60850041600008, 25.019982593000066], [121.60844406500007, 25.019854861000056], [121.60837382400007, 25.01973627800004], [121.60835000600002, 25.019697294000025], [121.60821033700006, 25.019437887000038], [121.6081636030001, 25.019430206000038], [121.6079957710001, 25.01941420000003], [121.60778765700002, 25.019406502000038], [121.60754794800005, 25.019389859000057], [121.60722878600006, 25.019371483000043], [121.60690711400002, 25.01935428200005], [121.6064870130001, 25.019327460000056], [121.6062737640001, 25.019308323000075], [121.60603782900012, 25.01929050900003], [121.60579188100007, 25.019281942000077], [121.60550300000011, 25.01926564200005], [121.60527954600002, 25.019231657000034], [121.60508607800011, 25.019163029000026], [121.60491565300003, 25.01913784900006], [121.60474405000002, 25.019123012000023], [121.60455603600008, 25.01910599100006], [121.60433153100007, 25.019098417000066], [121.60416512600011, 25.019103049000023], [121.6041259110001, 25.019087255000045], [121.60407365100002, 25.019016471000043], [121.60401622000006, 25.01892964900003], [121.60391539900002, 25.01877771200003], [121.6038463000001, 25.018650797000078], [121.60377221400006, 25.018530809000026], [121.60369787000002, 25.018378674000076], [121.60361056200009, 25.018181894000065], [121.6035732260001, 25.018084587000033], [121.60354221700004, 25.017990688000054], [121.6035237430001, 25.017887517000077], [121.60352311500003, 25.017808328000058], [121.60347387200011, 25.017641095000045], [121.60342313700005, 25.01744517700007], [121.60333726600004, 25.01727018400004], [121.60322613400001, 25.01708962400005], [121.60314448600002, 25.01696968500005], [121.6030599820001, 25.016808445000038], [121.60299919400006, 25.016616059000057], [121.6029864510001, 25.01644053700005], [121.60297663900008, 25.016316639000024], [121.6030006520001, 25.016164954000033], [121.60302101200011, 25.016029369000023], [121.60299854800007, 25.015899829000034], [121.60296058600011, 25.01572447700005], [121.60290351800006, 25.015524018000065], [121.6028257590001, 25.015417828000068], [121.60278575200005, 25.015302189000067], [121.60270884700003, 25.015144338000027], [121.60262513200007, 25.015081809000037], [121.602484591, 25.015008205000072], [121.60230279400002, 25.01497964600003], [121.60211734600011, 25.01496720600005], [121.60189212600005, 25.01502735300005], [121.60172493000005, 25.015090521000047], [121.60155630600002, 25.01513305800006], [121.60148572800006, 25.015137], [121.60139118600011, 25.015139973000032], [121.60127493700008, 25.01510865700004], [121.60110649500007, 25.01501459800005], [121.60086833100002, 25.014873967000028], [121.60076068, 25.014813897000067], [121.6006153510001, 25.014772467000057], [121.60044387900007, 25.014773693000052], [121.60032676800006, 25.014792889000034], [121.6001707910001, 25.01483990500003], [121.60002362500006, 25.014884565000045], [121.59993687300005, 25.01491618800003], [121.599748513, 25.014854394000054], [121.59950739600004, 25.014818226000045], [121.59929535200001, 25.014791048000063], [121.59911237200004, 25.014771692000068], [121.59889415100008, 25.014760618000025], [121.59867740100003, 25.014775944000064], [121.59848073100011, 25.014779626000063], [121.59826141500002, 25.014789222000047], [121.59807371700003, 25.014811219000023], [121.59789972500005, 25.014812452000058], [121.59776734800005, 25.01481454000003], [121.59763490000012, 25.014807441000073], [121.59752624400005, 25.014779531000045], [121.59741205500006, 25.014689666000038], [121.59732288000009, 25.014574367000023], [121.597268675, 25.014416350000033], [121.59726073700006, 25.01438264500007], [121.59721148500012, 25.014453450000076], [121.59711015300002, 25.014599127000054], [121.59696550800004, 25.01468146600007], [121.5966831610001, 25.014806469000064], [121.5966607680001, 25.01481638300004], [121.59660711300012, 25.014840138000068], [121.59635871300009, 25.014891456000043], [121.59616556500009, 25.014942537000024], [121.59602767100012, 25.014993403000062], [121.59588450400008, 25.01509496400007], [121.59580907700001, 25.015208467000036], [121.59565107200001, 25.015385193000043], [121.5955706530001, 25.015425771000025], [121.59543747900011, 25.015492968000046], [121.59527180400005, 25.01551249000005], [121.59508522700003, 25.015494389000025], [121.59478780500001, 25.015407528000026], [121.59453879300008, 25.015333070000054], [121.59434521800006, 25.015296117000048], [121.59420677700007, 25.015233780000074], [121.59408890400005, 25.015139917000056], [121.59394967100002, 25.01491408000004], [121.5936791800001, 25.01468247300005], [121.59348520800006, 25.01456375400005], [121.59318803500003, 25.014527220000048], [121.59299624500011, 25.01452426800006], [121.59292348300005, 25.01452314900007], [121.592863383, 25.014522224000075], [121.5925872900001, 25.01456107000007], [121.59244936800008, 25.01460564200005], [121.5923668480001, 25.014681436000046], [121.59223598200003, 25.01475742200006], [121.59171616100002, 25.01486916600004], [121.5915425820001, 25.014681188000054], [121.59148687200002, 25.014587087000052], [121.5914380700001, 25.014492948000054], [121.59137521000002, 25.014348550000022], [121.59129196700007, 25.014273417000027], [121.59121845900006, 25.014262890000055], [121.59101277500008, 25.01423343600004], [121.59087822200001, 25.014214168000024], [121.59082197000009, 25.014206112000068], [121.59072527400008, 25.01420649800008], [121.59055929700003, 25.014163135000047], [121.59035160700012, 25.014063345000068], [121.5903428580001, 25.014058805000047], [121.59027113200011, 25.014021583000044], [121.59012310800006, 25.013944768000044], [121.58988094800009, 25.01385767800008], [121.58967414100005, 25.013831623000044], [121.58963905700011, 25.013827203000062], [121.58943864000003, 25.013802845000043], [121.58911401900002, 25.013804134000054], [121.58888997100007, 25.01376306000003], [121.58887897700004, 25.013761044000034], [121.58867831600003, 25.01368637400003], [121.5882768780001, 25.013511882000046], [121.58792463400005, 25.01341190900007], [121.58784859700006, 25.013399624000044], [121.58780298500005, 25.01339655000004], [121.58749623000006, 25.013375876000055], [121.58746953200011, 25.013376467000057], [121.58715092300008, 25.013383522000026], [121.58704330400008, 25.013386311000033], [121.58657771700007, 25.01339838000007], [121.58646216700004, 25.013402076000034], [121.58612883800004, 25.013412739000046], [121.58608274300002, 25.01340539200004], [121.58558968700004, 25.013326814000038], [121.585416656, 25.013252040000054], [121.585105311, 25.013140071000066], [121.58503402200006, 25.01312828400006], [121.58498439200002, 25.013120079000032], [121.58480808000002, 25.013090928000054], [121.5846514970001, 25.013077749000047], [121.58459388100005, 25.013072900000054], [121.58429004200002, 25.01308668200005], [121.58397833800007, 25.013100248000057], [121.58397238900011, 25.013100507000047], [121.5838410130001, 25.013106348000065], [121.58366164200004, 25.013114322000035], [121.58356482800002, 25.013089543000035], [121.583498125, 25.013050616000044], [121.58344708600009, 25.013020831000063], [121.583231909, 25.012891744000058], [121.5831713990001, 25.012859924000054], [121.5830799360001, 25.012811413000065], [121.58296148300008, 25.012728812000034], [121.58284853300006, 25.012675509000076], [121.58263873300007, 25.012568826000063], [121.5825312400001, 25.012535052000032], [121.5823163770001, 25.01249190900006], [121.58208023400005, 25.012487958000065], [121.5817742800001, 25.01247449500005], [121.58148451700004, 25.01248053100005], [121.58130205900011, 25.01248124500006], [121.58113256100012, 25.01248190700005], [121.5811088700001, 25.012482], [121.58102296200002, 25.01247255800007], [121.58090464500003, 25.01241926800003], [121.58082384900001, 25.012356065000063], [121.58078064200004, 25.012297595000064], [121.58072137900001, 25.012248966000072], [121.58065990600005, 25.01223200800007], [121.58065152300003, 25.012229696000077], [121.58055490400011, 25.01222518700007], [121.58045292000008, 25.012220701000047], [121.58041407000007, 25.01223994700007], [121.58038331800003, 25.012255182000047], [121.58027856000001, 25.01232266900007], [121.58025725700008, 25.01235695200006], [121.58015020500011, 25.012416006000024], [121.5799733240001, 25.012460670000053], [121.57985551600007, 25.01251489200007], [121.57959876000007, 25.01269181300006], [121.57950258100004, 25.012780141000064], [121.57925695200004, 25.013040087000036], [121.57912327400004, 25.013143222000053], [121.57879686700005, 25.013344842000038], [121.57863645300006, 25.01346763500004], [121.57831554900008, 25.013698547000047], [121.5780426440001, 25.013865744000043], [121.57805630200005, 25.013956242000063], [121.57808183200007, 25.014075494000053], [121.5781073600001, 25.014194736000036], [121.57819592300007, 25.01444445900006], [121.57827794900004, 25.014631689000055], [121.57833479500005, 25.01477355000003], [121.57835878300011, 25.01481945300003], [121.57839915000011, 25.014896691000047], [121.5784355720001, 25.014966386000026], [121.57852975900005, 25.015085379000027], [121.57860514200001, 25.015187381000032], [121.57879333100004, 25.015385554000034], [121.57894382800009, 25.01553272900003], [121.57902515900003, 25.01557219800003], [121.57923194000011, 25.015741886000058], [121.57930100100009, 25.015826869000023], [121.57936990100006, 25.015877746000058], [121.57942023700002, 25.015962801000057], [121.57969943700004, 25.01626648000007], [121.57979365400001, 25.016391140000053], [121.57990667800004, 25.01653277500003], [121.58011373000011, 25.016759302000025], [121.5803080280001, 25.016929037000068], [121.58053970000003, 25.017081571000062], [121.580909173, 25.017335865000064], [121.58107839800005, 25.017482965000056], [121.58145048400002, 25.017808003000027], [121.58146700200007, 25.01782243300005], [121.58147416600002, 25.01782841200003], [121.58170124300011, 25.018017894000025], [121.58189543900005, 25.018164897000077], [121.5820518050001, 25.01823248100004], [121.58227675400008, 25.018282743000043], [121.58254558200008, 25.018372618000058], [121.58273959100006, 25.01847983300007], [121.58305763200008, 25.018620231000057], [121.58305859600011, 25.018620657000042], [121.58317740500001, 25.018665653000028], [121.583232468, 25.018684705000055], [121.583432646, 25.018736498000067], [121.58357790500008, 25.018779938000023], [121.583640306, 25.018830007000076], [121.58375013700004, 25.019039423000038], [121.58375880200003, 25.019055945000048], [121.58385645900012, 25.019256806000044], [121.58388962900005, 25.019333978000077], [121.58395468200001, 25.01948531900007], [121.58397519500011, 25.01953304500006], [121.58404534300007, 25.019759173000068], [121.58410170700006, 25.019991643000026], [121.58416124400003, 25.020220237000046], [121.58417206400009, 25.020261782000034], [121.58426359300006, 25.020626183000047], [121.58434971600002, 25.021014138000055], [121.58440905200007, 25.021235011000044], [121.58443409900008, 25.021328253000036], [121.5844902550001, 25.021516700000063], [121.58460679100006, 25.021737598000072], [121.58462269000006, 25.021767734000036], [121.58472034800002, 25.021968592000064], [121.5848670470001, 25.022313908000058], [121.5849858790001, 25.022609017000036], [121.58500064700002, 25.022676596000053], [121.58503531000008, 25.02283521700008], [121.58503596800006, 25.022973578000062], [121.58502983900007, 25.02313711000005], [121.58501557900001, 25.023166047000075], [121.58499448200007, 25.023208857000043], [121.58497307000005, 25.02333992100006], [121.58497400500005, 25.023536042000046], [121.58500941400007, 25.023675087000072], [121.5850729760001, 25.02388993900007], [121.58515741600002, 25.024111035000033], [121.58522787000004, 25.02431321100005], [121.58540306700002, 25.02462252400005], [121.58547303700004, 25.024723480000034], [121.58554409600004, 25.024802399000066], [121.58556385500003, 25.02482434500007], [121.58557676500004, 25.024836461000064], [121.58573835800007, 25.024988146000055], [121.58586878900007, 25.025112067000066], [121.58587099100009, 25.025114159000054], [121.58596177900006, 25.025208685000052], [121.58601773300006, 25.02528439200006], [121.58615319100011, 25.025529237000057], [121.58624021800006, 25.025667653000028], [121.5862722280001, 25.025718564000044], [121.58631425300007, 25.02578799500003], [121.58636955400004, 25.02587808100003], [121.58649634400001, 25.026084621000052], [121.58658788800005, 25.026337325000043], [121.58664423700009, 25.02649526500005], [121.58667254600005, 25.026602711000066], [121.5866869570001, 25.02671020500003], [121.5866942670001, 25.026786094000045], [121.58675732200004, 25.02689339400007], [121.58683415200005, 25.026975337000067], [121.58694569700003, 25.027050812000027], [121.58712688700007, 25.027157646000035], [121.58725940000011, 25.027258345000064], [121.58747566500006, 25.027434628000037], [121.58763621600008, 25.02758583600007], [121.58785976700005, 25.02783168600007], [121.5879056340001, 25.027889862000052], [121.58791778700004, 25.02790527700006], [121.58802270500007, 25.02804472400004], [121.58817919000012, 25.028252708000025], [121.58818354800007, 25.02825850100004], [121.58827449000012, 25.028384679000055], [121.58834422200005, 25.028435013000035], [121.58870620900007, 25.028566426000054], [121.58885942500001, 25.028635414000064], [121.58905499800005, 25.028843411000025], [121.58907663500008, 25.02886781500007], [121.58919473900005, 25.029001019000077], [121.58928522700012, 25.029032293000057], [121.589361789, 25.029057296000076], [121.58939037800008, 25.029075711000075], [121.5894105860001, 25.029088725000065], [121.58968235800012, 25.029245810000077], [121.58977290700011, 25.029289740000024], [121.58984953000004, 25.02932739000005], [121.59009341800004, 25.02946559800006], [121.5902469350001, 25.029597851000062], [121.5903377300001, 25.029692384000043], [121.59044949300005, 25.029812140000047], [121.5905470240001, 25.02986236000004], [121.59055102000002, 25.029863642000066], [121.59064446500008, 25.029893607000076], [121.5907835700001, 25.029918360000067], [121.59080378500005, 25.029919429000074], [121.59100600400006, 25.029930123000042], [121.59117293300005, 25.029961093000054], [121.59125644400001, 25.02998605700003], [121.59137485400004, 25.030042525000056], [121.59145858000011, 25.030111780000027], [121.59163334300001, 25.030326193000064], [121.59168738400001, 25.030495964000067], [121.59170884000002, 25.03062241600003], [121.59174368000004, 25.03073332500003], [121.59177235700008, 25.03082461500003], [121.59180740800002, 25.030887746000076], [121.59194020600012, 25.031045375000076], [121.59198214600008, 25.031095822000054], [121.59199199600005, 25.031112302000054], [121.59203118500011, 25.03117787000008], [121.59204557100009, 25.03127904200005], [121.59202530400012, 25.031399325000052], [121.59199116900004, 25.031525995000038], [121.59192262200008, 25.031722392000063], [121.59191749100012, 25.031729992000066], [121.59179841700006, 25.031906365000054], [121.59170933900009, 25.032017678000045], [121.59162572500009, 25.032122162000064], [121.59158803900004, 25.032174119000047], [121.59150145800004, 25.032293485000025], [121.59145994500011, 25.032331605000024], [121.59130785600007, 25.032496709000043], [121.59109328000011, 25.032674712000073], [121.5909202790001, 25.03282725200006], [121.59073153000008, 25.033030335000035], [121.59067830100003, 25.033087606000038], [121.5906401520001, 25.033126148000065], [121.59047082600011, 25.033297214000072], [121.5902933000001, 25.033448372000066], [121.5901689100001, 25.03359437100005], [121.59003077200009, 25.033772077000037], [121.5899478990001, 25.033879957000067], [121.58983740700012, 25.034025908000046], [121.58979604500007, 25.034095671000046], [121.58967192800003, 25.034298625000076], [121.58960343700005, 25.03450767000004], [121.58955591600011, 25.034741946000054], [121.58952192700008, 25.034900253000046], [121.58950491700011, 25.035000403000026], [121.58947461600008, 25.035178809000058], [121.58946155400008, 25.035234693000064], [121.58944057100007, 25.035324459000037], [121.58941350000009, 25.035476406000043], [121.58937250100007, 25.03562209100005], [121.58937313800004, 25.03575494300003], [121.58937365600002, 25.03586249500006], [121.5893954070001, 25.03598773600004], [121.58943762100012, 25.036095126000077], [121.58948007700008, 25.036253119000037], [121.58950851300006, 25.03638586200003], [121.58950201900007, 25.03648079100003], [121.58948857400003, 25.03657574700003], [121.58946824300006, 25.036683381000046], [121.58940020400007, 25.03698733500005], [121.58936606300006, 25.037113995000027], [121.58929732700005, 25.03727243900005], [121.58913873100005, 25.03753247000003], [121.58909051100011, 25.037621228000035], [121.58897992200002, 25.037748212000054], [121.58880026600002, 25.037964034000026], [121.5886825770001, 25.03805940500007], [121.58860649600001, 25.038135621000038], [121.58855117200005, 25.03819278000003], [121.58846781300008, 25.03830513400004], [121.58841990000008, 25.038321237000048], [121.58830055800001, 25.038346115000024], [121.58823488400003, 25.038377449000052], [121.5881836750001, 25.03837543000003], [121.58805673400002, 25.03842674200007], [121.58799895800007, 25.03849375200008], [121.58793147800009, 25.038572027000043], [121.58786076100012, 25.038654059000066], [121.58781718400007, 25.038718576000065], [121.5877765890001, 25.03875278000004], [121.58771752300004, 25.03893389900003], [121.58766895400004, 25.039082819000043], [121.58760995400007, 25.039263719000076], [121.58751615400001, 25.039494946000048], [121.58750784400002, 25.039515427000026], [121.58741657100006, 25.039740421000033], [121.58741244300006, 25.03973918300005], [121.58740480000006, 25.03973688700006], [121.5871528890001, 25.039661239000054], [121.58704293300002, 25.040024066000058], [121.58711197000002, 25.040072812000062], [121.58685530700006, 25.04079475800006], [121.58699800200009, 25.04094645400005], [121.58691154000007, 25.04115685100004], [121.58678711100004, 25.041415261000054], [121.58674810500008, 25.04149627000004], [121.58673220000003, 25.04152930400005], [121.58667805300001, 25.041532498000038], [121.58660630300005, 25.041536719000078], [121.5865076340001, 25.041542508000077], [121.58650025100007, 25.041542940000056], [121.586408075, 25.04154574300003], [121.58628786800011, 25.04156811200005], [121.5861196410001, 25.041612572000076], [121.58609026400006, 25.04161474800003], [121.58594591300005, 25.04162543500007], [121.58593690100008, 25.041625692000025], [121.58584700100005, 25.041628254000045], [121.5857693260001, 25.041599374000043], [121.58569173500007, 25.041587520000064], [121.58556069200006, 25.041580734000036], [121.58546279000007, 25.04157015100003], [121.5854118630001, 25.04157344200007], [121.58538260600005, 25.041575333000026], [121.5853132090001, 25.041599947000066], [121.58505194700001, 25.041759137000042], [121.58502598700011, 25.041774694000026], [121.58502446900002, 25.041775605000055], [121.58480667100002, 25.041906105000066], [121.58469200600007, 25.04196981800004], [121.5846248690001, 25.04201972100003], [121.58458010700008, 25.042052991000048], [121.58433834700008, 25.04220711000005], [121.58422291900001, 25.042280694000056], [121.58418019200008, 25.042314115000067], [121.58413899100003, 25.042346344000066], [121.58400584000003, 25.042458796000062], [121.58363033900002, 25.042771739000045], [121.58328411800005, 25.04305778300005], [121.58323457800009, 25.043089230000078], [121.5831463180001, 25.043151284000032], [121.5830857950001, 25.043214790000036], [121.58287803100006, 25.043381675000035], [121.58283701800008, 25.04341579800007], [121.58283517600012, 25.043417330000068], [121.58260105500005, 25.043612104000033], [121.58246696700007, 25.04373915700006], [121.58235441600004, 25.043826593000063], [121.58204730500006, 25.04411644100003], [121.581958471, 25.044194625000046], [121.58195543700003, 25.04419729500006], [121.58194877200003, 25.044203160000052], [121.58177762200012, 25.04435379100005], [121.5815655880001, 25.044536507000032], [121.58140615000002, 25.04467216000006], [121.58138816200005, 25.044687465000038], [121.58105501700004, 25.044985331000078], [121.58094695800003, 25.045104373000072], [121.58081516400011, 25.045226181000032], [121.58078289000002, 25.04525601000006], [121.58073406900007, 25.045334887000024], [121.58071359300004, 25.04536796800005], [121.58069436200003, 25.04539903600005], [121.58065130700004, 25.045610804000034], [121.58064681200005, 25.04563292100005], [121.58064489800006, 25.04580019800005], [121.5806510320001, 25.045959925000034], [121.58065568400002, 25.046080991000053], [121.58068721300003, 25.04651440300006], [121.58068021500003, 25.04669810400003], [121.58066904700001, 25.046931070000028], [121.58065171100009, 25.047147104000032], [121.58064046100003, 25.047287311000048], [121.5806410780001, 25.047307886000056], [121.58064291200003, 25.047369050000043], [121.58061702700002, 25.047434722000048], [121.58057172300005, 25.047548155000072], [121.58047394500011, 25.04764392800007], [121.58025239400001, 25.047877284000037], [121.58006338700011, 25.048068783000076], [121.5799851700001, 25.048146579000047], [121.57997982100005, 25.048209648000068], [121.58002143800002, 25.048478901000067], [121.58002235000004, 25.048671855000066], [121.58003907200009, 25.04883164100005], [121.58004208600005, 25.04886044400007], [121.58004269800006, 25.048873951000076], [121.58005260100003, 25.049091962000034], [121.58005767400005, 25.049169122000023], [121.58006802800003, 25.04936632700003], [121.58007026300004, 25.049462031000076], [121.58007180400011, 25.049528160000023], [121.58007393300011, 25.049619302000053], [121.58005748200003, 25.049668719000067], [121.58005535400002, 25.04967511500007], [121.58002278600009, 25.049760998000068], [121.57995921200006, 25.049853813000027], [121.57981150100011, 25.050069463000057], [121.57976006900003, 25.05015114300005], [121.57969923600001, 25.05023714600003], [121.57968069700007, 25.050301533000038], [121.57967167900006, 25.050387327000067], [121.57967204500005, 25.050464516000034], [121.5796759970001, 25.05047777300007], [121.57969119300003, 25.050528765000024], [121.57972938400007, 25.05063581400003], [121.57975791000001, 25.050691443000062], [121.57979123000007, 25.050764204000075], [121.57983874100012, 25.050849775000074], [121.57987210100009, 25.050931122000065], [121.57994355100004, 25.051098067000055], [121.57999128600011, 25.05123080800007], [121.5800010910001, 25.051312241000062], [121.58001113500006, 25.051410265000072], [121.58003076700004, 25.05157741200003], [121.58002250000004, 25.051821869000037], [121.58001795300004, 25.051856196000074], [121.58001368700002, 25.05195053500006], [121.58000471100002, 25.052044914000078], [121.57999577500004, 25.05214785800007], [121.57998631500004, 25.052239447000034], [121.57996874600008, 25.05240953200007], [121.57995524300009, 25.05254251200006], [121.57994616500002, 25.052615442000047], [121.5799287420001, 25.052915674000076], [121.5800244830001, 25.05293461800005], [121.58032172900005, 25.05299257100006], [121.58068401800006, 25.053067170000077], [121.5807866670001, 25.05309194700004], [121.58092278400011, 25.05312480200007], [121.58094713800006, 25.053130681000027], [121.58126935300004, 25.053208459000075], [121.58177092500011, 25.05329940000007], [121.58219833700002, 25.053407521000054], [121.58264427200004, 25.053507127000046], [121.58298804200001, 25.05359024200004], [121.58323548200008, 25.053632316000062], [121.58345333400007, 25.05364654500005], [121.58374365300006, 25.053684232000023], [121.58415373100001, 25.053783578000036], [121.5844872350001, 25.053929836000066], [121.58487197500006, 25.054083654000067], [121.58527367200008, 25.05421410400004], [121.58544456200002, 25.05426003200006], [121.58573514200009, 25.054352090000066], [121.58606000300006, 25.054475070000024], [121.58664164600009, 25.05476015000005], [121.58705229000009, 25.054976002000046], [121.58737799200003, 25.055154885000036], [121.58741442700011, 25.05517489600004], [121.58759988000008, 25.05527674900003], [121.58799349600008, 25.055500430000052], [121.58840286300006, 25.05579768700005], [121.58853999500002, 25.05592141300008], [121.58891699600008, 25.056238370000074], [121.58925975400007, 25.056532163000043], [121.58958525800006, 25.05678718100006], [121.58994945600011, 25.057082233000074], [121.59000504800008, 25.057127269000034], [121.59026252000001, 25.057383383000058], [121.59033946300008, 25.057459920000042], [121.59037521800008, 25.057493971000042], [121.59080241000004, 25.057900808000056], [121.59086387700006, 25.057969875000026], [121.59095356500006, 25.058034086000077], [121.5912832780001, 25.058356875000072], [121.59148415800007, 25.058527152000067], [121.59192417800011, 25.05891260800007], [121.59211885900004, 25.059054810000077], [121.59247145400002, 25.059312358000057], [121.59299969400001, 25.05962168800005], [121.59341848000008, 25.059816804000036], [121.59403238000004, 25.059988125000075], [121.5944983600001, 25.060038606000035], [121.59507934300007, 25.060007161000044], [121.59566944900007, 25.05990722300004], [121.59621157200002, 25.059759020000058], [121.59640037100007, 25.059688927000025], [121.59720499600007, 25.059390203000078], [121.59787124500008, 25.059128463000036], [121.5982519590001, 25.05900949000005], [121.59868621100009, 25.05892620900005], [121.59898168000007, 25.05889472000007], [121.5992691780001, 25.058902414000045], [121.60009604400011, 25.05896426700008], [121.60057411900004, 25.059001153000054], [121.60104358300009, 25.059022536000043], [121.60149820700008, 25.059052501000053], [121.6017094340001, 25.059066423000047], [121.60227284600012, 25.05910295800004], [121.60292166900001, 25.059154673000023], [121.60368996000011, 25.059205896000037], [121.60421935000011, 25.05926587600004], [121.60474878100001, 25.059333603000027], [121.604937919, 25.059366708000027], [121.6049637860001, 25.05937123600006], [121.60531249700011, 25.059432266000044], [121.60567125400007, 25.059500697000033], [121.60633595500008, 25.059661263000066], [121.6067802020001, 25.059760407000056], [121.60679825800003, 25.059764863000055], [121.60702798600005, 25.059821544000044], [121.60727148600006, 25.05985035200007], [121.60747200500009, 25.05987407400005], [121.6078733170001, 25.059919025000056], [121.60805267900002, 25.05994935600006], [121.60815527400007, 25.059987763000038], [121.60823560300003, 25.06002268000003], [121.60840179000002, 25.060102440000037], [121.60856091300002, 25.060174028000063], [121.60859473200003, 25.06018806800006], [121.60862094800007, 25.06019895000003], [121.60907797100003, 25.060388663000026], [121.6094493170001, 25.060567761000073], [121.60963502100003, 25.06066333700005], [121.60992722600008, 25.060890924000034], [121.61012652000011, 25.061058692000074], [121.61049865000007, 25.06139434100004], [121.61067148600011, 25.06156222100003], [121.61082969200004, 25.061752402000025], [121.61099093500002, 25.06194623700003], [121.61124399300002, 25.062282382000035], [121.61135061700008, 25.062438486000076], [121.61150992500006, 25.06254621200003], [121.6117629260001, 25.062870303000068], [121.61186544800012, 25.063042865000057], [121.61190886400004, 25.063115942000024], [121.61206981200007, 25.063386845000025], [121.61223013900008, 25.063699283000062], [121.61235017800004, 25.063891475000048], [121.61256325300008, 25.06416756400006], [121.6126962190001, 25.064299463000054], [121.61293503400009, 25.064430946000073], [121.6133059120001, 25.06451369800004], [121.61384854800008, 25.064547576000052], [121.61425851400008, 25.06450974300003], [121.614261639, 25.06450891700007], [121.61481347600011, 25.064362927000047], [121.61535508700001, 25.064192079000065], [121.61580426300009, 25.064057739000077], [121.61614003800003, 25.063933874000043], [121.61613136500011, 25.06391956400006], [121.61615708000011, 25.063908181000045], [121.61633379000011, 25.06382670100004], [121.61647642500009, 25.06378767800004], [121.6166304190001, 25.063733737000064], [121.61679703300001, 25.063668325000037], [121.61692199400011, 25.063622423000027], [121.61702550100006, 25.063601752000068], [121.61710502400001, 25.063583401000074], [121.61717949700005, 25.063559294000072], [121.61723503300004, 25.06353978900006], [121.61733727300009, 25.06349272400007], [121.61750009500008, 25.063412395000057], [121.61761874400008, 25.06335959300003], [121.61775506200001, 25.06331255300006], [121.61782574600011, 25.06328614100005], [121.61791662600001, 25.06325630300006], [121.6179885790001, 25.063236802000063], [121.61806684100009, 25.063220733000037], [121.61822967300009, 25.063188600000046], [121.618331914, 25.063144986000054], [121.61851745600006, 25.06307038400007], [121.61867649200008, 25.062996929000064], [121.61883426000009, 25.062903970000036], [121.61900086700007, 25.062822476000065], [121.61914600900002, 25.062722636000046], [121.61929619900002, 25.062618187000055], [121.6193933730001, 25.062532099000066], [121.61954103900007, 25.062429954000038], [121.61970510600008, 25.062297969000042], [121.61987800600002, 25.06216253200006], [121.6200496460001, 25.062024799000028], [121.62022127900002, 25.06187331500007], [121.62044969700003, 25.06166211900006], [121.62077529200008, 25.061356815000067], [121.62100369900008, 25.061110058000054], [121.62109582100004, 25.061015936000047], [121.62117279800009, 25.06093674600004], [121.62120433900009, 25.060885099000075], [121.62129268000001, 25.06080589100003], [121.62141886500001, 25.060647508000045], [121.62149708900006, 25.060525846000075], [121.62155640200001, 25.06046387400005], [121.62159173000009, 25.06041336900006], [121.62165482400007, 25.060335328000065], [121.621677524, 25.060264156000073], [121.62175449900008, 25.060178077000046], [121.62185290200011, 25.05999443500008], [121.62192860000005, 25.059853273000044], [121.62197401900005, 25.05977292400007], [121.621997985, 25.059714385000063], [121.62204970700009, 25.05961568300006], [121.6220686260001, 25.05957092400007], [121.62211278100006, 25.059479107000072], [121.62215187600009, 25.05935514300006], [121.62218213800008, 25.05924955000006], [121.62221996700009, 25.05912214500006], [121.62223888400001, 25.059062461000053], [121.62226536700007, 25.05898326500005], [121.62230447400009, 25.05890522800007]]]}}, {"type": "Feature", "properties": {"TOWNID": "A14", "TOWNCODE": "63000100", "PNAME": "臺北市", "TNAME": "內湖區", "TOWNENG": "Neihu District", "COUNTYID": "A", "COUNTYCODE": "63000", "縣市": "臺北市", "行政區": "內湖區", "淨流入": 97590, "平日日間活動人數": 365903, "平日夜間停留人數": 268313}, "geometry": {"type": "Polygon", "coordinates": [[[121.59431442700009, 25.114543123000033], [121.59437759800005, 25.114535682000053], [121.59453631800011, 25.11467880600003], [121.59459987600007, 25.114750430000072], [121.59466332800002, 25.11480049900007], [121.59471090700004, 25.114836247000028], [121.59475831500004, 25.114836058000037], [121.5948608870001, 25.11480688100005], [121.59508117100006, 25.114611916000058], [121.59522293300006, 25.11451788900007], [121.59568502900004, 25.114156125000022], [121.59563394200006, 25.114148250000028], [121.59558055600007, 25.114092363000054], [121.59554811400005, 25.11398008900005], [121.5955323820001, 25.113907875000052], [121.59549481200008, 25.113785310000026], [121.59548695900003, 25.113601695000057], [121.59548982800004, 25.113493774000062], [121.5955182460001, 25.113428154000076], [121.59554792600011, 25.11336251800003], [121.5956013440001, 25.113273777000074], [121.59568501400008, 25.113187097000036], [121.59579620400007, 25.11307729400005], [121.595901292, 25.11299049200005], [121.59595359600007, 25.112918970000067], [121.59602098900007, 25.112843893000047], [121.59608475900006, 25.112787213000047], [121.59613695700011, 25.112703061000047], [121.59617794500002, 25.112633905000052], [121.59624378300009, 25.112524412000027], [121.59632200800002, 25.11238956400007], [121.59635995800011, 25.112259600000073], [121.5964092370001, 25.112128406000068], [121.59641588200009, 25.112020450000045], [121.59641882500011, 25.111921708000068], [121.59641378100002, 25.111772517000077], [121.59642101500003, 25.111585355000045], [121.59644609700001, 25.111423340000044], [121.5965091170001, 25.111278261000052], [121.59657489800009, 25.111161879000065], [121.59670792200006, 25.110953214000062], [121.59681654200006, 25.11083767100007], [121.59686388400007, 25.11077536600004], [121.59693254400008, 25.110701431000052], [121.59701962100007, 25.110571134000054], [121.59710628200003, 25.110391462000052], [121.5971768390001, 25.110244051000052], [121.59724756900005, 25.11011730200005], [121.59731767700009, 25.10991708000006], [121.5973978510001, 25.109715652000034], [121.59746459000007, 25.10956367700004], [121.59749057800002, 25.109508402000074], [121.59752300500008, 25.109470299000066], [121.59764813400011, 25.10937072400003], [121.59782515400002, 25.109299492000048], [121.59791161100009, 25.109244975000024], [121.59801941700005, 25.109182238000074], [121.59810092600003, 25.109138061000067], [121.59824735200004, 25.109024567000063], [121.59838495000008, 25.10890998800005], [121.59848046200011, 25.108882943000026], [121.59862558300006, 25.108912934000045], [121.5987693300001, 25.108929190000026], [121.59892426700003, 25.108928140000046], [121.59901238600003, 25.108920641000054], [121.59910288700007, 25.108897064000075], [121.59923582600004, 25.108827292000058], [121.59936705500002, 25.108704721000038], [121.59943565300011, 25.10862389500005], [121.59946345600008, 25.108587301000057], [121.59946408200005, 25.108586478000063], [121.599482996, 25.108561585000075], [121.5995464770001, 25.108471618000067], [121.59959904100003, 25.108431086000053], [121.59974624600011, 25.108409418000065], [121.59991626800002, 25.10840481100007], [121.600009999, 25.10846501700007], [121.60005954700011, 25.108514038000067], [121.60018359700007, 25.108584368000038], [121.60027551400003, 25.108579149000036], [121.60041024800012, 25.10857248900004], [121.60058989900006, 25.108515013000044], [121.60068171700004, 25.108498317000056], [121.600796037, 25.10846081300008], [121.60089286100003, 25.108440640000026], [121.60098089000007, 25.10842282300007], [121.60114565300012, 25.108391847000064], [121.6012866530001, 25.108381704000067], [121.60143896500006, 25.10836804300004], [121.60153851700011, 25.108371944000055], [121.6016455890001, 25.108371220000038], [121.60180435200004, 25.108375875000036], [121.6019139440001, 25.10837512100005], [121.60203382300006, 25.108399562000045], [121.60221132800007, 25.108385722000037], [121.60235726000008, 25.108362912000075], [121.602499308, 25.108327513000063], [121.60265141400009, 25.108289746000025], [121.60274676800009, 25.10824431700007], [121.60286077700005, 25.108171222000067], [121.6029513950001, 25.108161421000034], [121.60305381500007, 25.108058544000073], [121.60316510200005, 25.10796136700003], [121.6032437560001, 25.107878182000036], [121.60333153800002, 25.10783166300007], [121.60346203000006, 25.10777107900003], [121.60368977100006, 25.107739681000055], [121.60387078600002, 25.107694825000067], [121.60402185500004, 25.107683457000064], [121.60412227100005, 25.10764144600006], [121.60423140800003, 25.107587889000058], [121.604430739, 25.107475184000066], [121.60457770800008, 25.107425970000065], [121.60469960500006, 25.107391843000073], [121.60475721500006, 25.107352418000062], [121.60486682100009, 25.107353966000062], [121.60504559100002, 25.10734126500006], [121.60523819800005, 25.10732617800005], [121.60550045700006, 25.107354221000037], [121.60570676000009, 25.107320662000063], [121.60588432000009, 25.107313715000032], [121.60610216900011, 25.107304185000032], [121.6062205930001, 25.10730566700005], [121.60629978300005, 25.10728560900003], [121.60638752600005, 25.10723450300003], [121.60647004200007, 25.10716161700003], [121.60651484800007, 25.10709817600008], [121.60666520000007, 25.107003010000028], [121.60676312600003, 25.106964468000058], [121.60687131500003, 25.106947657000035], [121.60697964400003, 25.106946923000066], [121.60709670100005, 25.10693577400008], [121.60726805700006, 25.106940343000076], [121.60745059800001, 25.10692647600007], [121.6075837630001, 25.106884223000066], [121.60774467100009, 25.10684523900005], [121.6079958580001, 25.106757413000025], [121.60812471500003, 25.106653218000076], [121.60815382600003, 25.106629816000066], [121.60828607600001, 25.106602191000036], [121.60835966600007, 25.10654310700005], [121.60844485000007, 25.10648505100005], [121.60850381600005, 25.106454737000035], [121.60856761000002, 25.106401454000036], [121.6086176020001, 25.10635512500005], [121.60869535000006, 25.106310904000054], [121.60887325300007, 25.10619242200005], [121.60894215500002, 25.10614597800003], [121.60907775300007, 25.10608753500003], [121.6093800210001, 25.10592218200003], [121.6094777720001, 25.10586058800004], [121.60950029100002, 25.105842044000042], [121.60954029600009, 25.10580613700006], [121.60958484700006, 25.10577498500004], [121.60961168600011, 25.10575621600003], [121.60973814200008, 25.105663397000058], [121.60983071300006, 25.105586901000038], [121.60988594900005, 25.105562372000065], [121.610026188, 25.105460255000025], [121.61012627900004, 25.10537911800003], [121.61021400100003, 25.105323344000055], [121.61026515700007, 25.105266663000066], [121.61032007400001, 25.105207693000068], [121.61038269300002, 25.10516357700004], [121.610492012, 25.105126014000064], [121.61067183700004, 25.105078715000047], [121.61082395200003, 25.105033934000062], [121.61093344400001, 25.10501473000005], [121.61102898400009, 25.10498644100005], [121.61134560500011, 25.10487382100007], [121.61164168800008, 25.104722294000055], [121.61177120100001, 25.104686859000026], [121.61189443800004, 25.104654921000076], [121.61201651400006, 25.104633328000034], [121.61215633400002, 25.104621945000076], [121.61235809900006, 25.10462959800003], [121.61253342600003, 25.10464091700004], [121.61267203700004, 25.104635279000036], [121.61289508400012, 25.104626710000048], [121.61308302500004, 25.104639060000068], [121.61327950200007, 25.104620354000076], [121.61340782600007, 25.104592964000062], [121.61353628600011, 25.104580515000066], [121.61369598500005, 25.104537975000028], [121.6138518680001, 25.10449199800007], [121.61396235100005, 25.104444083000033], [121.61411782400012, 25.104354487000023], [121.61420425000006, 25.104295258000036], [121.61434241100005, 25.104241385000023], [121.61450712800001, 25.104196509000076], [121.61468188300012, 25.104146943000046], [121.61477733700008, 25.104109479000044], [121.61492685100006, 25.104056669000045], [121.61511031400005, 25.10399440900005], [121.61528984200004, 25.10391611400007], [121.6154066260001, 25.103868144000046], [121.61546435100001, 25.10384014300007], [121.61555051700009, 25.10375336000004], [121.61560786400003, 25.103685177000045], [121.615667615, 25.103604338000025], [121.61578731000009, 25.10346332100005], [121.61587450200011, 25.10335126600006], [121.61594555300007, 25.10326574800007], [121.61603198900002, 25.10320768100007], [121.61608728800002, 25.103190029000075], [121.61617589000002, 25.103094045000034], [121.61625168100011, 25.102976331000036], [121.61631716200009, 25.102834574000042], [121.61635663700008, 25.10274240700005], [121.61638616700009, 25.102665242000057], [121.61646322900003, 25.102548678000062], [121.6165832480001, 25.102442108000048], [121.61669199100004, 25.10234366800006], [121.61671008100006, 25.102256256000032], [121.61673058500003, 25.102157343000044], [121.61674589400002, 25.102042381000047], [121.61676152600012, 25.101961869000036], [121.6168024860001, 25.101893810000036], [121.61690225900008, 25.10177936300005], [121.61700853600007, 25.101686682000036], [121.61705462500004, 25.101627763000067], [121.61713321400009, 25.10153989300005], [121.61718060800001, 25.101485554000078], [121.61722428200005, 25.101438149000046], [121.61724342500008, 25.101394004000042], [121.61728474200004, 25.10129872300007], [121.61736551800004, 25.101175237000064], [121.617412908, 25.10112090900003], [121.61754455500011, 25.101045267000075], [121.61768634200007, 25.100975279000068], [121.61785979000001, 25.10092114500003], [121.61801305800009, 25.100866014000076], [121.61821992300008, 25.100746147000052], [121.6183350230001, 25.100653411000053], [121.61844117100009, 25.10054694400003], [121.61850705600011, 25.10044883300003], [121.61855919800007, 25.10036345700007], [121.61859503000005, 25.100286244000074], [121.61864724600002, 25.10020888400004], [121.61875008600009, 25.100152996000077], [121.61894075600003, 25.100053942000045], [121.61905003800007, 25.100012912000068], [121.61916644000007, 25.099924749000024], [121.61930659600011, 25.09981573700003], [121.61935681800003, 25.099794691000056], [121.61944171700009, 25.099707912000042], [121.61955160000002, 25.099596826000038], [121.61977434300002, 25.099422884000035], [121.61992728500002, 25.09933329300003], [121.62011890100007, 25.099200918000065], [121.62022142600006, 25.099111709000056], [121.62037908400009, 25.098987641000065], [121.62047663300007, 25.098905356000046], [121.62061677300005, 25.09879519100008], [121.62079128300002, 25.098720377000063], [121.62090550700009, 25.098668963000023], [121.62102107900012, 25.09862675200003], [121.62115286900007, 25.098567185000036], [121.62126421800008, 25.098477911000032], [121.62138937300006, 25.098382784000023], [121.62149837200002, 25.098311910000064], [121.62157956500005, 25.09823319800006], [121.62159408900004, 25.098217040000065], [121.62168950300008, 25.098092759000053], [121.6217400160001, 25.098002665000024], [121.62178033900011, 25.09790464300005], [121.621829606, 25.097815702000048], [121.62188004500001, 25.097719875000053], [121.62192434500002, 25.09763673300006], [121.621960166, 25.09758009600006], [121.62201890100005, 25.097443989000055], [121.62203479400011, 25.097405932000072], [121.62215845500009, 25.09731732000006], [121.62232412600008, 25.097259225000073], [121.62241834300005, 25.09723292800004], [121.62253498200005, 25.097185710000076], [121.62267187100008, 25.097144023000055], [121.62280251100003, 25.09710697500003], [121.62291062600002, 25.097082814000032], [121.6230010160001, 25.097053121000044], [121.623073728, 25.097021306000045], [121.62315533900005, 25.09699514400006], [121.62328558900003, 25.096928268000056], [121.62339651100001, 25.096925888000044], [121.62355181600003, 25.09694253400005], [121.623669704, 25.096990580000067], [121.62378723200004, 25.097011076000058], [121.62388473700003, 25.097043273000054], [121.6239960690001, 25.09707188300007], [121.6241248980001, 25.097088819000078], [121.62428848200011, 25.097064045000025], [121.624386995, 25.097076720000075], [121.62447404200009, 25.097080333000065], [121.62458394400005, 25.097096328000077], [121.62465973300004, 25.097106978000056], [121.62472141400008, 25.097099396000033], [121.62479189200008, 25.097089423000057], [121.62488906800002, 25.09709638000004], [121.6250414430001, 25.097082061000037], [121.62517381500004, 25.09708057200004], [121.62529593200009, 25.097066596000047], [121.62536643800001, 25.097058923000077], [121.62545688700004, 25.09703380600007], [121.62554097500004, 25.097004173000073], [121.62565777200007, 25.096873164000044], [121.62575624600004, 25.096787120000045], [121.62587895200011, 25.096626193000077], [121.62598913200009, 25.096471155000074], [121.62600936500007, 25.096440830000063], [121.62609175700004, 25.096317338000063], [121.62614223600008, 25.096224950000078], [121.62622242900011, 25.096090908000065], [121.62624756000002, 25.095988445000046], [121.62625492000006, 25.095877037000037], [121.62620863100005, 25.095808675000058], [121.626168645, 25.095740251000052], [121.6261096290001, 25.095662851000043], [121.62604704600005, 25.09560156300006], [121.62593626700004, 25.09551901100008], [121.62584198200011, 25.09544429700003], [121.62576832200011, 25.09540379200007], [121.62569068500011, 25.095348408000064], [121.62563863500009, 25.09532144600007], [121.62552530800008, 25.095236618000058], [121.62544382800002, 25.095176683000034], [121.62536725200005, 25.095106371000043], [121.62535656400007, 25.09506057400006], [121.62532154900009, 25.094986341000038], [121.6252887170001, 25.094886848000044], [121.62526249700011, 25.094810230000064], [121.62525010800005, 25.094731161000027], [121.62523119000002, 25.094634960000064], [121.62520360500002, 25.094550324000068], [121.62517584900002, 25.09445306400005], [121.62515990700001, 25.094391245000054], [121.625142793, 25.09433633900005], [121.62512811200008, 25.094274514000062], [121.62512776500012, 25.094248118000053], [121.62511446600001, 25.094195469000056], [121.62508965600011, 25.094130320000033], [121.62507105700001, 25.09405821300004], [121.6250604060001, 25.093919435000032], [121.62505639400001, 25.093805836000058], [121.62505811400001, 25.093744972000025], [121.62506339200002, 25.09366686800007], [121.6250942160001, 25.09361371700004], [121.62519130800001, 25.093518506000066], [121.62526089100004, 25.093440826000062], [121.62532529700002, 25.09335287500005], [121.62541566400012, 25.093225589000042], [121.62548508100008, 25.09313528900003], [121.6255333250001, 25.093064732000073], [121.62556861500002, 25.09296792200007], [121.62559539800009, 25.09289529700004], [121.62562348800009, 25.092826116000026], [121.62563743800001, 25.092736428000023], [121.62565473100005, 25.092613413000038], [121.62569726600009, 25.092395986000042], [121.62572034200002, 25.092329156000062], [121.6257619920001, 25.092236851000052], [121.62579901200002, 25.092175603000044], [121.62587573700011, 25.092065698000056], [121.62594027900002, 25.091988076000064], [121.62604461400008, 25.091868676000047], [121.62610666100011, 25.09179337300003], [121.62614734200008, 25.091722901000026], [121.62619417500002, 25.09164088400007], [121.6262474450001, 25.091569114000038], [121.62631921700006, 25.091466154000045], [121.62632291400007, 25.09136396300005], [121.62631797000006, 25.091275618000054], [121.62619278800003, 25.091151885000045], [121.62611778000007, 25.091104518000066], [121.62606654500007, 25.091043111000033], [121.62605298500011, 25.090970945000038], [121.62602707700012, 25.090918431000034], [121.62600360200008, 25.090859], [121.62597110700005, 25.090784756000062], [121.62597630700009, 25.090700901000048], [121.62598522400003, 25.090515992000064], [121.62601235400007, 25.090469772000063], [121.6260919450001, 25.090386244000058], [121.6261303120001, 25.09033186100004], [121.62617986100008, 25.09026471800007], [121.62624862100006, 25.090220345000034], [121.62629081700004, 25.090169368000034], [121.62639167200007, 25.090072976000044], [121.62648832200011, 25.089944481000032], [121.62656943000002, 25.089880437000033], [121.62664390100008, 25.089791225000056], [121.62668343700011, 25.08972994800007], [121.62677756800008, 25.089601480000056], [121.62681481300001, 25.08955744800005], [121.62692547900008, 25.08944027800004], [121.6270413090001, 25.089332229000036], [121.62712122900007, 25.089273952000042], [121.62718958000005, 25.089198578000037], [121.62726072300006, 25.08914384600007], [121.62729799600004, 25.08910208900005], [121.62750254000002, 25.088933379000025], [121.62756337300004, 25.08886152100007], [121.62759823200008, 25.088827845000026], [121.62763029700011, 25.08877353300005], [121.62767627200003, 25.088722521000022], [121.62773593400004, 25.088657573000035], [121.62780719700004, 25.08861200800004], [121.62789946800001, 25.088534068000058], [121.62798915700012, 25.08845156800004], [121.62806770800012, 25.08838526200003], [121.6281231370001, 25.08828592800006], [121.6281722010001, 25.088182062000044], [121.62821473400004, 25.088061062000065], [121.62823105200005, 25.087959873000045], [121.62825379300011, 25.087676094000074], [121.62826236600006, 25.087561196000024], [121.62826830000006, 25.08743717400006], [121.62825615200006, 25.08737645700006], [121.62828107400003, 25.087162671000044], [121.62828257300009, 25.087154226000052], [121.62829985200005, 25.087056867000058], [121.62833511200006, 25.086957753000036], [121.62837691100003, 25.086876931000063], [121.62844731200005, 25.086765951000075], [121.62851298900011, 25.08667913200003], [121.62859171100001, 25.086530163000077], [121.62861489600004, 25.08647136700006], [121.62859134200005, 25.08640620400007], [121.62856782100005, 25.08634333400005], [121.62853933400004, 25.086286244000064], [121.62848267800007, 25.08619619700005], [121.62844521400007, 25.086127745000056], [121.62839523900004, 25.08606631400005], [121.62831533100007, 25.085934059000067], [121.62824878600009, 25.08585904100005], [121.62817514000005, 25.08572325800003], [121.62811857800011, 25.085544825000056], [121.62806588800004, 25.085468501000037], [121.62800051200009, 25.085386588000063], [121.62795260500002, 25.085290689000033], [121.62786177700002, 25.085190692000026], [121.62780262700005, 25.08510296600008], [121.62766685400004, 25.084940335000056], [121.62757599800011, 25.084838036000065], [121.62752722400012, 25.084580307000067], [121.62755448000007, 25.08444799700004], [121.62757906000002, 25.08430423200008], [121.6276682250001, 25.084086284000023], [121.62776857400002, 25.083952012000054], [121.62786904500001, 25.083826921000025], [121.6279630030001, 25.08368583300006], [121.6280010380001, 25.08360619900003], [121.62801767400003, 25.083529105000025], [121.62801203400011, 25.083387987000037], [121.62797618600007, 25.083250634000024], [121.62788788300008, 25.08304482500006], [121.62787864400002, 25.083023292000064], [121.62779157700004, 25.082825671000023], [121.62771242200006, 25.08265437400007], [121.62766572800001, 25.082555032000073], [121.62759666500006, 25.082480040000064], [121.62755827700005, 25.082436851000068], [121.62750065000012, 25.082368600000052], [121.62742304800008, 25.08231552700005], [121.62732658700008, 25.082266102000062], [121.62723396600006, 25.082221210000057], [121.62710679100007, 25.082232977000047], [121.62698944200008, 25.08222509500007], [121.62683383100011, 25.082183204000046], [121.62670002000004, 25.082169776000057], [121.626554897, 25.082158762000063], [121.6264308850001, 25.082123417000048], [121.62636764900003, 25.082108047000077], [121.62616923900009, 25.082071229000064], [121.62603995800009, 25.082018726000058], [121.62593695500004, 25.081950991000042], [121.62587026200003, 25.081864496000037], [121.62581641600002, 25.081796220000058], [121.62572832500007, 25.081712262000053], [121.6256771080001, 25.081651991000058], [121.62561960000005, 25.081592947000047], [121.62557363400003, 25.081548687000065], [121.62551660500003, 25.081429941000067], [121.62548175800009, 25.08136833700007], [121.62542279500008, 25.081294385000035], [121.62530892500001, 25.081167092000044], [121.62521189000006, 25.081074045000037], [121.6251583610001, 25.081029881000063], [121.6250413570001, 25.08095197600005], [121.62494734300003, 25.080896777000078], [121.62481812500005, 25.08084885100004], [121.62474953100002, 25.080809443000078], [121.62473763000003, 25.080767108000032], [121.62471165300008, 25.080708843000025], [121.62464308900007, 25.080671738000035], [121.62460716100009, 25.080623916000036], [121.62449633900007, 25.080536756000072], [121.62439096700007, 25.080480542000032], [121.62431831900005, 25.08042051500007], [121.62426184900005, 25.080344231000026], [121.62421534400005, 25.080258663000052], [121.62416272700011, 25.080091651000032], [121.62414742700003, 25.079982775000076], [121.62417284500009, 25.079902137000033], [121.62422547900007, 25.079782162000072], [121.62424607700007, 25.07971881000003], [121.62433259400007, 25.079586989000063], [121.62440445400011, 25.07949091000006], [121.62445004900007, 25.079411201000028], [121.6245030450001, 25.079318768000064], [121.62452843000005, 25.079235837000056], [121.62452068300001, 25.079125740000052], [121.62448538400008, 25.07902970500004], [121.62443728500011, 25.078918892000047], [121.62430238000002, 25.078821669000035], [121.62420338700008, 25.078771123000024], [121.62409926200007, 25.078713738000033], [121.62395042000003, 25.07870735800003], [121.62389969000003, 25.078683828000067], [121.623870828, 25.07859804800006], [121.62385175100007, 25.078489207000075], [121.62387312900012, 25.078389107000078], [121.62388752900006, 25.078333840000028], [121.62391156800004, 25.078244048000045], [121.62395644900005, 25.078205661000027], [121.62401367600012, 25.078147625000042], [121.62409657800004, 25.07812489500003], [121.62414557000011, 25.07811172600003], [121.62424259600004, 25.07810834600008], [121.62430352100012, 25.078139816000032], [121.62437826300004, 25.078167678000057], [121.62445216700007, 25.07822770000007], [121.62454037400005, 25.07832084000006], [121.6246185870001, 25.07842098200007], [121.62471110100012, 25.078554259000043], [121.6247508240001, 25.07860317600006], [121.62479419300007, 25.078641723000032], [121.62484384800007, 25.07867905200004], [121.62489746800009, 25.078730106000023], [121.62496001200009, 25.07878910000005], [121.62502734400005, 25.078828531000056], [121.6250791120001, 25.07883484000007], [121.62507702300002, 25.078771725000024], [121.62506433700003, 25.078669711000032], [121.62504797800011, 25.07857577200008], [121.6250331650001, 25.078503612000077], [121.62503462600012, 25.078423239000074], [121.6250384650001, 25.078331372000036], [121.62501053500011, 25.07822033000008], [121.62496951900005, 25.07807271400003], [121.62493822600004, 25.077993852000077], [121.62490224100009, 25.07794145300005], [121.62485193700002, 25.077854772000023], [121.62480802800007, 25.077774908000038], [121.62475034400006, 25.077702085000055], [121.62463229200011, 25.077640264000024], [121.62448329900008, 25.077525985000023], [121.6243616910001, 25.077481429000045], [121.62422522000008, 25.07745654400003], [121.62405595700011, 25.07743088600006], [121.62385995500006, 25.077384864000067], [121.62376518000008, 25.07736754000007], [121.62365864300011, 25.077318216000037], [121.62358793500005, 25.077309811000077], [121.6234892760001, 25.077284513000052], [121.62341217700009, 25.077269301000058], [121.62330389400006, 25.077183267000066], [121.62323356000002, 25.077107133000027], [121.62319211400006, 25.07702265300003], [121.62319341600005, 25.07692965900003], [121.62318254700006, 25.07687009500006], [121.62316502200008, 25.076783049000028], [121.62316799000007, 25.07672103300007], [121.62317994600005, 25.076671528000077], [121.62318984400008, 25.07656122800006], [121.62318044800008, 25.07642127300005], [121.62320304100001, 25.07631772700006], [121.62323306000008, 25.076203750000047], [121.62323023700003, 25.07608440300004], [121.62322193200009, 25.075931823000076], [121.62319904700007, 25.075820732000068], [121.62312977400006, 25.075633251000056], [121.6230427700001, 25.075439075000077], [121.6229641540001, 25.075307948000045], [121.62292064400003, 25.075162645000034], [121.62287557900004, 25.074994411000034], [121.62282029800008, 25.07481594400008], [121.62277285800008, 25.07465921200003], [121.62270858900001, 25.074564660000078], [121.622609828, 25.074531320000062], [121.6225205610001, 25.074549525000066], [121.62238568300006, 25.07464630100003], [121.62224415700007, 25.07471675200003], [121.62201111700006, 25.074826098000074], [121.62193426200008, 25.074829247000025], [121.62184265500002, 25.07486125500003], [121.62181102500006, 25.074852431000068], [121.62175432100003, 25.074854214000027], [121.62172764400009, 25.074838443000033], [121.62167329200008, 25.074827559000028], [121.62160093700004, 25.074789331000034], [121.6215255190001, 25.074709821000056], [121.62143979300004, 25.074613202000023], [121.62142495100011, 25.074538748000066], [121.62138814000002, 25.07442321900004], [121.62138779300005, 25.07430040500003], [121.62136508800006, 25.074203080000075], [121.6213152680001, 25.074056711000026], [121.621271137, 25.073959629000058], [121.62122736600008, 25.07389008800004], [121.62114822900003, 25.073815208000042], [121.6210550610001, 25.073727856000062], [121.62098219600011, 25.073650602000043], [121.62086222800008, 25.073538300000052], [121.6207742680001, 25.07346351900003], [121.62069892900001, 25.073389752000026], [121.62064462300009, 25.073285887000054], [121.62064223200002, 25.073280238000052], [121.62062903600008, 25.07324905200005], [121.62061941500008, 25.073226315000056], [121.62060455800008, 25.07315945600004], [121.62060208900004, 25.073042129000044], [121.62060204500006, 25.07290324400003], [121.62060229200006, 25.072900909000055], [121.62061211700006, 25.072807985000054], [121.62062849800009, 25.072710424000036], [121.62065372200004, 25.072631225000066], [121.62067642500006, 25.072562365000067], [121.62070922800001, 25.072496946000058], [121.6207445550001, 25.072423491000052], [121.62082279600008, 25.07232592500003], [121.62096668200002, 25.072221486000046], [121.62102726700004, 25.07218474900003], [121.62110552500008, 25.072135400000036], [121.62115221300007, 25.072068831000024], [121.62120016800009, 25.072008], [121.62123549000012, 25.071928804000038], [121.62126702800003, 25.071847320000074], [121.62129094800002, 25.071640715000058], [121.62128332600003, 25.071481179000045], [121.62127446200009, 25.071396246000063], [121.62127677, 25.071284786000035], [121.62127819200009, 25.071216050000032], [121.62127309900006, 25.07106798700005], [121.6212730530001, 25.070925662000036], [121.62128816000006, 25.070793673000026], [121.621313385, 25.070709890000046], [121.62132472200005, 25.070634134000045], [121.62132847100008, 25.070504441000026], [121.62131455200006, 25.070403432000035], [121.62132840800007, 25.070308173000058], [121.62140284200007, 25.070145189000073], [121.62148233000005, 25.069997133000072], [121.62150881700006, 25.069916799000055], [121.6215289700001, 25.069777910000028], [121.62153272800003, 25.069675761000042], [121.62152892000006, 25.069613783000023], [121.62150997200001, 25.06957476300005], [121.62147083000002, 25.069549513000027], [121.62133828300011, 25.06957590500008], [121.62116281800002, 25.069604608000077], [121.62107318800008, 25.06960575100004], [121.62099869600002, 25.06957820200006], [121.62095323300002, 25.069527700000037], [121.62092922200009, 25.069447362000062], [121.62091783300002, 25.069355531000042], [121.62089887500008, 25.06928208000005], [121.62079530800008, 25.06911680500008], [121.62065767500007, 25.069019237000077], [121.62057560100004, 25.068966442000033], [121.62048847300002, 25.06889183800007], [121.62042280500009, 25.06882067500004], [121.62035840300007, 25.068759842000077], [121.62024855200002, 25.068693277000023], [121.62009578200002, 25.068623255000034], [121.62000487800003, 25.06858767500006], [121.61985086900006, 25.068593419000024], [121.61973725900009, 25.068617520000032], [121.61967666800001, 25.068639331000043], [121.61959714000011, 25.068650802000036], [121.61955673200009, 25.068614075000028], [121.6195377680001, 25.06851881700004], [121.6195276310001, 25.068387964000067], [121.61950488800005, 25.068319104000068], [121.61946700300007, 25.068275485000072], [121.61933569300004, 25.06821465300004], [121.61917535400005, 25.068160701000068], [121.61906551100003, 25.068114784000045], [121.61894683000003, 25.068070030000058], [121.61883571200008, 25.067970175000028], [121.61877382300008, 25.06786457100003], [121.61873845600007, 25.06780029600003], [121.61865258800003, 25.06770617500007], [121.618603344, 25.06767059400005], [121.61854652800002, 25.067644189000077], [121.61847708700009, 25.067608611000026], [121.61840134700003, 25.067622395000058], [121.61818927400009, 25.067656826000075], [121.61801254200009, 25.06766829600008], [121.61793427400005, 25.067672882000068], [121.6178181360001, 25.06767746500003], [121.61772849700003, 25.06765451800004], [121.61770641600003, 25.067642676000048], [121.61767430100008, 25.06762545500004], [121.61763001500003, 25.06760170800004], [121.61758202400006, 25.067524809000076], [121.617566839, 25.067390518000025], [121.61756554300007, 25.06727230100006], [121.61758823000002, 25.067147207000062], [121.6176323840001, 25.067040458000065], [121.61769673900005, 25.06693028600006], [121.61779769100008, 25.06680288000007], [121.61785195400012, 25.066720246000045], [121.61789863900003, 25.06664678100003], [121.61794026700011, 25.066534309000076], [121.61796296700004, 25.06644248300006], [121.61795915500011, 25.06636329500003], [121.61795660900009, 25.06628524100006], [121.61795655300011, 25.066281317000062], [121.61795532200006, 25.06619571600004], [121.61793768000007, 25.066118148000044], [121.61793130500007, 25.066090117000044], [121.61791233000008, 25.065945514000077], [121.61790600300003, 25.065892708000035], [121.61786432000008, 25.065799742000024], [121.61784284100008, 25.065732022000077], [121.61780620800005, 25.065643644000033], [121.61778346000006, 25.065559862000043], [121.6178048910001, 25.065456555000026], [121.61784147600008, 25.065368180000064], [121.61787301200002, 25.065285543000073], [121.61790203200007, 25.065235048000034], [121.61792473300011, 25.065159290000054], [121.61788811100007, 25.065108786000053], [121.617822466, 25.065107633000025], [121.61772400200005, 25.065105344000074], [121.61764826800004, 25.065127154000038], [121.61756370300009, 25.065184534000025], [121.61748672300007, 25.06527176700007], [121.61739837900006, 25.065353251000033], [121.61731509100002, 25.065464595000037], [121.61725578700009, 25.06556557500005], [121.61721668000007, 25.065644769000073], [121.61717125500002, 25.06573200500003], [121.617151078, 25.065804313000058], [121.61711195700002, 25.065862842000058], [121.617042534, 25.065889238000068], [121.61696174400004, 25.065894981000042], [121.61683171400011, 25.06587431400004], [121.61672060300009, 25.065797416000066], [121.61667892000003, 25.06571592000006], [121.616656153, 25.065542598000036], [121.61666874100001, 25.06540717100006], [121.61667248800006, 25.065260262000038], [121.61666866700011, 25.065122520000045], [121.61666864900008, 25.06506054500005], [121.61662822800008, 25.064975614000048], [121.6165953740001, 25.06485624800007], [121.61653980500012, 25.064760981000063], [121.6164728760001, 25.06467949100005], [121.61642233600003, 25.064506167000047], [121.61639454500005, 25.06443730700005], [121.6163604410001, 25.064355818000024], [121.6163414880001, 25.064304166000056], [121.61630107500002, 25.064231859000074], [121.61626571400006, 25.06416987600005], [121.61618361300009, 25.064005744000042], [121.61614003800003, 25.063933874000043], [121.61580426300009, 25.064057739000077], [121.61535508700001, 25.064192079000065], [121.61481347600011, 25.064362927000047], [121.614261639, 25.06450891700007], [121.61425851400008, 25.06450974300003], [121.61384854800008, 25.064547576000052], [121.6133059120001, 25.06451369800004], [121.61293503400009, 25.064430946000073], [121.6126962190001, 25.064299463000054], [121.61256325300008, 25.06416756400006], [121.61235017800004, 25.063891475000048], [121.61223013900008, 25.063699283000062], [121.61206981200007, 25.063386845000025], [121.61190886400004, 25.063115942000024], [121.61186544800012, 25.063042865000057], [121.6117629260001, 25.062870303000068], [121.61150992500006, 25.06254621200003], [121.61135061700008, 25.062438486000076], [121.61124399300002, 25.062282382000035], [121.61099093500002, 25.06194623700003], [121.61082969200004, 25.061752402000025], [121.61067148600011, 25.06156222100003], [121.61049865000007, 25.06139434100004], [121.61012652000011, 25.061058692000074], [121.60992722600008, 25.060890924000034], [121.60963502100003, 25.06066333700005], [121.6094493170001, 25.060567761000073], [121.60907797100003, 25.060388663000026], [121.60862094800007, 25.06019895000003], [121.60859473200003, 25.06018806800006], [121.60856091300002, 25.060174028000063], [121.60840179000002, 25.060102440000037], [121.60823560300003, 25.06002268000003], [121.60815527400007, 25.059987763000038], [121.60805267900002, 25.05994935600006], [121.6078733170001, 25.059919025000056], [121.60747200500009, 25.05987407400005], [121.60727148600006, 25.05985035200007], [121.60702798600005, 25.059821544000044], [121.60679825800003, 25.059764863000055], [121.6067802020001, 25.059760407000056], [121.60633595500008, 25.059661263000066], [121.60567125400007, 25.059500697000033], [121.60531249700011, 25.059432266000044], [121.6049637860001, 25.05937123600006], [121.604937919, 25.059366708000027], [121.60474878100001, 25.059333603000027], [121.60421935000011, 25.05926587600004], [121.60368996000011, 25.059205896000037], [121.60292166900001, 25.059154673000023], [121.60227284600012, 25.05910295800004], [121.6017094340001, 25.059066423000047], [121.60149820700008, 25.059052501000053], [121.60104358300009, 25.059022536000043], [121.60057411900004, 25.059001153000054], [121.60009604400011, 25.05896426700008], [121.5992691780001, 25.058902414000045], [121.59898168000007, 25.05889472000007], [121.59868621100009, 25.05892620900005], [121.5982519590001, 25.05900949000005], [121.59787124500008, 25.059128463000036], [121.59720499600007, 25.059390203000078], [121.59640037100007, 25.059688927000025], [121.59621157200002, 25.059759020000058], [121.59566944900007, 25.05990722300004], [121.59507934300007, 25.060007161000044], [121.5944983600001, 25.060038606000035], [121.59403238000004, 25.059988125000075], [121.59341848000008, 25.059816804000036], [121.59299969400001, 25.05962168800005], [121.59247145400002, 25.059312358000057], [121.59211885900004, 25.059054810000077], [121.59192417800011, 25.05891260800007], [121.59148415800007, 25.058527152000067], [121.5912832780001, 25.058356875000072], [121.59095356500006, 25.058034086000077], [121.59086387700006, 25.057969875000026], [121.59080241000004, 25.057900808000056], [121.59037521800008, 25.057493971000042], [121.59033946300008, 25.057459920000042], [121.59026252000001, 25.057383383000058], [121.59000504800008, 25.057127269000034], [121.58994945600011, 25.057082233000074], [121.58958525800006, 25.05678718100006], [121.58925975400007, 25.056532163000043], [121.58891699600008, 25.056238370000074], [121.58853999500002, 25.05592141300008], [121.58840286300006, 25.05579768700005], [121.58799349600008, 25.055500430000052], [121.58759988000008, 25.05527674900003], [121.58741442700011, 25.05517489600004], [121.58737799200003, 25.055154885000036], [121.58705229000009, 25.054976002000046], [121.58664164600009, 25.05476015000005], [121.58606000300006, 25.054475070000024], [121.58573514200009, 25.054352090000066], [121.58544456200002, 25.05426003200006], [121.58527367200008, 25.05421410400004], [121.58487197500006, 25.054083654000067], [121.5844872350001, 25.053929836000066], [121.58415373100001, 25.053783578000036], [121.58374365300006, 25.053684232000023], [121.58345333400007, 25.05364654500005], [121.58323548200008, 25.053632316000062], [121.58298804200001, 25.05359024200004], [121.58264427200004, 25.053507127000046], [121.58219833700002, 25.053407521000054], [121.58177092500011, 25.05329940000007], [121.58126935300004, 25.053208459000075], [121.58094713800006, 25.053130681000027], [121.58092278400011, 25.05312480200007], [121.5807866670001, 25.05309194700004], [121.58068401800006, 25.053067170000077], [121.58032172900005, 25.05299257100006], [121.5800244830001, 25.05293461800005], [121.5799287420001, 25.052915674000076], [121.57980764600006, 25.052886801000056], [121.5794856340001, 25.052810024000053], [121.57887254200011, 25.05268572800003], [121.5782314920001, 25.05253619700005], [121.577571884, 25.052386735000027], [121.57716316000005, 25.05230386100004], [121.576726516, 25.052204209000024], [121.57655007400001, 25.05217955300003], [121.57629795100002, 25.05214294500007], [121.5759835880001, 25.052097299000025], [121.5753066530001, 25.051980437000054], [121.5748051280001, 25.05189793200003], [121.57418304300006, 25.051832777000072], [121.57395092200011, 25.05180834300006], [121.57373711800005, 25.051793917000055], [121.57347747500012, 25.051776398000072], [121.57328251600006, 25.051760264000052], [121.57302259200003, 25.051744377000034], [121.57282774900011, 25.051753587000064], [121.5727071450001, 25.05176249400006], [121.57261434400004, 25.05176286300008], [121.57238253800006, 25.051806008000028], [121.57227129300009, 25.051831778000064], [121.57204888500007, 25.05190022000005], [121.5719007140001, 25.051968375000058], [121.57178042600003, 25.05204486300005], [121.57167869800003, 25.05212129800003], [121.57167558000003, 25.052125389000025], [121.57166650700003, 25.052137293000044], [121.57161413100005, 25.052206015000024], [121.57153112000003, 25.052316159000043], [121.57144842100001, 25.052493870000035], [121.5713749680001, 25.052663100000075], [121.57134767600007, 25.052781465000066], [121.57132958600005, 25.05288291000005], [121.57131149700001, 25.052984346000073], [121.57127547700009, 25.053221020000024], [121.57128526800011, 25.053330798000047], [121.57128589700005, 25.053465945000028], [121.57128629100009, 25.05355042900004], [121.57135298100002, 25.053921845000048], [121.57136024600004, 25.05395337400006], [121.57136569900001, 25.05397703700004], [121.57146531100011, 25.054409305000036], [121.57155992300011, 25.054797515000075], [121.5715696740001, 25.054898843000046], [121.57158910200008, 25.05508462100005], [121.57159928500005, 25.05527886400006], [121.5715910670001, 25.05550697900003], [121.57159635500011, 25.055642574000046], [121.57160160700005, 25.055777255000066], [121.5716034940001, 25.056182722000074], [121.57159448800007, 25.05624189200006], [121.57154138200008, 25.05658512100007], [121.57151340300004, 25.05676594600004], [121.57147738100002, 25.05700260900005], [121.5712049870001, 25.05839571300004], [121.57107828200003, 25.05908889400007], [121.57101461500008, 25.059367905000045], [121.57089596900005, 25.059799179000038], [121.57074039500003, 25.06027283700007], [121.57059394400005, 25.060712675000048], [121.57050554000011, 25.060993764000045], [121.57030970800008, 25.06161641500006], [121.57014461300002, 25.06203941600006], [121.57006206500012, 25.062250926000047], [121.56986901000005, 25.062648702000047], [121.56971256600002, 25.06293651900006], [121.56968396600007, 25.062996206000037], [121.56957468600001, 25.063224266000077], [121.56953341300004, 25.063357879000023], [121.56951982200007, 25.063401876000057], [121.56946511600006, 25.063613271000065], [121.56941992700001, 25.063875308000036], [121.56941896800004, 25.063895433000027], [121.5694184780001, 25.063905705000025], [121.56941147000009, 25.064052742000058], [121.56941272400002, 25.064323063000074], [121.56939615400006, 25.06444799600007], [121.56939479200003, 25.064458280000053], [121.56942334000007, 25.064610220000077], [121.56945181000003, 25.064745277000043], [121.56955415200002, 25.064962516000037], [121.56984383100007, 25.06538376000003], [121.57026462800002, 25.066057914000055], [121.57040486800008, 25.066277007000053], [121.57065735000003, 25.06668150300004], [121.57074906100001, 25.066827226000044], [121.571012676, 25.067246091000072], [121.57132124600002, 25.06773484100006], [121.57163364000007, 25.068415963000064], [121.57169963500007, 25.068635332000042], [121.57186910400003, 25.069149972000048], [121.5720482910001, 25.069757483000046], [121.57210528100006, 25.070036022000068], [121.57218276600008, 25.07072840400008], [121.57220314500012, 25.071116910000057], [121.57219540200003, 25.071446387000037], [121.57209531300009, 25.07198468000007], [121.57206030200007, 25.072211629000037], [121.57205609000005, 25.072238931000072], [121.57199621100006, 25.07262706800003], [121.57196006900006, 25.07283839300004], [121.57188719500004, 25.073134332000052], [121.57185275200004, 25.07321124300006], [121.57174886200005, 25.07343710400005], [121.57169974300007, 25.073603787000025], [121.57155734500009, 25.07397770600005], [121.57147367700009, 25.074196398000026], [121.57145875100002, 25.07423541000003], [121.57144224100011, 25.07428930800006], [121.57170865400008, 25.07435385900004], [121.5720702650001, 25.074450627000033], [121.57213607900007, 25.074468238000065], [121.57245257800002, 25.074572962000047], [121.57250820500008, 25.07461311000003], [121.57250839500011, 25.074653471000033], [121.57233216700001, 25.074906441000053], [121.57209523900008, 25.07522017200006], [121.571858356, 25.075544012000023], [121.57149154100011, 25.07601273100005], [121.57128223300003, 25.076306169000077], [121.57110578900006, 25.076513728000066], [121.57086293400005, 25.076746762000028], [121.570702675, 25.076858386000026], [121.570381945, 25.077036217000057], [121.57028785900002, 25.07707190600007], [121.56993898300004, 25.077159023000036], [121.56946278200007, 25.07728701900004], [121.56904197200004, 25.07740468800006], [121.56875706100004, 25.077479965000066], [121.56869678200007, 25.07749589200006], [121.56853807100003, 25.077537825000036], [121.56772572400007, 25.077760002000048], [121.5672107800001, 25.077903280000044], [121.5668065970001, 25.07802087700003], [121.56638573900011, 25.078128458000037], [121.56583202700006, 25.07828195600007], [121.56526720400007, 25.078430452000077], [121.56501804400011, 25.07850204400006], [121.56466728400005, 25.07862745400007], [121.56444046400009, 25.07873427800007], [121.56438869100009, 25.078776876000063], [121.5643321450001, 25.078823404000048], [121.56428028800008, 25.078866075000064], [121.5641422650001, 25.07899274700003], [121.56387204200007, 25.079306604000067], [121.56357978000005, 25.079650813000057], [121.563381305, 25.079893754000068], [121.5631662190001, 25.080141810000043], [121.56295665200003, 25.08038478900005], [121.56271964100006, 25.080688425000062], [121.56257644300001, 25.080895836000025], [121.56240957600005, 25.08117862100005], [121.56232179200003, 25.081380773000035], [121.562179151, 25.081709274000048], [121.56209700500006, 25.081931585000063], [121.56199277600001, 25.082174163000047], [121.56193793600005, 25.08230554800008], [121.56179540500011, 25.082659271000068], [121.56154006000008, 25.083289922000063], [121.56139755100003, 25.083648691000064], [121.56124385800001, 25.083987319000073], [121.56112858200004, 25.084240031000036], [121.56110123000008, 25.084320862000027], [121.56102959400005, 25.084416994000037], [121.56096326700003, 25.084462663000068], [121.56090264800002, 25.084488804000046], [121.56078619300001, 25.084539023000048], [121.56069918800006, 25.084576812000023], [121.56058698700008, 25.084625542000026], [121.56043204700006, 25.084691726000074], [121.56010543400009, 25.084803977000036], [121.56003347100011, 25.08482947400006], [121.55996148700001, 25.084849931000065], [121.55983967000009, 25.084885710000037], [121.55960710500005, 25.084952185000077], [121.55928030700011, 25.085024069000042], [121.55924706400003, 25.085029243000065], [121.55910493300007, 25.08501943600004], [121.55896975100006, 25.08501011000004], [121.55886429200007, 25.084985285000073], [121.55878659900009, 25.08497045300004], [121.55871440700002, 25.08494549200003], [121.55859778700005, 25.084905570000046], [121.55840888800003, 25.084820524000065], [121.55834219400003, 25.084785457000066], [121.5582429970001, 25.084685043000036], [121.55819144800012, 25.084598388000074], [121.55810559400004, 25.084546773000056], [121.55782897300003, 25.084383341000034], [121.5577722480001, 25.08446146700004], [121.55776238800001, 25.084496454000032], [121.55775730000005, 25.08451450800004], [121.55771607800011, 25.084660781000025], [121.55766981500005, 25.08494663500005], [121.55767028900004, 25.085050511000077], [121.55769646300007, 25.085116334000077], [121.55771840800003, 25.085171522000053], [121.55773786600002, 25.08526667500007], [121.55748235800002, 25.085561966000057], [121.55737818900002, 25.085666253000056], [121.5572053630001, 25.085923938000064], [121.55693196800007, 25.086470354000028], [121.55684749500006, 25.086721712000042], [121.55684844000007, 25.08692947000003], [121.5569545400001, 25.08724936400006], [121.55703302800009, 25.087414119000073], [121.55706980200011, 25.087491313000044], [121.55721308900002, 25.087620623000078], [121.55728990400007, 25.08777615200006], [121.55727328900002, 25.087853419000055], [121.5572712720001, 25.087862791000077], [121.55722406100006, 25.087940880000076], [121.5571577070001, 25.087993066000024], [121.55702464, 25.088019549000023], [121.55666333700003, 25.088064194000026], [121.55654671700006, 25.088085875000047], [121.55633065000006, 25.088126045000024], [121.5563090170001, 25.088132169000062], [121.55574158000002, 25.088292764000073], [121.55530460400007, 25.088432915000055], [121.55494388600005, 25.088607413000034], [121.55461206400003, 25.08885970700004], [121.55418382200003, 25.08926566100007], [121.5541023610001, 25.089327410000067], [121.55374769900004, 25.089596252000035], [121.55348234400003, 25.089822318000074], [121.55343629900005, 25.089881121000076], [121.55326479100006, 25.090100153000037], [121.5531042770001, 25.09036910900005], [121.55295021900008, 25.090623897000057], [121.5528682040001, 25.090759538000043], [121.55270764700003, 25.09101983200003], [121.55245250500002, 25.091401675000043], [121.55238509600008, 25.091509230000042], [121.55227304200002, 25.091688024000064], [121.552217014, 25.091921958000057], [121.55219884700011, 25.092112471000064], [121.5521737580001, 25.09239273000003], [121.55217261100006, 25.092405536000058], [121.55220808900003, 25.092477373000065], [121.55234139600009, 25.092502851000063], [121.55259837800008, 25.09252785900003], [121.55281703100002, 25.092492401000072], [121.55320685100003, 25.092439011000067], [121.5535206400001, 25.092403199000046], [121.55385384700003, 25.092453893000027], [121.55421579100005, 25.092547739000054], [121.55447292100007, 25.092713144000072], [121.55448696300004, 25.092722176000052], [121.5544988690001, 25.09282117300006], [121.55449900600001, 25.092822311000077], [121.55454628100006, 25.093215377000035], [121.55455752000012, 25.093596217000027], [121.55466346300011, 25.093881495000062], [121.55474959700007, 25.09399369500005], [121.5548542790001, 25.094052686000055], [121.55490220700005, 25.09407969500006], [121.55529238300005, 25.094104179000055], [121.55555912000011, 25.09418108400007], [121.55585430000008, 25.094323772000052], [121.55595004500003, 25.09437005500007], [121.55602923800006, 25.094450446000053], [121.55625589500005, 25.094680536000055], [121.55636125600006, 25.094835954000075], [121.55635252900004, 25.095009117000075], [121.55636286900005, 25.095190872000046], [121.55641098900003, 25.09531188300008], [121.55648792500006, 25.09549338200003], [121.5566932270001, 25.095947713000044], [121.55681797000011, 25.096180968000056], [121.55693264600006, 25.09629306000005], [121.557065996, 25.096327184000074], [121.55724680000003, 25.09633516300005], [121.5574844460001, 25.09629097900006], [121.55760816700001, 25.096299164000072], [121.55764638000005, 25.096333641000058], [121.55771329400011, 25.096402644000023], [121.55776200500009, 25.09665349900007], [121.55781044300011, 25.096843754000076], [121.55783068100004, 25.096905718000073], [121.55792622500007, 25.097198244000026], [121.55801925900005, 25.09748675900005], [121.55805168200004, 25.09758731200003], [121.55811906800011, 25.097760187000063], [121.55817647100002, 25.097829224000066], [121.55823967900005, 25.097861126000055], [121.55834781500005, 25.097963064000055], [121.55861209900002, 25.09821220200007], [121.55866546400011, 25.098354866000022], [121.5586813430001, 25.098448520000034], [121.5586896100001, 25.098497292000047], [121.55870576300003, 25.098604112000032], [121.5587218820001, 25.098703792000038], [121.55876117200012, 25.09873215400006], [121.55880816600006, 25.098731979000036], [121.55894865700009, 25.098624565000023], [121.55908115300008, 25.098481543000048], [121.55922931200007, 25.098338477000027], [121.55932300500001, 25.098273991000042], [121.55944059300009, 25.09821219300005], [121.55956900600006, 25.09816289500003], [121.55960296700005, 25.09815469800003], [121.5596970150001, 25.098131995000074], [121.55972485000007, 25.098126815000057], [121.5598030210001, 25.098119738000037], [121.55984180900009, 25.09811622600006], [121.55994769300003, 25.098120893000043], [121.56004805300006, 25.098135725000077], [121.5601206230001, 25.098165866000045], [121.56013742900006, 25.098186071000043], [121.56017073500004, 25.09821217900003], [121.56023377800011, 25.09824130000004], [121.56030534900003, 25.098264674000063], [121.56038335400001, 25.09827383100003], [121.56041064200008, 25.09827372700005], [121.56049767400009, 25.09826866700007], [121.56054956300011, 25.098249558000077], [121.56059232700011, 25.09822457100006], [121.56064496300007, 25.098212174000025], [121.56078079300005, 25.098143065000045], [121.56088092000005, 25.09810718800003], [121.56095328200001, 25.098091709000073], [121.56103664700004, 25.098045769000066], [121.56127058400011, 25.098029663000034], [121.56143218500006, 25.098034125000027], [121.56151576100001, 25.098033798000074], [121.56163274100004, 25.098028283000076], [121.5617886550001, 25.098007404000043], [121.56193908800003, 25.098006835000035], [121.56199698000012, 25.098006616000077], [121.56203377200006, 25.09800647800006], [121.56203380500006, 25.09800647800006], [121.5622456430001, 25.09803101500006], [121.56232376100002, 25.098056058000054], [121.56250238000007, 25.098126353000055], [121.56250850300012, 25.098128647000067], [121.56263633300011, 25.098176545000058], [121.562708498, 25.098212129000046], [121.5628667530001, 25.098309501000074], [121.56307549100006, 25.09843748000003], [121.56321246300001, 25.098499141000048], [121.56325904500011, 25.098520110000038], [121.56340079300003, 25.098565019000034], [121.56355912300012, 25.098594717000026], [121.56380053700002, 25.098586216000058], [121.5639585560001, 25.098547731000053], [121.56419178600004, 25.098569570000052], [121.56440017600005, 25.098621797000078], [121.5645253780001, 25.098689489000037], [121.56473418900009, 25.098832618000074], [121.56482615900006, 25.09891560600005], [121.56499285100006, 25.098952842000074], [121.56508461200008, 25.098990366000066], [121.56557611800008, 25.099049086000036], [121.56599255300011, 25.099077777000048], [121.56637558000011, 25.099083888000052], [121.56649346300003, 25.099083432000043], [121.5666110740001, 25.09908297800007], [121.56681982300006, 25.099082171000077], [121.56683350300011, 25.09908211800007], [121.56695849800008, 25.099104365000073], [121.56699532800008, 25.099127612000075], [121.56703018200005, 25.099149612000076], [121.5670420030001, 25.09915707600004], [121.5670435400001, 25.099158602000045], [121.56712564800011, 25.09924007400008], [121.5671677360001, 25.09933840000008], [121.56720253000003, 25.099523528000077], [121.56721041900005, 25.09956549800006], [121.56728927200004, 25.099841109000067], [121.56730351300007, 25.099890886000026], [121.56749958800003, 25.100364186000036], [121.56752027100003, 25.100406247000024], [121.56769291500007, 25.100757362000024], [121.56796152700008, 25.10122601100005], [121.56807486000002, 25.10139199500003], [121.56816272300011, 25.10152068000008], [121.56848951500001, 25.10196637200005], [121.56873252200012, 25.10229875300007], [121.56875466800011, 25.10233551400006], [121.56882733200007, 25.102456136000058], [121.56889443300008, 25.102561928000057], [121.56899582900007, 25.10287971100007], [121.56903019000003, 25.10310684800004], [121.56913225500011, 25.10356855300006], [121.56915755900002, 25.103650341000048], [121.56928441700006, 25.104060369000024], [121.56939399600003, 25.10434782300007], [121.56950308500006, 25.104529209000077], [121.5697039050001, 25.10474055900005], [121.56991297800005, 25.104936706000046], [121.57014749300004, 25.105231247000063], [121.57026476600004, 25.105382302000066], [121.57034005600008, 25.105457756000078], [121.57049850500005, 25.105510176000053], [121.57080689700001, 25.105577156000038], [121.57098192800004, 25.105614364000076], [121.57113219200005, 25.105697104000058], [121.57134882100002, 25.105726566000044], [121.57144485200001, 25.105741161000026], [121.5716404530001, 25.105770887000062], [121.57199873700006, 25.105822527000043], [121.57229883900004, 25.105897122000044], [121.57237967000003, 25.10592945700006], [121.57268801900011, 25.106052813000076], [121.57294727100009, 25.106294220000052], [121.57324001100005, 25.106573379000054], [121.57348232900006, 25.106754245000047], [121.5736489630001, 25.106776323000076], [121.57388196000011, 25.106745115000024], [121.573950824, 25.106729706000067], [121.573975485, 25.106724188000044], [121.57412317800004, 25.106691141000056], [121.57433130000004, 25.106682759000023], [121.57482326800005, 25.10683234100003], [121.57524827100008, 25.106906437000077], [121.57573116600008, 25.10689697600003], [121.57594754400009, 25.10687339900005], [121.5762973950001, 25.106902330000025], [121.57658867500004, 25.106870886000024], [121.57667990800007, 25.10679478000003], [121.57683707500007, 25.10657446400006], [121.57699341600005, 25.106179927000028], [121.57710891300007, 25.105952199000058], [121.57730827800003, 25.105852937000066], [121.57779809800002, 25.105547986000033], [121.57821915200009, 25.105283918000055], [121.57863457000008, 25.105092897000077], [121.57881756900008, 25.10505429500006], [121.57899019400008, 25.105078726000045], [121.57900482200012, 25.105080797000028], [121.57902586900002, 25.10508377700006], [121.57915130100002, 25.105196912000054], [121.57924367900011, 25.10536321400008], [121.57942043300011, 25.105764022000074], [121.579596723, 25.106066356000042], [121.57968109800004, 25.106300859000044], [121.57977410900003, 25.106457625000075], [121.57994153400011, 25.106646349000073], [121.58008003100008, 25.10679329800007], [121.58008380100011, 25.10679729800006], [121.58030940300011, 25.106963070000063], [121.58060958500005, 25.107052786000054], [121.58074227400004, 25.10704701700007], [121.58080105600004, 25.107044462000033], [121.58105045400009, 25.106960145000073], [121.58132457500005, 25.106822703000034], [121.58137659300007, 25.106812198000057], [121.58151590200009, 25.106784060000052], [121.58170740800006, 25.106783310000026], [121.58177199700003, 25.106796752000037], [121.58195745000012, 25.10683534800006], [121.58226606800008, 25.106947760000025], [121.58246644000008, 25.10706060700005], [121.58265052500008, 25.10724926100005], [121.58270917200002, 25.10732478400007], [121.58280930300009, 25.107369843000072], [121.5829592880001, 25.107391969000048], [121.58310927200012, 25.10741409800005], [121.58316762800007, 25.107429031000038], [121.5832403930001, 25.10743181400005], [121.5833664380001, 25.107457405000048], [121.58365161400002, 25.107614407000028], [121.58366846100012, 25.10762720200006], [121.58380227400005, 25.107728830000042], [121.58400071500012, 25.10792211000006], [121.58415192600012, 25.108151545000055], [121.5841919180001, 25.108203978000063], [121.58423938300007, 25.108266206000053], [121.58428692500001, 25.10829477300007], [121.58431855900005, 25.108301835000077], [121.5844608750001, 25.108322830000077], [121.58457158700003, 25.10834395200004], [121.58476144600002, 25.108393517000025], [121.58484859200007, 25.108443486000056], [121.58500684500007, 25.10849318100003], [121.58514126200009, 25.108514209000077], [121.5852441400001, 25.108549741000047], [121.58528395300004, 25.10861427900005], [121.58528443600005, 25.10871491100005], [121.58530068400012, 25.108808284000077], [121.58537083300007, 25.10890087200005], [121.58552331300007, 25.109102121000035], [121.58566652500008, 25.10931000200003], [121.58582712700002, 25.109549057000038], [121.58584954900005, 25.10958243300007], [121.58599279600003, 25.109797505000074], [121.58603901700008, 25.10986603400005], [121.58614646, 25.110025330000042], [121.5861939130001, 25.11018095700007], [121.58619462200011, 25.110183285000062], [121.5862109410001, 25.11029104000005], [121.58625869200011, 25.110362731000066], [121.58640183600005, 25.110556246000044], [121.58642150700007, 25.11057398400004], [121.58646531800002, 25.110613492000027], [121.58652100200004, 25.110692337000046], [121.5866162960001, 25.110792596000067], [121.58665624700006, 25.110885885000073], [121.58670319500004, 25.11097038500003], [121.58676707400002, 25.111085356000046], [121.58679173300004, 25.11112974200006], [121.5868713960001, 25.111266002000036], [121.5869353280001, 25.11141669600005], [121.58702324, 25.11162480200005], [121.58707119500002, 25.11173962600003], [121.58712698600004, 25.11184004000006], [121.58715117100007, 25.11194057700004], [121.58719950900002, 25.11213445800007], [121.58727927600012, 25.112292283000045], [121.587303431, 25.112385634000077], [121.58739889600008, 25.11252183000005], [121.58751837600005, 25.112722616000042], [121.58759003700004, 25.112837348000028], [121.587656777, 25.11308762400006], [121.58769690500003, 25.113216842000043], [121.5878004110001, 25.113381762000074], [121.5878388750001, 25.113447862000044], [121.58788804900007, 25.11353236700006], [121.58794799200007, 25.113650965000033], [121.58800770200003, 25.11376910100006], [121.588142575, 25.11388356300006], [121.58836411400011, 25.113947375000066], [121.58883807000007, 25.113923924000062], [121.58910553800001, 25.11391590100004], [121.5891145700001, 25.113915631000054], [121.58940708000011, 25.113950406000072], [121.58951275700008, 25.113996402000055], [121.58965253300005, 25.114057238000044], [121.58976352700006, 25.114135864000048], [121.58980498200003, 25.114204295000036], [121.58981131500002, 25.11421474800005], [121.58985906400005, 25.114226952000024], [121.58986669100011, 25.114228901000047], [121.58992179000006, 25.114185545000055], [121.5899291720001, 25.114077703000078], [121.58997602500006, 25.11396249200004], [121.59004654000012, 25.113840012000026], [121.59006815000009, 25.11381148600003], [121.59017215900008, 25.113674182000068], [121.590227292, 25.113638021000042], [121.59030630300003, 25.11363769700006], [121.59042502700004, 25.113680359000057], [121.59051228400006, 25.11375189300003], [121.59058367000011, 25.113809115000038], [121.59077360600008, 25.11387303300006], [121.59086855900011, 25.11390140800006], [121.59096354300004, 25.113936970000054], [121.591042764, 25.113979786000073], [121.59113005600011, 25.11405850600005], [121.59139158800008, 25.114222780000034], [121.59145507400001, 25.114280035000036], [121.5915818740001, 25.114358594000066], [121.59179544400001, 25.11440806400003], [121.59203268500005, 25.114450230000045], [121.59226212800002, 25.114514001000032], [121.5924896030001, 25.114615167000068], [121.59251513200002, 25.114622445000066], [121.59266367100008, 25.114664792000042], [121.59275865900008, 25.114700351000067], [121.59281637200002, 25.11473879700003], [121.59294097500003, 25.11482180400003], [121.59309158300005, 25.114921837000054], [121.59331351100002, 25.115064716000063], [121.5934243700001, 25.115114576000053], [121.59351935600012, 25.11515013500008], [121.59359833100007, 25.115142631000026], [121.59369290000006, 25.11509193100005], [121.59384204100002, 25.114890057000025], [121.5939755930001, 25.114731389000042], [121.594085575, 25.11460156000004], [121.59419601500008, 25.114565176000042], [121.59431442700009, 25.114543123000033]]]}}]}