{
  "features": [
    {
      "geometry": {
        "coordinates": [
          121.46400000000052,
          25.003900022711115
        ],
        "type": "Point"
      },
      "properties": {
        "weight": 1
      },
      "type": "Feature"
    },
    {
      "geometry": {
        "coordinates": [
          121.46700000000052,
          25.003900022711107
        ],
        "type": "Point"
      },
      "properties": {
        "weight": 1
      },
      "type": "Feature"
    },
    {
      "geometry": {
        "coordinates": [
          121.46400000000052,
          25.004000022711306
        ],
        "type": "Point"
      },
      "properties": {
        "weight": 1
      },
      "type": "Feature"
    },
    {
      "geometry": {
        "coordinates": [
          121.46800000000054,
          25.004000022711303
        ],
        "type": "Point"
      },
      "properties": {
        "weight": 1
      },
      "type": "Feature"
    },
    {
      "geometry": {
        "coordinates": [
          121.46500000000053,
          25.004100022711476
        ],
        "type": "Point"
      },
      "properties": {
        "weight": 1
      },
      "type": "Feature"
    },
    {
      "geometry": {
        "coordinates": [
          121.46700000000052,
          25.004100022711476
        ],
        "type": "Point"
      },
      "properties": {
        "weight": 1
      },
      "type": "Feature"
    },
    {
      "geometry": {
        "coordinates": [
          121.46300000000055,
          25.004200022711675
        ],
        "type": "Point"
      },
      "properties": {
        "weight": 1
      },
      "type": "Feature"
    },
    {
      "geometry": {
        "coordinates": [
          121.46400000000052,
          25.00420002271168
        ],
        "type": "Point"
      },
      "properties": {
        "weight": 1
      },
      "type": "Feature"
    },
    {
      "geometry": {
        "coordinates": [
          121.46400000000052,
          25.004300022711867
        ],
        "type": "Point"
      },
      "properties": {
        "weight": 1
      },
      "type": "Feature"
    },
    {
      "geometry": {
        "coordinates": [
          121.46900000000052,
          25.004300022711867
        ],
        "type": "Point"
      },
      "properties": {
        "weight": 1
      },
      "type": "Feature"
    },
    {
      "geometry": {
        "coordinates": [
          121.46300000000055,
          25.004400022712055
        ],
        "type": "Point"
      },
      "properties": {
        "weight": 1
      },
      "type": "Feature"
    },
    {
      "geometry": {
        "coordinates": [
          121.46400000000052,
          25.004400022712055
        ],
        "type": "Point"
      },
      "properties": {
        "weight": 1
      },
      "type": "Feature"
    },
    {
      "geometry": {
        "coordinates": [
          121.46600000000052,
          25.004400022712044
        ],
        "type": "Point"
      },
      "properties": {
        "weight": 1
      },
      "type": "Feature"
    },
    {
      "geometry": {
        "coordinates": [
          121.46300000000055,
          25.004500022712243
        ],
        "type": "Point"
      },
      "properties": {
        "weight": 1
      },
      "type": "Feature"
    },
    {
      "geometry": {
        "coordinates": [
          121.46500000000053,
          25.004500022712243
        ],
        "type": "Point"
      },
      "properties": {
        "weight": 1
      },
      "type": "Feature"
    },
    {
      "geometry": {
        "coordinates": [
          121.46800000000054,
          25.00450002271225
        ],
        "type": "Point"
      },
      "properties": {
        "weight": 1
      },
      "type": "Feature"
    },
    {
      "geometry": {
        "coordinates": [
          121.46900000000052,
          25.00450002271225
        ],
        "type": "Point"
      },
      "properties": {
        "weight": 1
      },
      "type": "Feature"
    },
    {
      "geometry": {
        "coordinates": [
          121.46400000000052,
          25.004600022712438
        ],
        "type": "Point"
      },
      "properties": {
        "weight": 1
      },
      "type": "Feature"
    },
    {
      "geometry": {
        "coordinates": [
          121.46900000000055,
          25.004600022712435
        ],
        "type": "Point"
      },
      "properties": {
        "weight": 1
      },
      "type": "Feature"
    },
    {
      "geometry": {
        "coordinates": [
          121.46300000000055,
          25.004700022712633
        ],
        "type": "Point"
      },
      "properties": {
        "weight": 1
      },
      "type": "Feature"
    },
    {
      "geometry": {
        "coordinates": [
          121.46400000000052,
          25.004700022712623
        ],
        "type": "Point"
      },
      "properties": {
        "weight": 1
      },
      "type": "Feature"
    },
    {
      "geometry": {
        "coordinates": [
          121.46500000000053,
          25.00470002271263
        ],
        "type": "Point"
      },
      "properties": {
        "weight": 1
      },
      "type": "Feature"
    },
    {
      "geometry": {
        "coordinates": [
          121.46600000000052,
          25.004700022712633
        ],
        "type": "Point"
      },
      "properties": {
        "weight": 1
      },
      "type": "Feature"
    },
    {
      "geometry": {
        "coordinates": [
          121.46900000000052,
          25.00470002271263
        ],
        "type": "Point"
      },
      "properties": {
        "weight": 1
      },
      "type": "Feature"
    },
    {
      "geometry": {
        "coordinates": [
          121.47000000000055,
          25.00470002271263
        ],
        "type": "Point"
      },
      "properties": {
        "weight": 1
      },
      "type": "Feature"
    },
    {
      "geometry": {
        "coordinates": [
          121.46100000000055,
          25.004800022712807
        ],
        "type": "Point"
      },
      "properties": {
        "weight": 1
      },
      "type": "Feature"
    },
    {
      "geometry": {
        "coordinates": [
          121.46300000000055,
          25.004800022712814
        ],
        "type": "Point"
      },
      "properties": {
        "weight": 1
      },
      "type": "Feature"
    },
    {
      "geometry": {
        "coordinates": [
          121.46400000000052,
          25.004800022712814
        ],
        "type": "Point"
      },
      "properties": {
        "weight": 1
      },
      "type": "Feature"
    },
    {
      "geometry": {
        "coordinates": [
          121.46800000000054,
          25.004800022712814
        ],
        "type": "Point"
      },
      "properties": {
        "weight": 1
      },
      "type": "Feature"
    },
    {
      "geometry": {
        "coordinates": [
          121.46900000000055,
          25.004800022712807
        ],
        "type": "Point"
      },
      "properties": {
        "weight": 1
      },
      "type": "Feature"
    },
    {
      "geometry": {
        "coordinates": [
          121.46400000000052,
          25.004900022712995
        ],
        "type": "Point"
      },
      "properties": {
        "weight": 1
      },
      "type": "Feature"
    },
    {
      "geometry": {
        "coordinates": [
          121.46500000000053,
          25.004900022713
        ],
        "type": "Point"
      },
      "properties": {
        "weight": 1
      },
      "type": "Feature"
    },
    {
      "geometry": {
        "coordinates": [
          121.46800000000054,
          25.004900022712995
        ],
        "type": "Point"
      },
      "properties": {
        "weight": 1
      },
      "type": "Feature"
    },
    {
      "geometry": {
        "coordinates": [
          121.46900000000052,
          25.004900022712995
        ],
        "type": "Point"
      },
      "properties": {
        "weight": 1
      },
      "type": "Feature"
    },
    {
      "geometry": {
        "coordinates": [
          121.47000000000055,
          25.004900022712995
        ],
        "type": "Point"
      },
      "properties": {
        "weight": 1
      },
      "type": "Feature"
    },
    {
      "geometry": {
        "coordinates": [
          121.46100000000055,
          25.0050000227132
        ],
        "type": "Point"
      },
      "properties": {
        "weight": 1
      },
      "type": "Feature"
    },
    {
      "geometry": {
        "coordinates": [
          121.46800000000054,
          25.005000022713197
        ],
        "type": "Point"
      },
      "properties": {
        "weight": 1
      },
      "type": "Feature"
    },
    {
      "geometry": {
        "coordinates": [
          121.46000000000055,
          25.005100022713385
        ],
        "type": "Point"
      },
      "properties": {
        "weight": 1
      },
      "type": "Feature"
    },
    {
      "geometry": {
        "coordinates": [
          121.46100000000055,
          25.005100022713382
        ],
        "type": "Point"
      },
      "properties": {
        "weight": 1
      },
      "type": "Feature"
    },
    {
      "geometry": {
        "coordinates": [
          121.46600000000052,
          25.00510002271338
        ],
        "type": "Point"
      },
      "properties": {
        "weight": 1
      },
      "type": "Feature"
    },
    {
      "geometry": {
        "coordinates": [
          121.46900000000055,
          25.00510002271338
        ],
        "type": "Point"
      },
      "properties": {
        "weight": 1
      },
      "type": "Feature"
    },
    {
      "geometry": {
        "coordinates": [
          121.47000000000055,
          25.005100022713385
        ],
        "type": "Point"
      },
      "properties": {
        "weight": 1
      },
      "type": "Feature"
    },
    {
      "geometry": {
        "coordinates": [
          121.46800000000054,
          25.00520002271357
        ],
        "type": "Point"
      },
      "properties": {
        "weight": 1
      },
      "type": "Feature"
    },
    {
      "geometry": {
        "coordinates": [
          121.47000000000055,
          25.00520002271358
        ],
        "type": "Point"
      },
      "properties": {
        "weight": 1
      },
      "type": "Feature"
    },
    {
      "geometry": {
        "coordinates": [
          121.46200000000054,
          25.00530002271376
        ],
        "type": "Point"
      },
      "properties": {
        "weight": 1
      },
      "type": "Feature"
    },
    {
      "geometry": {
        "coordinates": [
          121.46300000000055,
          25.00530002271376
        ],
        "type": "Point"
      },
      "properties": {
        "weight": 1
      },
      "type": "Feature"
    },
    {
      "geometry": {
        "coordinates": [
          121.46800000000054,
          25.00530002271376
        ],
        "type": "Point"
      },
      "properties": {
        "weight": 1
      },
      "type": "Feature"
    },
    {
      "geometry": {
        "coordinates": [
          121.46900000000055,
          25.00530002271376
        ],
        "type": "Point"
      },
      "properties": {
        "weight": 1
      },
      "type": "Feature"
    },
    {
      "geometry": {
        "coordinates": [
          121.46200000000054,
          25.005400022713957
        ],
        "type": "Point"
      },
      "properties": {
        "weight": 1
      },
      "type": "Feature"
    },
    {
      "geometry": {
        "coordinates": [
          121.46800000000054,
          25.005400022713957
        ],
        "type": "Point"
      },
      "properties": {
        "weight": 1
      },
      "type": "Feature"
    },
    {
      "geometry": {
        "coordinates": [
          121.46300000000055,
          25.005500022714134
        ],
        "type": "Point"
      },
      "properties": {
        "weight": 1
      },
      "type": "Feature"
    },
    {
      "geometry": {
        "coordinates": [
          121.46600000000052,
          25.005500022714127
        ],
        "type": "Point"
      },
      "properties": {
        "weight": 1
      },
      "type": "Feature"
    },
    {
      "geometry": {
        "coordinates": [
          121.46700000000052,
          25.00550002271413
        ],
        "type": "Point"
      },
      "properties": {
        "weight": 1
      },
      "type": "Feature"
    },
    {
      "geometry": {
        "coordinates": [
          121.46200000000054,
          25.005600022714333
        ],
        "type": "Point"
      },
      "properties": {
        "weight": 1
      },
      "type": "Feature"
    },
    {
      "geometry": {
        "coordinates": [
          121.46400000000052,
          25.005600022714333
        ],
        "type": "Point"
      },
      "properties": {
        "weight": 1
      },
      "type": "Feature"
    },
    {
      "geometry": {
        "coordinates": [
          121.46500000000053,
          25.00560002271433
        ],
        "type": "Point"
      },
      "properties": {
        "weight": 1
      },
      "type": "Feature"
    },
    {
      "geometry": {
        "coordinates": [
          121.47000000000055,
          25.00560002271433
        ],
        "type": "Point"
      },
      "properties": {
        "weight": 1
      },
      "type": "Feature"
    },
    {
      "geometry": {
        "coordinates": [
          121.46000000000055,
          25.005700022714507
        ],
        "type": "Point"
      },
      "properties": {
        "weight": 1
      },
      "type": "Feature"
    },
    {
      "geometry": {
        "coordinates": [
          121.46200000000054,
          25.00570002271452
        ],
        "type": "Point"
      },
      "properties": {
        "weight": 1
      },
      "type": "Feature"
    },
    {
      "geometry": {
        "coordinates": [
          121.46300000000055,
          25.005700022714507
        ],
        "type": "Point"
      },
      "properties": {
        "weight": 1
      },
      "type": "Feature"
    },
    {
      "geometry": {
        "coordinates": [
          121.46400000000052,
          25.00570002271452
        ],
        "type": "Point"
      },
      "properties": {
        "weight": 1
      },
      "type": "Feature"
    },
    {
      "geometry": {
        "coordinates": [
          121.47000000000055,
          25.005700022714514
        ],
        "type": "Point"
      },
      "properties": {
        "weight": 1
      },
      "type": "Feature"
    },
    {
      "geometry": {
        "coordinates": [
          121.45900000000056,
          25.00580002271471
        ],
        "type": "Point"
      },
      "properties": {
        "weight": 1
      },
      "type": "Feature"
    },
    {
      "geometry": {
        "coordinates": [
          121.46200000000054,
          25.00580002271471
        ],
        "type": "Point"
      },
      "properties": {
        "weight": 1
      },
      "type": "Feature"
    },
    {
      "geometry": {
        "coordinates": [
          121.46300000000055,
          25.005800022714705
        ],
        "type": "Point"
      },
      "properties": {
        "weight": 1
      },
      "type": "Feature"
    },
    {
      "geometry": {
        "coordinates": [
          121.46400000000052,
          25.00580002271471
        ],
        "type": "Point"
      },
      "properties": {
        "weight": 1
      },
      "type": "Feature"
    },
    {
      "geometry": {
        "coordinates": [
          121.47100000000056,
          25.005800022714705
        ],
        "type": "Point"
      },
      "properties": {
        "weight": 1
      },
      "type": "Feature"
    },
    {
      "geometry": {
        "coordinates": [
          121.45900000000056,
          25.005900022714904
        ],
        "type": "Point"
      },
      "properties": {
        "weight": 1
      },
      "type": "Feature"
    },
    {
      "geometry": {
        "coordinates": [
          121.46100000000055,
          25.005900022714897
        ],
        "type": "Point"
      },
      "properties": {
        "weight": 1
      },
      "type": "Feature"
    },
    {
      "geometry": {
        "coordinates": [
          121.46200000000054,
          25.005900022714897
        ],
        "type": "Point"
      },
      "properties": {
        "weight": 1
      },
      "type": "Feature"
    },
    {
      "geometry": {
        "coordinates": [
          121.46300000000055,
          25.005900022714897
        ],
        "type": "Point"
      },
      "properties": {
        "weight": 1
      },
      "type": "Feature"
    },
    {
      "geometry": {
        "coordinates": [
          121.46400000000052,
          25.005900022714904
        ],
        "type": "Point"
      },
      "properties": {
        "weight": 1
      },
      "type": "Feature"
    },
    {
      "geometry": {
        "coordinates": [
          121.46800000000054,
          25.00590002271489
        ],
        "type": "Point"
      },
      "properties": {
        "weight": 1
      },
      "type": "Feature"
    },
    {
      "geometry": {
        "coordinates": [
          121.47000000000055,
          25.005900022714886
        ],
        "type": "Point"
      },
      "properties": {
        "weight": 1
      },
      "type": "Feature"
    },
    {
      "geometry": {
        "coordinates": [
          121.47100000000056,
          25.00590002271489
        ],
        "type": "Point"
      },
      "properties": {
        "weight": 1
      },
      "type": "Feature"
    },
    {
      "geometry": {
        "coordinates": [
          121.46900000000055,
          25.006000022715078
        ],
        "type": "Point"
      },
      "properties": {
        "weight": 1
      },
      "type": "Feature"
    },
    {
      "geometry": {
        "coordinates": [
          121.47000000000055,
          25.00600002271507
        ],
        "type": "Point"
      },
      "properties": {
        "weight": 1
      },
      "type": "Feature"
    },
    {
      "geometry": {
        "coordinates": [
          121.45900000000056,
          25.006100022715277
        ],
        "type": "Point"
      },
      "properties": {
        "weight": 1
      },
      "type": "Feature"
    },
    {
      "geometry": {
        "coordinates": [
          121.46000000000055,
          25.006100022715277
        ],
        "type": "Point"
      },
      "properties": {
        "weight": 1
      },
      "type": "Feature"
    },
    {
      "geometry": {
        "coordinates": [
          121.46100000000055,
          25.006100022715277
        ],
        "type": "Point"
      },
      "properties": {
        "weight": 1
      },
      "type": "Feature"
    },
    {
      "geometry": {
        "coordinates": [
          121.46300000000055,
          25.006100022715273
        ],
        "type": "Point"
      },
      "properties": {
        "weight": 1
      },
      "type": "Feature"
    },
    {
      "geometry": {
        "coordinates": [
          121.46500000000053,
          25.006100022715273
        ],
        "type": "Point"
      },
      "properties": {
        "weight": 1
      },
      "type": "Feature"
    },
    {
      "geometry": {
        "coordinates": [
          121.46900000000055,
          25.006100022715273
        ],
        "type": "Point"
      },
      "properties": {
        "weight": 1
      },
      "type": "Feature"
    },
    {
      "geometry": {
        "coordinates": [
          121.47000000000055,
          25.006100022715273
        ],
        "type": "Point"
      },
      "properties": {
        "weight": 1
      },
      "type": "Feature"
    },
    {
      "geometry": {
        "coordinates": [
          121.46000000000055,
          25.00620002271546
        ],
        "type": "Point"
      },
      "properties": {
        "weight": 1
      },
      "type": "Feature"
    },
    {
      "geometry": {
        "coordinates": [
          121.46200000000054,
          25.00620002271546
        ],
        "type": "Point"
      },
      "properties": {
        "weight": 1
      },
      "type": "Feature"
    },
    {
      "geometry": {
        "coordinates": [
          121.46300000000055,
          25.00620002271547
        ],
        "type": "Point"
      },
      "properties": {
        "weight": 1
      },
      "type": "Feature"
    },
    {
      "geometry": {
        "coordinates": [
          121.46600000000052,
          25.00620002271546
        ],
        "type": "Point"
      },
      "properties": {
        "weight": 1
      },
      "type": "Feature"
    },
    {
      "geometry": {
        "coordinates": [
          121.46700000000052,
          25.006200022715458
        ],
        "type": "Point"
      },
      "properties": {
        "weight": 1
      },
      "type": "Feature"
    },
    {
      "geometry": {
        "coordinates": [
          121.46900000000055,
          25.00620002271546
        ],
        "type": "Point"
      },
      "properties": {
        "weight": 1
      },
      "type": "Feature"
    },
    {
      "geometry": {
        "coordinates": [
          121.47000000000055,
          25.00620002271547
        ],
        "type": "Point"
      },
      "properties": {
        "weight": 1
      },
      "type": "Feature"
    },
    {
      "geometry": {
        "coordinates": [
          121.47100000000056,
          25.00620002271546
        ],
        "type": "Point"
      },
      "properties": {
        "weight": 1
      },
      "type": "Feature"
    },
    {
      "geometry": {
        "coordinates": [
          121.46000000000055,
          25.00630002271565
        ],
        "type": "Point"
      },
      "properties": {
        "weight": 1
      },
      "type": "Feature"
    },
    {
      "geometry": {
        "coordinates": [
          121.46700000000052,
          25.00630002271565
        ],
        "type": "Point"
      },
      "properties": {
        "weight": 1
      },
      "type": "Feature"
    },
    {
      "geometry": {
        "coordinates": [
          121.46900000000055,
          25.00630002271565
        ],
        "type": "Point"
      },
      "properties": {
        "weight": 1
      },
      "type": "Feature"
    },
    {
      "geometry": {
        "coordinates": [
          121.47100000000056,
          25.00630002271565
        ],
        "type": "Point"
      },
      "properties": {
        "weight": 1
      },
      "type": "Feature"
    },
    {
      "geometry": {
        "coordinates": [
          121.47200000000055,
          25.006300022715642
        ],
        "type": "Point"
      },
      "properties": {
        "weight": 1
      },
      "type": "Feature"
    },
    {
      "geometry": {
        "coordinates": [
          121.45900000000056,
          25.006400022715834
        ],
        "type": "Point"
      },
      "properties": {
        "weight": 1
      },
      "type": "Feature"
    },
    {
      "geometry": {
        "coordinates": [
          121.46700000000052,
          25.006400022715837
        ],
        "type": "Point"
      },
      "properties": {
        "weight": 1
      },
      "type": "Feature"
    },
    {
      "geometry": {
        "coordinates": [
          121.46900000000055,
          25.006400022715837
        ],
        "type": "Point"
      },
      "properties": {
        "weight": 1
      },
      "type": "Feature"
    },
    {
      "geometry": {
        "coordinates": [
          121.47100000000056,
          25.00640002271584
        ],
        "type": "Point"
      },
      "properties": {
        "weight": 1
      },
      "type": "Feature"
    },
    {
      "geometry": {
        "coordinates": [
          121.45900000000056,
          25.006500022716033
        ],
        "type": "Point"
      },
      "properties": {
        "weight": 1
      },
      "type": "Feature"
    },
    {
      "geometry": {
        "coordinates": [
          121.46000000000055,
          25.006500022716022
        ],
        "type": "Point"
      },
      "properties": {
        "weight": 1
      },
      "type": "Feature"
    },
    {
      "geometry": {
        "coordinates": [
          121.46200000000054,
          25.006500022716022
        ],
        "type": "Point"
      },
      "properties": {
        "weight": 1
      },
      "type": "Feature"
    },
    {
      "geometry": {
        "coordinates": [
          121.46300000000055,
          25.006500022716022
        ],
        "type": "Point"
      },
      "properties": {
        "weight": 1
      },
      "type": "Feature"
    },
    {
      "geometry": {
        "coordinates": [
          121.46500000000053,
          25.006500022716022
        ],
        "type": "Point"
      },
      "properties": {
        "weight": 1
      },
      "type": "Feature"
    },
    {
      "geometry": {
        "coordinates": [
          121.46700000000052,
          25.006500022716022
        ],
        "type": "Point"
      },
      "properties": {
        "weight": 1
      },
      "type": "Feature"
    },
    {
      "geometry": {
        "coordinates": [
          121.46900000000055,
          25.006500022716033
        ],
        "type": "Point"
      },
      "properties": {
        "weight": 1
      },
      "type": "Feature"
    },
    {
      "geometry": {
        "coordinates": [
          121.47100000000056,
          25.006500022716022
        ],
        "type": "Point"
      },
      "properties": {
        "weight": 1
      },
      "type": "Feature"
    },
    {
      "geometry": {
        "coordinates": [
          121.46200000000054,
          25.006600022716217
        ],
        "type": "Point"
      },
      "properties": {
        "weight": 1
      },
      "type": "Feature"
    },
    {
      "geometry": {
        "coordinates": [
          121.46800000000054,
          25.006600022716214
        ],
        "type": "Point"
      },
      "properties": {
        "weight": 1
      },
      "type": "Feature"
    },
    {
      "geometry": {
        "coordinates": [
          121.46900000000055,
          25.006600022716206
        ],
        "type": "Point"
      },
      "properties": {
        "weight": 1
      },
      "type": "Feature"
    },
    {
      "geometry": {
        "coordinates": [
          121.47100000000056,
          25.006600022716206
        ],
        "type": "Point"
      },
      "properties": {
        "weight": 1
      },
      "type": "Feature"
    },
    {
      "geometry": {
        "coordinates": [
          121.47200000000055,
          25.006600022716206
        ],
        "type": "Point"
      },
      "properties": {
        "weight": 1
      },
      "type": "Feature"
    },
    {
      "geometry": {
        "coordinates": [
          121.46000000000055,
          25.006700022716416
        ],
        "type": "Point"
      },
      "properties": {
        "weight": 1
      },
      "type": "Feature"
    },
    {
      "geometry": {
        "coordinates": [
          121.46100000000055,
          25.006700022716405
        ],
        "type": "Point"
      },
      "properties": {
        "weight": 1
      },
      "type": "Feature"
    },
    {
      "geometry": {
        "coordinates": [
          121.46300000000055,
          25.006700022716405
        ],
        "type": "Point"
      },
      "properties": {
        "weight": 1
      },
      "type": "Feature"
    },
    {
      "geometry": {
        "coordinates": [
          121.46400000000052,
          25.006700022716405
        ],
        "type": "Point"
      },
      "properties": {
        "weight": 1
      },
      "type": "Feature"
    },
    {
      "geometry": {
        "coordinates": [
          121.46800000000054,
          25.006700022716405
        ],
        "type": "Point"
      },
      "properties": {
        "weight": 1
      },
      "type": "Feature"
    },
    {
      "geometry": {
        "coordinates": [
          121.47100000000056,
          25.00670002271639
        ],
        "type": "Point"
      },
      "properties": {
        "weight": 1
      },
      "type": "Feature"
    },
    {
      "geometry": {
        "coordinates": [
          121.46100000000055,
          25.00680002271659
        ],
        "type": "Point"
      },
      "properties": {
        "weight": 1
      },
      "type": "Feature"
    },
    {
      "geometry": {
        "coordinates": [
          121.46900000000055,
          25.00680002271659
        ],
        "type": "Point"
      },
      "properties": {
        "weight": 1
      },
      "type": "Feature"
    },
    {
      "geometry": {
        "coordinates": [
          121.47000000000055,
          25.00680002271659
        ],
        "type": "Point"
      },
      "properties": {
        "weight": 1
      },
      "type": "Feature"
    },
    {
      "geometry": {
        "coordinates": [
          121.46100000000055,
          25.006900022716785
        ],
        "type": "Point"
      },
      "properties": {
        "weight": 1
      },
      "type": "Feature"
    },
    {
      "geometry": {
        "coordinates": [
          121.46200000000054,
          25.006900022716795
        ],
        "type": "Point"
      },
      "properties": {
        "weight": 1
      },
      "type": "Feature"
    },
    {
      "geometry": {
        "coordinates": [
          121.46800000000054,
          25.00690002271679
        ],
        "type": "Point"
      },
      "properties": {
        "weight": 1
      },
      "type": "Feature"
    },
    {
      "geometry": {
        "coordinates": [
          121.47300000000057,
          25.00690002271678
        ],
        "type": "Point"
      },
      "properties": {
        "weight": 1
      },
      "type": "Feature"
    },
    {
      "geometry": {
        "coordinates": [
          121.46000000000055,
          25.007000022716966
        ],
        "type": "Point"
      },
      "properties": {
        "weight": 1
      },
      "type": "Feature"
    },
    {
      "geometry": {
        "coordinates": [
          121.46100000000055,
          25.007000022716962
        ],
        "type": "Point"
      },
      "properties": {
        "weight": 1
      },
      "type": "Feature"
    },
    {
      "geometry": {
        "coordinates": [
          121.46800000000054,
          25.007000022716962
        ],
        "type": "Point"
      },
      "properties": {
        "weight": 1
      },
      "type": "Feature"
    },
    {
      "geometry": {
        "coordinates": [
          121.46900000000055,
          25.007000022716966
        ],
        "type": "Point"
      },
      "properties": {
        "weight": 1
      },
      "type": "Feature"
    },
    {
      "geometry": {
        "coordinates": [
          121.47100000000056,
          25.007000022716962
        ],
        "type": "Point"
      },
      "properties": {
        "weight": 1
      },
      "type": "Feature"
    },
    {
      "geometry": {
        "coordinates": [
          121.47200000000055,
          25.007000022716962
        ],
        "type": "Point"
      },
      "properties": {
        "weight": 1
      },
      "type": "Feature"
    },
    {
      "geometry": {
        "coordinates": [
          121.45800000000054,
          25.007100022717175
        ],
        "type": "Point"
      },
      "properties": {
        "weight": 1
      },
      "type": "Feature"
    },
    {
      "geometry": {
        "coordinates": [
          121.45900000000056,
          25.007100022717164
        ],
        "type": "Point"
      },
      "properties": {
        "weight": 1
      },
      "type": "Feature"
    },
    {
      "geometry": {
        "coordinates": [
          121.46000000000055,
          25.00710002271716
        ],
        "type": "Point"
      },
      "properties": {
        "weight": 1
      },
      "type": "Feature"
    },
    {
      "geometry": {
        "coordinates": [
          121.46100000000055,
          25.007100022717164
        ],
        "type": "Point"
      },
      "properties": {
        "weight": 1
      },
      "type": "Feature"
    },
    {
      "geometry": {
        "coordinates": [
          121.46400000000052,
          25.00710002271716
        ],
        "type": "Point"
      },
      "properties": {
        "weight": 1
      },
      "type": "Feature"
    },
    {
      "geometry": {
        "coordinates": [
          121.46800000000054,
          25.007100022717164
        ],
        "type": "Point"
      },
      "properties": {
        "weight": 1
      },
      "type": "Feature"
    },
    {
      "geometry": {
        "coordinates": [
          121.46900000000055,
          25.007100022717164
        ],
        "type": "Point"
      },
      "properties": {
        "weight": 1
      },
      "type": "Feature"
    },
    {
      "geometry": {
        "coordinates": [
          121.47100000000056,
          25.00710002271716
        ],
        "type": "Point"
      },
      "properties": {
        "weight": 1
      },
      "type": "Feature"
    },
    {
      "geometry": {
        "coordinates": [
          121.47200000000055,
          25.007100022717164
        ],
        "type": "Point"
      },
      "properties": {
        "weight": 1
      },
      "type": "Feature"
    },
    {
      "geometry": {
        "coordinates": [
          121.45800000000054,
          25.007200022717345
        ],
        "type": "Point"
      },
      "properties": {
        "weight": 1
      },
      "type": "Feature"
    },
    {
      "geometry": {
        "coordinates": [
          121.46300000000055,
          25.007200022717335
        ],
        "type": "Point"
      },
      "properties": {
        "weight": 1
      },
      "type": "Feature"
    },
    {
      "geometry": {
        "coordinates": [
          121.46400000000052,
          25.007200022717342
        ],
        "type": "Point"
      },
      "properties": {
        "weight": 1
      },
      "type": "Feature"
    },
    {
      "geometry": {
        "coordinates": [
          121.46800000000054,
          25.007200022717342
        ],
        "type": "Point"
      },
      "properties": {
        "weight": 1
      },
      "type": "Feature"
    },
    {
      "geometry": {
        "coordinates": [
          121.47100000000056,
          25.007200022717342
        ],
        "type": "Point"
      },
      "properties": {
        "weight": 1
      },
      "type": "Feature"
    },
    {
      "geometry": {
        "coordinates": [
          121.46000000000055,
          25.00730002271754
        ],
        "type": "Point"
      },
      "properties": {
        "weight": 1
      },
      "type": "Feature"
    },
    {
      "geometry": {
        "coordinates": [
          121.47100000000056,
          25.00730002271754
        ],
        "type": "Point"
      },
      "properties": {
        "weight": 1
      },
      "type": "Feature"
    },
    {
      "geometry": {
        "coordinates": [
          121.46100000000055,
          25.007400022717718
        ],
        "type": "Point"
      },
      "properties": {
        "weight": 1
      },
      "type": "Feature"
    },
    {
      "geometry": {
        "coordinates": [
          121.46200000000054,
          25.007400022717718
        ],
        "type": "Point"
      },
      "properties": {
        "weight": 1
      },
      "type": "Feature"
    },
    {
      "geometry": {
        "coordinates": [
          121.46400000000052,
          25.007400022717718
        ],
        "type": "Point"
      },
      "properties": {
        "weight": 1
      },
      "type": "Feature"
    },
    {
      "geometry": {
        "coordinates": [
          121.46700000000052,
          25.007400022717718
        ],
        "type": "Point"
      },
      "properties": {
        "weight": 1
      },
      "type": "Feature"
    },
    {
      "geometry": {
        "coordinates": [
          121.46800000000054,
          25.007400022717714
        ],
        "type": "Point"
      },
      "properties": {
        "weight": 1
      },
      "type": "Feature"
    },
    {
      "geometry": {
        "coordinates": [
          121.46900000000055,
          25.007400022717714
        ],
        "type": "Point"
      },
      "properties": {
        "weight": 1
      },
      "type": "Feature"
    },
    {
      "geometry": {
        "coordinates": [
          121.47000000000055,
          25.007400022717718
        ],
        "type": "Point"
      },
      "properties": {
        "weight": 1
      },
      "type": "Feature"
    },
    {
      "geometry": {
        "coordinates": [
          121.47100000000056,
          25.007400022717714
        ],
        "type": "Point"
      },
      "properties": {
        "weight": 1
      },
      "type": "Feature"
    },
    {
      "geometry": {
        "coordinates": [
          121.47200000000055,
          25.007400022717718
        ],
        "type": "Point"
      },
      "properties": {
        "weight": 1
      },
      "type": "Feature"
    },
    {
      "geometry": {
        "coordinates": [
          121.46300000000055,
          25.007500022717913
        ],
        "type": "Point"
      },
      "properties": {
        "weight": 1
      },
      "type": "Feature"
    },
    {
      "geometry": {
        "coordinates": [
          121.47100000000056,
          25.007500022717917
        ],
        "type": "Point"
      },
      "properties": {
        "weight": 1
      },
      "type": "Feature"
    },
    {
      "geometry": {
        "coordinates": [
          121.47300000000057,
          25.007500022717917
        ],
        "type": "Point"
      },
      "properties": {
        "weight": 1
      },
      "type": "Feature"
    },
    {
      "geometry": {
        "coordinates": [
          121.46000000000055,
          25.007600022718115
        ],
        "type": "Point"
      },
      "properties": {
        "weight": 1
      },
      "type": "Feature"
    },
    {
      "geometry": {
        "coordinates": [
          121.46400000000052,
          25.007600022718105
        ],
        "type": "Point"
      },
      "properties": {
        "weight": 1
      },
      "type": "Feature"
    },
    {
      "geometry": {
        "coordinates": [
          121.46800000000057,
          25.007600022718112
        ],
        "type": "Point"
      },
      "properties": {
        "weight": 1
      },
      "type": "Feature"
    },
    {
      "geometry": {
        "coordinates": [
          121.47000000000055,
          25.007600022718105
        ],
        "type": "Point"
      },
      "properties": {
        "weight": 1
      },
      "type": "Feature"
    },
    {
      "geometry": {
        "coordinates": [
          121.47200000000055,
          25.007600022718105
        ],
        "type": "Point"
      },
      "properties": {
        "weight": 1
      },
      "type": "Feature"
    },
    {
      "geometry": {
        "coordinates": [
          121.47300000000057,
          25.007600022718105
        ],
        "type": "Point"
      },
      "properties": {
        "weight": 1
      },
      "type": "Feature"
    },
    {
      "geometry": {
        "coordinates": [
          121.46400000000052,
          25.007700022718293
        ],
        "type": "Point"
      },
      "properties": {
        "weight": 1
      },
      "type": "Feature"
    },
    {
      "geometry": {
        "coordinates": [
          121.47100000000056,
          25.00770002271829
        ],
        "type": "Point"
      },
      "properties": {
        "weight": 1
      },
      "type": "Feature"
    },
    {
      "geometry": {
        "coordinates": [
          121.47200000000055,
          25.00770002271828
        ],
        "type": "Point"
      },
      "properties": {
        "weight": 1
      },
      "type": "Feature"
    },
    {
      "geometry": {
        "coordinates": [
          121.46900000000055,
          25.007800022718488
        ],
        "type": "Point"
      },
      "properties": {
        "weight": 1
      },
      "type": "Feature"
    },
    {
      "geometry": {
        "coordinates": [
          121.45800000000054,
          25.007900022718687
        ],
        "type": "Point"
      },
      "properties": {
        "weight": 1
      },
      "type": "Feature"
    },
    {
      "geometry": {
        "coordinates": [
          121.46800000000054,
          25.007900022718676
        ],
        "type": "Point"
      },
      "properties": {
        "weight": 1
      },
      "type": "Feature"
    },
    {
      "geometry": {
        "coordinates": [
          121.47100000000056,
          25.00790002271868
        ],
        "type": "Point"
      },
      "properties": {
        "weight": 1
      },
      "type": "Feature"
    },
    {
      "geometry": {
        "coordinates": [
          121.47200000000055,
          25.007900022718676
        ],
        "type": "Point"
      },
      "properties": {
        "weight": 1
      },
      "type": "Feature"
    },
    {
      "geometry": {
        "coordinates": [
          121.46100000000055,
          25.00800002271886
        ],
        "type": "Point"
      },
      "properties": {
        "weight": 1
      },
      "type": "Feature"
    },
    {
      "geometry": {
        "coordinates": [
          121.46200000000054,
          25.00800002271886
        ],
        "type": "Point"
      },
      "properties": {
        "weight": 1
      },
      "type": "Feature"
    },
    {
      "geometry": {
        "coordinates": [
          121.46100000000055,
          25.00810002271904
        ],
        "type": "Point"
      },
      "properties": {
        "weight": 1
      },
      "type": "Feature"
    },
    {
      "geometry": {
        "coordinates": [
          121.47200000000055,
          25.008100022719038
        ],
        "type": "Point"
      },
      "properties": {
        "weight": 1
      },
      "type": "Feature"
    },
    {
      "geometry": {
        "coordinates": [
          121.47300000000057,
          25.008100022719038
        ],
        "type": "Point"
      },
      "properties": {
        "weight": 1
      },
      "type": "Feature"
    },
    {
      "geometry": {
        "coordinates": [
          121.46200000000054,
          25.008200022719244
        ],
        "type": "Point"
      },
      "properties": {
        "weight": 1
      },
      "type": "Feature"
    },
    {
      "geometry": {
        "coordinates": [
          121.47300000000057,
          25.008200022719237
        ],
        "type": "Point"
      },
      "properties": {
        "weight": 1
      },
      "type": "Feature"
    },
    {
      "geometry": {
        "coordinates": [
          121.46200000000054,
          25.008300022719432
        ],
        "type": "Point"
      },
      "properties": {
        "weight": 1
      },
      "type": "Feature"
    },
    {
      "geometry": {
        "coordinates": [
          121.46800000000057,
          25.008300022719435
        ],
        "type": "Point"
      },
      "properties": {
        "weight": 1
      },
      "type": "Feature"
    },
    {
      "geometry": {
        "coordinates": [
          121.47200000000055,
          25.008300022719435
        ],
        "type": "Point"
      },
      "properties": {
        "weight": 1
      },
      "type": "Feature"
    },
    {
      "geometry": {
        "coordinates": [
          121.46800000000057,
          25.008400022719616
        ],
        "type": "Point"
      },
      "properties": {
        "weight": 1
      },
      "type": "Feature"
    },
    {
      "geometry": {
        "coordinates": [
          121.47000000000055,
          25.008400022719616
        ],
        "type": "Point"
      },
      "properties": {
        "weight": 1
      },
      "type": "Feature"
    },
    {
      "geometry": {
        "coordinates": [
          121.46900000000055,
          25.008500022719804
        ],
        "type": "Point"
      },
      "properties": {
        "weight": 1
      },
      "type": "Feature"
    },
    {
      "geometry": {
        "coordinates": [
          121.47100000000056,
          25.008500022719815
        ],
        "type": "Point"
      },
      "properties": {
        "weight": 1
      },
      "type": "Feature"
    },
    {
      "geometry": {
        "coordinates": [
          121.47200000000055,
          25.008500022719815
        ],
        "type": "Point"
      },
      "properties": {
        "weight": 1
      },
      "type": "Feature"
    },
    {
      "geometry": {
        "coordinates": [
          121.46800000000057,
          25.008600022720003
        ],
        "type": "Point"
      },
      "properties": {
        "weight": 1
      },
      "type": "Feature"
    },
    {
      "geometry": {
        "coordinates": [
          121.47100000000056,
          25.00860002272
        ],
        "type": "Point"
      },
      "properties": {
        "weight": 1
      },
      "type": "Feature"
    },
    {
      "geometry": {
        "coordinates": [
          121.47200000000055,
          25.008600022719996
        ],
        "type": "Point"
      },
      "properties": {
        "weight": 1
      },
      "type": "Feature"
    },
    {
      "geometry": {
        "coordinates": [
          121.46500000000053,
          25.008700022720188
        ],
        "type": "Point"
      },
      "properties": {
        "weight": 1
      },
      "type": "Feature"
    },
    {
      "geometry": {
        "coordinates": [
          121.46600000000052,
          25.008700022720184
        ],
        "type": "Point"
      },
      "properties": {
        "weight": 1
      },
      "type": "Feature"
    },
    {
      "geometry": {
        "coordinates": [
          121.47300000000057,
          25.008700022720188
        ],
        "type": "Point"
      },
      "properties": {
        "weight": 1
      },
      "type": "Feature"
    },
    {
      "geometry": {
        "coordinates": [
          121.46600000000052,
          25.00880002272037
        ],
        "type": "Point"
      },
      "properties": {
        "weight": 1
      },
      "type": "Feature"
    },
    {
      "geometry": {
        "coordinates": [
          121.46700000000052,
          25.00880002272037
        ],
        "type": "Point"
      },
      "properties": {
        "weight": 1
      },
      "type": "Feature"
    },
    {
      "geometry": {
        "coordinates": [
          121.46800000000057,
          25.00880002272037
        ],
        "type": "Point"
      },
      "properties": {
        "weight": 1
      },
      "type": "Feature"
    },
    {
      "geometry": {
        "coordinates": [
          121.47200000000055,
          25.00880002272037
        ],
        "type": "Point"
      },
      "properties": {
        "weight": 1
      },
      "type": "Feature"
    },
    {
      "geometry": {
        "coordinates": [
          121.47300000000057,
          25.00880002272037
        ],
        "type": "Point"
      },
      "properties": {
        "weight": 1
      },
      "type": "Feature"
    },
    {
      "geometry": {
        "coordinates": [
          121.45700000000053,
          25.008900022720564
        ],
        "type": "Point"
      },
      "properties": {
        "weight": 1
      },
      "type": "Feature"
    },
    {
      "geometry": {
        "coordinates": [
          121.46100000000055,
          25.00890002272056
        ],
        "type": "Point"
      },
      "properties": {
        "weight": 1
      },
      "type": "Feature"
    },
    {
      "geometry": {
        "coordinates": [
          121.46700000000052,
          25.00890002272056
        ],
        "type": "Point"
      },
      "properties": {
        "weight": 1
      },
      "type": "Feature"
    },
    {
      "geometry": {
        "coordinates": [
          121.45700000000053,
          25.00900002272075
        ],
        "type": "Point"
      },
      "properties": {
        "weight": 1
      },
      "type": "Feature"
    },
    {
      "geometry": {
        "coordinates": [
          121.46100000000055,
          25.00900002272076
        ],
        "type": "Point"
      },
      "properties": {
        "weight": 1
      },
      "type": "Feature"
    },
    {
      "geometry": {
        "coordinates": [
          121.46100000000055,
          25.009100022720943
        ],
        "type": "Point"
      },
      "properties": {
        "weight": 1
      },
      "type": "Feature"
    },
    {
      "geometry": {
        "coordinates": [
          121.46200000000054,
          25.009100022720943
        ],
        "type": "Point"
      },
      "properties": {
        "weight": 1
      },
      "type": "Feature"
    },
    {
      "geometry": {
        "coordinates": [
          121.46700000000052,
          25.009100022720943
        ],
        "type": "Point"
      },
      "properties": {
        "weight": 1
      },
      "type": "Feature"
    },
    {
      "geometry": {
        "coordinates": [
          121.47000000000055,
          25.009100022720943
        ],
        "type": "Point"
      },
      "properties": {
        "weight": 1
      },
      "type": "Feature"
    },
    {
      "geometry": {
        "coordinates": [
          121.47200000000055,
          25.009100022720933
        ],
        "type": "Point"
      },
      "properties": {
        "weight": 1
      },
      "type": "Feature"
    },
    {
      "geometry": {
        "coordinates": [
          121.46100000000055,
          25.00920002272113
        ],
        "type": "Point"
      },
      "properties": {
        "weight": 1
      },
      "type": "Feature"
    },
    {
      "geometry": {
        "coordinates": [
          121.46600000000052,
          25.00920002272113
        ],
        "type": "Point"
      },
      "properties": {
        "weight": 1
      },
      "type": "Feature"
    },
    {
      "geometry": {
        "coordinates": [
          121.46600000000052,
          25.009300022721323
        ],
        "type": "Point"
      },
      "properties": {
        "weight": 1
      },
      "type": "Feature"
    },
    {
      "geometry": {
        "coordinates": [
          121.47200000000055,
          25.009300022721316
        ],
        "type": "Point"
      },
      "properties": {
        "weight": 1
      },
      "type": "Feature"
    },
    {
      "geometry": {
        "coordinates": [
          121.46300000000055,
          25.009400022721508
        ],
        "type": "Point"
      },
      "properties": {
        "weight": 1
      },
      "type": "Feature"
    },
    {
      "geometry": {
        "coordinates": [
          121.46200000000054,
          25.009500022721706
        ],
        "type": "Point"
      },
      "properties": {
        "weight": 1
      },
      "type": "Feature"
    },
    {
      "geometry": {
        "coordinates": [
          121.46600000000052,
          25.009500022721706
        ],
        "type": "Point"
      },
      "properties": {
        "weight": 1
      },
      "type": "Feature"
    },
    {
      "geometry": {
        "coordinates": [
          121.46900000000055,
          25.009500022721706
        ],
        "type": "Point"
      },
      "properties": {
        "weight": 1
      },
      "type": "Feature"
    },
    {
      "geometry": {
        "coordinates": [
          121.46600000000052,
          25.009600022721877
        ],
        "type": "Point"
      },
      "properties": {
        "weight": 1
      },
      "type": "Feature"
    },
    {
      "geometry": {
        "coordinates": [
          121.47300000000057,
          25.009600022721877
        ],
        "type": "Point"
      },
      "properties": {
        "weight": 1
      },
      "type": "Feature"
    },
    {
      "geometry": {
        "coordinates": [
          121.45700000000053,
          25.009700022722086
        ],
        "type": "Point"
      },
      "properties": {
        "weight": 1
      },
      "type": "Feature"
    },
    {
      "geometry": {
        "coordinates": [
          121.46300000000055,
          25.009700022722075
        ],
        "type": "Point"
      },
      "properties": {
        "weight": 1
      },
      "type": "Feature"
    },
    {
      "geometry": {
        "coordinates": [
          121.46300000000055,
          25.00980002272226
        ],
        "type": "Point"
      },
      "properties": {
        "weight": 1
      },
      "type": "Feature"
    },
    {
      "geometry": {
        "coordinates": [
          121.46400000000052,
          25.00980002272226
        ],
        "type": "Point"
      },
      "properties": {
        "weight": 1
      },
      "type": "Feature"
    },
    {
      "geometry": {
        "coordinates": [
          121.47300000000057,
          25.00980002272226
        ],
        "type": "Point"
      },
      "properties": {
        "weight": 1
      },
      "type": "Feature"
    },
    {
      "geometry": {
        "coordinates": [
          121.45600000000054,
          25.009900022722444
        ],
        "type": "Point"
      },
      "properties": {
        "weight": 1
      },
      "type": "Feature"
    },
    {
      "geometry": {
        "coordinates": [
          121.46300000000055,
          25.009900022722444
        ],
        "type": "Point"
      },
      "properties": {
        "weight": 1
      },
      "type": "Feature"
    },
    {
      "geometry": {
        "coordinates": [
          121.46400000000052,
          25.009900022722455
        ],
        "type": "Point"
      },
      "properties": {
        "weight": 1
      },
      "type": "Feature"
    },
    {
      "geometry": {
        "coordinates": [
          121.47300000000057,
          25.00990002272244
        ],
        "type": "Point"
      },
      "properties": {
        "weight": 1
      },
      "type": "Feature"
    },
    {
      "geometry": {
        "coordinates": [
          121.47400000000057,
          25.009900022722437
        ],
        "type": "Point"
      },
      "properties": {
        "weight": 1
      },
      "type": "Feature"
    },
    {
      "geometry": {
        "coordinates": [
          121.45600000000054,
          25.010000022722643
        ],
        "type": "Point"
      },
      "properties": {
        "weight": 1
      },
      "type": "Feature"
    },
    {
      "geometry": {
        "coordinates": [
          121.46000000000055,
          25.010000022722643
        ],
        "type": "Point"
      },
      "properties": {
        "weight": 1
      },
      "type": "Feature"
    },
    {
      "geometry": {
        "coordinates": [
          121.46400000000052,
          25.01000002272264
        ],
        "type": "Point"
      },
      "properties": {
        "weight": 1
      },
      "type": "Feature"
    },
    {
      "geometry": {
        "coordinates": [
          121.46600000000052,
          25.010000022722643
        ],
        "type": "Point"
      },
      "properties": {
        "weight": 1
      },
      "type": "Feature"
    },
    {
      "geometry": {
        "coordinates": [
          121.46700000000052,
          25.010000022722643
        ],
        "type": "Point"
      },
      "properties": {
        "weight": 1
      },
      "type": "Feature"
    },
    {
      "geometry": {
        "coordinates": [
          121.47300000000057,
          25.010000022722636
        ],
        "type": "Point"
      },
      "properties": {
        "weight": 1
      },
      "type": "Feature"
    },
    {
      "geometry": {
        "coordinates": [
          121.46000000000055,
          25.010100022722824
        ],
        "type": "Point"
      },
      "properties": {
        "weight": 1
      },
      "type": "Feature"
    },
    {
      "geometry": {
        "coordinates": [
          121.46400000000052,
          25.010100022722828
        ],
        "type": "Point"
      },
      "properties": {
        "weight": 1
      },
      "type": "Feature"
    },
    {
      "geometry": {
        "coordinates": [
          121.47300000000057,
          25.010100022722828
        ],
        "type": "Point"
      },
      "properties": {
        "weight": 1
      },
      "type": "Feature"
    },
    {
      "geometry": {
        "coordinates": [
          121.47400000000057,
          25.010100022722824
        ],
        "type": "Point"
      },
      "properties": {
        "weight": 1
      },
      "type": "Feature"
    },
    {
      "geometry": {
        "coordinates": [
          121.45900000000056,
          25.010200022723026
        ],
        "type": "Point"
      },
      "properties": {
        "weight": 1
      },
      "type": "Feature"
    },
    {
      "geometry": {
        "coordinates": [
          121.46100000000055,
          25.010200022723026
        ],
        "type": "Point"
      },
      "properties": {
        "weight": 1
      },
      "type": "Feature"
    },
    {
      "geometry": {
        "coordinates": [
          121.46300000000055,
          25.01020002272302
        ],
        "type": "Point"
      },
      "properties": {
        "weight": 1
      },
      "type": "Feature"
    },
    {
      "geometry": {
        "coordinates": [
          121.47400000000057,
          25.01020002272302
        ],
        "type": "Point"
      },
      "properties": {
        "weight": 1
      },
      "type": "Feature"
    },
    {
      "geometry": {
        "coordinates": [
          121.46200000000054,
          25.010300022723204
        ],
        "type": "Point"
      },
      "properties": {
        "weight": 1
      },
      "type": "Feature"
    },
    {
      "geometry": {
        "coordinates": [
          121.46600000000052,
          25.010300022723197
        ],
        "type": "Point"
      },
      "properties": {
        "weight": 1
      },
      "type": "Feature"
    },
    {
      "geometry": {
        "coordinates": [
          121.45800000000054,
          25.010400022723392
        ],
        "type": "Point"
      },
      "properties": {
        "weight": 1
      },
      "type": "Feature"
    },
    {
      "geometry": {
        "coordinates": [
          121.46700000000052,
          25.0104000227234
        ],
        "type": "Point"
      },
      "properties": {
        "weight": 1
      },
      "type": "Feature"
    },
    {
      "geometry": {
        "coordinates": [
          121.47300000000057,
          25.010400022723392
        ],
        "type": "Point"
      },
      "properties": {
        "weight": 1
      },
      "type": "Feature"
    },
    {
      "geometry": {
        "coordinates": [
          121.45600000000054,
          25.010500022723598
        ],
        "type": "Point"
      },
      "properties": {
        "weight": 1
      },
      "type": "Feature"
    },
    {
      "geometry": {
        "coordinates": [
          121.46200000000054,
          25.010500022723587
        ],
        "type": "Point"
      },
      "properties": {
        "weight": 1
      },
      "type": "Feature"
    },
    {
      "geometry": {
        "coordinates": [
          121.46200000000054,
          25.01060002272376
        ],
        "type": "Point"
      },
      "properties": {
        "weight": 1
      },
      "type": "Feature"
    },
    {
      "geometry": {
        "coordinates": [
          121.46600000000052,
          25.010600022723768
        ],
        "type": "Point"
      },
      "properties": {
        "weight": 1
      },
      "type": "Feature"
    },
    {
      "geometry": {
        "coordinates": [
          121.47300000000057,
          25.010600022723764
        ],
        "type": "Point"
      },
      "properties": {
        "weight": 1
      },
      "type": "Feature"
    },
    {
      "geometry": {
        "coordinates": [
          121.45700000000053,
          25.010700022723952
        ],
        "type": "Point"
      },
      "properties": {
        "weight": 1
      },
      "type": "Feature"
    },
    {
      "geometry": {
        "coordinates": [
          121.46400000000052,
          25.010700022723952
        ],
        "type": "Point"
      },
      "properties": {
        "weight": 1
      },
      "type": "Feature"
    },
    {
      "geometry": {
        "coordinates": [
          121.45600000000054,
          25.010800022724155
        ],
        "type": "Point"
      },
      "properties": {
        "weight": 1
      },
      "type": "Feature"
    },
    {
      "geometry": {
        "coordinates": [
          121.46000000000055,
          25.010800022724155
        ],
        "type": "Point"
      },
      "properties": {
        "weight": 1
      },
      "type": "Feature"
    },
    {
      "geometry": {
        "coordinates": [
          121.45600000000054,
          25.010900022724332
        ],
        "type": "Point"
      },
      "properties": {
        "weight": 1
      },
      "type": "Feature"
    },
    {
      "geometry": {
        "coordinates": [
          121.47500000000056,
          25.010900022724332
        ],
        "type": "Point"
      },
      "properties": {
        "weight": 1
      },
      "type": "Feature"
    },
    {
      "geometry": {
        "coordinates": [
          121.46100000000055,
          25.01100002272453
        ],
        "type": "Point"
      },
      "properties": {
        "weight": 1
      },
      "type": "Feature"
    },
    {
      "geometry": {
        "coordinates": [
          121.46600000000052,
          25.011000022724534
        ],
        "type": "Point"
      },
      "properties": {
        "weight": 1
      },
      "type": "Feature"
    },
    {
      "geometry": {
        "coordinates": [
          121.46700000000057,
          25.01100002272453
        ],
        "type": "Point"
      },
      "properties": {
        "weight": 1
      },
      "type": "Feature"
    },
    {
      "geometry": {
        "coordinates": [
          121.47300000000057,
          25.01100002272454
        ],
        "type": "Point"
      },
      "properties": {
        "weight": 1
      },
      "type": "Feature"
    },
    {
      "geometry": {
        "coordinates": [
          121.47400000000057,
          25.011000022724527
        ],
        "type": "Point"
      },
      "properties": {
        "weight": 1
      },
      "type": "Feature"
    },
    {
      "geometry": {
        "coordinates": [
          121.46000000000055,
          25.01110002272471
        ],
        "type": "Point"
      },
      "properties": {
        "weight": 1
      },
      "type": "Feature"
    },
    {
      "geometry": {
        "coordinates": [
          121.46600000000052,
          25.011100022724712
        ],
        "type": "Point"
      },
      "properties": {
        "weight": 1
      },
      "type": "Feature"
    },
    {
      "geometry": {
        "coordinates": [
          121.47400000000057,
          25.0111000227247
        ],
        "type": "Point"
      },
      "properties": {
        "weight": 1
      },
      "type": "Feature"
    },
    {
      "geometry": {
        "coordinates": [
          121.47500000000056,
          25.0111000227247
        ],
        "type": "Point"
      },
      "properties": {
        "weight": 1
      },
      "type": "Feature"
    },
    {
      "geometry": {
        "coordinates": [
          121.46100000000055,
          25.011200022724907
        ],
        "type": "Point"
      },
      "properties": {
        "weight": 1
      },
      "type": "Feature"
    },
    {
      "geometry": {
        "coordinates": [
          121.46500000000053,
          25.011200022724907
        ],
        "type": "Point"
      },
      "properties": {
        "weight": 1
      },
      "type": "Feature"
    },
    {
      "geometry": {
        "coordinates": [
          121.46600000000052,
          25.011200022724907
        ],
        "type": "Point"
      },
      "properties": {
        "weight": 1
      },
      "type": "Feature"
    },
    {
      "geometry": {
        "coordinates": [
          121.47200000000055,
          25.011200022724907
        ],
        "type": "Point"
      },
      "properties": {
        "weight": 1
      },
      "type": "Feature"
    },
    {
      "geometry": {
        "coordinates": [
          121.47300000000057,
          25.011200022724907
        ],
        "type": "Point"
      },
      "properties": {
        "weight": 1
      },
      "type": "Feature"
    },
    {
      "geometry": {
        "coordinates": [
          121.46600000000052,
          25.0113000227251
        ],
        "type": "Point"
      },
      "properties": {
        "weight": 1
      },
      "type": "Feature"
    },
    {
      "geometry": {
        "coordinates": [
          121.46700000000057,
          25.0113000227251
        ],
        "type": "Point"
      },
      "properties": {
        "weight": 1
      },
      "type": "Feature"
    },
    {
      "geometry": {
        "coordinates": [
          121.46100000000055,
          25.011400022725276
        ],
        "type": "Point"
      },
      "properties": {
        "weight": 1
      },
      "type": "Feature"
    },
    {
      "geometry": {
        "coordinates": [
          121.47200000000055,
          25.011400022725276
        ],
        "type": "Point"
      },
      "properties": {
        "weight": 1
      },
      "type": "Feature"
    },
    {
      "geometry": {
        "coordinates": [
          121.47300000000057,
          25.011400022725276
        ],
        "type": "Point"
      },
      "properties": {
        "weight": 1
      },
      "type": "Feature"
    },
    {
      "geometry": {
        "coordinates": [
          121.47400000000057,
          25.011400022725276
        ],
        "type": "Point"
      },
      "properties": {
        "weight": 1
      },
      "type": "Feature"
    },
    {
      "geometry": {
        "coordinates": [
          121.46100000000055,
          25.011500022725482
        ],
        "type": "Point"
      },
      "properties": {
        "weight": 1
      },
      "type": "Feature"
    },
    {
      "geometry": {
        "coordinates": [
          121.47200000000055,
          25.011500022725475
        ],
        "type": "Point"
      },
      "properties": {
        "weight": 1
      },
      "type": "Feature"
    },
    {
      "geometry": {
        "coordinates": [
          121.47500000000056,
          25.01150002272547
        ],
        "type": "Point"
      },
      "properties": {
        "weight": 1
      },
      "type": "Feature"
    },
    {
      "geometry": {
        "coordinates": [
          121.45600000000054,
          25.01160002272566
        ],
        "type": "Point"
      },
      "properties": {
        "weight": 1
      },
      "type": "Feature"
    },
    {
      "geometry": {
        "coordinates": [
          121.47200000000055,
          25.01160002272566
        ],
        "type": "Point"
      },
      "properties": {
        "weight": 1
      },
      "type": "Feature"
    },
    {
      "geometry": {
        "coordinates": [
          121.47300000000057,
          25.011600022725656
        ],
        "type": "Point"
      },
      "properties": {
        "weight": 1
      },
      "type": "Feature"
    },
    {
      "geometry": {
        "coordinates": [
          121.46600000000052,
          25.011700022725858
        ],
        "type": "Point"
      },
      "properties": {
        "weight": 1
      },
      "type": "Feature"
    },
    {
      "geometry": {
        "coordinates": [
          121.47300000000057,
          25.011700022725854
        ],
        "type": "Point"
      },
      "properties": {
        "weight": 1
      },
      "type": "Feature"
    },
    {
      "geometry": {
        "coordinates": [
          121.46600000000053,
          25.011800022726046
        ],
        "type": "Point"
      },
      "properties": {
        "weight": 1
      },
      "type": "Feature"
    },
    {
      "geometry": {
        "coordinates": [
          121.47200000000055,
          25.011800022726046
        ],
        "type": "Point"
      },
      "properties": {
        "weight": 1
      },
      "type": "Feature"
    },
    {
      "geometry": {
        "coordinates": [
          121.47400000000057,
          25.01180002272604
        ],
        "type": "Point"
      },
      "properties": {
        "weight": 1
      },
      "type": "Feature"
    },
    {
      "geometry": {
        "coordinates": [
          121.47500000000056,
          25.011800022726042
        ],
        "type": "Point"
      },
      "properties": {
        "weight": 1
      },
      "type": "Feature"
    },
    {
      "geometry": {
        "coordinates": [
          121.47000000000055,
          25.011900022726227
        ],
        "type": "Point"
      },
      "properties": {
        "weight": 1
      },
      "type": "Feature"
    },
    {
      "geometry": {
        "coordinates": [
          121.47300000000057,
          25.01190002272622
        ],
        "type": "Point"
      },
      "properties": {
        "weight": 1
      },
      "type": "Feature"
    },
    {
      "geometry": {
        "coordinates": [
          121.47400000000057,
          25.01190002272622
        ],
        "type": "Point"
      },
      "properties": {
        "weight": 1
      },
      "type": "Feature"
    },
    {
      "geometry": {
        "coordinates": [
          121.47500000000056,
          25.011900022726227
        ],
        "type": "Point"
      },
      "properties": {
        "weight": 1
      },
      "type": "Feature"
    },
    {
      "geometry": {
        "coordinates": [
          121.47000000000055,
          25.012000022726426
        ],
        "type": "Point"
      },
      "properties": {
        "weight": 1
      },
      "type": "Feature"
    },
    {
      "geometry": {
        "coordinates": [
          121.47200000000055,
          25.01200002272642
        ],
        "type": "Point"
      },
      "properties": {
        "weight": 1
      },
      "type": "Feature"
    },
    {
      "geometry": {
        "coordinates": [
          121.47500000000056,
          25.012000022726426
        ],
        "type": "Point"
      },
      "properties": {
        "weight": 1
      },
      "type": "Feature"
    },
    {
      "geometry": {
        "coordinates": [
          121.47000000000055,
          25.0121000227266
        ],
        "type": "Point"
      },
      "properties": {
        "weight": 1
      },
      "type": "Feature"
    },
    {
      "geometry": {
        "coordinates": [
          121.47200000000055,
          25.0121000227266
        ],
        "type": "Point"
      },
      "properties": {
        "weight": 1
      },
      "type": "Feature"
    },
    {
      "geometry": {
        "coordinates": [
          121.47300000000057,
          25.012100022726603
        ],
        "type": "Point"
      },
      "properties": {
        "weight": 1
      },
      "type": "Feature"
    },
    {
      "geometry": {
        "coordinates": [
          121.47500000000056,
          25.012100022726592
        ],
        "type": "Point"
      },
      "properties": {
        "weight": 1
      },
      "type": "Feature"
    },
    {
      "geometry": {
        "coordinates": [
          121.45600000000054,
          25.012200022726798
        ],
        "type": "Point"
      },
      "properties": {
        "weight": 1
      },
      "type": "Feature"
    },
    {
      "geometry": {
        "coordinates": [
          121.47200000000055,
          25.0122000227268
        ],
        "type": "Point"
      },
      "properties": {
        "weight": 1
      },
      "type": "Feature"
    },
    {
      "geometry": {
        "coordinates": [
          121.47400000000057,
          25.012200022726788
        ],
        "type": "Point"
      },
      "properties": {
        "weight": 1
      },
      "type": "Feature"
    },
    {
      "geometry": {
        "coordinates": [
          121.47500000000056,
          25.012200022726798
        ],
        "type": "Point"
      },
      "properties": {
        "weight": 1
      },
      "type": "Feature"
    },
    {
      "geometry": {
        "coordinates": [
          121.47100000000056,
          25.012300022726983
        ],
        "type": "Point"
      },
      "properties": {
        "weight": 1
      },
      "type": "Feature"
    },
    {
      "geometry": {
        "coordinates": [
          121.47500000000056,
          25.012300022726986
        ],
        "type": "Point"
      },
      "properties": {
        "weight": 1
      },
      "type": "Feature"
    },
    {
      "geometry": {
        "coordinates": [
          121.47100000000056,
          25.012400022727185
        ],
        "type": "Point"
      },
      "properties": {
        "weight": 1
      },
      "type": "Feature"
    },
    {
      "geometry": {
        "coordinates": [
          121.47200000000055,
          25.012400022727185
        ],
        "type": "Point"
      },
      "properties": {
        "weight": 1
      },
      "type": "Feature"
    },
    {
      "geometry": {
        "coordinates": [
          121.47300000000057,
          25.01240002272717
        ],
        "type": "Point"
      },
      "properties": {
        "weight": 1
      },
      "type": "Feature"
    },
    {
      "geometry": {
        "coordinates": [
          121.47500000000056,
          25.012400022727178
        ],
        "type": "Point"
      },
      "properties": {
        "weight": 1
      },
      "type": "Feature"
    },
    {
      "geometry": {
        "coordinates": [
          121.45600000000054,
          25.012500022727373
        ],
        "type": "Point"
      },
      "properties": {
        "weight": 1
      },
      "type": "Feature"
    },
    {
      "geometry": {
        "coordinates": [
          121.47200000000055,
          25.01250002272737
        ],
        "type": "Point"
      },
      "properties": {
        "weight": 1
      },
      "type": "Feature"
    },
    {
      "geometry": {
        "coordinates": [
          121.47500000000056,
          25.01250002272737
        ],
        "type": "Point"
      },
      "properties": {
        "weight": 1
      },
      "type": "Feature"
    },
    {
      "geometry": {
        "coordinates": [
          121.47200000000055,
          25.012600022727565
        ],
        "type": "Point"
      },
      "properties": {
        "weight": 1
      },
      "type": "Feature"
    },
    {
      "geometry": {
        "coordinates": [
          121.47400000000057,
          25.01260002272756
        ],
        "type": "Point"
      },
      "properties": {
        "weight": 1
      },
      "type": "Feature"
    },
    {
      "geometry": {
        "coordinates": [
          121.47500000000056,
          25.01260002272755
        ],
        "type": "Point"
      },
      "properties": {
        "weight": 1
      },
      "type": "Feature"
    },
    {
      "geometry": {
        "coordinates": [
          121.47200000000055,
          25.012700022727742
        ],
        "type": "Point"
      },
      "properties": {
        "weight": 1
      },
      "type": "Feature"
    },
    {
      "geometry": {
        "coordinates": [
          121.47300000000057,
          25.01270002272773
        ],
        "type": "Point"
      },
      "properties": {
        "weight": 1
      },
      "type": "Feature"
    },
    {
      "geometry": {
        "coordinates": [
          121.47400000000057,
          25.01270002272773
        ],
        "type": "Point"
      },
      "properties": {
        "weight": 1
      },
      "type": "Feature"
    },
    {
      "geometry": {
        "coordinates": [
          121.47500000000056,
          25.012700022727735
        ],
        "type": "Point"
      },
      "properties": {
        "weight": 1
      },
      "type": "Feature"
    },
    {
      "geometry": {
        "coordinates": [
          121.45600000000054,
          25.012800022727937
        ],
        "type": "Point"
      },
      "properties": {
        "weight": 1
      },
      "type": "Feature"
    },
    {
      "geometry": {
        "coordinates": [
          121.47400000000057,
          25.012800022727934
        ],
        "type": "Point"
      },
      "properties": {
        "weight": 1
      },
      "type": "Feature"
    },
    {
      "geometry": {
        "coordinates": [
          121.47200000000055,
          25.01290002272813
        ],
        "type": "Point"
      },
      "properties": {
        "weight": 1
      },
      "type": "Feature"
    },
    {
      "geometry": {
        "coordinates": [
          121.47300000000057,
          25.012900022728125
        ],
        "type": "Point"
      },
      "properties": {
        "weight": 1
      },
      "type": "Feature"
    },
    {
      "geometry": {
        "coordinates": [
          121.47400000000057,
          25.012900022728118
        ],
        "type": "Point"
      },
      "properties": {
        "weight": 1
      },
      "type": "Feature"
    },
    {
      "geometry": {
        "coordinates": [
          121.45600000000054,
          25.013000022728313
        ],
        "type": "Point"
      },
      "properties": {
        "weight": 1
      },
      "type": "Feature"
    },
    {
      "geometry": {
        "coordinates": [
          121.47400000000057,
          25.01300002272831
        ],
        "type": "Point"
      },
      "properties": {
        "weight": 1
      },
      "type": "Feature"
    },
    {
      "geometry": {
        "coordinates": [
          121.47500000000056,
          25.01300002272831
        ],
        "type": "Point"
      },
      "properties": {
        "weight": 1
      },
      "type": "Feature"
    },
    {
      "geometry": {
        "coordinates": [
          121.47200000000055,
          25.013100022728498
        ],
        "type": "Point"
      },
      "properties": {
        "weight": 1
      },
      "type": "Feature"
    },
    {
      "geometry": {
        "coordinates": [
          121.47300000000057,
          25.01310002272849
        ],
        "type": "Point"
      },
      "properties": {
        "weight": 1
      },
      "type": "Feature"
    },
    {
      "geometry": {
        "coordinates": [
          121.47400000000057,
          25.013100022728498
        ],
        "type": "Point"
      },
      "properties": {
        "weight": 1
      },
      "type": "Feature"
    },
    {
      "geometry": {
        "coordinates": [
          121.47300000000057,
          25.013200022728693
        ],
        "type": "Point"
      },
      "properties": {
        "weight": 1
      },
      "type": "Feature"
    },
    {
      "geometry": {
        "coordinates": [
          121.47500000000056,
          25.013200022728693
        ],
        "type": "Point"
      },
      "properties": {
        "weight": 1
      },
      "type": "Feature"
    },
    {
      "geometry": {
        "coordinates": [
          121.45600000000054,
          25.013300022728888
        ],
        "type": "Point"
      },
      "properties": {
        "weight": 1
      },
      "type": "Feature"
    },
    {
      "geometry": {
        "coordinates": [
          121.46000000000055,
          25.013300022728888
        ],
        "type": "Point"
      },
      "properties": {
        "weight": 1
      },
      "type": "Feature"
    },
    {
      "geometry": {
        "coordinates": [
          121.47200000000055,
          25.01330002272888
        ],
        "type": "Point"
      },
      "properties": {
        "weight": 1
      },
      "type": "Feature"
    },
    {
      "geometry": {
        "coordinates": [
          121.47300000000057,
          25.01330002272888
        ],
        "type": "Point"
      },
      "properties": {
        "weight": 1
      },
      "type": "Feature"
    },
    {
      "geometry": {
        "coordinates": [
          121.47500000000056,
          25.01330002272888
        ],
        "type": "Point"
      },
      "properties": {
        "weight": 1
      },
      "type": "Feature"
    },
    {
      "geometry": {
        "coordinates": [
          121.46000000000055,
          25.01340002272907
        ],
        "type": "Point"
      },
      "properties": {
        "weight": 1
      },
      "type": "Feature"
    },
    {
      "geometry": {
        "coordinates": [
          121.47200000000055,
          25.013400022729076
        ],
        "type": "Point"
      },
      "properties": {
        "weight": 1
      },
      "type": "Feature"
    },
    {
      "geometry": {
        "coordinates": [
          121.47500000000056,
          25.013400022729073
        ],
        "type": "Point"
      },
      "properties": {
        "weight": 1
      },
      "type": "Feature"
    },
    {
      "geometry": {
        "coordinates": [
          121.46000000000055,
          25.013500022729257
        ],
        "type": "Point"
      },
      "properties": {
        "weight": 1
      },
      "type": "Feature"
    },
    {
      "geometry": {
        "coordinates": [
          121.45600000000054,
          25.01360002272944
        ],
        "type": "Point"
      },
      "properties": {
        "weight": 1
      },
      "type": "Feature"
    },
    {
      "geometry": {
        "coordinates": [
          121.46000000000055,
          25.01360002272944
        ],
        "type": "Point"
      },
      "properties": {
        "weight": 1
      },
      "type": "Feature"
    },
    {
      "geometry": {
        "coordinates": [
          121.47200000000055,
          25.01360002272944
        ],
        "type": "Point"
      },
      "properties": {
        "weight": 1
      },
      "type": "Feature"
    },
    {
      "geometry": {
        "coordinates": [
          121.47200000000055,
          25.01370002272964
        ],
        "type": "Point"
      },
      "properties": {
        "weight": 1
      },
      "type": "Feature"
    },
    {
      "geometry": {
        "coordinates": [
          121.47300000000057,
          25.01370002272964
        ],
        "type": "Point"
      },
      "properties": {
        "weight": 1
      },
      "type": "Feature"
    },
    {
      "geometry": {
        "coordinates": [
          121.47300000000057,
          25.01380002272982
        ],
        "type": "Point"
      },
      "properties": {
        "weight": 1
      },
      "type": "Feature"
    },
    {
      "geometry": {
        "coordinates": [
          121.46000000000055,
          25.013900022730002
        ],
        "type": "Point"
      },
      "properties": {
        "weight": 1
      },
      "type": "Feature"
    },
    {
      "geometry": {
        "coordinates": [
          121.47300000000057,
          25.013900022730006
        ],
        "type": "Point"
      },
      "properties": {
        "weight": 1
      },
      "type": "Feature"
    },
    {
      "geometry": {
        "coordinates": [
          121.47400000000057,
          25.013900022730002
        ],
        "type": "Point"
      },
      "properties": {
        "weight": 1
      },
      "type": "Feature"
    },
    {
      "geometry": {
        "coordinates": [
          121.46900000000055,
          25.014000022730198
        ],
        "type": "Point"
      },
      "properties": {
        "weight": 1
      },
      "type": "Feature"
    },
    {
      "geometry": {
        "coordinates": [
          121.47400000000057,
          25.01400002273019
        ],
        "type": "Point"
      },
      "properties": {
        "weight": 1
      },
      "type": "Feature"
    },
    {
      "geometry": {
        "coordinates": [
          121.46000000000055,
          25.0141000227304
        ],
        "type": "Point"
      },
      "properties": {
        "weight": 1
      },
      "type": "Feature"
    },
    {
      "geometry": {
        "coordinates": [
          121.46100000000055,
          25.0141000227304
        ],
        "type": "Point"
      },
      "properties": {
        "weight": 1
      },
      "type": "Feature"
    },
    {
      "geometry": {
        "coordinates": [
          121.46800000000057,
          25.014100022730396
        ],
        "type": "Point"
      },
      "properties": {
        "weight": 1
      },
      "type": "Feature"
    },
    {
      "geometry": {
        "coordinates": [
          121.47400000000057,
          25.0141000227304
        ],
        "type": "Point"
      },
      "properties": {
        "weight": 1
      },
      "type": "Feature"
    },
    {
      "geometry": {
        "coordinates": [
          121.45900000000056,
          25.014200022730584
        ],
        "type": "Point"
      },
      "properties": {
        "weight": 1
      },
      "type": "Feature"
    },
    {
      "geometry": {
        "coordinates": [
          121.46800000000057,
          25.014200022730584
        ],
        "type": "Point"
      },
      "properties": {
        "weight": 1
      },
      "type": "Feature"
    },
    {
      "geometry": {
        "coordinates": [
          121.47300000000057,
          25.014200022730574
        ],
        "type": "Point"
      },
      "properties": {
        "weight": 1
      },
      "type": "Feature"
    },
    {
      "geometry": {
        "coordinates": [
          121.47400000000057,
          25.014200022730584
        ],
        "type": "Point"
      },
      "properties": {
        "weight": 1
      },
      "type": "Feature"
    },
    {
      "geometry": {
        "coordinates": [
          121.46000000000055,
          25.01430002273077
        ],
        "type": "Point"
      },
      "properties": {
        "weight": 1
      },
      "type": "Feature"
    },
    {
      "geometry": {
        "coordinates": [
          121.46800000000057,
          25.014300022730765
        ],
        "type": "Point"
      },
      "properties": {
        "weight": 1
      },
      "type": "Feature"
    },
    {
      "geometry": {
        "coordinates": [
          121.47300000000057,
          25.01430002273076
        ],
        "type": "Point"
      },
      "properties": {
        "weight": 1
      },
      "type": "Feature"
    },
    {
      "geometry": {
        "coordinates": [
          121.47400000000057,
          25.01430002273076
        ],
        "type": "Point"
      },
      "properties": {
        "weight": 1
      },
      "type": "Feature"
    },
    {
      "geometry": {
        "coordinates": [
          121.45600000000054,
          25.01440002273095
        ],
        "type": "Point"
      },
      "properties": {
        "weight": 1
      },
      "type": "Feature"
    },
    {
      "geometry": {
        "coordinates": [
          121.46000000000055,
          25.014400022730946
        ],
        "type": "Point"
      },
      "properties": {
        "weight": 1
      },
      "type": "Feature"
    },
    {
      "geometry": {
        "coordinates": [
          121.46100000000055,
          25.014400022730946
        ],
        "type": "Point"
      },
      "properties": {
        "weight": 1
      },
      "type": "Feature"
    },
    {
      "geometry": {
        "coordinates": [
          121.46800000000057,
          25.014400022730946
        ],
        "type": "Point"
      },
      "properties": {
        "weight": 1
      },
      "type": "Feature"
    },
    {
      "geometry": {
        "coordinates": [
          121.47400000000057,
          25.014400022730946
        ],
        "type": "Point"
      },
      "properties": {
        "weight": 1
      },
      "type": "Feature"
    },
    {
      "geometry": {
        "coordinates": [
          121.45600000000054,
          25.014500022731145
        ],
        "type": "Point"
      },
      "properties": {
        "weight": 1
      },
      "type": "Feature"
    },
    {
      "geometry": {
        "coordinates": [
          121.45900000000056,
          25.01450002273115
        ],
        "type": "Point"
      },
      "properties": {
        "weight": 1
      },
      "type": "Feature"
    },
    {
      "geometry": {
        "coordinates": [
          121.46000000000055,
          25.014500022731138
        ],
        "type": "Point"
      },
      "properties": {
        "weight": 1
      },
      "type": "Feature"
    },
    {
      "geometry": {
        "coordinates": [
          121.46100000000055,
          25.014500022731145
        ],
        "type": "Point"
      },
      "properties": {
        "weight": 1
      },
      "type": "Feature"
    },
    {
      "geometry": {
        "coordinates": [
          121.47300000000057,
          25.01450002273113
        ],
        "type": "Point"
      },
      "properties": {
        "weight": 1
      },
      "type": "Feature"
    },
    {
      "geometry": {
        "coordinates": [
          121.45600000000054,
          25.014600022731333
        ],
        "type": "Point"
      },
      "properties": {
        "weight": 1
      },
      "type": "Feature"
    },
    {
      "geometry": {
        "coordinates": [
          121.45900000000056,
          25.014600022731333
        ],
        "type": "Point"
      },
      "properties": {
        "weight": 1
      },
      "type": "Feature"
    },
    {
      "geometry": {
        "coordinates": [
          121.46000000000055,
          25.014600022731326
        ],
        "type": "Point"
      },
      "properties": {
        "weight": 1
      },
      "type": "Feature"
    },
    {
      "geometry": {
        "coordinates": [
          121.46800000000057,
          25.014600022731333
        ],
        "type": "Point"
      },
      "properties": {
        "weight": 1
      },
      "type": "Feature"
    },
    {
      "geometry": {
        "coordinates": [
          121.47000000000055,
          25.01460002273133
        ],
        "type": "Point"
      },
      "properties": {
        "weight": 1
      },
      "type": "Feature"
    },
    {
      "geometry": {
        "coordinates": [
          121.47100000000056,
          25.01460002273133
        ],
        "type": "Point"
      },
      "properties": {
        "weight": 1
      },
      "type": "Feature"
    },
    {
      "geometry": {
        "coordinates": [
          121.47300000000057,
          25.01460002273133
        ],
        "type": "Point"
      },
      "properties": {
        "weight": 1
      },
      "type": "Feature"
    },
    {
      "geometry": {
        "coordinates": [
          121.45700000000053,
          25.014700022731535
        ],
        "type": "Point"
      },
      "properties": {
        "weight": 1
      },
      "type": "Feature"
    },
    {
      "geometry": {
        "coordinates": [
          121.45900000000056,
          25.014700022731535
        ],
        "type": "Point"
      },
      "properties": {
        "weight": 1
      },
      "type": "Feature"
    },
    {
      "geometry": {
        "coordinates": [
          121.46800000000057,
          25.014700022731535
        ],
        "type": "Point"
      },
      "properties": {
        "weight": 1
      },
      "type": "Feature"
    },
    {
      "geometry": {
        "coordinates": [
          121.46900000000055,
          25.014700022731528
        ],
        "type": "Point"
      },
      "properties": {
        "weight": 1
      },
      "type": "Feature"
    },
    {
      "geometry": {
        "coordinates": [
          121.47000000000055,
          25.014700022731528
        ],
        "type": "Point"
      },
      "properties": {
        "weight": 1
      },
      "type": "Feature"
    },
    {
      "geometry": {
        "coordinates": [
          121.47100000000056,
          25.014700022731535
        ],
        "type": "Point"
      },
      "properties": {
        "weight": 1
      },
      "type": "Feature"
    },
    {
      "geometry": {
        "coordinates": [
          121.47300000000057,
          25.014700022731528
        ],
        "type": "Point"
      },
      "properties": {
        "weight": 1
      },
      "type": "Feature"
    },
    {
      "geometry": {
        "coordinates": [
          121.45800000000054,
          25.014800022731713
        ],
        "type": "Point"
      },
      "properties": {
        "weight": 1
      },
      "type": "Feature"
    },
    {
      "geometry": {
        "coordinates": [
          121.46800000000057,
          25.014800022731713
        ],
        "type": "Point"
      },
      "properties": {
        "weight": 1
      },
      "type": "Feature"
    },
    {
      "geometry": {
        "coordinates": [
          121.47000000000055,
          25.014800022731723
        ],
        "type": "Point"
      },
      "properties": {
        "weight": 1
      },
      "type": "Feature"
    },
    {
      "geometry": {
        "coordinates": [
          121.47300000000057,
          25.014800022731713
        ],
        "type": "Point"
      },
      "properties": {
        "weight": 1
      },
      "type": "Feature"
    },
    {
      "geometry": {
        "coordinates": [
          121.45600000000054,
          25.014900022731908
        ],
        "type": "Point"
      },
      "properties": {
        "weight": 1
      },
      "type": "Feature"
    },
    {
      "geometry": {
        "coordinates": [
          121.45900000000056,
          25.014900022731897
        ],
        "type": "Point"
      },
      "properties": {
        "weight": 1
      },
      "type": "Feature"
    },
    {
      "geometry": {
        "coordinates": [
          121.46800000000057,
          25.014900022731894
        ],
        "type": "Point"
      },
      "properties": {
        "weight": 1
      },
      "type": "Feature"
    },
    {
      "geometry": {
        "coordinates": [
          121.47000000000055,
          25.0149000227319
        ],
        "type": "Point"
      },
      "properties": {
        "weight": 1
      },
      "type": "Feature"
    },
    {
      "geometry": {
        "coordinates": [
          121.47100000000056,
          25.014900022731897
        ],
        "type": "Point"
      },
      "properties": {
        "weight": 1
      },
      "type": "Feature"
    },
    {
      "geometry": {
        "coordinates": [
          121.47300000000057,
          25.014900022731897
        ],
        "type": "Point"
      },
      "properties": {
        "weight": 1
      },
      "type": "Feature"
    },
    {
      "geometry": {
        "coordinates": [
          121.47400000000057,
          25.014900022731897
        ],
        "type": "Point"
      },
      "properties": {
        "weight": 1
      },
      "type": "Feature"
    },
    {
      "geometry": {
        "coordinates": [
          121.45600000000054,
          25.015000022732096
        ],
        "type": "Point"
      },
      "properties": {
        "weight": 1
      },
      "type": "Feature"
    },
    {
      "geometry": {
        "coordinates": [
          121.45900000000056,
          25.015000022732096
        ],
        "type": "Point"
      },
      "properties": {
        "weight": 1
      },
      "type": "Feature"
    },
    {
      "geometry": {
        "coordinates": [
          121.46100000000055,
          25.01500002273209
        ],
        "type": "Point"
      },
      "properties": {
        "weight": 1
      },
      "type": "Feature"
    },
    {
      "geometry": {
        "coordinates": [
          121.47000000000055,
          25.015000022732092
        ],
        "type": "Point"
      },
      "properties": {
        "weight": 1
      },
      "type": "Feature"
    },
    {
      "geometry": {
        "coordinates": [
          121.47200000000055,
          25.015000022732096
        ],
        "type": "Point"
      },
      "properties": {
        "weight": 1
      },
      "type": "Feature"
    },
    {
      "geometry": {
        "coordinates": [
          121.47300000000057,
          25.015000022732092
        ],
        "type": "Point"
      },
      "properties": {
        "weight": 1
      },
      "type": "Feature"
    },
    {
      "geometry": {
        "coordinates": [
          121.45600000000054,
          25.01510002273228
        ],
        "type": "Point"
      },
      "properties": {
        "weight": 1
      },
      "type": "Feature"
    },
    {
      "geometry": {
        "coordinates": [
          121.45900000000056,
          25.015100022732287
        ],
        "type": "Point"
      },
      "properties": {
        "weight": 1
      },
      "type": "Feature"
    },
    {
      "geometry": {
        "coordinates": [
          121.46000000000055,
          25.01510002273228
        ],
        "type": "Point"
      },
      "properties": {
        "weight": 1
      },
      "type": "Feature"
    },
    {
      "geometry": {
        "coordinates": [
          121.46200000000054,
          25.01510002273228
        ],
        "type": "Point"
      },
      "properties": {
        "weight": 1
      },
      "type": "Feature"
    },
    {
      "geometry": {
        "coordinates": [
          121.46800000000057,
          25.01510002273228
        ],
        "type": "Point"
      },
      "properties": {
        "weight": 1
      },
      "type": "Feature"
    },
    {
      "geometry": {
        "coordinates": [
          121.47000000000055,
          25.01510002273228
        ],
        "type": "Point"
      },
      "properties": {
        "weight": 1
      },
      "type": "Feature"
    },
    {
      "geometry": {
        "coordinates": [
          121.45600000000054,
          25.01520002273246
        ],
        "type": "Point"
      },
      "properties": {
        "weight": 1
      },
      "type": "Feature"
    },
    {
      "geometry": {
        "coordinates": [
          121.46100000000055,
          25.015200022732465
        ],
        "type": "Point"
      },
      "properties": {
        "weight": 1
      },
      "type": "Feature"
    },
    {
      "geometry": {
        "coordinates": [
          121.46200000000054,
          25.015200022732472
        ],
        "type": "Point"
      },
      "properties": {
        "weight": 1
      },
      "type": "Feature"
    },
    {
      "geometry": {
        "coordinates": [
          121.46700000000057,
          25.01520002273246
        ],
        "type": "Point"
      },
      "properties": {
        "weight": 1
      },
      "type": "Feature"
    },
    {
      "geometry": {
        "coordinates": [
          121.46800000000057,
          25.01520002273246
        ],
        "type": "Point"
      },
      "properties": {
        "weight": 1
      },
      "type": "Feature"
    },
    {
      "geometry": {
        "coordinates": [
          121.47000000000055,
          25.015200022732465
        ],
        "type": "Point"
      },
      "properties": {
        "weight": 1
      },
      "type": "Feature"
    },
    {
      "geometry": {
        "coordinates": [
          121.47200000000055,
          25.015200022732465
        ],
        "type": "Point"
      },
      "properties": {
        "weight": 1
      },
      "type": "Feature"
    },
    {
      "geometry": {
        "coordinates": [
          121.47300000000057,
          25.01520002273246
        ],
        "type": "Point"
      },
      "properties": {
        "weight": 1
      },
      "type": "Feature"
    },
    {
      "geometry": {
        "coordinates": [
          121.45600000000054,
          25.015300022732657
        ],
        "type": "Point"
      },
      "properties": {
        "weight": 1
      },
      "type": "Feature"
    },
    {
      "geometry": {
        "coordinates": [
          121.46100000000055,
          25.015300022732657
        ],
        "type": "Point"
      },
      "properties": {
        "weight": 1
      },
      "type": "Feature"
    },
    {
      "geometry": {
        "coordinates": [
          121.47000000000055,
          25.015300022732646
        ],
        "type": "Point"
      },
      "properties": {
        "weight": 1
      },
      "type": "Feature"
    },
    {
      "geometry": {
        "coordinates": [
          121.47100000000056,
          25.015300022732657
        ],
        "type": "Point"
      },
      "properties": {
        "weight": 1
      },
      "type": "Feature"
    },
    {
      "geometry": {
        "coordinates": [
          121.47400000000057,
          25.015300022732657
        ],
        "type": "Point"
      },
      "properties": {
        "weight": 1
      },
      "type": "Feature"
    },
    {
      "geometry": {
        "coordinates": [
          121.45800000000054,
          25.01540002273284
        ],
        "type": "Point"
      },
      "properties": {
        "weight": 1
      },
      "type": "Feature"
    },
    {
      "geometry": {
        "coordinates": [
          121.46000000000055,
          25.01540002273284
        ],
        "type": "Point"
      },
      "properties": {
        "weight": 1
      },
      "type": "Feature"
    },
    {
      "geometry": {
        "coordinates": [
          121.46900000000055,
          25.01540002273285
        ],
        "type": "Point"
      },
      "properties": {
        "weight": 1
      },
      "type": "Feature"
    },
    {
      "geometry": {
        "coordinates": [
          121.47000000000055,
          25.01540002273284
        ],
        "type": "Point"
      },
      "properties": {
        "weight": 1
      },
      "type": "Feature"
    },
    {
      "geometry": {
        "coordinates": [
          121.47400000000057,
          25.015400022732837
        ],
        "type": "Point"
      },
      "properties": {
        "weight": 1
      },
      "type": "Feature"
    },
    {
      "geometry": {
        "coordinates": [
          121.45700000000053,
          25.015500022733036
        ],
        "type": "Point"
      },
      "properties": {
        "weight": 1
      },
      "type": "Feature"
    },
    {
      "geometry": {
        "coordinates": [
          121.46700000000057,
          25.01550002273303
        ],
        "type": "Point"
      },
      "properties": {
        "weight": 1
      },
      "type": "Feature"
    },
    {
      "geometry": {
        "coordinates": [
          121.46800000000057,
          25.01550002273303
        ],
        "type": "Point"
      },
      "properties": {
        "weight": 1
      },
      "type": "Feature"
    },
    {
      "geometry": {
        "coordinates": [
          121.46900000000055,
          25.01550002273303
        ],
        "type": "Point"
      },
      "properties": {
        "weight": 1
      },
      "type": "Feature"
    },
    {
      "geometry": {
        "coordinates": [
          121.45700000000053,
          25.01560002273324
        ],
        "type": "Point"
      },
      "properties": {
        "weight": 1
      },
      "type": "Feature"
    },
    {
      "geometry": {
        "coordinates": [
          121.45900000000056,
          25.015600022733228
        ],
        "type": "Point"
      },
      "properties": {
        "weight": 1
      },
      "type": "Feature"
    },
    {
      "geometry": {
        "coordinates": [
          121.46000000000055,
          25.01560002273324
        ],
        "type": "Point"
      },
      "properties": {
        "weight": 1
      },
      "type": "Feature"
    },
    {
      "geometry": {
        "coordinates": [
          121.46100000000055,
          25.015600022733224
        ],
        "type": "Point"
      },
      "properties": {
        "weight": 1
      },
      "type": "Feature"
    },
    {
      "geometry": {
        "coordinates": [
          121.47200000000055,
          25.015600022733228
        ],
        "type": "Point"
      },
      "properties": {
        "weight": 1
      },
      "type": "Feature"
    },
    {
      "geometry": {
        "coordinates": [
          121.45900000000056,
          25.015700022733416
        ],
        "type": "Point"
      },
      "properties": {
        "weight": 1
      },
      "type": "Feature"
    },
    {
      "geometry": {
        "coordinates": [
          121.46800000000057,
          25.01570002273341
        ],
        "type": "Point"
      },
      "properties": {
        "weight": 1
      },
      "type": "Feature"
    },
    {
      "geometry": {
        "coordinates": [
          121.47300000000057,
          25.0157000227334
        ],
        "type": "Point"
      },
      "properties": {
        "weight": 1
      },
      "type": "Feature"
    },
    {
      "geometry": {
        "coordinates": [
          121.47400000000057,
          25.0157000227334
        ],
        "type": "Point"
      },
      "properties": {
        "weight": 1
      },
      "type": "Feature"
    },
    {
      "geometry": {
        "coordinates": [
          121.45800000000054,
          25.0158000227336
        ],
        "type": "Point"
      },
      "properties": {
        "weight": 1
      },
      "type": "Feature"
    },
    {
      "geometry": {
        "coordinates": [
          121.45900000000056,
          25.015800022733607
        ],
        "type": "Point"
      },
      "properties": {
        "weight": 1
      },
      "type": "Feature"
    },
    {
      "geometry": {
        "coordinates": [
          121.46000000000055,
          25.015800022733607
        ],
        "type": "Point"
      },
      "properties": {
        "weight": 1
      },
      "type": "Feature"
    },
    {
      "geometry": {
        "coordinates": [
          121.46100000000055,
          25.015800022733607
        ],
        "type": "Point"
      },
      "properties": {
        "weight": 1
      },
      "type": "Feature"
    },
    {
      "geometry": {
        "coordinates": [
          121.45800000000054,
          25.015900022733785
        ],
        "type": "Point"
      },
      "properties": {
        "weight": 1
      },
      "type": "Feature"
    },
    {
      "geometry": {
        "coordinates": [
          121.45900000000056,
          25.0159000227338
        ],
        "type": "Point"
      },
      "properties": {
        "weight": 1
      },
      "type": "Feature"
    },
    {
      "geometry": {
        "coordinates": [
          121.46000000000055,
          25.015900022733785
        ],
        "type": "Point"
      },
      "properties": {
        "weight": 1
      },
      "type": "Feature"
    },
    {
      "geometry": {
        "coordinates": [
          121.46100000000055,
          25.015900022733785
        ],
        "type": "Point"
      },
      "properties": {
        "weight": 1
      },
      "type": "Feature"
    },
    {
      "geometry": {
        "coordinates": [
          121.45700000000053,
          25.016000022733973
        ],
        "type": "Point"
      },
      "properties": {
        "weight": 1
      },
      "type": "Feature"
    },
    {
      "geometry": {
        "coordinates": [
          121.46000000000055,
          25.016000022733973
        ],
        "type": "Point"
      },
      "properties": {
        "weight": 1
      },
      "type": "Feature"
    },
    {
      "geometry": {
        "coordinates": [
          121.45700000000053,
          25.016100022734168
        ],
        "type": "Point"
      },
      "properties": {
        "weight": 1
      },
      "type": "Feature"
    },
    {
      "geometry": {
        "coordinates": [
          121.45800000000054,
          25.016100022734165
        ],
        "type": "Point"
      },
      "properties": {
        "weight": 1
      },
      "type": "Feature"
    },
    {
      "geometry": {
        "coordinates": [
          121.46000000000055,
          25.016100022734165
        ],
        "type": "Point"
      },
      "properties": {
        "weight": 1
      },
      "type": "Feature"
    },
    {
      "geometry": {
        "coordinates": [
          121.46300000000055,
          25.016100022734157
        ],
        "type": "Point"
      },
      "properties": {
        "weight": 1
      },
      "type": "Feature"
    },
    {
      "geometry": {
        "coordinates": [
          121.46700000000057,
          25.016100022734157
        ],
        "type": "Point"
      },
      "properties": {
        "weight": 1
      },
      "type": "Feature"
    },
    {
      "geometry": {
        "coordinates": [
          121.46800000000057,
          25.016100022734157
        ],
        "type": "Point"
      },
      "properties": {
        "weight": 1
      },
      "type": "Feature"
    },
    {
      "geometry": {
        "coordinates": [
          121.47400000000057,
          25.01610002273415
        ],
        "type": "Point"
      },
      "properties": {
        "weight": 1
      },
      "type": "Feature"
    },
    {
      "geometry": {
        "coordinates": [
          121.45700000000053,
          25.016200022734363
        ],
        "type": "Point"
      },
      "properties": {
        "weight": 1
      },
      "type": "Feature"
    },
    {
      "geometry": {
        "coordinates": [
          121.45800000000054,
          25.016200022734356
        ],
        "type": "Point"
      },
      "properties": {
        "weight": 1
      },
      "type": "Feature"
    },
    {
      "geometry": {
        "coordinates": [
          121.45900000000056,
          25.016200022734353
        ],
        "type": "Point"
      },
      "properties": {
        "weight": 1
      },
      "type": "Feature"
    },
    {
      "geometry": {
        "coordinates": [
          121.46000000000055,
          25.016200022734356
        ],
        "type": "Point"
      },
      "properties": {
        "weight": 1
      },
      "type": "Feature"
    },
    {
      "geometry": {
        "coordinates": [
          121.46200000000054,
          25.016200022734356
        ],
        "type": "Point"
      },
      "properties": {
        "weight": 1
      },
      "type": "Feature"
    },
    {
      "geometry": {
        "coordinates": [
          121.46300000000055,
          25.016200022734356
        ],
        "type": "Point"
      },
      "properties": {
        "weight": 1
      },
      "type": "Feature"
    },
    {
      "geometry": {
        "coordinates": [
          121.47000000000055,
          25.016200022734353
        ],
        "type": "Point"
      },
      "properties": {
        "weight": 1
      },
      "type": "Feature"
    },
    {
      "geometry": {
        "coordinates": [
          121.47400000000057,
          25.01620002273434
        ],
        "type": "Point"
      },
      "properties": {
        "weight": 1
      },
      "type": "Feature"
    },
    {
      "geometry": {
        "coordinates": [
          121.45800000000054,
          25.016300022734555
        ],
        "type": "Point"
      },
      "properties": {
        "weight": 1
      },
      "type": "Feature"
    },
    {
      "geometry": {
        "coordinates": [
          121.45900000000056,
          25.01630002273455
        ],
        "type": "Point"
      },
      "properties": {
        "weight": 1
      },
      "type": "Feature"
    },
    {
      "geometry": {
        "coordinates": [
          121.46000000000055,
          25.016300022734544
        ],
        "type": "Point"
      },
      "properties": {
        "weight": 1
      },
      "type": "Feature"
    },
    {
      "geometry": {
        "coordinates": [
          121.46200000000054,
          25.016300022734544
        ],
        "type": "Point"
      },
      "properties": {
        "weight": 1
      },
      "type": "Feature"
    },
    {
      "geometry": {
        "coordinates": [
          121.47000000000055,
          25.01630002273455
        ],
        "type": "Point"
      },
      "properties": {
        "weight": 1
      },
      "type": "Feature"
    },
    {
      "geometry": {
        "coordinates": [
          121.45700000000053,
          25.016400022734732
        ],
        "type": "Point"
      },
      "properties": {
        "weight": 1
      },
      "type": "Feature"
    },
    {
      "geometry": {
        "coordinates": [
          121.46000000000055,
          25.016400022734746
        ],
        "type": "Point"
      },
      "properties": {
        "weight": 1
      },
      "type": "Feature"
    },
    {
      "geometry": {
        "coordinates": [
          121.46600000000053,
          25.016400022734743
        ],
        "type": "Point"
      },
      "properties": {
        "weight": 1
      },
      "type": "Feature"
    },
    {
      "geometry": {
        "coordinates": [
          121.46700000000057,
          25.016400022734743
        ],
        "type": "Point"
      },
      "properties": {
        "weight": 1
      },
      "type": "Feature"
    },
    {
      "geometry": {
        "coordinates": [
          121.46800000000057,
          25.016400022734732
        ],
        "type": "Point"
      },
      "properties": {
        "weight": 1
      },
      "type": "Feature"
    },
    {
      "geometry": {
        "coordinates": [
          121.46900000000055,
          25.016400022734732
        ],
        "type": "Point"
      },
      "properties": {
        "weight": 1
      },
      "type": "Feature"
    },
    {
      "geometry": {
        "coordinates": [
          121.46100000000055,
          25.01650002273492
        ],
        "type": "Point"
      },
      "properties": {
        "weight": 1
      },
      "type": "Feature"
    },
    {
      "geometry": {
        "coordinates": [
          121.46200000000054,
          25.016500022734935
        ],
        "type": "Point"
      },
      "properties": {
        "weight": 1
      },
      "type": "Feature"
    },
    {
      "geometry": {
        "coordinates": [
          121.46600000000053,
          25.01650002273493
        ],
        "type": "Point"
      },
      "properties": {
        "weight": 1
      },
      "type": "Feature"
    },
    {
      "geometry": {
        "coordinates": [
          121.46900000000055,
          25.016500022734935
        ],
        "type": "Point"
      },
      "properties": {
        "weight": 1
      },
      "type": "Feature"
    },
    {
      "geometry": {
        "coordinates": [
          121.47100000000056,
          25.01650002273493
        ],
        "type": "Point"
      },
      "properties": {
        "weight": 1
      },
      "type": "Feature"
    },
    {
      "geometry": {
        "coordinates": [
          121.47300000000057,
          25.01650002273492
        ],
        "type": "Point"
      },
      "properties": {
        "weight": 1
      },
      "type": "Feature"
    },
    {
      "geometry": {
        "coordinates": [
          121.47400000000057,
          25.01650002273492
        ],
        "type": "Point"
      },
      "properties": {
        "weight": 1
      },
      "type": "Feature"
    },
    {
      "geometry": {
        "coordinates": [
          121.45900000000056,
          25.01660002273511
        ],
        "type": "Point"
      },
      "properties": {
        "weight": 1
      },
      "type": "Feature"
    },
    {
      "geometry": {
        "coordinates": [
          121.46000000000055,
          25.016600022735116
        ],
        "type": "Point"
      },
      "properties": {
        "weight": 1
      },
      "type": "Feature"
    },
    {
      "geometry": {
        "coordinates": [
          121.46200000000054,
          25.01660002273511
        ],
        "type": "Point"
      },
      "properties": {
        "weight": 1
      },
      "type": "Feature"
    },
    {
      "geometry": {
        "coordinates": [
          121.46300000000055,
          25.016600022735112
        ],
        "type": "Point"
      },
      "properties": {
        "weight": 1
      },
      "type": "Feature"
    },
    {
      "geometry": {
        "coordinates": [
          121.46700000000057,
          25.0166000227351
        ],
        "type": "Point"
      },
      "properties": {
        "weight": 1
      },
      "type": "Feature"
    },
    {
      "geometry": {
        "coordinates": [
          121.47000000000055,
          25.01660002273511
        ],
        "type": "Point"
      },
      "properties": {
        "weight": 1
      },
      "type": "Feature"
    },
    {
      "geometry": {
        "coordinates": [
          121.47100000000056,
          25.016600022735112
        ],
        "type": "Point"
      },
      "properties": {
        "weight": 1
      },
      "type": "Feature"
    },
    {
      "geometry": {
        "coordinates": [
          121.47400000000057,
          25.0166000227351
        ],
        "type": "Point"
      },
      "properties": {
        "weight": 1
      },
      "type": "Feature"
    },
    {
      "geometry": {
        "coordinates": [
          121.46000000000055,
          25.01670002273531
        ],
        "type": "Point"
      },
      "properties": {
        "weight": 1
      },
      "type": "Feature"
    },
    {
      "geometry": {
        "coordinates": [
          121.46100000000055,
          25.01670002273531
        ],
        "type": "Point"
      },
      "properties": {
        "weight": 1
      },
      "type": "Feature"
    },
    {
      "geometry": {
        "coordinates": [
          121.46600000000053,
          25.016700022735307
        ],
        "type": "Point"
      },
      "properties": {
        "weight": 1
      },
      "type": "Feature"
    },
    {
      "geometry": {
        "coordinates": [
          121.46900000000055,
          25.016700022735307
        ],
        "type": "Point"
      },
      "properties": {
        "weight": 1
      },
      "type": "Feature"
    },
    {
      "geometry": {
        "coordinates": [
          121.47100000000056,
          25.01670002273531
        ],
        "type": "Point"
      },
      "properties": {
        "weight": 1
      },
      "type": "Feature"
    },
    {
      "geometry": {
        "coordinates": [
          121.47300000000057,
          25.016700022735307
        ],
        "type": "Point"
      },
      "properties": {
        "weight": 1
      },
      "type": "Feature"
    },
    {
      "geometry": {
        "coordinates": [
          121.47400000000057,
          25.0167000227353
        ],
        "type": "Point"
      },
      "properties": {
        "weight": 1
      },
      "type": "Feature"
    },
    {
      "geometry": {
        "coordinates": [
          121.45800000000054,
          25.01680002273549
        ],
        "type": "Point"
      },
      "properties": {
        "weight": 1
      },
      "type": "Feature"
    },
    {
      "geometry": {
        "coordinates": [
          121.46100000000055,
          25.016800022735495
        ],
        "type": "Point"
      },
      "properties": {
        "weight": 1
      },
      "type": "Feature"
    },
    {
      "geometry": {
        "coordinates": [
          121.46800000000057,
          25.01680002273549
        ],
        "type": "Point"
      },
      "properties": {
        "weight": 1
      },
      "type": "Feature"
    },
    {
      "geometry": {
        "coordinates": [
          121.46900000000055,
          25.016800022735485
        ],
        "type": "Point"
      },
      "properties": {
        "weight": 1
      },
      "type": "Feature"
    },
    {
      "geometry": {
        "coordinates": [
          121.47300000000057,
          25.016800022735485
        ],
        "type": "Point"
      },
      "properties": {
        "weight": 1
      },
      "type": "Feature"
    },
    {
      "geometry": {
        "coordinates": [
          121.47400000000057,
          25.016800022735477
        ],
        "type": "Point"
      },
      "properties": {
        "weight": 1
      },
      "type": "Feature"
    },
    {
      "geometry": {
        "coordinates": [
          121.46000000000055,
          25.016900022735683
        ],
        "type": "Point"
      },
      "properties": {
        "weight": 1
      },
      "type": "Feature"
    },
    {
      "geometry": {
        "coordinates": [
          121.46100000000055,
          25.016900022735683
        ],
        "type": "Point"
      },
      "properties": {
        "weight": 1
      },
      "type": "Feature"
    },
    {
      "geometry": {
        "coordinates": [
          121.46300000000055,
          25.01690002273568
        ],
        "type": "Point"
      },
      "properties": {
        "weight": 1
      },
      "type": "Feature"
    },
    {
      "geometry": {
        "coordinates": [
          121.46600000000053,
          25.016900022735683
        ],
        "type": "Point"
      },
      "properties": {
        "weight": 1
      },
      "type": "Feature"
    },
    {
      "geometry": {
        "coordinates": [
          121.46700000000057,
          25.016900022735683
        ],
        "type": "Point"
      },
      "properties": {
        "weight": 1
      },
      "type": "Feature"
    },
    {
      "geometry": {
        "coordinates": [
          121.46800000000057,
          25.016900022735683
        ],
        "type": "Point"
      },
      "properties": {
        "weight": 1
      },
      "type": "Feature"
    },
    {
      "geometry": {
        "coordinates": [
          121.46900000000055,
          25.016900022735683
        ],
        "type": "Point"
      },
      "properties": {
        "weight": 1
      },
      "type": "Feature"
    },
    {
      "geometry": {
        "coordinates": [
          121.47300000000057,
          25.016900022735683
        ],
        "type": "Point"
      },
      "properties": {
        "weight": 1
      },
      "type": "Feature"
    },
    {
      "geometry": {
        "coordinates": [
          121.47400000000057,
          25.016900022735683
        ],
        "type": "Point"
      },
      "properties": {
        "weight": 1
      },
      "type": "Feature"
    },
    {
      "geometry": {
        "coordinates": [
          121.45700000000053,
          25.01700002273587
        ],
        "type": "Point"
      },
      "properties": {
        "weight": 1
      },
      "type": "Feature"
    },
    {
      "geometry": {
        "coordinates": [
          121.45900000000056,
          25.017000022735875
        ],
        "type": "Point"
      },
      "properties": {
        "weight": 1
      },
      "type": "Feature"
    },
    {
      "geometry": {
        "coordinates": [
          121.46100000000055,
          25.01700002273587
        ],
        "type": "Point"
      },
      "properties": {
        "weight": 1
      },
      "type": "Feature"
    },
    {
      "geometry": {
        "coordinates": [
          121.46300000000055,
          25.01700002273587
        ],
        "type": "Point"
      },
      "properties": {
        "weight": 1
      },
      "type": "Feature"
    },
    {
      "geometry": {
        "coordinates": [
          121.46600000000053,
          25.017000022735875
        ],
        "type": "Point"
      },
      "properties": {
        "weight": 1
      },
      "type": "Feature"
    },
    {
      "geometry": {
        "coordinates": [
          121.47300000000057,
          25.01700002273587
        ],
        "type": "Point"
      },
      "properties": {
        "weight": 1
      },
      "type": "Feature"
    },
    {
      "geometry": {
        "coordinates": [
          121.47400000000057,
          25.017000022735875
        ],
        "type": "Point"
      },
      "properties": {
        "weight": 1
      },
      "type": "Feature"
    },
    {
      "geometry": {
        "coordinates": [
          121.45700000000053,
          25.01710002273606
        ],
        "type": "Point"
      },
      "properties": {
        "weight": 1
      },
      "type": "Feature"
    },
    {
      "geometry": {
        "coordinates": [
          121.45800000000054,
          25.01710002273606
        ],
        "type": "Point"
      },
      "properties": {
        "weight": 1
      },
      "type": "Feature"
    },
    {
      "geometry": {
        "coordinates": [
          121.45900000000056,
          25.017100022736056
        ],
        "type": "Point"
      },
      "properties": {
        "weight": 1
      },
      "type": "Feature"
    },
    {
      "geometry": {
        "coordinates": [
          121.46000000000055,
          25.01710002273607
        ],
        "type": "Point"
      },
      "properties": {
        "weight": 1
      },
      "type": "Feature"
    },
    {
      "geometry": {
        "coordinates": [
          121.46200000000054,
          25.01710002273606
        ],
        "type": "Point"
      },
      "properties": {
        "weight": 1
      },
      "type": "Feature"
    },
    {
      "geometry": {
        "coordinates": [
          121.46300000000055,
          25.01710002273607
        ],
        "type": "Point"
      },
      "properties": {
        "weight": 1
      },
      "type": "Feature"
    },
    {
      "geometry": {
        "coordinates": [
          121.46600000000053,
          25.01710002273606
        ],
        "type": "Point"
      },
      "properties": {
        "weight": 1
      },
      "type": "Feature"
    },
    {
      "geometry": {
        "coordinates": [
          121.46700000000057,
          25.01710002273606
        ],
        "type": "Point"
      },
      "properties": {
        "weight": 1
      },
      "type": "Feature"
    },
    {
      "geometry": {
        "coordinates": [
          121.46800000000057,
          25.017100022736056
        ],
        "type": "Point"
      },
      "properties": {
        "weight": 1
      },
      "type": "Feature"
    },
    {
      "geometry": {
        "coordinates": [
          121.47300000000057,
          25.017100022736045
        ],
        "type": "Point"
      },
      "properties": {
        "weight": 1
      },
      "type": "Feature"
    },
    {
      "geometry": {
        "coordinates": [
          121.45700000000053,
          25.017200022736247
        ],
        "type": "Point"
      },
      "properties": {
        "weight": 1
      },
      "type": "Feature"
    },
    {
      "geometry": {
        "coordinates": [
          121.45900000000056,
          25.017200022736247
        ],
        "type": "Point"
      },
      "properties": {
        "weight": 1
      },
      "type": "Feature"
    },
    {
      "geometry": {
        "coordinates": [
          121.46000000000055,
          25.017200022736247
        ],
        "type": "Point"
      },
      "properties": {
        "weight": 1
      },
      "type": "Feature"
    },
    {
      "geometry": {
        "coordinates": [
          121.46100000000055,
          25.017200022736255
        ],
        "type": "Point"
      },
      "properties": {
        "weight": 1
      },
      "type": "Feature"
    },
    {
      "geometry": {
        "coordinates": [
          121.46600000000053,
          25.017200022736244
        ],
        "type": "Point"
      },
      "properties": {
        "weight": 1
      },
      "type": "Feature"
    },
    {
      "geometry": {
        "coordinates": [
          121.46700000000057,
          25.017200022736244
        ],
        "type": "Point"
      },
      "properties": {
        "weight": 1
      },
      "type": "Feature"
    },
    {
      "geometry": {
        "coordinates": [
          121.47000000000055,
          25.017200022736244
        ],
        "type": "Point"
      },
      "properties": {
        "weight": 1
      },
      "type": "Feature"
    },
    {
      "geometry": {
        "coordinates": [
          121.47300000000057,
          25.017200022736244
        ],
        "type": "Point"
      },
      "properties": {
        "weight": 1
      },
      "type": "Feature"
    },
    {
      "geometry": {
        "coordinates": [
          121.45700000000053,
          25.01730002273644
        ],
        "type": "Point"
      },
      "properties": {
        "weight": 1
      },
      "type": "Feature"
    },
    {
      "geometry": {
        "coordinates": [
          121.45800000000054,
          25.01730002273644
        ],
        "type": "Point"
      },
      "properties": {
        "weight": 1
      },
      "type": "Feature"
    },
    {
      "geometry": {
        "coordinates": [
          121.45900000000056,
          25.01730002273643
        ],
        "type": "Point"
      },
      "properties": {
        "weight": 1
      },
      "type": "Feature"
    },
    {
      "geometry": {
        "coordinates": [
          121.46000000000055,
          25.01730002273643
        ],
        "type": "Point"
      },
      "properties": {
        "weight": 1
      },
      "type": "Feature"
    },
    {
      "geometry": {
        "coordinates": [
          121.46400000000052,
          25.01730002273643
        ],
        "type": "Point"
      },
      "properties": {
        "weight": 1
      },
      "type": "Feature"
    },
    {
      "geometry": {
        "coordinates": [
          121.46500000000057,
          25.01730002273643
        ],
        "type": "Point"
      },
      "properties": {
        "weight": 1
      },
      "type": "Feature"
    },
    {
      "geometry": {
        "coordinates": [
          121.46600000000053,
          25.01730002273643
        ],
        "type": "Point"
      },
      "properties": {
        "weight": 1
      },
      "type": "Feature"
    },
    {
      "geometry": {
        "coordinates": [
          121.46700000000057,
          25.01730002273644
        ],
        "type": "Point"
      },
      "properties": {
        "weight": 1
      },
      "type": "Feature"
    },
    {
      "geometry": {
        "coordinates": [
          121.45800000000054,
          25.017400022736624
        ],
        "type": "Point"
      },
      "properties": {
        "weight": 1
      },
      "type": "Feature"
    },
    {
      "geometry": {
        "coordinates": [
          121.45900000000056,
          25.017400022736613
        ],
        "type": "Point"
      },
      "properties": {
        "weight": 1
      },
      "type": "Feature"
    },
    {
      "geometry": {
        "coordinates": [
          121.46000000000055,
          25.017400022736613
        ],
        "type": "Point"
      },
      "properties": {
        "weight": 1
      },
      "type": "Feature"
    },
    {
      "geometry": {
        "coordinates": [
          121.46600000000053,
          25.01740002273662
        ],
        "type": "Point"
      },
      "properties": {
        "weight": 1
      },
      "type": "Feature"
    },
    {
      "geometry": {
        "coordinates": [
          121.47000000000055,
          25.017400022736627
        ],
        "type": "Point"
      },
      "properties": {
        "weight": 1
      },
      "type": "Feature"
    },
    {
      "geometry": {
        "coordinates": [
          121.45800000000054,
          25.017500022736805
        ],
        "type": "Point"
      },
      "properties": {
        "weight": 1
      },
      "type": "Feature"
    },
    {
      "geometry": {
        "coordinates": [
          121.45900000000056,
          25.017500022736808
        ],
        "type": "Point"
      },
      "properties": {
        "weight": 1
      },
      "type": "Feature"
    },
    {
      "geometry": {
        "coordinates": [
          121.46000000000055,
          25.01750002273681
        ],
        "type": "Point"
      },
      "properties": {
        "weight": 1
      },
      "type": "Feature"
    },
    {
      "geometry": {
        "coordinates": [
          121.46300000000055,
          25.017500022736805
        ],
        "type": "Point"
      },
      "properties": {
        "weight": 1
      },
      "type": "Feature"
    },
    {
      "geometry": {
        "coordinates": [
          121.47000000000055,
          25.017500022736808
        ],
        "type": "Point"
      },
      "properties": {
        "weight": 1
      },
      "type": "Feature"
    },
    {
      "geometry": {
        "coordinates": [
          121.47100000000056,
          25.017500022736805
        ],
        "type": "Point"
      },
      "properties": {
        "weight": 1
      },
      "type": "Feature"
    },
    {
      "geometry": {
        "coordinates": [
          121.45800000000054,
          25.017600022737017
        ],
        "type": "Point"
      },
      "properties": {
        "weight": 1
      },
      "type": "Feature"
    },
    {
      "geometry": {
        "coordinates": [
          121.45900000000056,
          25.017600022737007
        ],
        "type": "Point"
      },
      "properties": {
        "weight": 1
      },
      "type": "Feature"
    },
    {
      "geometry": {
        "coordinates": [
          121.46000000000055,
          25.01760002273701
        ],
        "type": "Point"
      },
      "properties": {
        "weight": 1
      },
      "type": "Feature"
    },
    {
      "geometry": {
        "coordinates": [
          121.46100000000055,
          25.017600022737007
        ],
        "type": "Point"
      },
      "properties": {
        "weight": 1
      },
      "type": "Feature"
    },
    {
      "geometry": {
        "coordinates": [
          121.46200000000054,
          25.017600022737007
        ],
        "type": "Point"
      },
      "properties": {
        "weight": 1
      },
      "type": "Feature"
    },
    {
      "geometry": {
        "coordinates": [
          121.46500000000057,
          25.01760002273701
        ],
        "type": "Point"
      },
      "properties": {
        "weight": 1
      },
      "type": "Feature"
    },
    {
      "geometry": {
        "coordinates": [
          121.46600000000053,
          25.017600022737007
        ],
        "type": "Point"
      },
      "properties": {
        "weight": 1
      },
      "type": "Feature"
    },
    {
      "geometry": {
        "coordinates": [
          121.47100000000056,
          25.017600022737007
        ],
        "type": "Point"
      },
      "properties": {
        "weight": 1
      },
      "type": "Feature"
    },
    {
      "geometry": {
        "coordinates": [
          121.45900000000056,
          25.017700022737202
        ],
        "type": "Point"
      },
      "properties": {
        "weight": 1
      },
      "type": "Feature"
    },
    {
      "geometry": {
        "coordinates": [
          121.46300000000055,
          25.01770002273719
        ],
        "type": "Point"
      },
      "properties": {
        "weight": 1
      },
      "type": "Feature"
    },
    {
      "geometry": {
        "coordinates": [
          121.46500000000057,
          25.017700022737188
        ],
        "type": "Point"
      },
      "properties": {
        "weight": 1
      },
      "type": "Feature"
    },
    {
      "geometry": {
        "coordinates": [
          121.46600000000053,
          25.01770002273719
        ],
        "type": "Point"
      },
      "properties": {
        "weight": 1
      },
      "type": "Feature"
    },
    {
      "geometry": {
        "coordinates": [
          121.47100000000056,
          25.01770002273719
        ],
        "type": "Point"
      },
      "properties": {
        "weight": 1
      },
      "type": "Feature"
    },
    {
      "geometry": {
        "coordinates": [
          121.47300000000057,
          25.01770002273719
        ],
        "type": "Point"
      },
      "properties": {
        "weight": 1
      },
      "type": "Feature"
    },
    {
      "geometry": {
        "coordinates": [
          121.45900000000056,
          25.017800022737376
        ],
        "type": "Point"
      },
      "properties": {
        "weight": 1
      },
      "type": "Feature"
    },
    {
      "geometry": {
        "coordinates": [
          121.46000000000055,
          25.017800022737383
        ],
        "type": "Point"
      },
      "properties": {
        "weight": 1
      },
      "type": "Feature"
    },
    {
      "geometry": {
        "coordinates": [
          121.46200000000054,
          25.017800022737383
        ],
        "type": "Point"
      },
      "properties": {
        "weight": 1
      },
      "type": "Feature"
    },
    {
      "geometry": {
        "coordinates": [
          121.46300000000055,
          25.017800022737383
        ],
        "type": "Point"
      },
      "properties": {
        "weight": 1
      },
      "type": "Feature"
    },
    {
      "geometry": {
        "coordinates": [
          121.47100000000056,
          25.017800022737383
        ],
        "type": "Point"
      },
      "properties": {
        "weight": 1
      },
      "type": "Feature"
    },
    {
      "geometry": {
        "coordinates": [
          121.46000000000055,
          25.01790002273757
        ],
        "type": "Point"
      },
      "properties": {
        "weight": 1
      },
      "type": "Feature"
    },
    {
      "geometry": {
        "coordinates": [
          121.46300000000055,
          25.01790002273757
        ],
        "type": "Point"
      },
      "properties": {
        "weight": 1
      },
      "type": "Feature"
    },
    {
      "geometry": {
        "coordinates": [
          121.46500000000057,
          25.017900022737575
        ],
        "type": "Point"
      },
      "properties": {
        "weight": 1
      },
      "type": "Feature"
    },
    {
      "geometry": {
        "coordinates": [
          121.46600000000053,
          25.017900022737564
        ],
        "type": "Point"
      },
      "properties": {
        "weight": 1
      },
      "type": "Feature"
    },
    {
      "geometry": {
        "coordinates": [
          121.47000000000055,
          25.017900022737575
        ],
        "type": "Point"
      },
      "properties": {
        "weight": 1
      },
      "type": "Feature"
    },
    {
      "geometry": {
        "coordinates": [
          121.47100000000056,
          25.017900022737575
        ],
        "type": "Point"
      },
      "properties": {
        "weight": 1
      },
      "type": "Feature"
    },
    {
      "geometry": {
        "coordinates": [
          121.46000000000055,
          25.018000022737763
        ],
        "type": "Point"
      },
      "properties": {
        "weight": 1
      },
      "type": "Feature"
    },
    {
      "geometry": {
        "coordinates": [
          121.46300000000055,
          25.018000022737766
        ],
        "type": "Point"
      },
      "properties": {
        "weight": 1
      },
      "type": "Feature"
    },
    {
      "geometry": {
        "coordinates": [
          121.46500000000057,
          25.018000022737766
        ],
        "type": "Point"
      },
      "properties": {
        "weight": 1
      },
      "type": "Feature"
    },
    {
      "geometry": {
        "coordinates": [
          121.47000000000055,
          25.018000022737755
        ],
        "type": "Point"
      },
      "properties": {
        "weight": 1
      },
      "type": "Feature"
    },
    {
      "geometry": {
        "coordinates": [
          121.45800000000054,
          25.018100022737954
        ],
        "type": "Point"
      },
      "properties": {
        "weight": 1
      },
      "type": "Feature"
    },
    {
      "geometry": {
        "coordinates": [
          121.46000000000055,
          25.018100022737947
        ],
        "type": "Point"
      },
      "properties": {
        "weight": 1
      },
      "type": "Feature"
    },
    {
      "geometry": {
        "coordinates": [
          121.46100000000055,
          25.018100022737954
        ],
        "type": "Point"
      },
      "properties": {
        "weight": 1
      },
      "type": "Feature"
    },
    {
      "geometry": {
        "coordinates": [
          121.46500000000057,
          25.018100022737947
        ],
        "type": "Point"
      },
      "properties": {
        "weight": 1
      },
      "type": "Feature"
    },
    {
      "geometry": {
        "coordinates": [
          121.45900000000056,
          25.018200022738135
        ],
        "type": "Point"
      },
      "properties": {
        "weight": 1
      },
      "type": "Feature"
    },
    {
      "geometry": {
        "coordinates": [
          121.46000000000055,
          25.01820002273813
        ],
        "type": "Point"
      },
      "properties": {
        "weight": 1
      },
      "type": "Feature"
    },
    {
      "geometry": {
        "coordinates": [
          121.46600000000053,
          25.018200022738135
        ],
        "type": "Point"
      },
      "properties": {
        "weight": 1
      },
      "type": "Feature"
    },
    {
      "geometry": {
        "coordinates": [
          121.47000000000055,
          25.018200022738135
        ],
        "type": "Point"
      },
      "properties": {
        "weight": 1
      },
      "type": "Feature"
    },
    {
      "geometry": {
        "coordinates": [
          121.47200000000055,
          25.018200022738128
        ],
        "type": "Point"
      },
      "properties": {
        "weight": 1
      },
      "type": "Feature"
    },
    {
      "geometry": {
        "coordinates": [
          121.47300000000057,
          25.01820002273813
        ],
        "type": "Point"
      },
      "properties": {
        "weight": 1
      },
      "type": "Feature"
    },
    {
      "geometry": {
        "coordinates": [
          121.45900000000056,
          25.01830002273833
        ],
        "type": "Point"
      },
      "properties": {
        "weight": 1
      },
      "type": "Feature"
    },
    {
      "geometry": {
        "coordinates": [
          121.46100000000055,
          25.018300022738327
        ],
        "type": "Point"
      },
      "properties": {
        "weight": 1
      },
      "type": "Feature"
    },
    {
      "geometry": {
        "coordinates": [
          121.46900000000055,
          25.018300022738334
        ],
        "type": "Point"
      },
      "properties": {
        "weight": 1
      },
      "type": "Feature"
    },
    {
      "geometry": {
        "coordinates": [
          121.47000000000055,
          25.018300022738327
        ],
        "type": "Point"
      },
      "properties": {
        "weight": 1
      },
      "type": "Feature"
    },
    {
      "geometry": {
        "coordinates": [
          121.47200000000055,
          25.018300022738334
        ],
        "type": "Point"
      },
      "properties": {
        "weight": 1
      },
      "type": "Feature"
    },
    {
      "geometry": {
        "coordinates": [
          121.45900000000056,
          25.018400022738504
        ],
        "type": "Point"
      },
      "properties": {
        "weight": 1
      },
      "type": "Feature"
    },
    {
      "geometry": {
        "coordinates": [
          121.46000000000055,
          25.018400022738515
        ],
        "type": "Point"
      },
      "properties": {
        "weight": 1
      },
      "type": "Feature"
    },
    {
      "geometry": {
        "coordinates": [
          121.46100000000055,
          25.01840002273851
        ],
        "type": "Point"
      },
      "properties": {
        "weight": 1
      },
      "type": "Feature"
    },
    {
      "geometry": {
        "coordinates": [
          121.46400000000055,
          25.01840002273851
        ],
        "type": "Point"
      },
      "properties": {
        "weight": 1
      },
      "type": "Feature"
    },
    {
      "geometry": {
        "coordinates": [
          121.46500000000057,
          25.018400022738504
        ],
        "type": "Point"
      },
      "properties": {
        "weight": 1
      },
      "type": "Feature"
    },
    {
      "geometry": {
        "coordinates": [
          121.46900000000055,
          25.01840002273851
        ],
        "type": "Point"
      },
      "properties": {
        "weight": 1
      },
      "type": "Feature"
    },
    {
      "geometry": {
        "coordinates": [
          121.47000000000055,
          25.01840002273851
        ],
        "type": "Point"
      },
      "properties": {
        "weight": 1
      },
      "type": "Feature"
    },
    {
      "geometry": {
        "coordinates": [
          121.47300000000057,
          25.0184000227385
        ],
        "type": "Point"
      },
      "properties": {
        "weight": 1
      },
      "type": "Feature"
    },
    {
      "geometry": {
        "coordinates": [
          121.46100000000055,
          25.01850002273871
        ],
        "type": "Point"
      },
      "properties": {
        "weight": 1
      },
      "type": "Feature"
    },
    {
      "geometry": {
        "coordinates": [
          121.46300000000055,
          25.018500022738714
        ],
        "type": "Point"
      },
      "properties": {
        "weight": 1
      },
      "type": "Feature"
    },
    {
      "geometry": {
        "coordinates": [
          121.46400000000055,
          25.018500022738703
        ],
        "type": "Point"
      },
      "properties": {
        "weight": 1
      },
      "type": "Feature"
    },
    {
      "geometry": {
        "coordinates": [
          121.46900000000055,
          25.0185000227387
        ],
        "type": "Point"
      },
      "properties": {
        "weight": 1
      },
      "type": "Feature"
    },
    {
      "geometry": {
        "coordinates": [
          121.47000000000055,
          25.018500022738703
        ],
        "type": "Point"
      },
      "properties": {
        "weight": 1
      },
      "type": "Feature"
    },
    {
      "geometry": {
        "coordinates": [
          121.47200000000055,
          25.01850002273871
        ],
        "type": "Point"
      },
      "properties": {
        "weight": 1
      },
      "type": "Feature"
    },
    {
      "geometry": {
        "coordinates": [
          121.46100000000055,
          25.01860002273889
        ],
        "type": "Point"
      },
      "properties": {
        "weight": 1
      },
      "type": "Feature"
    },
    {
      "geometry": {
        "coordinates": [
          121.46200000000054,
          25.018600022738894
        ],
        "type": "Point"
      },
      "properties": {
        "weight": 1
      },
      "type": "Feature"
    },
    {
      "geometry": {
        "coordinates": [
          121.46600000000053,
          25.01860002273888
        ],
        "type": "Point"
      },
      "properties": {
        "weight": 1
      },
      "type": "Feature"
    },
    {
      "geometry": {
        "coordinates": [
          121.46900000000055,
          25.01860002273889
        ],
        "type": "Point"
      },
      "properties": {
        "weight": 1
      },
      "type": "Feature"
    },
    {
      "geometry": {
        "coordinates": [
          121.46200000000054,
          25.01870002273909
        ],
        "type": "Point"
      },
      "properties": {
        "weight": 1
      },
      "type": "Feature"
    },
    {
      "geometry": {
        "coordinates": [
          121.46300000000055,
          25.018700022739083
        ],
        "type": "Point"
      },
      "properties": {
        "weight": 1
      },
      "type": "Feature"
    },
    {
      "geometry": {
        "coordinates": [
          121.46400000000055,
          25.018700022739083
        ],
        "type": "Point"
      },
      "properties": {
        "weight": 1
      },
      "type": "Feature"
    },
    {
      "geometry": {
        "coordinates": [
          121.46600000000053,
          25.018700022739075
        ],
        "type": "Point"
      },
      "properties": {
        "weight": 1
      },
      "type": "Feature"
    },
    {
      "geometry": {
        "coordinates": [
          121.46700000000057,
          25.01870002273909
        ],
        "type": "Point"
      },
      "properties": {
        "weight": 1
      },
      "type": "Feature"
    },
    {
      "geometry": {
        "coordinates": [
          121.46900000000055,
          25.01870002273908
        ],
        "type": "Point"
      },
      "properties": {
        "weight": 1
      },
      "type": "Feature"
    },
    {
      "geometry": {
        "coordinates": [
          121.47200000000055,
          25.01870002273908
        ],
        "type": "Point"
      },
      "properties": {
        "weight": 1
      },
      "type": "Feature"
    },
    {
      "geometry": {
        "coordinates": [
          121.45900000000056,
          25.018800022739274
        ],
        "type": "Point"
      },
      "properties": {
        "weight": 1
      },
      "type": "Feature"
    },
    {
      "geometry": {
        "coordinates": [
          121.46400000000055,
          25.018800022739274
        ],
        "type": "Point"
      },
      "properties": {
        "weight": 1
      },
      "type": "Feature"
    },
    {
      "geometry": {
        "coordinates": [
          121.46600000000053,
          25.018800022739274
        ],
        "type": "Point"
      },
      "properties": {
        "weight": 1
      },
      "type": "Feature"
    },
    {
      "geometry": {
        "coordinates": [
          121.46800000000057,
          25.018800022739274
        ],
        "type": "Point"
      },
      "properties": {
        "weight": 1
      },
      "type": "Feature"
    },
    {
      "geometry": {
        "coordinates": [
          121.47200000000055,
          25.018800022739267
        ],
        "type": "Point"
      },
      "properties": {
        "weight": 1
      },
      "type": "Feature"
    },
    {
      "geometry": {
        "coordinates": [
          121.46200000000054,
          25.018900022739466
        ],
        "type": "Point"
      },
      "properties": {
        "weight": 1
      },
      "type": "Feature"
    },
    {
      "geometry": {
        "coordinates": [
          121.46600000000053,
          25.018900022739462
        ],
        "type": "Point"
      },
      "properties": {
        "weight": 1
      },
      "type": "Feature"
    },
    {
      "geometry": {
        "coordinates": [
          121.46800000000057,
          25.018900022739462
        ],
        "type": "Point"
      },
      "properties": {
        "weight": 1
      },
      "type": "Feature"
    },
    {
      "geometry": {
        "coordinates": [
          121.46900000000055,
          25.018900022739462
        ],
        "type": "Point"
      },
      "properties": {
        "weight": 1
      },
      "type": "Feature"
    },
    {
      "geometry": {
        "coordinates": [
          121.47000000000055,
          25.018900022739455
        ],
        "type": "Point"
      },
      "properties": {
        "weight": 1
      },
      "type": "Feature"
    },
    {
      "geometry": {
        "coordinates": [
          121.47200000000055,
          25.018900022739462
        ],
        "type": "Point"
      },
      "properties": {
        "weight": 1
      },
      "type": "Feature"
    },
    {
      "geometry": {
        "coordinates": [
          121.46300000000055,
          25.019000022739643
        ],
        "type": "Point"
      },
      "properties": {
        "weight": 1
      },
      "type": "Feature"
    },
    {
      "geometry": {
        "coordinates": [
          121.46400000000055,
          25.01900002273964
        ],
        "type": "Point"
      },
      "properties": {
        "weight": 1
      },
      "type": "Feature"
    },
    {
      "geometry": {
        "coordinates": [
          121.46500000000057,
          25.01900002273964
        ],
        "type": "Point"
      },
      "properties": {
        "weight": 1
      },
      "type": "Feature"
    },
    {
      "geometry": {
        "coordinates": [
          121.46600000000053,
          25.019000022739643
        ],
        "type": "Point"
      },
      "properties": {
        "weight": 1
      },
      "type": "Feature"
    },
    {
      "geometry": {
        "coordinates": [
          121.46700000000057,
          25.019000022739643
        ],
        "type": "Point"
      },
      "properties": {
        "weight": 1
      },
      "type": "Feature"
    },
    {
      "geometry": {
        "coordinates": [
          121.46900000000055,
          25.019000022739643
        ],
        "type": "Point"
      },
      "properties": {
        "weight": 1
      },
      "type": "Feature"
    },
    {
      "geometry": {
        "coordinates": [
          121.47000000000055,
          25.019000022739643
        ],
        "type": "Point"
      },
      "properties": {
        "weight": 1
      },
      "type": "Feature"
    },
    {
      "geometry": {
        "coordinates": [
          121.45900000000056,
          25.019100022739828
        ],
        "type": "Point"
      },
      "properties": {
        "weight": 1
      },
      "type": "Feature"
    },
    {
      "geometry": {
        "coordinates": [
          121.46100000000055,
          25.01910002273984
        ],
        "type": "Point"
      },
      "properties": {
        "weight": 1
      },
      "type": "Feature"
    },
    {
      "geometry": {
        "coordinates": [
          121.46200000000054,
          25.01910002273984
        ],
        "type": "Point"
      },
      "properties": {
        "weight": 1
      },
      "type": "Feature"
    },
    {
      "geometry": {
        "coordinates": [
          121.46300000000055,
          25.01910002273984
        ],
        "type": "Point"
      },
      "properties": {
        "weight": 1
      },
      "type": "Feature"
    },
    {
      "geometry": {
        "coordinates": [
          121.46800000000057,
          25.01910002273984
        ],
        "type": "Point"
      },
      "properties": {
        "weight": 1
      },
      "type": "Feature"
    },
    {
      "geometry": {
        "coordinates": [
          121.46900000000055,
          25.01910002273984
        ],
        "type": "Point"
      },
      "properties": {
        "weight": 1
      },
      "type": "Feature"
    },
    {
      "geometry": {
        "coordinates": [
          121.47000000000055,
          25.019100022739828
        ],
        "type": "Point"
      },
      "properties": {
        "weight": 1
      },
      "type": "Feature"
    },
    {
      "geometry": {
        "coordinates": [
          121.45900000000056,
          25.019200022740023
        ],
        "type": "Point"
      },
      "properties": {
        "weight": 1
      },
      "type": "Feature"
    },
    {
      "geometry": {
        "coordinates": [
          121.46200000000054,
          25.019200022740026
        ],
        "type": "Point"
      },
      "properties": {
        "weight": 1
      },
      "type": "Feature"
    },
    {
      "geometry": {
        "coordinates": [
          121.46300000000055,
          25.01920002274002
        ],
        "type": "Point"
      },
      "properties": {
        "weight": 1
      },
      "type": "Feature"
    },
    {
      "geometry": {
        "coordinates": [
          121.46600000000053,
          25.019200022740023
        ],
        "type": "Point"
      },
      "properties": {
        "weight": 1
      },
      "type": "Feature"
    },
    {
      "geometry": {
        "coordinates": [
          121.46700000000057,
          25.019200022740026
        ],
        "type": "Point"
      },
      "properties": {
        "weight": 1
      },
      "type": "Feature"
    },
    {
      "geometry": {
        "coordinates": [
          121.47000000000055,
          25.019200022740026
        ],
        "type": "Point"
      },
      "properties": {
        "weight": 1
      },
      "type": "Feature"
    },
    {
      "geometry": {
        "coordinates": [
          121.46100000000055,
          25.01930002274021
        ],
        "type": "Point"
      },
      "properties": {
        "weight": 1
      },
      "type": "Feature"
    },
    {
      "geometry": {
        "coordinates": [
          121.46400000000055,
          25.01930002274022
        ],
        "type": "Point"
      },
      "properties": {
        "weight": 1
      },
      "type": "Feature"
    },
    {
      "geometry": {
        "coordinates": [
          121.46400000000055,
          25.019400022740395
        ],
        "type": "Point"
      },
      "properties": {
        "weight": 1
      },
      "type": "Feature"
    },
    {
      "geometry": {
        "coordinates": [
          121.46600000000053,
          25.01940002274041
        ],
        "type": "Point"
      },
      "properties": {
        "weight": 1
      },
      "type": "Feature"
    },
    {
      "geometry": {
        "coordinates": [
          121.46900000000055,
          25.01940002274041
        ],
        "type": "Point"
      },
      "properties": {
        "weight": 1
      },
      "type": "Feature"
    },
    {
      "geometry": {
        "coordinates": [
          121.47000000000055,
          25.019400022740395
        ],
        "type": "Point"
      },
      "properties": {
        "weight": 1
      },
      "type": "Feature"
    },
    {
      "geometry": {
        "coordinates": [
          121.46100000000055,
          25.019500022740594
        ],
        "type": "Point"
      },
      "properties": {
        "weight": 1
      },
      "type": "Feature"
    },
    {
      "geometry": {
        "coordinates": [
          121.46200000000054,
          25.019500022740587
        ],
        "type": "Point"
      },
      "properties": {
        "weight": 1
      },
      "type": "Feature"
    },
    {
      "geometry": {
        "coordinates": [
          121.46400000000055,
          25.01950002274059
        ],
        "type": "Point"
      },
      "properties": {
        "weight": 1
      },
      "type": "Feature"
    },
    {
      "geometry": {
        "coordinates": [
          121.46500000000057,
          25.01950002274059
        ],
        "type": "Point"
      },
      "properties": {
        "weight": 1
      },
      "type": "Feature"
    },
    {
      "geometry": {
        "coordinates": [
          121.46600000000053,
          25.01950002274059
        ],
        "type": "Point"
      },
      "properties": {
        "weight": 1
      },
      "type": "Feature"
    },
    {
      "geometry": {
        "coordinates": [
          121.46700000000057,
          25.01950002274059
        ],
        "type": "Point"
      },
      "properties": {
        "weight": 1
      },
      "type": "Feature"
    },
    {
      "geometry": {
        "coordinates": [
          121.46900000000055,
          25.019500022740594
        ],
        "type": "Point"
      },
      "properties": {
        "weight": 1
      },
      "type": "Feature"
    },
    {
      "geometry": {
        "coordinates": [
          121.47000000000055,
          25.019500022740587
        ],
        "type": "Point"
      },
      "properties": {
        "weight": 1
      },
      "type": "Feature"
    },
    {
      "geometry": {
        "coordinates": [
          121.46100000000055,
          25.019600022740793
        ],
        "type": "Point"
      },
      "properties": {
        "weight": 1
      },
      "type": "Feature"
    },
    {
      "geometry": {
        "coordinates": [
          121.46200000000054,
          25.019600022740793
        ],
        "type": "Point"
      },
      "properties": {
        "weight": 1
      },
      "type": "Feature"
    },
    {
      "geometry": {
        "coordinates": [
          121.46300000000055,
          25.01960002274079
        ],
        "type": "Point"
      },
      "properties": {
        "weight": 1
      },
      "type": "Feature"
    },
    {
      "geometry": {
        "coordinates": [
          121.46500000000057,
          25.019600022740782
        ],
        "type": "Point"
      },
      "properties": {
        "weight": 1
      },
      "type": "Feature"
    },
    {
      "geometry": {
        "coordinates": [
          121.46700000000057,
          25.019600022740782
        ],
        "type": "Point"
      },
      "properties": {
        "weight": 1
      },
      "type": "Feature"
    },
    {
      "geometry": {
        "coordinates": [
          121.46800000000057,
          25.01960002274079
        ],
        "type": "Point"
      },
      "properties": {
        "weight": 1
      },
      "type": "Feature"
    },
    {
      "geometry": {
        "coordinates": [
          121.46900000000055,
          25.019600022740793
        ],
        "type": "Point"
      },
      "properties": {
        "weight": 1
      },
      "type": "Feature"
    },
    {
      "geometry": {
        "coordinates": [
          121.46000000000055,
          25.01970002274097
        ],
        "type": "Point"
      },
      "properties": {
        "weight": 1
      },
      "type": "Feature"
    },
    {
      "geometry": {
        "coordinates": [
          121.46100000000055,
          25.019700022740974
        ],
        "type": "Point"
      },
      "properties": {
        "weight": 1
      },
      "type": "Feature"
    },
    {
      "geometry": {
        "coordinates": [
          121.46200000000054,
          25.019700022740974
        ],
        "type": "Point"
      },
      "properties": {
        "weight": 1
      },
      "type": "Feature"
    },
    {
      "geometry": {
        "coordinates": [
          121.46300000000056,
          25.01970002274097
        ],
        "type": "Point"
      },
      "properties": {
        "weight": 1
      },
      "type": "Feature"
    },
    {
      "geometry": {
        "coordinates": [
          121.46400000000055,
          25.01970002274097
        ],
        "type": "Point"
      },
      "properties": {
        "weight": 1
      },
      "type": "Feature"
    },
    {
      "geometry": {
        "coordinates": [
          121.46800000000057,
          25.01970002274097
        ],
        "type": "Point"
      },
      "properties": {
        "weight": 1
      },
      "type": "Feature"
    },
    {
      "geometry": {
        "coordinates": [
          121.46900000000055,
          25.01970002274097
        ],
        "type": "Point"
      },
      "properties": {
        "weight": 1
      },
      "type": "Feature"
    },
    {
      "geometry": {
        "coordinates": [
          121.46000000000055,
          25.019800022741165
        ],
        "type": "Point"
      },
      "properties": {
        "weight": 1
      },
      "type": "Feature"
    },
    {
      "geometry": {
        "coordinates": [
          121.46200000000054,
          25.019800022741155
        ],
        "type": "Point"
      },
      "properties": {
        "weight": 1
      },
      "type": "Feature"
    },
    {
      "geometry": {
        "coordinates": [
          121.46700000000057,
          25.019800022741155
        ],
        "type": "Point"
      },
      "properties": {
        "weight": 1
      },
      "type": "Feature"
    },
    {
      "geometry": {
        "coordinates": [
          121.46800000000057,
          25.019800022741155
        ],
        "type": "Point"
      },
      "properties": {
        "weight": 1
      },
      "type": "Feature"
    },
    {
      "geometry": {
        "coordinates": [
          121.46000000000055,
          25.01990002274135
        ],
        "type": "Point"
      },
      "properties": {
        "weight": 1
      },
      "type": "Feature"
    },
    {
      "geometry": {
        "coordinates": [
          121.46200000000054,
          25.01990002274135
        ],
        "type": "Point"
      },
      "properties": {
        "weight": 1
      },
      "type": "Feature"
    },
    {
      "geometry": {
        "coordinates": [
          121.46400000000055,
          25.019900022741353
        ],
        "type": "Point"
      },
      "properties": {
        "weight": 1
      },
      "type": "Feature"
    },
    {
      "geometry": {
        "coordinates": [
          121.46700000000057,
          25.019900022741346
        ],
        "type": "Point"
      },
      "properties": {
        "weight": 1
      },
      "type": "Feature"
    },
    {
      "geometry": {
        "coordinates": [
          121.46800000000057,
          25.01990002274135
        ],
        "type": "Point"
      },
      "properties": {
        "weight": 1
      },
      "type": "Feature"
    },
    {
      "geometry": {
        "coordinates": [
          121.46900000000055,
          25.019900022741353
        ],
        "type": "Point"
      },
      "properties": {
        "weight": 1
      },
      "type": "Feature"
    },
    {
      "geometry": {
        "coordinates": [
          121.46000000000055,
          25.020000022741534
        ],
        "type": "Point"
      },
      "properties": {
        "weight": 1
      },
      "type": "Feature"
    },
    {
      "geometry": {
        "coordinates": [
          121.46100000000055,
          25.02000002274153
        ],
        "type": "Point"
      },
      "properties": {
        "weight": 1
      },
      "type": "Feature"
    },
    {
      "geometry": {
        "coordinates": [
          121.46000000000055,
          25.02010002274172
        ],
        "type": "Point"
      },
      "properties": {
        "weight": 1
      },
      "type": "Feature"
    },
    {
      "geometry": {
        "coordinates": [
          121.46100000000055,
          25.020100022741715
        ],
        "type": "Point"
      },
      "properties": {
        "weight": 1
      },
      "type": "Feature"
    },
    {
      "geometry": {
        "coordinates": [
          121.46700000000057,
          25.020100022741715
        ],
        "type": "Point"
      },
      "properties": {
        "weight": 1
      },
      "type": "Feature"
    },
    {
      "geometry": {
        "coordinates": [
          121.46800000000057,
          25.020100022741715
        ],
        "type": "Point"
      },
      "properties": {
        "weight": 1
      },
      "type": "Feature"
    },
    {
      "geometry": {
        "coordinates": [
          121.46200000000054,
          25.020200022741914
        ],
        "type": "Point"
      },
      "properties": {
        "weight": 1
      },
      "type": "Feature"
    },
    {
      "geometry": {
        "coordinates": [
          121.46300000000055,
          25.020200022741903
        ],
        "type": "Point"
      },
      "properties": {
        "weight": 1
      },
      "type": "Feature"
    },
    {
      "geometry": {
        "coordinates": [
          121.46500000000057,
          25.020200022741914
        ],
        "type": "Point"
      },
      "properties": {
        "weight": 1
      },
      "type": "Feature"
    },
    {
      "geometry": {
        "coordinates": [
          121.46900000000055,
          25.020200022741903
        ],
        "type": "Point"
      },
      "properties": {
        "weight": 1
      },
      "type": "Feature"
    },
    {
      "geometry": {
        "coordinates": [
          121.46100000000055,
          25.02030002274209
        ],
        "type": "Point"
      },
      "properties": {
        "weight": 1
      },
      "type": "Feature"
    },
    {
      "geometry": {
        "coordinates": [
          121.46300000000055,
          25.020300022742095
        ],
        "type": "Point"
      },
      "properties": {
        "weight": 1
      },
      "type": "Feature"
    },
    {
      "geometry": {
        "coordinates": [
          121.46500000000057,
          25.020300022742095
        ],
        "type": "Point"
      },
      "properties": {
        "weight": 1
      },
      "type": "Feature"
    },
    {
      "geometry": {
        "coordinates": [
          121.46200000000054,
          25.020400022742297
        ],
        "type": "Point"
      },
      "properties": {
        "weight": 1
      },
      "type": "Feature"
    },
    {
      "geometry": {
        "coordinates": [
          121.46500000000057,
          25.020400022742294
        ],
        "type": "Point"
      },
      "properties": {
        "weight": 1
      },
      "type": "Feature"
    },
    {
      "geometry": {
        "coordinates": [
          121.46900000000055,
          25.020400022742294
        ],
        "type": "Point"
      },
      "properties": {
        "weight": 1
      },
      "type": "Feature"
    },
    {
      "geometry": {
        "coordinates": [
          121.46100000000055,
          25.020500022742493
        ],
        "type": "Point"
      },
      "properties": {
        "weight": 1
      },
      "type": "Feature"
    },
    {
      "geometry": {
        "coordinates": [
          121.46200000000054,
          25.020500022742485
        ],
        "type": "Point"
      },
      "properties": {
        "weight": 1
      },
      "type": "Feature"
    },
    {
      "geometry": {
        "coordinates": [
          121.46300000000055,
          25.020500022742482
        ],
        "type": "Point"
      },
      "properties": {
        "weight": 1
      },
      "type": "Feature"
    },
    {
      "geometry": {
        "coordinates": [
          121.46800000000057,
          25.020500022742482
        ],
        "type": "Point"
      },
      "properties": {
        "weight": 1
      },
      "type": "Feature"
    },
    {
      "geometry": {
        "coordinates": [
          121.46800000000057,
          25.020600022742673
        ],
        "type": "Point"
      },
      "properties": {
        "weight": 1
      },
      "type": "Feature"
    },
    {
      "geometry": {
        "coordinates": [
          121.46900000000055,
          25.020600022742673
        ],
        "type": "Point"
      },
      "properties": {
        "weight": 1
      },
      "type": "Feature"
    },
    {
      "geometry": {
        "coordinates": [
          121.46200000000054,
          25.020700022742858
        ],
        "type": "Point"
      },
      "properties": {
        "weight": 1
      },
      "type": "Feature"
    },
    {
      "geometry": {
        "coordinates": [
          121.46800000000057,
          25.02070002274286
        ],
        "type": "Point"
      },
      "properties": {
        "weight": 1
      },
      "type": "Feature"
    },
    {
      "geometry": {
        "coordinates": [
          121.46900000000055,
          25.020700022742865
        ],
        "type": "Point"
      },
      "properties": {
        "weight": 1
      },
      "type": "Feature"
    },
    {
      "geometry": {
        "coordinates": [
          121.46800000000057,
          25.020800022743057
        ],
        "type": "Point"
      },
      "properties": {
        "weight": 1
      },
      "type": "Feature"
    },
    {
      "geometry": {
        "coordinates": [
          121.46900000000055,
          25.020800022743064
        ],
        "type": "Point"
      },
      "properties": {
        "weight": 1
      },
      "type": "Feature"
    },
    {
      "geometry": {
        "coordinates": [
          121.46600000000053,
          25.021000022743443
        ],
        "type": "Point"
      },
      "properties": {
        "weight": 1
      },
      "type": "Feature"
    },
    {
      "geometry": {
        "coordinates": [
          121.46600000000053,
          25.021100022743624
        ],
        "type": "Point"
      },
      "properties": {
        "weight": 1
      },
      "type": "Feature"
    },
    {
      "geometry": {
        "coordinates": [
          121.46800000000057,
          25.021100022743624
        ],
        "type": "Point"
      },
      "properties": {
        "weight": 1
      },
      "type": "Feature"
    },
    {
      "geometry": {
        "coordinates": [
          121.46500000000057,
          25.021300022743993
        ],
        "type": "Point"
      },
      "properties": {
        "weight": 1
      },
      "type": "Feature"
    },
    {
      "geometry": {
        "coordinates": [
          121.46800000000057,
          25.021300022743993
        ],
        "type": "Point"
      },
      "properties": {
        "weight": 1
      },
      "type": "Feature"
    },
    {
      "geometry": {
        "coordinates": [
          121.46700000000057,
          25.021500022744384
        ],
        "type": "Point"
      },
      "properties": {
        "weight": 1
      },
      "type": "Feature"
    },
    {
      "geometry": {
        "coordinates": [
          121.46500000000057,
          25.021600022744558
        ],
        "type": "Point"
      },
      "properties": {
        "weight": 1
      },
      "type": "Feature"
    },
    {
      "geometry": {
        "coordinates": [
          121.46600000000053,
          25.021600022744565
        ],
        "type": "Point"
      },
      "properties": {
        "weight": 1
      },
      "type": "Feature"
    }
  ],
  "type": "FeatureCollection"
}
