{
  "type": "FeatureCollection",
  "features": [
    {
      "type": "Feature",
      "properties": {
        "type": "HeatmapPoint",
        "weight": 1
      },
      "geometry": {
        "type": "Point",
        "coordinates": [
          121.52300000000034,
          24.980800019539984
        ]
      }
    },
    {
      "type": "Feature",
      "properties": {
        "type": "HeatmapPoint",
        "weight": 1
      },
      "geometry": {
        "type": "Point",
        "coordinates": [
          121.52300000000034,
          24.980600019539644
        ]
      }
    },
    {
      "type": "Feature",
      "properties": {
        "type": "HeatmapPoint",
        "weight": 1
      },
      "geometry": {
        "type": "Point",
        "coordinates": [
          121.52300000000034,
          24.98050001953947
        ]
      }
    },
    {
      "type": "Feature",
      "properties": {
        "type": "HeatmapPoint",
        "weight": 1
      },
      "geometry": {
        "type": "Point",
        "coordinates": [
          121.52300000000034,
          24.9804000195393
        ]
      }
    },
    {
      "type": "Feature",
      "properties": {
        "type": "HeatmapPoint",
        "weight": 1
      },
      "geometry": {
        "type": "Point",
        "coordinates": [
          121.52300000000034,
          24.979800019538295
        ]
      }
    },
    {
      "type": "Feature",
      "properties": {
        "type": "HeatmapPoint",
        "weight": 1
      },
      "geometry": {
        "type": "Point",
        "coordinates": [
          121.52300000000034,
          24.97940001953761
        ]
      }
    },
    {
      "type": "Feature",
      "properties": {
        "type": "HeatmapPoint",
        "weight": 1
      },
      "geometry": {
        "type": "Point",
        "coordinates": [
          121.52300000000034,
          24.97930001953744
        ]
      }
    },
    {
      "type": "Feature",
      "properties": {
        "type": "HeatmapPoint",
        "weight": 1
      },
      "geometry": {
        "type": "Point",
        "coordinates": [
          121.52300000000034,
          24.979200019537284
        ]
      }
    },
    {
      "type": "Feature",
      "properties": {
        "type": "HeatmapPoint",
        "weight": 1
      },
      "geometry": {
        "type": "Point",
        "coordinates": [
          121.52400000000034,
          24.981000019540325
        ]
      }
    },
    {
      "type": "Feature",
      "properties": {
        "type": "HeatmapPoint",
        "weight": 1
      },
      "geometry": {
        "type": "Point",
        "coordinates": [
          121.52400000000034,
          24.980900019540147
        ]
      }
    },
    {
      "type": "Feature",
      "properties": {
        "type": "HeatmapPoint",
        "weight": 1
      },
      "geometry": {
        "type": "Point",
        "coordinates": [
          121.52400000000034,
          24.980700019539817
        ]
      }
    },
    {
      "type": "Feature",
      "properties": {
        "type": "HeatmapPoint",
        "weight": 1
      },
      "geometry": {
        "type": "Point",
        "coordinates": [
          121.52400000000034,
          24.980600019539644
        ]
      }
    },
    {
      "type": "Feature",
      "properties": {
        "type": "HeatmapPoint",
        "weight": 1
      },
      "geometry": {
        "type": "Point",
        "coordinates": [
          121.52400000000034,
          24.980400019539303
        ]
      }
    },
    {
      "type": "Feature",
      "properties": {
        "type": "HeatmapPoint",
        "weight": 1
      },
      "geometry": {
        "type": "Point",
        "coordinates": [
          121.52400000000034,
          24.980200019538977
        ]
      }
    },
    {
      "type": "Feature",
      "properties": {
        "type": "HeatmapPoint",
        "weight": 1
      },
      "geometry": {
        "type": "Point",
        "coordinates": [
          121.52400000000034,
          24.980100019538806
        ]
      }
    },
    {
      "type": "Feature",
      "properties": {
        "type": "HeatmapPoint",
        "weight": 1
      },
      "geometry": {
        "type": "Point",
        "coordinates": [
          121.52400000000034,
          24.97930001953744
        ]
      }
    },
    {
      "type": "Feature",
      "properties": {
        "type": "HeatmapPoint",
        "weight": 1
      },
      "geometry": {
        "type": "Point",
        "coordinates": [
          121.52400000000034,
          24.97920001953728
        ]
      }
    },
    {
      "type": "Feature",
      "properties": {
        "type": "HeatmapPoint",
        "weight": 1
      },
      "geometry": {
        "type": "Point",
        "coordinates": [
          121.52400000000034,
          24.97760001953457
        ]
      }
    },
    {
      "type": "Feature",
      "properties": {
        "type": "HeatmapPoint",
        "weight": 1
      },
      "geometry": {
        "type": "Point",
        "coordinates": [
          121.52400000000034,
          24.976900019533385
        ]
      }
    },
    {
      "type": "Feature",
      "properties": {
        "type": "HeatmapPoint",
        "weight": 1
      },
      "geometry": {
        "type": "Point",
        "coordinates": [
          121.52400000000034,
          24.97670001953305
        ]
      }
    },
    {
      "type": "Feature",
      "properties": {
        "type": "HeatmapPoint",
        "weight": 1
      },
      "geometry": {
        "type": "Point",
        "coordinates": [
          121.52500000000033,
          24.981500019541173
        ]
      }
    },
    {
      "type": "Feature",
      "properties": {
        "type": "HeatmapPoint",
        "weight": 1
      },
      "geometry": {
        "type": "Point",
        "coordinates": [
          121.52500000000033,
          24.98130001954083
        ]
      }
    },
    {
      "type": "Feature",
      "properties": {
        "type": "HeatmapPoint",
        "weight": 1
      },
      "geometry": {
        "type": "Point",
        "coordinates": [
          121.52500000000033,
          24.981200019540665
        ]
      }
    },
    {
      "type": "Feature",
      "properties": {
        "type": "HeatmapPoint",
        "weight": 1
      },
      "geometry": {
        "type": "Point",
        "coordinates": [
          121.52500000000033,
          24.98090001954014
        ]
      }
    },
    {
      "type": "Feature",
      "properties": {
        "type": "HeatmapPoint",
        "weight": 1
      },
      "geometry": {
        "type": "Point",
        "coordinates": [
          121.52500000000033,
          24.980800019539988
        ]
      }
    },
    {
      "type": "Feature",
      "properties": {
        "type": "HeatmapPoint",
        "weight": 1
      },
      "geometry": {
        "type": "Point",
        "coordinates": [
          121.52500000000033,
          24.98070001953982
        ]
      }
    },
    {
      "type": "Feature",
      "properties": {
        "type": "HeatmapPoint",
        "weight": 1
      },
      "geometry": {
        "type": "Point",
        "coordinates": [
          121.52500000000033,
          24.98060001953964
        ]
      }
    },
    {
      "type": "Feature",
      "properties": {
        "type": "HeatmapPoint",
        "weight": 1
      },
      "geometry": {
        "type": "Point",
        "coordinates": [
          121.52500000000033,
          24.980500019539484
        ]
      }
    },
    {
      "type": "Feature",
      "properties": {
        "type": "HeatmapPoint",
        "weight": 1
      },
      "geometry": {
        "type": "Point",
        "coordinates": [
          121.52500000000033,
          24.979100019537107
        ]
      }
    },
    {
      "type": "Feature",
      "properties": {
        "type": "HeatmapPoint",
        "weight": 1
      },
      "geometry": {
        "type": "Point",
        "coordinates": [
          121.52500000000033,
          24.978400019535936
        ]
      }
    },
    {
      "type": "Feature",
      "properties": {
        "type": "HeatmapPoint",
        "weight": 1
      },
      "geometry": {
        "type": "Point",
        "coordinates": [
          121.52500000000033,
          24.97760001953457
        ]
      }
    },
    {
      "type": "Feature",
      "properties": {
        "type": "HeatmapPoint",
        "weight": 1
      },
      "geometry": {
        "type": "Point",
        "coordinates": [
          121.52500000000033,
          24.97740001953424
        ]
      }
    },
    {
      "type": "Feature",
      "properties": {
        "type": "HeatmapPoint",
        "weight": 1
      },
      "geometry": {
        "type": "Point",
        "coordinates": [
          121.52500000000033,
          24.977000019533552
        ]
      }
    },
    {
      "type": "Feature",
      "properties": {
        "type": "HeatmapPoint",
        "weight": 1
      },
      "geometry": {
        "type": "Point",
        "coordinates": [
          121.52500000000033,
          24.976900019533378
        ]
      }
    },
    {
      "type": "Feature",
      "properties": {
        "type": "HeatmapPoint",
        "weight": 1
      },
      "geometry": {
        "type": "Point",
        "coordinates": [
          121.52500000000033,
          24.976800019533208
        ]
      }
    },
    {
      "type": "Feature",
      "properties": {
        "type": "HeatmapPoint",
        "weight": 1
      },
      "geometry": {
        "type": "Point",
        "coordinates": [
          121.52500000000033,
          24.976700019533048
        ]
      }
    },
    {
      "type": "Feature",
      "properties": {
        "type": "HeatmapPoint",
        "weight": 1
      },
      "geometry": {
        "type": "Point",
        "coordinates": [
          121.52500000000033,
          24.976500019532704
        ]
      }
    },
    {
      "type": "Feature",
      "properties": {
        "type": "HeatmapPoint",
        "weight": 1
      },
      "geometry": {
        "type": "Point",
        "coordinates": [
          121.52500000000033,
          24.976400019532548
        ]
      }
    },
    {
      "type": "Feature",
      "properties": {
        "type": "HeatmapPoint",
        "weight": 1
      },
      "geometry": {
        "type": "Point",
        "coordinates": [
          121.52600000000034,
          24.98330001954421
        ]
      }
    },
    {
      "type": "Feature",
      "properties": {
        "type": "HeatmapPoint",
        "weight": 1
      },
      "geometry": {
        "type": "Point",
        "coordinates": [
          121.52600000000034,
          24.983200019544046
        ]
      }
    },
    {
      "type": "Feature",
      "properties": {
        "type": "HeatmapPoint",
        "weight": 1
      },
      "geometry": {
        "type": "Point",
        "coordinates": [
          121.52600000000034,
          24.98070001953982
        ]
      }
    },
    {
      "type": "Feature",
      "properties": {
        "type": "HeatmapPoint",
        "weight": 1
      },
      "geometry": {
        "type": "Point",
        "coordinates": [
          121.52600000000034,
          24.980600019539647
        ]
      }
    },
    {
      "type": "Feature",
      "properties": {
        "type": "HeatmapPoint",
        "weight": 1
      },
      "geometry": {
        "type": "Point",
        "coordinates": [
          121.52600000000034,
          24.980500019539463
        ]
      }
    },
    {
      "type": "Feature",
      "properties": {
        "type": "HeatmapPoint",
        "weight": 1
      },
      "geometry": {
        "type": "Point",
        "coordinates": [
          121.52600000000034,
          24.980400019539314
        ]
      }
    },
    {
      "type": "Feature",
      "properties": {
        "type": "HeatmapPoint",
        "weight": 1
      },
      "geometry": {
        "type": "Point",
        "coordinates": [
          121.52600000000034,
          24.979900019538466
        ]
      }
    },
    {
      "type": "Feature",
      "properties": {
        "type": "HeatmapPoint",
        "weight": 1
      },
      "geometry": {
        "type": "Point",
        "coordinates": [
          121.52600000000034,
          24.97950001953778
        ]
      }
    },
    {
      "type": "Feature",
      "properties": {
        "type": "HeatmapPoint",
        "weight": 1
      },
      "geometry": {
        "type": "Point",
        "coordinates": [
          121.52600000000034,
          24.979200019537277
        ]
      }
    },
    {
      "type": "Feature",
      "properties": {
        "type": "HeatmapPoint",
        "weight": 1
      },
      "geometry": {
        "type": "Point",
        "coordinates": [
          121.52600000000034,
          24.978900019536763
        ]
      }
    },
    {
      "type": "Feature",
      "properties": {
        "type": "HeatmapPoint",
        "weight": 1
      },
      "geometry": {
        "type": "Point",
        "coordinates": [
          121.52600000000034,
          24.978800019536592
        ]
      }
    },
    {
      "type": "Feature",
      "properties": {
        "type": "HeatmapPoint",
        "weight": 1
      },
      "geometry": {
        "type": "Point",
        "coordinates": [
          121.52600000000034,
          24.97830001953575
        ]
      }
    },
    {
      "type": "Feature",
      "properties": {
        "type": "HeatmapPoint",
        "weight": 1
      },
      "geometry": {
        "type": "Point",
        "coordinates": [
          121.52600000000034,
          24.977900019535078
        ]
      }
    },
    {
      "type": "Feature",
      "properties": {
        "type": "HeatmapPoint",
        "weight": 1
      },
      "geometry": {
        "type": "Point",
        "coordinates": [
          121.52600000000034,
          24.97760001953457
        ]
      }
    },
    {
      "type": "Feature",
      "properties": {
        "type": "HeatmapPoint",
        "weight": 1
      },
      "geometry": {
        "type": "Point",
        "coordinates": [
          121.52600000000034,
          24.977500019534407
        ]
      }
    },
    {
      "type": "Feature",
      "properties": {
        "type": "HeatmapPoint",
        "weight": 1
      },
      "geometry": {
        "type": "Point",
        "coordinates": [
          121.52600000000034,
          24.975900019531696
        ]
      }
    },
    {
      "type": "Feature",
      "properties": {
        "type": "HeatmapPoint",
        "weight": 1
      },
      "geometry": {
        "type": "Point",
        "coordinates": [
          121.52600000000034,
          24.97570001953136
        ]
      }
    },
    {
      "type": "Feature",
      "properties": {
        "type": "HeatmapPoint",
        "weight": 1
      },
      "geometry": {
        "type": "Point",
        "coordinates": [
          121.52700000000033,
          24.980800019539984
        ]
      }
    },
    {
      "type": "Feature",
      "properties": {
        "type": "HeatmapPoint",
        "weight": 1
      },
      "geometry": {
        "type": "Point",
        "coordinates": [
          121.52700000000033,
          24.978400019535936
        ]
      }
    },
    {
      "type": "Feature",
      "properties": {
        "type": "HeatmapPoint",
        "weight": 1
      },
      "geometry": {
        "type": "Point",
        "coordinates": [
          121.52700000000033,
          24.977800019534907
        ]
      }
    },
    {
      "type": "Feature",
      "properties": {
        "type": "HeatmapPoint",
        "weight": 1
      },
      "geometry": {
        "type": "Point",
        "coordinates": [
          121.52700000000033,
          24.97770001953473
        ]
      }
    },
    {
      "type": "Feature",
      "properties": {
        "type": "HeatmapPoint",
        "weight": 1
      },
      "geometry": {
        "type": "Point",
        "coordinates": [
          121.52700000000033,
          24.97730001953406
        ]
      }
    },
    {
      "type": "Feature",
      "properties": {
        "type": "HeatmapPoint",
        "weight": 1
      },
      "geometry": {
        "type": "Point",
        "coordinates": [
          121.52700000000033,
          24.976300019532367
        ]
      }
    },
    {
      "type": "Feature",
      "properties": {
        "type": "HeatmapPoint",
        "weight": 1
      },
      "geometry": {
        "type": "Point",
        "coordinates": [
          121.52700000000033,
          24.97500001953017
        ]
      }
    },
    {
      "type": "Feature",
      "properties": {
        "type": "HeatmapPoint",
        "weight": 1
      },
      "geometry": {
        "type": "Point",
        "coordinates": [
          121.52700000000033,
          24.974800019529823
        ]
      }
    },
    {
      "type": "Feature",
      "properties": {
        "type": "HeatmapPoint",
        "weight": 1
      },
      "geometry": {
        "type": "Point",
        "coordinates": [
          121.52700000000033,
          24.974500019529323
        ]
      }
    },
    {
      "type": "Feature",
      "properties": {
        "type": "HeatmapPoint",
        "weight": 1
      },
      "geometry": {
        "type": "Point",
        "coordinates": [
          121.52800000000033,
          24.981500019541166
        ]
      }
    },
    {
      "type": "Feature",
      "properties": {
        "type": "HeatmapPoint",
        "weight": 1
      },
      "geometry": {
        "type": "Point",
        "coordinates": [
          121.52800000000033,
          24.97800001953525
        ]
      }
    },
    {
      "type": "Feature",
      "properties": {
        "type": "HeatmapPoint",
        "weight": 1
      },
      "geometry": {
        "type": "Point",
        "coordinates": [
          121.52800000000033,
          24.977900019535085
        ]
      }
    },
    {
      "type": "Feature",
      "properties": {
        "type": "HeatmapPoint",
        "weight": 1
      },
      "geometry": {
        "type": "Point",
        "coordinates": [
          121.52800000000033,
          24.976500019532704
        ]
      }
    },
    {
      "type": "Feature",
      "properties": {
        "type": "HeatmapPoint",
        "weight": 1
      },
      "geometry": {
        "type": "Point",
        "coordinates": [
          121.52800000000033,
          24.974700019529664
        ]
      }
    },
    {
      "type": "Feature",
      "properties": {
        "type": "HeatmapPoint",
        "weight": 1
      },
      "geometry": {
        "type": "Point",
        "coordinates": [
          121.52800000000033,
          24.973900019528315
        ]
      }
    },
    {
      "type": "Feature",
      "properties": {
        "type": "HeatmapPoint",
        "weight": 1
      },
      "geometry": {
        "type": "Point",
        "coordinates": [
          121.52800000000033,
          24.97380001952814
        ]
      }
    },
    {
      "type": "Feature",
      "properties": {
        "type": "HeatmapPoint",
        "weight": 1
      },
      "geometry": {
        "type": "Point",
        "coordinates": [
          121.52800000000033,
          24.968400019518995
        ]
      }
    },
    {
      "type": "Feature",
      "properties": {
        "type": "HeatmapPoint",
        "weight": 1
      },
      "geometry": {
        "type": "Point",
        "coordinates": [
          121.52900000000032,
          24.981000019540325
        ]
      }
    },
    {
      "type": "Feature",
      "properties": {
        "type": "HeatmapPoint",
        "weight": 1
      },
      "geometry": {
        "type": "Point",
        "coordinates": [
          121.52900000000032,
          24.98050001953947
        ]
      }
    },
    {
      "type": "Feature",
      "properties": {
        "type": "HeatmapPoint",
        "weight": 1
      },
      "geometry": {
        "type": "Point",
        "coordinates": [
          121.52900000000032,
          24.97940001953761
        ]
      }
    },
    {
      "type": "Feature",
      "properties": {
        "type": "HeatmapPoint",
        "weight": 1
      },
      "geometry": {
        "type": "Point",
        "coordinates": [
          121.52900000000032,
          24.976400019532537
        ]
      }
    },
    {
      "type": "Feature",
      "properties": {
        "type": "HeatmapPoint",
        "weight": 1
      },
      "geometry": {
        "type": "Point",
        "coordinates": [
          121.52900000000032,
          24.975900019531686
        ]
      }
    },
    {
      "type": "Feature",
      "properties": {
        "type": "HeatmapPoint",
        "weight": 1
      },
      "geometry": {
        "type": "Point",
        "coordinates": [
          121.52900000000032,
          24.975800019531533
        ]
      }
    },
    {
      "type": "Feature",
      "properties": {
        "type": "HeatmapPoint",
        "weight": 1
      },
      "geometry": {
        "type": "Point",
        "coordinates": [
          121.52900000000032,
          24.97570001953135
        ]
      }
    },
    {
      "type": "Feature",
      "properties": {
        "type": "HeatmapPoint",
        "weight": 1
      },
      "geometry": {
        "type": "Point",
        "coordinates": [
          121.52900000000032,
          24.975600019531186
        ]
      }
    },
    {
      "type": "Feature",
      "properties": {
        "type": "HeatmapPoint",
        "weight": 1
      },
      "geometry": {
        "type": "Point",
        "coordinates": [
          121.52900000000032,
          24.973500019527627
        ]
      }
    },
    {
      "type": "Feature",
      "properties": {
        "type": "HeatmapPoint",
        "weight": 1
      },
      "geometry": {
        "type": "Point",
        "coordinates": [
          121.52900000000032,
          24.973300019527287
        ]
      }
    },
    {
      "type": "Feature",
      "properties": {
        "type": "HeatmapPoint",
        "weight": 1
      },
      "geometry": {
        "type": "Point",
        "coordinates": [
          121.52900000000032,
          24.973200019527134
        ]
      }
    },
    {
      "type": "Feature",
      "properties": {
        "type": "HeatmapPoint",
        "weight": 1
      },
      "geometry": {
        "type": "Point",
        "coordinates": [
          121.52900000000032,
          24.973100019526953
        ]
      }
    },
    {
      "type": "Feature",
      "properties": {
        "type": "HeatmapPoint",
        "weight": 1
      },
      "geometry": {
        "type": "Point",
        "coordinates": [
          121.52900000000032,
          24.973000019526797
        ]
      }
    },
    {
      "type": "Feature",
      "properties": {
        "type": "HeatmapPoint",
        "weight": 1
      },
      "geometry": {
        "type": "Point",
        "coordinates": [
          121.52900000000032,
          24.97270001952628
        ]
      }
    },
    {
      "type": "Feature",
      "properties": {
        "type": "HeatmapPoint",
        "weight": 1
      },
      "geometry": {
        "type": "Point",
        "coordinates": [
          121.53000000000033,
          24.97930001953744
        ]
      }
    },
    {
      "type": "Feature",
      "properties": {
        "type": "HeatmapPoint",
        "weight": 1
      },
      "geometry": {
        "type": "Point",
        "coordinates": [
          121.53000000000033,
          24.978900019536773
        ]
      }
    },
    {
      "type": "Feature",
      "properties": {
        "type": "HeatmapPoint",
        "weight": 1
      },
      "geometry": {
        "type": "Point",
        "coordinates": [
          121.53000000000033,
          24.978800019536592
        ]
      }
    },
    {
      "type": "Feature",
      "properties": {
        "type": "HeatmapPoint",
        "weight": 1
      },
      "geometry": {
        "type": "Point",
        "coordinates": [
          121.53000000000033,
          24.97550001953102
        ]
      }
    },
    {
      "type": "Feature",
      "properties": {
        "type": "HeatmapPoint",
        "weight": 1
      },
      "geometry": {
        "type": "Point",
        "coordinates": [
          121.53000000000033,
          24.974400019529156
        ]
      }
    },
    {
      "type": "Feature",
      "properties": {
        "type": "HeatmapPoint",
        "weight": 1
      },
      "geometry": {
        "type": "Point",
        "coordinates": [
          121.53000000000033,
          24.973700019527982
        ]
      }
    },
    {
      "type": "Feature",
      "properties": {
        "type": "HeatmapPoint",
        "weight": 1
      },
      "geometry": {
        "type": "Point",
        "coordinates": [
          121.53000000000033,
          24.973500019527624
        ]
      }
    },
    {
      "type": "Feature",
      "properties": {
        "type": "HeatmapPoint",
        "weight": 1
      },
      "geometry": {
        "type": "Point",
        "coordinates": [
          121.53000000000033,
          24.97340001952746
        ]
      }
    },
    {
      "type": "Feature",
      "properties": {
        "type": "HeatmapPoint",
        "weight": 1
      },
      "geometry": {
        "type": "Point",
        "coordinates": [
          121.53000000000033,
          24.973200019527116
        ]
      }
    },
    {
      "type": "Feature",
      "properties": {
        "type": "HeatmapPoint",
        "weight": 1
      },
      "geometry": {
        "type": "Point",
        "coordinates": [
          121.53000000000033,
          24.973100019526957
        ]
      }
    },
    {
      "type": "Feature",
      "properties": {
        "type": "HeatmapPoint",
        "weight": 1
      },
      "geometry": {
        "type": "Point",
        "coordinates": [
          121.53000000000033,
          24.973000019526786
        ]
      }
    },
    {
      "type": "Feature",
      "properties": {
        "type": "HeatmapPoint",
        "weight": 1
      },
      "geometry": {
        "type": "Point",
        "coordinates": [
          121.53000000000033,
          24.97280001952645
        ]
      }
    },
    {
      "type": "Feature",
      "properties": {
        "type": "HeatmapPoint",
        "weight": 1
      },
      "geometry": {
        "type": "Point",
        "coordinates": [
          121.53100000000033,
          24.97820001953559
        ]
      }
    },
    {
      "type": "Feature",
      "properties": {
        "type": "HeatmapPoint",
        "weight": 1
      },
      "geometry": {
        "type": "Point",
        "coordinates": [
          121.53100000000033,
          24.978100019535418
        ]
      }
    },
    {
      "type": "Feature",
      "properties": {
        "type": "HeatmapPoint",
        "weight": 1
      },
      "geometry": {
        "type": "Point",
        "coordinates": [
          121.53100000000033,
          24.97720001953389
        ]
      }
    },
    {
      "type": "Feature",
      "properties": {
        "type": "HeatmapPoint",
        "weight": 1
      },
      "geometry": {
        "type": "Point",
        "coordinates": [
          121.53100000000033,
          24.977100019533722
        ]
      }
    },
    {
      "type": "Feature",
      "properties": {
        "type": "HeatmapPoint",
        "weight": 1
      },
      "geometry": {
        "type": "Point",
        "coordinates": [
          121.53100000000033,
          24.975800019531526
        ]
      }
    },
    {
      "type": "Feature",
      "properties": {
        "type": "HeatmapPoint",
        "weight": 1
      },
      "geometry": {
        "type": "Point",
        "coordinates": [
          121.53100000000033,
          24.975700019531352
        ]
      }
    },
    {
      "type": "Feature",
      "properties": {
        "type": "HeatmapPoint",
        "weight": 1
      },
      "geometry": {
        "type": "Point",
        "coordinates": [
          121.53100000000033,
          24.974900019530008
        ]
      }
    },
    {
      "type": "Feature",
      "properties": {
        "type": "HeatmapPoint",
        "weight": 1
      },
      "geometry": {
        "type": "Point",
        "coordinates": [
          121.53100000000033,
          24.97470001952966
        ]
      }
    },
    {
      "type": "Feature",
      "properties": {
        "type": "HeatmapPoint",
        "weight": 1
      },
      "geometry": {
        "type": "Point",
        "coordinates": [
          121.53100000000033,
          24.97460001952949
        ]
      }
    },
    {
      "type": "Feature",
      "properties": {
        "type": "HeatmapPoint",
        "weight": 1
      },
      "geometry": {
        "type": "Point",
        "coordinates": [
          121.53100000000033,
          24.974500019529323
        ]
      }
    },
    {
      "type": "Feature",
      "properties": {
        "type": "HeatmapPoint",
        "weight": 1
      },
      "geometry": {
        "type": "Point",
        "coordinates": [
          121.53100000000033,
          24.974400019529153
        ]
      }
    },
    {
      "type": "Feature",
      "properties": {
        "type": "HeatmapPoint",
        "weight": 1
      },
      "geometry": {
        "type": "Point",
        "coordinates": [
          121.53100000000033,
          24.974300019528982
        ]
      }
    },
    {
      "type": "Feature",
      "properties": {
        "type": "HeatmapPoint",
        "weight": 1
      },
      "geometry": {
        "type": "Point",
        "coordinates": [
          121.53100000000033,
          24.97420001952882
        ]
      }
    },
    {
      "type": "Feature",
      "properties": {
        "type": "HeatmapPoint",
        "weight": 1
      },
      "geometry": {
        "type": "Point",
        "coordinates": [
          121.53100000000033,
          24.974100019528645
        ]
      }
    },
    {
      "type": "Feature",
      "properties": {
        "type": "HeatmapPoint",
        "weight": 1
      },
      "geometry": {
        "type": "Point",
        "coordinates": [
          121.53100000000033,
          24.97400001952848
        ]
      }
    },
    {
      "type": "Feature",
      "properties": {
        "type": "HeatmapPoint",
        "weight": 1
      },
      "geometry": {
        "type": "Point",
        "coordinates": [
          121.53100000000033,
          24.973900019528315
        ]
      }
    },
    {
      "type": "Feature",
      "properties": {
        "type": "HeatmapPoint",
        "weight": 1
      },
      "geometry": {
        "type": "Point",
        "coordinates": [
          121.53100000000033,
          24.973700019527982
        ]
      }
    },
    {
      "type": "Feature",
      "properties": {
        "type": "HeatmapPoint",
        "weight": 1
      },
      "geometry": {
        "type": "Point",
        "coordinates": [
          121.53100000000033,
          24.973600019527794
        ]
      }
    },
    {
      "type": "Feature",
      "properties": {
        "type": "HeatmapPoint",
        "weight": 1
      },
      "geometry": {
        "type": "Point",
        "coordinates": [
          121.53100000000033,
          24.973400019527467
        ]
      }
    },
    {
      "type": "Feature",
      "properties": {
        "type": "HeatmapPoint",
        "weight": 1
      },
      "geometry": {
        "type": "Point",
        "coordinates": [
          121.53100000000033,
          24.973300019527287
        ]
      }
    },
    {
      "type": "Feature",
      "properties": {
        "type": "HeatmapPoint",
        "weight": 1
      },
      "geometry": {
        "type": "Point",
        "coordinates": [
          121.53100000000033,
          24.973200019527116
        ]
      }
    },
    {
      "type": "Feature",
      "properties": {
        "type": "HeatmapPoint",
        "weight": 1
      },
      "geometry": {
        "type": "Point",
        "coordinates": [
          121.53100000000033,
          24.97300001952679
        ]
      }
    },
    {
      "type": "Feature",
      "properties": {
        "type": "HeatmapPoint",
        "weight": 1
      },
      "geometry": {
        "type": "Point",
        "coordinates": [
          121.53100000000033,
          24.972800019526453
        ]
      }
    },
    {
      "type": "Feature",
      "properties": {
        "type": "HeatmapPoint",
        "weight": 1
      },
      "geometry": {
        "type": "Point",
        "coordinates": [
          121.53200000000032,
          24.97810001953541
        ]
      }
    },
    {
      "type": "Feature",
      "properties": {
        "type": "HeatmapPoint",
        "weight": 1
      },
      "geometry": {
        "type": "Point",
        "coordinates": [
          121.53200000000032,
          24.977700019534733
        ]
      }
    },
    {
      "type": "Feature",
      "properties": {
        "type": "HeatmapPoint",
        "weight": 1
      },
      "geometry": {
        "type": "Point",
        "coordinates": [
          121.53200000000032,
          24.976600019532885
        ]
      }
    },
    {
      "type": "Feature",
      "properties": {
        "type": "HeatmapPoint",
        "weight": 1
      },
      "geometry": {
        "type": "Point",
        "coordinates": [
          121.53200000000032,
          24.976300019532367
        ]
      }
    },
    {
      "type": "Feature",
      "properties": {
        "type": "HeatmapPoint",
        "weight": 1
      },
      "geometry": {
        "type": "Point",
        "coordinates": [
          121.53200000000032,
          24.974300019528982
        ]
      }
    },
    {
      "type": "Feature",
      "properties": {
        "type": "HeatmapPoint",
        "weight": 1
      },
      "geometry": {
        "type": "Point",
        "coordinates": [
          121.53200000000032,
          24.973800019528138
        ]
      }
    },
    {
      "type": "Feature",
      "properties": {
        "type": "HeatmapPoint",
        "weight": 1
      },
      "geometry": {
        "type": "Point",
        "coordinates": [
          121.53200000000032,
          24.97370001952798
        ]
      }
    },
    {
      "type": "Feature",
      "properties": {
        "type": "HeatmapPoint",
        "weight": 1
      },
      "geometry": {
        "type": "Point",
        "coordinates": [
          121.53200000000032,
          24.97350001952762
        ]
      }
    },
    {
      "type": "Feature",
      "properties": {
        "type": "HeatmapPoint",
        "weight": 1
      },
      "geometry": {
        "type": "Point",
        "coordinates": [
          121.53200000000032,
          24.972900019526612
        ]
      }
    },
    {
      "type": "Feature",
      "properties": {
        "type": "HeatmapPoint",
        "weight": 1
      },
      "geometry": {
        "type": "Point",
        "coordinates": [
          121.53200000000032,
          24.972500019525945
        ]
      }
    },
    {
      "type": "Feature",
      "properties": {
        "type": "HeatmapPoint",
        "weight": 1
      },
      "geometry": {
        "type": "Point",
        "coordinates": [
          121.53200000000032,
          24.972400019525764
        ]
      }
    },
    {
      "type": "Feature",
      "properties": {
        "type": "HeatmapPoint",
        "weight": 1
      },
      "geometry": {
        "type": "Point",
        "coordinates": [
          121.53200000000032,
          24.9723000195256
        ]
      }
    },
    {
      "type": "Feature",
      "properties": {
        "type": "HeatmapPoint",
        "weight": 1
      },
      "geometry": {
        "type": "Point",
        "coordinates": [
          121.53200000000032,
          24.971500019524242
        ]
      }
    },
    {
      "type": "Feature",
      "properties": {
        "type": "HeatmapPoint",
        "weight": 1
      },
      "geometry": {
        "type": "Point",
        "coordinates": [
          121.53300000000033,
          24.982400019542688
        ]
      }
    },
    {
      "type": "Feature",
      "properties": {
        "type": "HeatmapPoint",
        "weight": 1
      },
      "geometry": {
        "type": "Point",
        "coordinates": [
          121.53300000000033,
          24.982000019542006
        ]
      }
    },
    {
      "type": "Feature",
      "properties": {
        "type": "HeatmapPoint",
        "weight": 1
      },
      "geometry": {
        "type": "Point",
        "coordinates": [
          121.53300000000033,
          24.97860001953626
        ]
      }
    },
    {
      "type": "Feature",
      "properties": {
        "type": "HeatmapPoint",
        "weight": 1
      },
      "geometry": {
        "type": "Point",
        "coordinates": [
          121.53300000000033,
          24.978500019536085
        ]
      }
    },
    {
      "type": "Feature",
      "properties": {
        "type": "HeatmapPoint",
        "weight": 1
      },
      "geometry": {
        "type": "Point",
        "coordinates": [
          121.53300000000033,
          24.978400019535933
        ]
      }
    },
    {
      "type": "Feature",
      "properties": {
        "type": "HeatmapPoint",
        "weight": 1
      },
      "geometry": {
        "type": "Point",
        "coordinates": [
          121.53300000000033,
          24.978300019535755
        ]
      }
    },
    {
      "type": "Feature",
      "properties": {
        "type": "HeatmapPoint",
        "weight": 1
      },
      "geometry": {
        "type": "Point",
        "coordinates": [
          121.53300000000033,
          24.97820001953559
        ]
      }
    },
    {
      "type": "Feature",
      "properties": {
        "type": "HeatmapPoint",
        "weight": 1
      },
      "geometry": {
        "type": "Point",
        "coordinates": [
          121.53300000000033,
          24.978100019535418
        ]
      }
    },
    {
      "type": "Feature",
      "properties": {
        "type": "HeatmapPoint",
        "weight": 1
      },
      "geometry": {
        "type": "Point",
        "coordinates": [
          121.53300000000033,
          24.978000019535255
        ]
      }
    },
    {
      "type": "Feature",
      "properties": {
        "type": "HeatmapPoint",
        "weight": 1
      },
      "geometry": {
        "type": "Point",
        "coordinates": [
          121.53300000000033,
          24.9778000195349
        ]
      }
    },
    {
      "type": "Feature",
      "properties": {
        "type": "HeatmapPoint",
        "weight": 1
      },
      "geometry": {
        "type": "Point",
        "coordinates": [
          121.53300000000033,
          24.977700019534737
        ]
      }
    },
    {
      "type": "Feature",
      "properties": {
        "type": "HeatmapPoint",
        "weight": 1
      },
      "geometry": {
        "type": "Point",
        "coordinates": [
          121.53300000000033,
          24.97760001953457
        ]
      }
    },
    {
      "type": "Feature",
      "properties": {
        "type": "HeatmapPoint",
        "weight": 1
      },
      "geometry": {
        "type": "Point",
        "coordinates": [
          121.53300000000033,
          24.977400019534237
        ]
      }
    },
    {
      "type": "Feature",
      "properties": {
        "type": "HeatmapPoint",
        "weight": 1
      },
      "geometry": {
        "type": "Point",
        "coordinates": [
          121.53300000000033,
          24.97730001953406
        ]
      }
    },
    {
      "type": "Feature",
      "properties": {
        "type": "HeatmapPoint",
        "weight": 1
      },
      "geometry": {
        "type": "Point",
        "coordinates": [
          121.53300000000033,
          24.977200019533896
        ]
      }
    },
    {
      "type": "Feature",
      "properties": {
        "type": "HeatmapPoint",
        "weight": 1
      },
      "geometry": {
        "type": "Point",
        "coordinates": [
          121.53300000000033,
          24.977100019533722
        ]
      }
    },
    {
      "type": "Feature",
      "properties": {
        "type": "HeatmapPoint",
        "weight": 1
      },
      "geometry": {
        "type": "Point",
        "coordinates": [
          121.53300000000033,
          24.97660001953288
        ]
      }
    },
    {
      "type": "Feature",
      "properties": {
        "type": "HeatmapPoint",
        "weight": 1
      },
      "geometry": {
        "type": "Point",
        "coordinates": [
          121.53300000000033,
          24.976500019532697
        ]
      }
    },
    {
      "type": "Feature",
      "properties": {
        "type": "HeatmapPoint",
        "weight": 1
      },
      "geometry": {
        "type": "Point",
        "coordinates": [
          121.53300000000033,
          24.976400019532537
        ]
      }
    },
    {
      "type": "Feature",
      "properties": {
        "type": "HeatmapPoint",
        "weight": 1
      },
      "geometry": {
        "type": "Point",
        "coordinates": [
          121.53300000000033,
          24.976300019532356
        ]
      }
    },
    {
      "type": "Feature",
      "properties": {
        "type": "HeatmapPoint",
        "weight": 1
      },
      "geometry": {
        "type": "Point",
        "coordinates": [
          121.53300000000033,
          24.97610001953203
        ]
      }
    },
    {
      "type": "Feature",
      "properties": {
        "type": "HeatmapPoint",
        "weight": 1
      },
      "geometry": {
        "type": "Point",
        "coordinates": [
          121.53300000000033,
          24.975800019531523
        ]
      }
    },
    {
      "type": "Feature",
      "properties": {
        "type": "HeatmapPoint",
        "weight": 1
      },
      "geometry": {
        "type": "Point",
        "coordinates": [
          121.53300000000033,
          24.975700019531352
        ]
      }
    },
    {
      "type": "Feature",
      "properties": {
        "type": "HeatmapPoint",
        "weight": 1
      },
      "geometry": {
        "type": "Point",
        "coordinates": [
          121.53300000000033,
          24.97380001952813
        ]
      }
    },
    {
      "type": "Feature",
      "properties": {
        "type": "HeatmapPoint",
        "weight": 1
      },
      "geometry": {
        "type": "Point",
        "coordinates": [
          121.53300000000033,
          24.97350001952762
        ]
      }
    },
    {
      "type": "Feature",
      "properties": {
        "type": "HeatmapPoint",
        "weight": 1
      },
      "geometry": {
        "type": "Point",
        "coordinates": [
          121.53300000000033,
          24.973400019527464
        ]
      }
    },
    {
      "type": "Feature",
      "properties": {
        "type": "HeatmapPoint",
        "weight": 1
      },
      "geometry": {
        "type": "Point",
        "coordinates": [
          121.53300000000033,
          24.973300019527287
        ]
      }
    },
    {
      "type": "Feature",
      "properties": {
        "type": "HeatmapPoint",
        "weight": 1
      },
      "geometry": {
        "type": "Point",
        "coordinates": [
          121.53300000000033,
          24.97280001952645
        ]
      }
    },
    {
      "type": "Feature",
      "properties": {
        "type": "HeatmapPoint",
        "weight": 1
      },
      "geometry": {
        "type": "Point",
        "coordinates": [
          121.53300000000033,
          24.972700019526282
        ]
      }
    },
    {
      "type": "Feature",
      "properties": {
        "type": "HeatmapPoint",
        "weight": 1
      },
      "geometry": {
        "type": "Point",
        "coordinates": [
          121.53300000000033,
          24.972600019526105
        ]
      }
    },
    {
      "type": "Feature",
      "properties": {
        "type": "HeatmapPoint",
        "weight": 1
      },
      "geometry": {
        "type": "Point",
        "coordinates": [
          121.53300000000033,
          24.9723000195256
        ]
      }
    },
    {
      "type": "Feature",
      "properties": {
        "type": "HeatmapPoint",
        "weight": 1
      },
      "geometry": {
        "type": "Point",
        "coordinates": [
          121.53300000000033,
          24.972100019525264
        ]
      }
    },
    {
      "type": "Feature",
      "properties": {
        "type": "HeatmapPoint",
        "weight": 1
      },
      "geometry": {
        "type": "Point",
        "coordinates": [
          121.53300000000033,
          24.97190001952492
        ]
      }
    },
    {
      "type": "Feature",
      "properties": {
        "type": "HeatmapPoint",
        "weight": 1
      },
      "geometry": {
        "type": "Point",
        "coordinates": [
          121.53300000000033,
          24.971300019523905
        ]
      }
    },
    {
      "type": "Feature",
      "properties": {
        "type": "HeatmapPoint",
        "weight": 1
      },
      "geometry": {
        "type": "Point",
        "coordinates": [
          121.53300000000033,
          24.971100019523575
        ]
      }
    },
    {
      "type": "Feature",
      "properties": {
        "type": "HeatmapPoint",
        "weight": 1
      },
      "geometry": {
        "type": "Point",
        "coordinates": [
          121.53300000000033,
          24.9710000195234
        ]
      }
    },
    {
      "type": "Feature",
      "properties": {
        "type": "HeatmapPoint",
        "weight": 1
      },
      "geometry": {
        "type": "Point",
        "coordinates": [
          121.53400000000035,
          24.985000019547094
        ]
      }
    },
    {
      "type": "Feature",
      "properties": {
        "type": "HeatmapPoint",
        "weight": 1
      },
      "geometry": {
        "type": "Point",
        "coordinates": [
          121.53400000000035,
          24.984900019546924
        ]
      }
    },
    {
      "type": "Feature",
      "properties": {
        "type": "HeatmapPoint",
        "weight": 1
      },
      "geometry": {
        "type": "Point",
        "coordinates": [
          121.53400000000035,
          24.984500019546243
        ]
      }
    },
    {
      "type": "Feature",
      "properties": {
        "type": "HeatmapPoint",
        "weight": 1
      },
      "geometry": {
        "type": "Point",
        "coordinates": [
          121.53400000000035,
          24.98390001954522
        ]
      }
    },
    {
      "type": "Feature",
      "properties": {
        "type": "HeatmapPoint",
        "weight": 1
      },
      "geometry": {
        "type": "Point",
        "coordinates": [
          121.53400000000035,
          24.98380001954507
        ]
      }
    },
    {
      "type": "Feature",
      "properties": {
        "type": "HeatmapPoint",
        "weight": 1
      },
      "geometry": {
        "type": "Point",
        "coordinates": [
          121.53400000000035,
          24.98350001954455
        ]
      }
    },
    {
      "type": "Feature",
      "properties": {
        "type": "HeatmapPoint",
        "weight": 1
      },
      "geometry": {
        "type": "Point",
        "coordinates": [
          121.53400000000035,
          24.98240001954269
        ]
      }
    },
    {
      "type": "Feature",
      "properties": {
        "type": "HeatmapPoint",
        "weight": 1
      },
      "geometry": {
        "type": "Point",
        "coordinates": [
          121.53400000000035,
          24.982300019542524
        ]
      }
    },
    {
      "type": "Feature",
      "properties": {
        "type": "HeatmapPoint",
        "weight": 1
      },
      "geometry": {
        "type": "Point",
        "coordinates": [
          121.53400000000035,
          24.982200019542347
        ]
      }
    },
    {
      "type": "Feature",
      "properties": {
        "type": "HeatmapPoint",
        "weight": 1
      },
      "geometry": {
        "type": "Point",
        "coordinates": [
          121.53400000000035,
          24.982000019542014
        ]
      }
    },
    {
      "type": "Feature",
      "properties": {
        "type": "HeatmapPoint",
        "weight": 1
      },
      "geometry": {
        "type": "Point",
        "coordinates": [
          121.53400000000035,
          24.978600019536255
        ]
      }
    },
    {
      "type": "Feature",
      "properties": {
        "type": "HeatmapPoint",
        "weight": 1
      },
      "geometry": {
        "type": "Point",
        "coordinates": [
          121.53400000000035,
          24.978500019536085
        ]
      }
    },
    {
      "type": "Feature",
      "properties": {
        "type": "HeatmapPoint",
        "weight": 1
      },
      "geometry": {
        "type": "Point",
        "coordinates": [
          121.53400000000035,
          24.978400019535925
        ]
      }
    },
    {
      "type": "Feature",
      "properties": {
        "type": "HeatmapPoint",
        "weight": 1
      },
      "geometry": {
        "type": "Point",
        "coordinates": [
          121.53400000000035,
          24.978300019535745
        ]
      }
    },
    {
      "type": "Feature",
      "properties": {
        "type": "HeatmapPoint",
        "weight": 1
      },
      "geometry": {
        "type": "Point",
        "coordinates": [
          121.53400000000035,
          24.978100019535418
        ]
      }
    },
    {
      "type": "Feature",
      "properties": {
        "type": "HeatmapPoint",
        "weight": 1
      },
      "geometry": {
        "type": "Point",
        "coordinates": [
          121.53400000000035,
          24.978000019535255
        ]
      }
    },
    {
      "type": "Feature",
      "properties": {
        "type": "HeatmapPoint",
        "weight": 1
      },
      "geometry": {
        "type": "Point",
        "coordinates": [
          121.53400000000035,
          24.977900019535078
        ]
      }
    },
    {
      "type": "Feature",
      "properties": {
        "type": "HeatmapPoint",
        "weight": 1
      },
      "geometry": {
        "type": "Point",
        "coordinates": [
          121.53400000000035,
          24.977700019534733
        ]
      }
    },
    {
      "type": "Feature",
      "properties": {
        "type": "HeatmapPoint",
        "weight": 1
      },
      "geometry": {
        "type": "Point",
        "coordinates": [
          121.53400000000035,
          24.977500019534403
        ]
      }
    },
    {
      "type": "Feature",
      "properties": {
        "type": "HeatmapPoint",
        "weight": 1
      },
      "geometry": {
        "type": "Point",
        "coordinates": [
          121.53400000000035,
          24.977400019534233
        ]
      }
    },
    {
      "type": "Feature",
      "properties": {
        "type": "HeatmapPoint",
        "weight": 1
      },
      "geometry": {
        "type": "Point",
        "coordinates": [
          121.53400000000035,
          24.97690001953338
        ]
      }
    },
    {
      "type": "Feature",
      "properties": {
        "type": "HeatmapPoint",
        "weight": 1
      },
      "geometry": {
        "type": "Point",
        "coordinates": [
          121.53400000000035,
          24.97680001953321
        ]
      }
    },
    {
      "type": "Feature",
      "properties": {
        "type": "HeatmapPoint",
        "weight": 1
      },
      "geometry": {
        "type": "Point",
        "coordinates": [
          121.53400000000035,
          24.97670001953304
        ]
      }
    },
    {
      "type": "Feature",
      "properties": {
        "type": "HeatmapPoint",
        "weight": 1
      },
      "geometry": {
        "type": "Point",
        "coordinates": [
          121.53400000000035,
          24.976400019532537
        ]
      }
    },
    {
      "type": "Feature",
      "properties": {
        "type": "HeatmapPoint",
        "weight": 1
      },
      "geometry": {
        "type": "Point",
        "coordinates": [
          121.53400000000035,
          24.976100019532034
        ]
      }
    },
    {
      "type": "Feature",
      "properties": {
        "type": "HeatmapPoint",
        "weight": 1
      },
      "geometry": {
        "type": "Point",
        "coordinates": [
          121.53400000000035,
          24.976000019531856
        ]
      }
    },
    {
      "type": "Feature",
      "properties": {
        "type": "HeatmapPoint",
        "weight": 1
      },
      "geometry": {
        "type": "Point",
        "coordinates": [
          121.53400000000035,
          24.975700019531345
        ]
      }
    },
    {
      "type": "Feature",
      "properties": {
        "type": "HeatmapPoint",
        "weight": 1
      },
      "geometry": {
        "type": "Point",
        "coordinates": [
          121.53400000000035,
          24.97540001953085
        ]
      }
    },
    {
      "type": "Feature",
      "properties": {
        "type": "HeatmapPoint",
        "weight": 1
      },
      "geometry": {
        "type": "Point",
        "coordinates": [
          121.53400000000035,
          24.973700019527982
        ]
      }
    },
    {
      "type": "Feature",
      "properties": {
        "type": "HeatmapPoint",
        "weight": 1
      },
      "geometry": {
        "type": "Point",
        "coordinates": [
          121.53400000000035,
          24.973600019527797
        ]
      }
    },
    {
      "type": "Feature",
      "properties": {
        "type": "HeatmapPoint",
        "weight": 1
      },
      "geometry": {
        "type": "Point",
        "coordinates": [
          121.53400000000035,
          24.97350001952762
        ]
      }
    },
    {
      "type": "Feature",
      "properties": {
        "type": "HeatmapPoint",
        "weight": 1
      },
      "geometry": {
        "type": "Point",
        "coordinates": [
          121.53400000000035,
          24.973300019527287
        ]
      }
    },
    {
      "type": "Feature",
      "properties": {
        "type": "HeatmapPoint",
        "weight": 1
      },
      "geometry": {
        "type": "Point",
        "coordinates": [
          121.53400000000035,
          24.973000019526786
        ]
      }
    },
    {
      "type": "Feature",
      "properties": {
        "type": "HeatmapPoint",
        "weight": 1
      },
      "geometry": {
        "type": "Point",
        "coordinates": [
          121.53400000000035,
          24.972900019526616
        ]
      }
    },
    {
      "type": "Feature",
      "properties": {
        "type": "HeatmapPoint",
        "weight": 1
      },
      "geometry": {
        "type": "Point",
        "coordinates": [
          121.53400000000035,
          24.972700019526282
        ]
      }
    },
    {
      "type": "Feature",
      "properties": {
        "type": "HeatmapPoint",
        "weight": 1
      },
      "geometry": {
        "type": "Point",
        "coordinates": [
          121.53400000000035,
          24.9723000195256
        ]
      }
    },
    {
      "type": "Feature",
      "properties": {
        "type": "HeatmapPoint",
        "weight": 1
      },
      "geometry": {
        "type": "Point",
        "coordinates": [
          121.53400000000035,
          24.972200019525435
        ]
      }
    },
    {
      "type": "Feature",
      "properties": {
        "type": "HeatmapPoint",
        "weight": 1
      },
      "geometry": {
        "type": "Point",
        "coordinates": [
          121.53400000000035,
          24.972000019525094
        ]
      }
    },
    {
      "type": "Feature",
      "properties": {
        "type": "HeatmapPoint",
        "weight": 1
      },
      "geometry": {
        "type": "Point",
        "coordinates": [
          121.53400000000035,
          24.971900019524927
        ]
      }
    },
    {
      "type": "Feature",
      "properties": {
        "type": "HeatmapPoint",
        "weight": 1
      },
      "geometry": {
        "type": "Point",
        "coordinates": [
          121.53400000000035,
          24.97170001952458
        ]
      }
    },
    {
      "type": "Feature",
      "properties": {
        "type": "HeatmapPoint",
        "weight": 1
      },
      "geometry": {
        "type": "Point",
        "coordinates": [
          121.53400000000035,
          24.971600019524406
        ]
      }
    },
    {
      "type": "Feature",
      "properties": {
        "type": "HeatmapPoint",
        "weight": 1
      },
      "geometry": {
        "type": "Point",
        "coordinates": [
          121.53400000000035,
          24.971400019524072
        ]
      }
    },
    {
      "type": "Feature",
      "properties": {
        "type": "HeatmapPoint",
        "weight": 1
      },
      "geometry": {
        "type": "Point",
        "coordinates": [
          121.53400000000035,
          24.971100019523575
        ]
      }
    },
    {
      "type": "Feature",
      "properties": {
        "type": "HeatmapPoint",
        "weight": 1
      },
      "geometry": {
        "type": "Point",
        "coordinates": [
          121.53400000000035,
          24.970600019522735
        ]
      }
    },
    {
      "type": "Feature",
      "properties": {
        "type": "HeatmapPoint",
        "weight": 1
      },
      "geometry": {
        "type": "Point",
        "coordinates": [
          121.53500000000032,
          24.982200019542347
        ]
      }
    },
    {
      "type": "Feature",
      "properties": {
        "type": "HeatmapPoint",
        "weight": 1
      },
      "geometry": {
        "type": "Point",
        "coordinates": [
          121.53500000000032,
          24.981900019541847
        ]
      }
    },
    {
      "type": "Feature",
      "properties": {
        "type": "HeatmapPoint",
        "weight": 1
      },
      "geometry": {
        "type": "Point",
        "coordinates": [
          121.53500000000032,
          24.980400019539307
        ]
      }
    },
    {
      "type": "Feature",
      "properties": {
        "type": "HeatmapPoint",
        "weight": 1
      },
      "geometry": {
        "type": "Point",
        "coordinates": [
          121.53500000000032,
          24.978600019536252
        ]
      }
    },
    {
      "type": "Feature",
      "properties": {
        "type": "HeatmapPoint",
        "weight": 1
      },
      "geometry": {
        "type": "Point",
        "coordinates": [
          121.53500000000032,
          24.978500019536085
        ]
      }
    },
    {
      "type": "Feature",
      "properties": {
        "type": "HeatmapPoint",
        "weight": 1
      },
      "geometry": {
        "type": "Point",
        "coordinates": [
          121.53500000000032,
          24.97840001953593
        ]
      }
    },
    {
      "type": "Feature",
      "properties": {
        "type": "HeatmapPoint",
        "weight": 1
      },
      "geometry": {
        "type": "Point",
        "coordinates": [
          121.53500000000032,
          24.978300019535755
        ]
      }
    },
    {
      "type": "Feature",
      "properties": {
        "type": "HeatmapPoint",
        "weight": 1
      },
      "geometry": {
        "type": "Point",
        "coordinates": [
          121.53500000000032,
          24.97810001953542
        ]
      }
    },
    {
      "type": "Feature",
      "properties": {
        "type": "HeatmapPoint",
        "weight": 1
      },
      "geometry": {
        "type": "Point",
        "coordinates": [
          121.53500000000032,
          24.977900019535078
        ]
      }
    },
    {
      "type": "Feature",
      "properties": {
        "type": "HeatmapPoint",
        "weight": 1
      },
      "geometry": {
        "type": "Point",
        "coordinates": [
          121.53500000000032,
          24.977800019534904
        ]
      }
    },
    {
      "type": "Feature",
      "properties": {
        "type": "HeatmapPoint",
        "weight": 1
      },
      "geometry": {
        "type": "Point",
        "coordinates": [
          121.53500000000032,
          24.97760001953457
        ]
      }
    },
    {
      "type": "Feature",
      "properties": {
        "type": "HeatmapPoint",
        "weight": 1
      },
      "geometry": {
        "type": "Point",
        "coordinates": [
          121.53500000000032,
          24.977400019534233
        ]
      }
    },
    {
      "type": "Feature",
      "properties": {
        "type": "HeatmapPoint",
        "weight": 1
      },
      "geometry": {
        "type": "Point",
        "coordinates": [
          121.53500000000032,
          24.977200019533893
        ]
      }
    },
    {
      "type": "Feature",
      "properties": {
        "type": "HeatmapPoint",
        "weight": 1
      },
      "geometry": {
        "type": "Point",
        "coordinates": [
          121.53500000000032,
          24.977100019533722
        ]
      }
    },
    {
      "type": "Feature",
      "properties": {
        "type": "HeatmapPoint",
        "weight": 1
      },
      "geometry": {
        "type": "Point",
        "coordinates": [
          121.53500000000032,
          24.977000019533552
        ]
      }
    },
    {
      "type": "Feature",
      "properties": {
        "type": "HeatmapPoint",
        "weight": 1
      },
      "geometry": {
        "type": "Point",
        "coordinates": [
          121.53500000000032,
          24.976400019532537
        ]
      }
    },
    {
      "type": "Feature",
      "properties": {
        "type": "HeatmapPoint",
        "weight": 1
      },
      "geometry": {
        "type": "Point",
        "coordinates": [
          121.53500000000032,
          24.97630001953236
        ]
      }
    },
    {
      "type": "Feature",
      "properties": {
        "type": "HeatmapPoint",
        "weight": 1
      },
      "geometry": {
        "type": "Point",
        "coordinates": [
          121.53500000000032,
          24.9762000195322
        ]
      }
    },
    {
      "type": "Feature",
      "properties": {
        "type": "HeatmapPoint",
        "weight": 1
      },
      "geometry": {
        "type": "Point",
        "coordinates": [
          121.53500000000032,
          24.976100019532026
        ]
      }
    },
    {
      "type": "Feature",
      "properties": {
        "type": "HeatmapPoint",
        "weight": 1
      },
      "geometry": {
        "type": "Point",
        "coordinates": [
          121.53500000000032,
          24.975800019531526
        ]
      }
    },
    {
      "type": "Feature",
      "properties": {
        "type": "HeatmapPoint",
        "weight": 1
      },
      "geometry": {
        "type": "Point",
        "coordinates": [
          121.53500000000032,
          24.975700019531352
        ]
      }
    },
    {
      "type": "Feature",
      "properties": {
        "type": "HeatmapPoint",
        "weight": 1
      },
      "geometry": {
        "type": "Point",
        "coordinates": [
          121.53500000000032,
          24.97560001953119
        ]
      }
    },
    {
      "type": "Feature",
      "properties": {
        "type": "HeatmapPoint",
        "weight": 1
      },
      "geometry": {
        "type": "Point",
        "coordinates": [
          121.53500000000032,
          24.975500019531015
        ]
      }
    },
    {
      "type": "Feature",
      "properties": {
        "type": "HeatmapPoint",
        "weight": 1
      },
      "geometry": {
        "type": "Point",
        "coordinates": [
          121.53500000000032,
          24.97530001953068
        ]
      }
    },
    {
      "type": "Feature",
      "properties": {
        "type": "HeatmapPoint",
        "weight": 1
      },
      "geometry": {
        "type": "Point",
        "coordinates": [
          121.53500000000032,
          24.97520001953051
        ]
      }
    },
    {
      "type": "Feature",
      "properties": {
        "type": "HeatmapPoint",
        "weight": 1
      },
      "geometry": {
        "type": "Point",
        "coordinates": [
          121.53500000000032,
          24.97490001953001
        ]
      }
    },
    {
      "type": "Feature",
      "properties": {
        "type": "HeatmapPoint",
        "weight": 1
      },
      "geometry": {
        "type": "Point",
        "coordinates": [
          121.53500000000032,
          24.974800019529816
        ]
      }
    },
    {
      "type": "Feature",
      "properties": {
        "type": "HeatmapPoint",
        "weight": 1
      },
      "geometry": {
        "type": "Point",
        "coordinates": [
          121.53500000000032,
          24.97460001952949
        ]
      }
    },
    {
      "type": "Feature",
      "properties": {
        "type": "HeatmapPoint",
        "weight": 1
      },
      "geometry": {
        "type": "Point",
        "coordinates": [
          121.53500000000032,
          24.974400019529156
        ]
      }
    },
    {
      "type": "Feature",
      "properties": {
        "type": "HeatmapPoint",
        "weight": 1
      },
      "geometry": {
        "type": "Point",
        "coordinates": [
          121.53500000000032,
          24.97390001952831
        ]
      }
    },
    {
      "type": "Feature",
      "properties": {
        "type": "HeatmapPoint",
        "weight": 1
      },
      "geometry": {
        "type": "Point",
        "coordinates": [
          121.53500000000032,
          24.973400019527464
        ]
      }
    },
    {
      "type": "Feature",
      "properties": {
        "type": "HeatmapPoint",
        "weight": 1
      },
      "geometry": {
        "type": "Point",
        "coordinates": [
          121.53500000000032,
          24.973300019527283
        ]
      }
    },
    {
      "type": "Feature",
      "properties": {
        "type": "HeatmapPoint",
        "weight": 1
      },
      "geometry": {
        "type": "Point",
        "coordinates": [
          121.53500000000032,
          24.97270001952628
        ]
      }
    },
    {
      "type": "Feature",
      "properties": {
        "type": "HeatmapPoint",
        "weight": 1
      },
      "geometry": {
        "type": "Point",
        "coordinates": [
          121.53500000000032,
          24.972400019525768
        ]
      }
    },
    {
      "type": "Feature",
      "properties": {
        "type": "HeatmapPoint",
        "weight": 1
      },
      "geometry": {
        "type": "Point",
        "coordinates": [
          121.53500000000032,
          24.972300019525598
        ]
      }
    },
    {
      "type": "Feature",
      "properties": {
        "type": "HeatmapPoint",
        "weight": 1
      },
      "geometry": {
        "type": "Point",
        "coordinates": [
          121.53500000000032,
          24.972200019525427
        ]
      }
    },
    {
      "type": "Feature",
      "properties": {
        "type": "HeatmapPoint",
        "weight": 1
      },
      "geometry": {
        "type": "Point",
        "coordinates": [
          121.53500000000032,
          24.972100019525264
        ]
      }
    },
    {
      "type": "Feature",
      "properties": {
        "type": "HeatmapPoint",
        "weight": 1
      },
      "geometry": {
        "type": "Point",
        "coordinates": [
          121.53500000000032,
          24.972000019525087
        ]
      }
    },
    {
      "type": "Feature",
      "properties": {
        "type": "HeatmapPoint",
        "weight": 1
      },
      "geometry": {
        "type": "Point",
        "coordinates": [
          121.53500000000032,
          24.971900019524924
        ]
      }
    },
    {
      "type": "Feature",
      "properties": {
        "type": "HeatmapPoint",
        "weight": 1
      },
      "geometry": {
        "type": "Point",
        "coordinates": [
          121.53500000000032,
          24.971800019524753
        ]
      }
    },
    {
      "type": "Feature",
      "properties": {
        "type": "HeatmapPoint",
        "weight": 1
      },
      "geometry": {
        "type": "Point",
        "coordinates": [
          121.53500000000032,
          24.97160001952441
        ]
      }
    },
    {
      "type": "Feature",
      "properties": {
        "type": "HeatmapPoint",
        "weight": 1
      },
      "geometry": {
        "type": "Point",
        "coordinates": [
          121.53500000000032,
          24.971400019524072
        ]
      }
    },
    {
      "type": "Feature",
      "properties": {
        "type": "HeatmapPoint",
        "weight": 1
      },
      "geometry": {
        "type": "Point",
        "coordinates": [
          121.53500000000032,
          24.97120001952374
        ]
      }
    },
    {
      "type": "Feature",
      "properties": {
        "type": "HeatmapPoint",
        "weight": 1
      },
      "geometry": {
        "type": "Point",
        "coordinates": [
          121.53500000000032,
          24.971000019523405
        ]
      }
    },
    {
      "type": "Feature",
      "properties": {
        "type": "HeatmapPoint",
        "weight": 1
      },
      "geometry": {
        "type": "Point",
        "coordinates": [
          121.53500000000032,
          24.97040001952239
        ]
      }
    },
    {
      "type": "Feature",
      "properties": {
        "type": "HeatmapPoint",
        "weight": 1
      },
      "geometry": {
        "type": "Point",
        "coordinates": [
          121.53500000000032,
          24.97020001952205
        ]
      }
    },
    {
      "type": "Feature",
      "properties": {
        "type": "HeatmapPoint",
        "weight": 1
      },
      "geometry": {
        "type": "Point",
        "coordinates": [
          121.53500000000032,
          24.970100019521887
        ]
      }
    },
    {
      "type": "Feature",
      "properties": {
        "type": "HeatmapPoint",
        "weight": 1
      },
      "geometry": {
        "type": "Point",
        "coordinates": [
          121.53500000000032,
          24.969800019521365
        ]
      }
    },
    {
      "type": "Feature",
      "properties": {
        "type": "HeatmapPoint",
        "weight": 1
      },
      "geometry": {
        "type": "Point",
        "coordinates": [
          121.53600000000036,
          24.98380001954507
        ]
      }
    },
    {
      "type": "Feature",
      "properties": {
        "type": "HeatmapPoint",
        "weight": 1
      },
      "geometry": {
        "type": "Point",
        "coordinates": [
          121.53600000000036,
          24.981900019541843
        ]
      }
    },
    {
      "type": "Feature",
      "properties": {
        "type": "HeatmapPoint",
        "weight": 1
      },
      "geometry": {
        "type": "Point",
        "coordinates": [
          121.53600000000036,
          24.981800019541677
        ]
      }
    },
    {
      "type": "Feature",
      "properties": {
        "type": "HeatmapPoint",
        "weight": 1
      },
      "geometry": {
        "type": "Point",
        "coordinates": [
          121.53600000000034,
          24.981700019541503
        ]
      }
    },
    {
      "type": "Feature",
      "properties": {
        "type": "HeatmapPoint",
        "weight": 1
      },
      "geometry": {
        "type": "Point",
        "coordinates": [
          121.53600000000036,
          24.981300019540825
        ]
      }
    },
    {
      "type": "Feature",
      "properties": {
        "type": "HeatmapPoint",
        "weight": 1
      },
      "geometry": {
        "type": "Point",
        "coordinates": [
          121.53600000000036,
          24.98120001954066
        ]
      }
    },
    {
      "type": "Feature",
      "properties": {
        "type": "HeatmapPoint",
        "weight": 1
      },
      "geometry": {
        "type": "Point",
        "coordinates": [
          121.53600000000036,
          24.98100001954033
        ]
      }
    },
    {
      "type": "Feature",
      "properties": {
        "type": "HeatmapPoint",
        "weight": 1
      },
      "geometry": {
        "type": "Point",
        "coordinates": [
          121.53600000000036,
          24.98070001953982
        ]
      }
    },
    {
      "type": "Feature",
      "properties": {
        "type": "HeatmapPoint",
        "weight": 1
      },
      "geometry": {
        "type": "Point",
        "coordinates": [
          121.53600000000034,
          24.98060001953964
        ]
      }
    },
    {
      "type": "Feature",
      "properties": {
        "type": "HeatmapPoint",
        "weight": 1
      },
      "geometry": {
        "type": "Point",
        "coordinates": [
          121.53600000000036,
          24.979500019537788
        ]
      }
    },
    {
      "type": "Feature",
      "properties": {
        "type": "HeatmapPoint",
        "weight": 1
      },
      "geometry": {
        "type": "Point",
        "coordinates": [
          121.53600000000034,
          24.979400019537607
        ]
      }
    },
    {
      "type": "Feature",
      "properties": {
        "type": "HeatmapPoint",
        "weight": 1
      },
      "geometry": {
        "type": "Point",
        "coordinates": [
          121.53600000000034,
          24.979300019537444
        ]
      }
    },
    {
      "type": "Feature",
      "properties": {
        "type": "HeatmapPoint",
        "weight": 1
      },
      "geometry": {
        "type": "Point",
        "coordinates": [
          121.53600000000036,
          24.979200019537277
        ]
      }
    },
    {
      "type": "Feature",
      "properties": {
        "type": "HeatmapPoint",
        "weight": 1
      },
      "geometry": {
        "type": "Point",
        "coordinates": [
          121.53600000000034,
          24.97890001953676
        ]
      }
    },
    {
      "type": "Feature",
      "properties": {
        "type": "HeatmapPoint",
        "weight": 1
      },
      "geometry": {
        "type": "Point",
        "coordinates": [
          121.53600000000034,
          24.97860001953625
        ]
      }
    },
    {
      "type": "Feature",
      "properties": {
        "type": "HeatmapPoint",
        "weight": 1
      },
      "geometry": {
        "type": "Point",
        "coordinates": [
          121.53600000000034,
          24.978000019535255
        ]
      }
    },
    {
      "type": "Feature",
      "properties": {
        "type": "HeatmapPoint",
        "weight": 1
      },
      "geometry": {
        "type": "Point",
        "coordinates": [
          121.53600000000034,
          24.97580001953153
        ]
      }
    },
    {
      "type": "Feature",
      "properties": {
        "type": "HeatmapPoint",
        "weight": 1
      },
      "geometry": {
        "type": "Point",
        "coordinates": [
          121.53600000000034,
          24.975600019531186
        ]
      }
    },
    {
      "type": "Feature",
      "properties": {
        "type": "HeatmapPoint",
        "weight": 1
      },
      "geometry": {
        "type": "Point",
        "coordinates": [
          121.53600000000034,
          24.97550001953102
        ]
      }
    },
    {
      "type": "Feature",
      "properties": {
        "type": "HeatmapPoint",
        "weight": 1
      },
      "geometry": {
        "type": "Point",
        "coordinates": [
          121.53600000000034,
          24.975400019530852
        ]
      }
    },
    {
      "type": "Feature",
      "properties": {
        "type": "HeatmapPoint",
        "weight": 1
      },
      "geometry": {
        "type": "Point",
        "coordinates": [
          121.53600000000034,
          24.975200019530508
        ]
      }
    },
    {
      "type": "Feature",
      "properties": {
        "type": "HeatmapPoint",
        "weight": 1
      },
      "geometry": {
        "type": "Point",
        "coordinates": [
          121.53600000000034,
          24.974700019529667
        ]
      }
    },
    {
      "type": "Feature",
      "properties": {
        "type": "HeatmapPoint",
        "weight": 1
      },
      "geometry": {
        "type": "Point",
        "coordinates": [
          121.53600000000034,
          24.974600019529486
        ]
      }
    },
    {
      "type": "Feature",
      "properties": {
        "type": "HeatmapPoint",
        "weight": 1
      },
      "geometry": {
        "type": "Point",
        "coordinates": [
          121.53600000000034,
          24.97440001952916
        ]
      }
    },
    {
      "type": "Feature",
      "properties": {
        "type": "HeatmapPoint",
        "weight": 1
      },
      "geometry": {
        "type": "Point",
        "coordinates": [
          121.53600000000034,
          24.97360001952779
        ]
      }
    },
    {
      "type": "Feature",
      "properties": {
        "type": "HeatmapPoint",
        "weight": 1
      },
      "geometry": {
        "type": "Point",
        "coordinates": [
          121.53600000000034,
          24.97310001952695
        ]
      }
    },
    {
      "type": "Feature",
      "properties": {
        "type": "HeatmapPoint",
        "weight": 1
      },
      "geometry": {
        "type": "Point",
        "coordinates": [
          121.53600000000034,
          24.972900019526612
        ]
      }
    },
    {
      "type": "Feature",
      "properties": {
        "type": "HeatmapPoint",
        "weight": 1
      },
      "geometry": {
        "type": "Point",
        "coordinates": [
          121.53600000000034,
          24.972700019526282
        ]
      }
    },
    {
      "type": "Feature",
      "properties": {
        "type": "HeatmapPoint",
        "weight": 1
      },
      "geometry": {
        "type": "Point",
        "coordinates": [
          121.53600000000034,
          24.972500019525945
        ]
      }
    },
    {
      "type": "Feature",
      "properties": {
        "type": "HeatmapPoint",
        "weight": 1
      },
      "geometry": {
        "type": "Point",
        "coordinates": [
          121.53600000000034,
          24.972200019525438
        ]
      }
    },
    {
      "type": "Feature",
      "properties": {
        "type": "HeatmapPoint",
        "weight": 1
      },
      "geometry": {
        "type": "Point",
        "coordinates": [
          121.53600000000034,
          24.972100019525268
        ]
      }
    },
    {
      "type": "Feature",
      "properties": {
        "type": "HeatmapPoint",
        "weight": 1
      },
      "geometry": {
        "type": "Point",
        "coordinates": [
          121.53600000000034,
          24.971800019524757
        ]
      }
    },
    {
      "type": "Feature",
      "properties": {
        "type": "HeatmapPoint",
        "weight": 1
      },
      "geometry": {
        "type": "Point",
        "coordinates": [
          121.53600000000034,
          24.971500019524246
        ]
      }
    },
    {
      "type": "Feature",
      "properties": {
        "type": "HeatmapPoint",
        "weight": 1
      },
      "geometry": {
        "type": "Point",
        "coordinates": [
          121.53600000000034,
          24.971200019523742
        ]
      }
    },
    {
      "type": "Feature",
      "properties": {
        "type": "HeatmapPoint",
        "weight": 1
      },
      "geometry": {
        "type": "Point",
        "coordinates": [
          121.53600000000034,
          24.970700019522898
        ]
      }
    },
    {
      "type": "Feature",
      "properties": {
        "type": "HeatmapPoint",
        "weight": 1
      },
      "geometry": {
        "type": "Point",
        "coordinates": [
          121.53600000000034,
          24.970600019522728
        ]
      }
    },
    {
      "type": "Feature",
      "properties": {
        "type": "HeatmapPoint",
        "weight": 1
      },
      "geometry": {
        "type": "Point",
        "coordinates": [
          121.53600000000034,
          24.970500019522557
        ]
      }
    },
    {
      "type": "Feature",
      "properties": {
        "type": "HeatmapPoint",
        "weight": 1
      },
      "geometry": {
        "type": "Point",
        "coordinates": [
          121.53600000000034,
          24.970200019522053
        ]
      }
    },
    {
      "type": "Feature",
      "properties": {
        "type": "HeatmapPoint",
        "weight": 1
      },
      "geometry": {
        "type": "Point",
        "coordinates": [
          121.53600000000034,
          24.97010001952189
        ]
      }
    },
    {
      "type": "Feature",
      "properties": {
        "type": "HeatmapPoint",
        "weight": 1
      },
      "geometry": {
        "type": "Point",
        "coordinates": [
          121.53700000000038,
          24.983200019544046
        ]
      }
    },
    {
      "type": "Feature",
      "properties": {
        "type": "HeatmapPoint",
        "weight": 1
      },
      "geometry": {
        "type": "Point",
        "coordinates": [
          121.53700000000038,
          24.981800019541673
        ]
      }
    },
    {
      "type": "Feature",
      "properties": {
        "type": "HeatmapPoint",
        "weight": 1
      },
      "geometry": {
        "type": "Point",
        "coordinates": [
          121.53700000000038,
          24.981500019541162
        ]
      }
    },
    {
      "type": "Feature",
      "properties": {
        "type": "HeatmapPoint",
        "weight": 1
      },
      "geometry": {
        "type": "Point",
        "coordinates": [
          121.53700000000038,
          24.98100001954033
        ]
      }
    },
    {
      "type": "Feature",
      "properties": {
        "type": "HeatmapPoint",
        "weight": 1
      },
      "geometry": {
        "type": "Point",
        "coordinates": [
          121.53700000000038,
          24.980600019539644
        ]
      }
    },
    {
      "type": "Feature",
      "properties": {
        "type": "HeatmapPoint",
        "weight": 1
      },
      "geometry": {
        "type": "Point",
        "coordinates": [
          121.53700000000038,
          24.98050001953947
        ]
      }
    },
    {
      "type": "Feature",
      "properties": {
        "type": "HeatmapPoint",
        "weight": 1
      },
      "geometry": {
        "type": "Point",
        "coordinates": [
          121.53700000000038,
          24.98020001953897
        ]
      }
    },
    {
      "type": "Feature",
      "properties": {
        "type": "HeatmapPoint",
        "weight": 1
      },
      "geometry": {
        "type": "Point",
        "coordinates": [
          121.53700000000038,
          24.980100019538806
        ]
      }
    },
    {
      "type": "Feature",
      "properties": {
        "type": "HeatmapPoint",
        "weight": 1
      },
      "geometry": {
        "type": "Point",
        "coordinates": [
          121.53700000000038,
          24.979700019538125
        ]
      }
    },
    {
      "type": "Feature",
      "properties": {
        "type": "HeatmapPoint",
        "weight": 1
      },
      "geometry": {
        "type": "Point",
        "coordinates": [
          121.53700000000038,
          24.979600019537948
        ]
      }
    },
    {
      "type": "Feature",
      "properties": {
        "type": "HeatmapPoint",
        "weight": 1
      },
      "geometry": {
        "type": "Point",
        "coordinates": [
          121.53700000000038,
          24.97950001953778
        ]
      }
    },
    {
      "type": "Feature",
      "properties": {
        "type": "HeatmapPoint",
        "weight": 1
      },
      "geometry": {
        "type": "Point",
        "coordinates": [
          121.53700000000038,
          24.979400019537614
        ]
      }
    },
    {
      "type": "Feature",
      "properties": {
        "type": "HeatmapPoint",
        "weight": 1
      },
      "geometry": {
        "type": "Point",
        "coordinates": [
          121.53700000000038,
          24.97910001953711
        ]
      }
    },
    {
      "type": "Feature",
      "properties": {
        "type": "HeatmapPoint",
        "weight": 1
      },
      "geometry": {
        "type": "Point",
        "coordinates": [
          121.53700000000038,
          24.979000019536937
        ]
      }
    },
    {
      "type": "Feature",
      "properties": {
        "type": "HeatmapPoint",
        "weight": 1
      },
      "geometry": {
        "type": "Point",
        "coordinates": [
          121.53700000000038,
          24.97850001953609
        ]
      }
    },
    {
      "type": "Feature",
      "properties": {
        "type": "HeatmapPoint",
        "weight": 1
      },
      "geometry": {
        "type": "Point",
        "coordinates": [
          121.53700000000038,
          24.976300019532367
        ]
      }
    },
    {
      "type": "Feature",
      "properties": {
        "type": "HeatmapPoint",
        "weight": 1
      },
      "geometry": {
        "type": "Point",
        "coordinates": [
          121.53700000000038,
          24.976000019531853
        ]
      }
    },
    {
      "type": "Feature",
      "properties": {
        "type": "HeatmapPoint",
        "weight": 1
      },
      "geometry": {
        "type": "Point",
        "coordinates": [
          121.53700000000038,
          24.97570001953136
        ]
      }
    },
    {
      "type": "Feature",
      "properties": {
        "type": "HeatmapPoint",
        "weight": 1
      },
      "geometry": {
        "type": "Point",
        "coordinates": [
          121.53700000000038,
          24.97560001953119
        ]
      }
    },
    {
      "type": "Feature",
      "properties": {
        "type": "HeatmapPoint",
        "weight": 1
      },
      "geometry": {
        "type": "Point",
        "coordinates": [
          121.53700000000038,
          24.97550001953101
        ]
      }
    },
    {
      "type": "Feature",
      "properties": {
        "type": "HeatmapPoint",
        "weight": 1
      },
      "geometry": {
        "type": "Point",
        "coordinates": [
          121.53700000000038,
          24.975300019530675
        ]
      }
    },
    {
      "type": "Feature",
      "properties": {
        "type": "HeatmapPoint",
        "weight": 1
      },
      "geometry": {
        "type": "Point",
        "coordinates": [
          121.53700000000038,
          24.974900019530008
        ]
      }
    },
    {
      "type": "Feature",
      "properties": {
        "type": "HeatmapPoint",
        "weight": 1
      },
      "geometry": {
        "type": "Point",
        "coordinates": [
          121.53700000000038,
          24.974600019529486
        ]
      }
    },
    {
      "type": "Feature",
      "properties": {
        "type": "HeatmapPoint",
        "weight": 1
      },
      "geometry": {
        "type": "Point",
        "coordinates": [
          121.53700000000035,
          24.97430001952899
        ]
      }
    },
    {
      "type": "Feature",
      "properties": {
        "type": "HeatmapPoint",
        "weight": 1
      },
      "geometry": {
        "type": "Point",
        "coordinates": [
          121.53700000000035,
          24.974100019528642
        ]
      }
    },
    {
      "type": "Feature",
      "properties": {
        "type": "HeatmapPoint",
        "weight": 1
      },
      "geometry": {
        "type": "Point",
        "coordinates": [
          121.53700000000035,
          24.973400019527464
        ]
      }
    },
    {
      "type": "Feature",
      "properties": {
        "type": "HeatmapPoint",
        "weight": 1
      },
      "geometry": {
        "type": "Point",
        "coordinates": [
          121.53700000000035,
          24.971500019524246
        ]
      }
    },
    {
      "type": "Feature",
      "properties": {
        "type": "HeatmapPoint",
        "weight": 1
      },
      "geometry": {
        "type": "Point",
        "coordinates": [
          121.53700000000035,
          24.971200019523735
        ]
      }
    },
    {
      "type": "Feature",
      "properties": {
        "type": "HeatmapPoint",
        "weight": 1
      },
      "geometry": {
        "type": "Point",
        "coordinates": [
          121.53700000000038,
          24.970900019523235
        ]
      }
    },
    {
      "type": "Feature",
      "properties": {
        "type": "HeatmapPoint",
        "weight": 1
      },
      "geometry": {
        "type": "Point",
        "coordinates": [
          121.53700000000038,
          24.970700019522894
        ]
      }
    },
    {
      "type": "Feature",
      "properties": {
        "type": "HeatmapPoint",
        "weight": 1
      },
      "geometry": {
        "type": "Point",
        "coordinates": [
          121.53800000000035,
          24.982100019542195
        ]
      }
    },
    {
      "type": "Feature",
      "properties": {
        "type": "HeatmapPoint",
        "weight": 1
      },
      "geometry": {
        "type": "Point",
        "coordinates": [
          121.53800000000035,
          24.981500019541176
        ]
      }
    },
    {
      "type": "Feature",
      "properties": {
        "type": "HeatmapPoint",
        "weight": 1
      },
      "geometry": {
        "type": "Point",
        "coordinates": [
          121.53800000000035,
          24.981400019541006
        ]
      }
    },
    {
      "type": "Feature",
      "properties": {
        "type": "HeatmapPoint",
        "weight": 1
      },
      "geometry": {
        "type": "Point",
        "coordinates": [
          121.53800000000035,
          24.981100019540495
        ]
      }
    },
    {
      "type": "Feature",
      "properties": {
        "type": "HeatmapPoint",
        "weight": 1
      },
      "geometry": {
        "type": "Point",
        "coordinates": [
          121.53800000000035,
          24.980900019540147
        ]
      }
    },
    {
      "type": "Feature",
      "properties": {
        "type": "HeatmapPoint",
        "weight": 1
      },
      "geometry": {
        "type": "Point",
        "coordinates": [
          121.53800000000035,
          24.980800019539984
        ]
      }
    },
    {
      "type": "Feature",
      "properties": {
        "type": "HeatmapPoint",
        "weight": 1
      },
      "geometry": {
        "type": "Point",
        "coordinates": [
          121.53800000000035,
          24.980600019539644
        ]
      }
    },
    {
      "type": "Feature",
      "properties": {
        "type": "HeatmapPoint",
        "weight": 1
      },
      "geometry": {
        "type": "Point",
        "coordinates": [
          121.53800000000035,
          24.98030001953915
        ]
      }
    },
    {
      "type": "Feature",
      "properties": {
        "type": "HeatmapPoint",
        "weight": 1
      },
      "geometry": {
        "type": "Point",
        "coordinates": [
          121.53800000000035,
          24.98010001953881
        ]
      }
    },
    {
      "type": "Feature",
      "properties": {
        "type": "HeatmapPoint",
        "weight": 1
      },
      "geometry": {
        "type": "Point",
        "coordinates": [
          121.53800000000035,
          24.979800019538292
        ]
      }
    },
    {
      "type": "Feature",
      "properties": {
        "type": "HeatmapPoint",
        "weight": 1
      },
      "geometry": {
        "type": "Point",
        "coordinates": [
          121.53800000000035,
          24.97960001953795
        ]
      }
    },
    {
      "type": "Feature",
      "properties": {
        "type": "HeatmapPoint",
        "weight": 1
      },
      "geometry": {
        "type": "Point",
        "coordinates": [
          121.53800000000035,
          24.97950001953779
        ]
      }
    },
    {
      "type": "Feature",
      "properties": {
        "type": "HeatmapPoint",
        "weight": 1
      },
      "geometry": {
        "type": "Point",
        "coordinates": [
          121.53800000000035,
          24.979400019537614
        ]
      }
    },
    {
      "type": "Feature",
      "properties": {
        "type": "HeatmapPoint",
        "weight": 1
      },
      "geometry": {
        "type": "Point",
        "coordinates": [
          121.53800000000035,
          24.97930001953744
        ]
      }
    },
    {
      "type": "Feature",
      "properties": {
        "type": "HeatmapPoint",
        "weight": 1
      },
      "geometry": {
        "type": "Point",
        "coordinates": [
          121.53800000000035,
          24.976500019532697
        ]
      }
    },
    {
      "type": "Feature",
      "properties": {
        "type": "HeatmapPoint",
        "weight": 1
      },
      "geometry": {
        "type": "Point",
        "coordinates": [
          121.53800000000035,
          24.976200019532207
        ]
      }
    },
    {
      "type": "Feature",
      "properties": {
        "type": "HeatmapPoint",
        "weight": 1
      },
      "geometry": {
        "type": "Point",
        "coordinates": [
          121.53800000000035,
          24.97580001953153
        ]
      }
    },
    {
      "type": "Feature",
      "properties": {
        "type": "HeatmapPoint",
        "weight": 1
      },
      "geometry": {
        "type": "Point",
        "coordinates": [
          121.53800000000035,
          24.975700019531356
        ]
      }
    },
    {
      "type": "Feature",
      "properties": {
        "type": "HeatmapPoint",
        "weight": 1
      },
      "geometry": {
        "type": "Point",
        "coordinates": [
          121.53800000000035,
          24.975600019531182
        ]
      }
    },
    {
      "type": "Feature",
      "properties": {
        "type": "HeatmapPoint",
        "weight": 1
      },
      "geometry": {
        "type": "Point",
        "coordinates": [
          121.53800000000035,
          24.97520001953051
        ]
      }
    },
    {
      "type": "Feature",
      "properties": {
        "type": "HeatmapPoint",
        "weight": 1
      },
      "geometry": {
        "type": "Point",
        "coordinates": [
          121.53800000000035,
          24.97510001953034
        ]
      }
    },
    {
      "type": "Feature",
      "properties": {
        "type": "HeatmapPoint",
        "weight": 1
      },
      "geometry": {
        "type": "Point",
        "coordinates": [
          121.53800000000035,
          24.974600019529493
        ]
      }
    },
    {
      "type": "Feature",
      "properties": {
        "type": "HeatmapPoint",
        "weight": 1
      },
      "geometry": {
        "type": "Point",
        "coordinates": [
          121.53800000000035,
          24.974400019529156
        ]
      }
    },
    {
      "type": "Feature",
      "properties": {
        "type": "HeatmapPoint",
        "weight": 1
      },
      "geometry": {
        "type": "Point",
        "coordinates": [
          121.53800000000035,
          24.974100019528642
        ]
      }
    },
    {
      "type": "Feature",
      "properties": {
        "type": "HeatmapPoint",
        "weight": 1
      },
      "geometry": {
        "type": "Point",
        "coordinates": [
          121.53800000000035,
          24.973900019528315
        ]
      }
    },
    {
      "type": "Feature",
      "properties": {
        "type": "HeatmapPoint",
        "weight": 1
      },
      "geometry": {
        "type": "Point",
        "coordinates": [
          121.53800000000035,
          24.973700019527975
        ]
      }
    },
    {
      "type": "Feature",
      "properties": {
        "type": "HeatmapPoint",
        "weight": 1
      },
      "geometry": {
        "type": "Point",
        "coordinates": [
          121.53800000000035,
          24.973500019527627
        ]
      }
    },
    {
      "type": "Feature",
      "properties": {
        "type": "HeatmapPoint",
        "weight": 1
      },
      "geometry": {
        "type": "Point",
        "coordinates": [
          121.53800000000035,
          24.973200019527134
        ]
      }
    },
    {
      "type": "Feature",
      "properties": {
        "type": "HeatmapPoint",
        "weight": 1
      },
      "geometry": {
        "type": "Point",
        "coordinates": [
          121.53800000000035,
          24.972900019526616
        ]
      }
    },
    {
      "type": "Feature",
      "properties": {
        "type": "HeatmapPoint",
        "weight": 1
      },
      "geometry": {
        "type": "Point",
        "coordinates": [
          121.53800000000035,
          24.972600019526105
        ]
      }
    },
    {
      "type": "Feature",
      "properties": {
        "type": "HeatmapPoint",
        "weight": 1
      },
      "geometry": {
        "type": "Point",
        "coordinates": [
          121.53800000000035,
          24.972500019525942
        ]
      }
    },
    {
      "type": "Feature",
      "properties": {
        "type": "HeatmapPoint",
        "weight": 1
      },
      "geometry": {
        "type": "Point",
        "coordinates": [
          121.53800000000035,
          24.97210001952527
        ]
      }
    },
    {
      "type": "Feature",
      "properties": {
        "type": "HeatmapPoint",
        "weight": 1
      },
      "geometry": {
        "type": "Point",
        "coordinates": [
          121.53800000000035,
          24.97190001952493
        ]
      }
    },
    {
      "type": "Feature",
      "properties": {
        "type": "HeatmapPoint",
        "weight": 1
      },
      "geometry": {
        "type": "Point",
        "coordinates": [
          121.53900000000037,
          24.980500019539466
        ]
      }
    },
    {
      "type": "Feature",
      "properties": {
        "type": "HeatmapPoint",
        "weight": 1
      },
      "geometry": {
        "type": "Point",
        "coordinates": [
          121.53900000000037,
          24.98040001953931
        ]
      }
    },
    {
      "type": "Feature",
      "properties": {
        "type": "HeatmapPoint",
        "weight": 1
      },
      "geometry": {
        "type": "Point",
        "coordinates": [
          121.53900000000037,
          24.98030001953914
        ]
      }
    },
    {
      "type": "Feature",
      "properties": {
        "type": "HeatmapPoint",
        "weight": 1
      },
      "geometry": {
        "type": "Point",
        "coordinates": [
          121.53900000000037,
          24.98010001953881
        ]
      }
    },
    {
      "type": "Feature",
      "properties": {
        "type": "HeatmapPoint",
        "weight": 1
      },
      "geometry": {
        "type": "Point",
        "coordinates": [
          121.53900000000037,
          24.980000019538625
        ]
      }
    },
    {
      "type": "Feature",
      "properties": {
        "type": "HeatmapPoint",
        "weight": 1
      },
      "geometry": {
        "type": "Point",
        "coordinates": [
          121.53900000000037,
          24.97960001953795
        ]
      }
    },
    {
      "type": "Feature",
      "properties": {
        "type": "HeatmapPoint",
        "weight": 1
      },
      "geometry": {
        "type": "Point",
        "coordinates": [
          121.53900000000037,
          24.97940001953761
        ]
      }
    },
    {
      "type": "Feature",
      "properties": {
        "type": "HeatmapPoint",
        "weight": 1
      },
      "geometry": {
        "type": "Point",
        "coordinates": [
          121.53900000000037,
          24.97920001953728
        ]
      }
    },
    {
      "type": "Feature",
      "properties": {
        "type": "HeatmapPoint",
        "weight": 1
      },
      "geometry": {
        "type": "Point",
        "coordinates": [
          121.53900000000037,
          24.979100019537118
        ]
      }
    },
    {
      "type": "Feature",
      "properties": {
        "type": "HeatmapPoint",
        "weight": 1
      },
      "geometry": {
        "type": "Point",
        "coordinates": [
          121.53900000000037,
          24.978700019536436
        ]
      }
    },
    {
      "type": "Feature",
      "properties": {
        "type": "HeatmapPoint",
        "weight": 1
      },
      "geometry": {
        "type": "Point",
        "coordinates": [
          121.53900000000037,
          24.978600019536252
        ]
      }
    },
    {
      "type": "Feature",
      "properties": {
        "type": "HeatmapPoint",
        "weight": 1
      },
      "geometry": {
        "type": "Point",
        "coordinates": [
          121.53900000000037,
          24.97850001953609
        ]
      }
    },
    {
      "type": "Feature",
      "properties": {
        "type": "HeatmapPoint",
        "weight": 1
      },
      "geometry": {
        "type": "Point",
        "coordinates": [
          121.53900000000037,
          24.978400019535925
        ]
      }
    },
    {
      "type": "Feature",
      "properties": {
        "type": "HeatmapPoint",
        "weight": 1
      },
      "geometry": {
        "type": "Point",
        "coordinates": [
          121.53900000000037,
          24.978000019535248
        ]
      }
    },
    {
      "type": "Feature",
      "properties": {
        "type": "HeatmapPoint",
        "weight": 1
      },
      "geometry": {
        "type": "Point",
        "coordinates": [
          121.53900000000037,
          24.977700019534733
        ]
      }
    },
    {
      "type": "Feature",
      "properties": {
        "type": "HeatmapPoint",
        "weight": 1
      },
      "geometry": {
        "type": "Point",
        "coordinates": [
          121.53900000000037,
          24.977600019534567
        ]
      }
    },
    {
      "type": "Feature",
      "properties": {
        "type": "HeatmapPoint",
        "weight": 1
      },
      "geometry": {
        "type": "Point",
        "coordinates": [
          121.53900000000037,
          24.977500019534403
        ]
      }
    },
    {
      "type": "Feature",
      "properties": {
        "type": "HeatmapPoint",
        "weight": 1
      },
      "geometry": {
        "type": "Point",
        "coordinates": [
          121.53900000000037,
          24.977100019533722
        ]
      }
    },
    {
      "type": "Feature",
      "properties": {
        "type": "HeatmapPoint",
        "weight": 1
      },
      "geometry": {
        "type": "Point",
        "coordinates": [
          121.53900000000037,
          24.97640001953254
        ]
      }
    },
    {
      "type": "Feature",
      "properties": {
        "type": "HeatmapPoint",
        "weight": 1
      },
      "geometry": {
        "type": "Point",
        "coordinates": [
          121.53900000000037,
          24.976000019531867
        ]
      }
    },
    {
      "type": "Feature",
      "properties": {
        "type": "HeatmapPoint",
        "weight": 1
      },
      "geometry": {
        "type": "Point",
        "coordinates": [
          121.53900000000037,
          24.975800019531526
        ]
      }
    },
    {
      "type": "Feature",
      "properties": {
        "type": "HeatmapPoint",
        "weight": 1
      },
      "geometry": {
        "type": "Point",
        "coordinates": [
          121.53900000000037,
          24.97570001953135
        ]
      }
    },
    {
      "type": "Feature",
      "properties": {
        "type": "HeatmapPoint",
        "weight": 1
      },
      "geometry": {
        "type": "Point",
        "coordinates": [
          121.53900000000037,
          24.97550001953102
        ]
      }
    },
    {
      "type": "Feature",
      "properties": {
        "type": "HeatmapPoint",
        "weight": 1
      },
      "geometry": {
        "type": "Point",
        "coordinates": [
          121.53900000000037,
          24.97540001953085
        ]
      }
    },
    {
      "type": "Feature",
      "properties": {
        "type": "HeatmapPoint",
        "weight": 1
      },
      "geometry": {
        "type": "Point",
        "coordinates": [
          121.53900000000037,
          24.975000019530174
        ]
      }
    },
    {
      "type": "Feature",
      "properties": {
        "type": "HeatmapPoint",
        "weight": 1
      },
      "geometry": {
        "type": "Point",
        "coordinates": [
          121.53900000000037,
          24.97490001953001
        ]
      }
    },
    {
      "type": "Feature",
      "properties": {
        "type": "HeatmapPoint",
        "weight": 1
      },
      "geometry": {
        "type": "Point",
        "coordinates": [
          121.53900000000037,
          24.974800019529827
        ]
      }
    },
    {
      "type": "Feature",
      "properties": {
        "type": "HeatmapPoint",
        "weight": 1
      },
      "geometry": {
        "type": "Point",
        "coordinates": [
          121.53900000000037,
          24.97430001952899
        ]
      }
    },
    {
      "type": "Feature",
      "properties": {
        "type": "HeatmapPoint",
        "weight": 1
      },
      "geometry": {
        "type": "Point",
        "coordinates": [
          121.53900000000037,
          24.974200019528816
        ]
      }
    },
    {
      "type": "Feature",
      "properties": {
        "type": "HeatmapPoint",
        "weight": 1
      },
      "geometry": {
        "type": "Point",
        "coordinates": [
          121.53900000000037,
          24.974100019528645
        ]
      }
    },
    {
      "type": "Feature",
      "properties": {
        "type": "HeatmapPoint",
        "weight": 1
      },
      "geometry": {
        "type": "Point",
        "coordinates": [
          121.53900000000037,
          24.97400001952848
        ]
      }
    },
    {
      "type": "Feature",
      "properties": {
        "type": "HeatmapPoint",
        "weight": 1
      },
      "geometry": {
        "type": "Point",
        "coordinates": [
          121.53900000000037,
          24.97380001952813
        ]
      }
    }
  ]
}