{
  "type": "FeatureCollection",
  "features": [
    {
      "type": "Feature",
      "properties": {
        "縣市": "新北市",
        "案名": "五股銀髮住宅",
        "詳細地址": "248新北市五股區水碓二路1號",
        "興辦主體": "新北市政府",
        "戶數": 71,
        "工程決標日期": "-",
        "開工日期": "105/1/1",
        "完工日期": "90/2/28",
        "執行情況": "既有",
        "經緯度": "25.07131390590362, 121.43036856542551",
        "Unnamed: 10": null,
        "Unnamed: 11": null,
        "Unnamed: 12": null,
        "Unnamed: 13": null,
        "Unnamed: 14": null,
        "Unnamed: 15": null,
        "Unnamed: 16": null,
        "Unnamed: 17": null,
        "Unnamed: 18": null,
        "Unnamed: 19": null,
        "Unnamed: 20": null,
        "Unnamed: 21": null
      },
      "geometry": {
        "type": "Polygon",
        "coordinates": [
          [
            [
              121.43026856542551,
              25.07121390590362
            ],
            [
              121.43046856542551,
              25.07121390590362
            ],
            [
              121.43046856542551,
              25.07141390590362
            ],
            [
              121.43026856542551,
              25.07141390590362
            ],
            [
              121.43026856542551,
              25.07121390590362
            ]
          ]
        ]
      }
    },
    {
      "type": "Feature",
      "properties": {
        "縣市": "新北市",
        "案名": "臺北橋聯開宅",
        "詳細地址": "新北市三重區重新路一段108號",
        "興辦主體": "臺北市政府",
        "戶數": 14,
        "工程決標日期": "-",
        "開工日期": "99/9/2",
        "完工日期": "101/12/20",
        "執行情況": "既有",
        "經緯度": "25.063006103272606, 121.50060035186574",
        "Unnamed: 10": null,
        "Unnamed: 11": null,
        "Unnamed: 12": null,
        "Unnamed: 13": null,
        "Unnamed: 14": null,
        "Unnamed: 15": null,
        "Unnamed: 16": null,
        "Unnamed: 17": null,
        "Unnamed: 18": null,
        "Unnamed: 19": null,
        "Unnamed: 20": null,
        "Unnamed: 21": null
      },
      "geometry": {
        "type": "Polygon",
        "coordinates": [
          [
            [
              121.50050035186574,
              25.062906103272606
            ],
            [
              121.50070035186575,
              25.062906103272606
            ],
            [
              121.50070035186575,
              25.063106103272606
            ],
            [
              121.50050035186574,
              25.063106103272606
            ],
            [
              121.50050035186574,
              25.062906103272606
            ]
          ]
        ]
      }
    },
    {
      "type": "Feature",
      "properties": {
        "縣市": "新北市",
        "案名": "三重集美段社宅",
        "詳細地址": null,
        "興辦主體": "新北市政府",
        "戶數": 8,
        "工程決標日期": "-",
        "開工日期": "105/1/1",
        "完工日期": "105/1/1",
        "執行情況": "既有",
        "經緯度": "25.055866755672547, 121.49242945283694",
        "Unnamed: 10": null,
        "Unnamed: 11": null,
        "Unnamed: 12": null,
        "Unnamed: 13": null,
        "Unnamed: 14": null,
        "Unnamed: 15": null,
        "Unnamed: 16": null,
        "Unnamed: 17": null,
        "Unnamed: 18": null,
        "Unnamed: 19": null,
        "Unnamed: 20": null,
        "Unnamed: 21": null
      },
      "geometry": {
        "type": "Polygon",
        "coordinates": [
          [
            [
              121.49232945283694,
              25.055766755672547
            ],
            [
              121.49252945283695,
              25.055766755672547
            ],
            [
              121.49252945283695,
              25.055966755672546
            ],
            [
              121.49232945283694,
              25.055966755672546
            ],
            [
              121.49232945283694,
              25.055766755672547
            ]
          ]
        ]
      }
    },
    {
      "type": "Feature",
      "properties": {
        "縣市": "新北市",
        "案名": "小碧潭站社會住宅戶(新北市新店區新店機廠聯開宅)",
        "詳細地址": "新北市新店區中央路153、161號",
        "興辦主體": "臺北市政府",
        "戶數": 13,
        "工程決標日期": "-",
        "開工日期": "104/1/1",
        "完工日期": "104/1/1",
        "執行情況": "既有",
        "經緯度": "24.97286076011306, 121.52978407327139",
        "Unnamed: 10": null,
        "Unnamed: 11": null,
        "Unnamed: 12": null,
        "Unnamed: 13": null,
        "Unnamed: 14": null,
        "Unnamed: 15": null,
        "Unnamed: 16": null,
        "Unnamed: 17": null,
        "Unnamed: 18": null,
        "Unnamed: 19": null,
        "Unnamed: 20": null,
        "Unnamed: 21": null
      },
      "geometry": {
        "type": "Polygon",
        "coordinates": [
          [
            [
              121.52968407327138,
              24.97276076011306
            ],
            [
              121.52988407327139,
              24.97276076011306
            ],
            [
              121.52988407327139,
              24.97296076011306
            ],
            [
              121.52968407327138,
              24.97296076011306
            ],
            [
              121.52968407327138,
              24.97276076011306
            ]
          ]
        ]
      }
    },
    {
      "type": "Feature",
      "properties": {
        "縣市": "新北市",
        "案名": "新店中正國宅",
        "詳細地址": "231新北市新店區中正路265巷26號",
        "興辦主體": "新北市政府",
        "戶數": 56,
        "工程決標日期": "-",
        "開工日期": "80/4/30",
        "完工日期": "82/8/31",
        "執行情況": "既有",
        "經緯度": "24.973372103608348, 121.53754223651838",
        "Unnamed: 10": null,
        "Unnamed: 11": null,
        "Unnamed: 12": null,
        "Unnamed: 13": null,
        "Unnamed: 14": null,
        "Unnamed: 15": null,
        "Unnamed: 16": null,
        "Unnamed: 17": null,
        "Unnamed: 18": null,
        "Unnamed: 19": null,
        "Unnamed: 20": null,
        "Unnamed: 21": null
      },
      "geometry": {
        "type": "Polygon",
        "coordinates": [
          [
            [
              121.53744223651837,
              24.97327210360835
            ],
            [
              121.53764223651838,
              24.97327210360835
            ],
            [
              121.53764223651838,
              24.973472103608348
            ],
            [
              121.53744223651837,
              24.973472103608348
            ],
            [
              121.53744223651837,
              24.97327210360835
            ]
          ]
        ]
      }
    },
    {
      "type": "Feature",
      "properties": {
        "縣市": "新北市",
        "案名": "三峽隆恩埔(原民宅)",
        "詳細地址": "237新北市三峽區隆恩街241之1號",
        "興辦主體": "新北市政府",
        "戶數": 150,
        "工程決標日期": "-",
        "開工日期": "94/6/30",
        "完工日期": "96/5/31",
        "執行情況": "既有",
        "經緯度": "24.941303596361777, 121.35837153965274",
        "Unnamed: 10": null,
        "Unnamed: 11": null,
        "Unnamed: 12": null,
        "Unnamed: 13": null,
        "Unnamed: 14": null,
        "Unnamed: 15": null,
        "Unnamed: 16": null,
        "Unnamed: 17": null,
        "Unnamed: 18": null,
        "Unnamed: 19": null,
        "Unnamed: 20": null,
        "Unnamed: 21": null
      },
      "geometry": {
        "type": "Polygon",
        "coordinates": [
          [
            [
              121.35827153965273,
              24.941203596361778
            ],
            [
              121.35847153965274,
              24.941203596361778
            ],
            [
              121.35847153965274,
              24.941403596361777
            ],
            [
              121.35827153965273,
              24.941403596361777
            ],
            [
              121.35827153965273,
              24.941203596361778
            ]
          ]
        ]
      }
    },
    {
      "type": "Feature",
      "properties": {
        "縣市": "新北市",
        "案名": "汐止花東新村",
        "詳細地址": "221台灣新北市汐止區樟樹二路251巷34號",
        "興辦主體": "新北市政府",
        "戶數": 126,
        "工程決標日期": "-",
        "開工日期": "-",
        "完工日期": "88/6/24",
        "執行情況": "既有",
        "經緯度": "25.0677398,121.6398341",
        "Unnamed: 10": null,
        "Unnamed: 11": null,
        "Unnamed: 12": null,
        "Unnamed: 13": null,
        "Unnamed: 14": null,
        "Unnamed: 15": null,
        "Unnamed: 16": null,
        "Unnamed: 17": null,
        "Unnamed: 18": null,
        "Unnamed: 19": null,
        "Unnamed: 20": null,
        "Unnamed: 21": null
      },
      "geometry": {
        "type": "Polygon",
        "coordinates": [
          [
            [
              121.6397341,
              25.0676398
            ],
            [
              121.6399341,
              25.0676398
            ],
            [
              121.6399341,
              25.067839799999998
            ],
            [
              121.6397341,
              25.067839799999998
            ],
            [
              121.6397341,
              25.0676398
            ]
          ]
        ]
      }
    },
    {
      "type": "Feature",
      "properties": {
        "縣市": "新北市",
        "案名": "永和國光青年住宅",
        "詳細地址": "234台灣新北市永和區中正路70號666 巷",
        "興辦主體": "新北市政府",
        "戶數": 7,
        "工程決標日期": "101/1/16",
        "開工日期": "101/5/15",
        "完工日期": "102/4/12",
        "執行情況": "既有",
        "經緯度": "25.0090034,121.5190151",
        "Unnamed: 10": null,
        "Unnamed: 11": null,
        "Unnamed: 12": null,
        "Unnamed: 13": null,
        "Unnamed: 14": null,
        "Unnamed: 15": null,
        "Unnamed: 16": null,
        "Unnamed: 17": null,
        "Unnamed: 18": null,
        "Unnamed: 19": null,
        "Unnamed: 20": null,
        "Unnamed: 21": null
      },
      "geometry": {
        "type": "Polygon",
        "coordinates": [
          [
            [
              121.5189151,
              25.0089034
            ],
            [
              121.51911510000001,
              25.0089034
            ],
            [
              121.51911510000001,
              25.0091034
            ],
            [
              121.5189151,
              25.0091034
            ],
            [
              121.5189151,
              25.0089034
            ]
          ]
        ]
      }
    },
    {
      "type": "Feature",
      "properties": {
        "縣市": "新北市",
        "案名": "新莊新豐青年社會住宅",
        "詳細地址": "242台灣新北市新莊區樹新路222-252號",
        "興辦主體": "新北市政府",
        "戶數": 76,
        "工程決標日期": "-",
        "開工日期": "103/10/1",
        "完工日期": "106/9/25",
        "執行情況": "新完工",
        "經緯度": "25.0003262,121.4312436",
        "Unnamed: 10": null,
        "Unnamed: 11": null,
        "Unnamed: 12": null,
        "Unnamed: 13": null,
        "Unnamed: 14": null,
        "Unnamed: 15": null,
        "Unnamed: 16": null,
        "Unnamed: 17": null,
        "Unnamed: 18": null,
        "Unnamed: 19": null,
        "Unnamed: 20": null,
        "Unnamed: 21": null
      },
      "geometry": {
        "type": "Polygon",
        "coordinates": [
          [
            [
              121.4311436,
              25.0002262
            ],
            [
              121.4313436,
              25.0002262
            ],
            [
              121.4313436,
              25.0004262
            ],
            [
              121.4311436,
              25.0004262
            ],
            [
              121.4311436,
              25.0002262
            ]
          ]
        ]
      }
    },
    {
      "type": "Feature",
      "properties": {
        "縣市": "新北市",
        "案名": "新莊副都心段一小段224地號",
        "詳細地址": null,
        "興辦主體": "新北市政府",
        "戶數": 23,
        "工程決標日期": "108/5/22",
        "開工日期": "108/5/22",
        "完工日期": "112/7/5",
        "執行情況": "新完工",
        "經緯度": "25.055365,121.453786",
        "Unnamed: 10": null,
        "Unnamed: 11": null,
        "Unnamed: 12": null,
        "Unnamed: 13": null,
        "Unnamed: 14": null,
        "Unnamed: 15": null,
        "Unnamed: 16": null,
        "Unnamed: 17": null,
        "Unnamed: 18": null,
        "Unnamed: 19": null,
        "Unnamed: 20": null,
        "Unnamed: 21": null
      },
      "geometry": {
        "type": "Polygon",
        "coordinates": [
          [
            [
              121.45368599999999,
              25.055265
            ],
            [
              121.453886,
              25.055265
            ],
            [
              121.453886,
              25.055464999999998
            ],
            [
              121.45368599999999,
              25.055464999999998
            ],
            [
              121.45368599999999,
              25.055265
            ]
          ]
        ]
      }
    },
    {
      "type": "Feature",
      "properties": {
        "縣市": "新北市",
        "案名": "立言段10等1筆地號",
        "詳細地址": null,
        "興辦主體": "新北市政府",
        "戶數": 16,
        "工程決標日期": "109/5/9",
        "開工日期": "109/5/9",
        "完工日期": "114/2/28",
        "執行情況": "新完工",
        "經緯度": "25.045242,121.442733",
        "Unnamed: 10": null,
        "Unnamed: 11": null,
        "Unnamed: 12": null,
        "Unnamed: 13": null,
        "Unnamed: 14": null,
        "Unnamed: 15": null,
        "Unnamed: 16": null,
        "Unnamed: 17": null,
        "Unnamed: 18": null,
        "Unnamed: 19": null,
        "Unnamed: 20": null,
        "Unnamed: 21": null
      },
      "geometry": {
        "type": "Polygon",
        "coordinates": [
          [
            [
              121.442633,
              25.045142
            ],
            [
              121.44283300000001,
              25.045142
            ],
            [
              121.44283300000001,
              25.045341999999998
            ],
            [
              121.442633,
              25.045341999999998
            ],
            [
              121.442633,
              25.045142
            ]
          ]
        ]
      }
    },
    {
      "type": "Feature",
      "properties": {
        "縣市": "新北市",
        "案名": "林口世大運選手村社會住宅",
        "詳細地址": "244台灣新北市林口區仁愛路二段500號",
        "興辦主體": "中央(住都中心)",
        "戶數": 2907,
        "工程決標日期": "102/8/9",
        "開工日期": "103/5/8",
        "完工日期": "107/8/31",
        "執行情況": "新完工",
        "經緯度": "25.0764199,121.3756808",
        "Unnamed: 10": null,
        "Unnamed: 11": null,
        "Unnamed: 12": null,
        "Unnamed: 13": null,
        "Unnamed: 14": null,
        "Unnamed: 15": null,
        "Unnamed: 16": null,
        "Unnamed: 17": null,
        "Unnamed: 18": null,
        "Unnamed: 19": null,
        "Unnamed: 20": null,
        "Unnamed: 21": null
      },
      "geometry": {
        "type": "Polygon",
        "coordinates": [
          [
            [
              121.3755808,
              25.0763199
            ],
            [
              121.3757808,
              25.0763199
            ],
            [
              121.3757808,
              25.0765199
            ],
            [
              121.3755808,
              25.0765199
            ],
            [
              121.3755808,
              25.0763199
            ]
          ]
        ]
      }
    },
    {
      "type": "Feature",
      "properties": {
        "縣市": "新北市",
        "案名": "五股芳洲(203)青年社會住宅",
        "詳細地址": "248新北市五股區芳洲二路29號",
        "興辦主體": "新北市政府",
        "戶數": 23,
        "工程決標日期": "108/1/31",
        "開工日期": "108/10/15",
        "完工日期": "113/6/7",
        "執行情況": "新完工",
        "經緯度": "25.086419962393105, 121.44412886536028",
        "Unnamed: 10": null,
        "Unnamed: 11": null,
        "Unnamed: 12": null,
        "Unnamed: 13": null,
        "Unnamed: 14": null,
        "Unnamed: 15": null,
        "Unnamed: 16": null,
        "Unnamed: 17": null,
        "Unnamed: 18": null,
        "Unnamed: 19": null,
        "Unnamed: 20": null,
        "Unnamed: 21": null
      },
      "geometry": {
        "type": "Polygon",
        "coordinates": [
          [
            [
              121.44402886536028,
              25.086319962393105
            ],
            [
              121.44422886536029,
              25.086319962393105
            ],
            [
              121.44422886536029,
              25.086519962393105
            ],
            [
              121.44402886536028,
              25.086519962393105
            ],
            [
              121.44402886536028,
              25.086319962393105
            ]
          ]
        ]
      }
    },
    {
      "type": "Feature",
      "properties": {
        "縣市": "新北市",
        "案名": "成州段77-7等1筆地號",
        "詳細地址": null,
        "興辦主體": "新北市政府",
        "戶數": 10,
        "工程決標日期": "108/12/13",
        "開工日期": "108/12/13",
        "完工日期": "113/1/2",
        "執行情況": "新完工",
        "經緯度": "25.096427,121.449647",
        "Unnamed: 10": null,
        "Unnamed: 11": null,
        "Unnamed: 12": null,
        "Unnamed: 13": null,
        "Unnamed: 14": null,
        "Unnamed: 15": null,
        "Unnamed: 16": null,
        "Unnamed: 17": null,
        "Unnamed: 18": null,
        "Unnamed: 19": null,
        "Unnamed: 20": null,
        "Unnamed: 21": null
      },
      "geometry": {
        "type": "Polygon",
        "coordinates": [
          [
            [
              121.449547,
              25.096327
            ],
            [
              121.449747,
              25.096327
            ],
            [
              121.449747,
              25.096527
            ],
            [
              121.449547,
              25.096527
            ],
            [
              121.449547,
              25.096327
            ]
          ]
        ]
      }
    },
    {
      "type": "Feature",
      "properties": {
        "縣市": "新北市",
        "案名": "五股成州段4等1筆地號",
        "詳細地址": null,
        "興辦主體": "新北市政府",
        "戶數": 11,
        "工程決標日期": "109/10/14",
        "開工日期": "109/10/14",
        "完工日期": "113/11/25",
        "執行情況": "新完工",
        "經緯度": "25.104903,121.454628",
        "Unnamed: 10": null,
        "Unnamed: 11": null,
        "Unnamed: 12": null,
        "Unnamed: 13": null,
        "Unnamed: 14": null,
        "Unnamed: 15": null,
        "Unnamed: 16": null,
        "Unnamed: 17": null,
        "Unnamed: 18": null,
        "Unnamed: 19": null,
        "Unnamed: 20": null,
        "Unnamed: 21": null
      },
      "geometry": {
        "type": "Polygon",
        "coordinates": [
          [
            [
              121.454528,
              25.104803
            ],
            [
              121.454728,
              25.104803
            ],
            [
              121.454728,
              25.105003
            ],
            [
              121.454528,
              25.105003
            ],
            [
              121.454528,
              25.104803
            ]
          ]
        ]
      }
    },
    {
      "type": "Feature",
      "properties": {
        "縣市": "新北市",
        "案名": "大安青年社會住宅(三重1館)",
        "詳細地址": "241新北市三重區環河南路125號",
        "興辦主體": "新北市政府",
        "戶數": 133,
        "工程決標日期": "-",
        "開工日期": "103/3/7",
        "完工日期": "105/5/15",
        "執行情況": "新完工",
        "經緯度": "25.055256759625934, 121.49673087116109",
        "Unnamed: 10": null,
        "Unnamed: 11": null,
        "Unnamed: 12": null,
        "Unnamed: 13": null,
        "Unnamed: 14": null,
        "Unnamed: 15": null,
        "Unnamed: 16": null,
        "Unnamed: 17": null,
        "Unnamed: 18": null,
        "Unnamed: 19": null,
        "Unnamed: 20": null,
        "Unnamed: 21": null
      },
      "geometry": {
        "type": "Polygon",
        "coordinates": [
          [
            [
              121.49663087116109,
              25.055156759625934
            ],
            [
              121.4968308711611,
              25.055156759625934
            ],
            [
              121.4968308711611,
              25.055356759625933
            ],
            [
              121.49663087116109,
              25.055356759625933
            ],
            [
              121.49663087116109,
              25.055156759625934
            ]
          ]
        ]
      }
    },
    {
      "type": "Feature",
      "properties": {
        "縣市": "新北市",
        "案名": "大同南青年社會住宅(三重2館-西側)",
        "詳細地址": "241新北市三重區大同南路172巷30號1樓",
        "興辦主體": "新北市政府",
        "戶數": 119,
        "工程決標日期": "-",
        "開工日期": "103/3/7",
        "完工日期": "105/3/15",
        "執行情況": "新完工",
        "經緯度": "25.057681392951913, 121.4980431423232",
        "Unnamed: 10": null,
        "Unnamed: 11": null,
        "Unnamed: 12": null,
        "Unnamed: 13": null,
        "Unnamed: 14": null,
        "Unnamed: 15": null,
        "Unnamed: 16": null,
        "Unnamed: 17": null,
        "Unnamed: 18": null,
        "Unnamed: 19": null,
        "Unnamed: 20": null,
        "Unnamed: 21": null
      },
      "geometry": {
        "type": "Polygon",
        "coordinates": [
          [
            [
              121.4979431423232,
              25.057581392951914
            ],
            [
              121.4981431423232,
              25.057581392951914
            ],
            [
              121.4981431423232,
              25.057781392951913
            ],
            [
              121.4979431423232,
              25.057781392951913
            ],
            [
              121.4979431423232,
              25.057581392951914
            ]
          ]
        ]
      }
    },
    {
      "type": "Feature",
      "properties": {
        "縣市": "新北市",
        "案名": "大同南青年社會住宅(三重3館-東側)",
        "詳細地址": "241新北市三重區正義南路129號",
        "興辦主體": "新北市政府",
        "戶數": 75,
        "工程決標日期": "-",
        "開工日期": "104/3/10",
        "完工日期": "106/1/10",
        "執行情況": "新完工",
        "經緯度": "25.057730221420137, 121.49838735769197",
        "Unnamed: 10": null,
        "Unnamed: 11": null,
        "Unnamed: 12": null,
        "Unnamed: 13": null,
        "Unnamed: 14": null,
        "Unnamed: 15": null,
        "Unnamed: 16": null,
        "Unnamed: 17": null,
        "Unnamed: 18": null,
        "Unnamed: 19": null,
        "Unnamed: 20": null,
        "Unnamed: 21": null
      },
      "geometry": {
        "type": "Polygon",
        "coordinates": [
          [
            [
              121.49828735769196,
              25.057630221420137
            ],
            [
              121.49848735769197,
              25.057630221420137
            ],
            [
              121.49848735769197,
              25.057830221420136
            ],
            [
              121.49828735769196,
              25.057830221420136
            ],
            [
              121.49828735769196,
              25.057630221420137
            ]
          ]
        ]
      }
    },
    {
      "type": "Feature",
      "properties": {
        "縣市": "新北市",
        "案名": "三重五谷王(27)青年社會住宅",
        "詳細地址": "241新北市三重區神農街481~501號",
        "興辦主體": "新北市政府",
        "戶數": 12,
        "工程決標日期": "-",
        "開工日期": "107/3/28",
        "完工日期": "109/4/29",
        "執行情況": "新完工",
        "經緯度": "25.058215588393416, 121.47457357116026",
        "Unnamed: 10": null,
        "Unnamed: 11": null,
        "Unnamed: 12": null,
        "Unnamed: 13": null,
        "Unnamed: 14": null,
        "Unnamed: 15": null,
        "Unnamed: 16": null,
        "Unnamed: 17": null,
        "Unnamed: 18": null,
        "Unnamed: 19": null,
        "Unnamed: 20": null,
        "Unnamed: 21": null
      },
      "geometry": {
        "type": "Polygon",
        "coordinates": [
          [
            [
              121.47447357116026,
              25.058115588393417
            ],
            [
              121.47467357116027,
              25.058115588393417
            ],
            [
              121.47467357116027,
              25.058315588393416
            ],
            [
              121.47447357116026,
              25.058315588393416
            ],
            [
              121.47447357116026,
              25.058115588393417
            ]
          ]
        ]
      }
    },
    {
      "type": "Feature",
      "properties": {
        "縣市": "新北市",
        "案名": "三重段309等1筆地號",
        "詳細地址": null,
        "興辦主體": "新北市政府",
        "戶數": 18,
        "工程決標日期": "109/2/19",
        "開工日期": "109/2/19",
        "完工日期": "113/8/23",
        "執行情況": "新完工",
        "經緯度": "25.051566,121.486419",
        "Unnamed: 10": null,
        "Unnamed: 11": null,
        "Unnamed: 12": null,
        "Unnamed: 13": null,
        "Unnamed: 14": null,
        "Unnamed: 15": null,
        "Unnamed: 16": null,
        "Unnamed: 17": null,
        "Unnamed: 18": null,
        "Unnamed: 19": null,
        "Unnamed: 20": null,
        "Unnamed: 21": null
      },
      "geometry": {
        "type": "Polygon",
        "coordinates": [
          [
            [
              121.486319,
              25.051466
            ],
            [
              121.486519,
              25.051466
            ],
            [
              121.486519,
              25.051666
            ],
            [
              121.486319,
              25.051666
            ],
            [
              121.486319,
              25.051466
            ]
          ]
        ]
      }
    },
    {
      "type": "Feature",
      "properties": {
        "縣市": "新北市",
        "案名": "五谷王段349、348、347、346、340、339等6筆地號",
        "詳細地址": null,
        "興辦主體": "新北市政府",
        "戶數": 19,
        "工程決標日期": "109/12/18",
        "開工日期": "109/12/18",
        "完工日期": "113/9/20",
        "執行情況": "新完工",
        "經緯度": "25.049036,121.476150",
        "Unnamed: 10": null,
        "Unnamed: 11": null,
        "Unnamed: 12": null,
        "Unnamed: 13": null,
        "Unnamed: 14": null,
        "Unnamed: 15": null,
        "Unnamed: 16": null,
        "Unnamed: 17": null,
        "Unnamed: 18": null,
        "Unnamed: 19": null,
        "Unnamed: 20": null,
        "Unnamed: 21": null
      },
      "geometry": {
        "type": "Polygon",
        "coordinates": [
          [
            [
              121.47605,
              25.048936
            ],
            [
              121.47625000000001,
              25.048936
            ],
            [
              121.47625000000001,
              25.049136
            ],
            [
              121.47605,
              25.049136
            ],
            [
              121.47605,
              25.048936
            ]
          ]
        ]
      }
    },
    {
      "type": "Feature",
      "properties": {
        "縣市": "新北市",
        "案名": "泰山信華青年社會住宅",
        "詳細地址": "243台灣新北市泰山區",
        "興辦主體": "新北市政府",
        "戶數": 14,
        "工程決標日期": "108/10/1",
        "開工日期": "108/10/1",
        "完工日期": "113/6/14",
        "執行情況": "新完工",
        "經緯度": "25.0581641,121.4327919",
        "Unnamed: 10": null,
        "Unnamed: 11": null,
        "Unnamed: 12": null,
        "Unnamed: 13": null,
        "Unnamed: 14": null,
        "Unnamed: 15": null,
        "Unnamed: 16": null,
        "Unnamed: 17": null,
        "Unnamed: 18": null,
        "Unnamed: 19": null,
        "Unnamed: 20": null,
        "Unnamed: 21": null
      },
      "geometry": {
        "type": "Polygon",
        "coordinates": [
          [
            [
              121.4326919,
              25.0580641
            ],
            [
              121.4328919,
              25.0580641
            ],
            [
              121.4328919,
              25.0582641
            ],
            [
              121.4326919,
              25.0582641
            ],
            [
              121.4326919,
              25.0580641
            ]
          ]
        ]
      }
    },
    {
      "type": "Feature",
      "properties": {
        "縣市": "新北市",
        "案名": "信華段一小段8、7、信華段二小段19、18、17、16、15、14、12等9筆地號",
        "詳細地址": null,
        "興辦主體": "新北市政府",
        "戶數": 11,
        "工程決標日期": "109/8/19",
        "開工日期": "109/8/19",
        "完工日期": "113/11/29",
        "執行情況": "新完工",
        "經緯度": "25.045691,121.441313",
        "Unnamed: 10": null,
        "Unnamed: 11": null,
        "Unnamed: 12": null,
        "Unnamed: 13": null,
        "Unnamed: 14": null,
        "Unnamed: 15": null,
        "Unnamed: 16": null,
        "Unnamed: 17": null,
        "Unnamed: 18": null,
        "Unnamed: 19": null,
        "Unnamed: 20": null,
        "Unnamed: 21": null
      },
      "geometry": {
        "type": "Polygon",
        "coordinates": [
          [
            [
              121.44121299999999,
              25.045591
            ],
            [
              121.441413,
              25.045591
            ],
            [
              121.441413,
              25.045791
            ],
            [
              121.44121299999999,
              25.045791
            ],
            [
              121.44121299999999,
              25.045591
            ]
          ]
        ]
      }
    },
    {
      "type": "Feature",
      "properties": {
        "縣市": "新北市",
        "案名": "新店央北青年社會住宅",
        "詳細地址": "231新北市新店區央北二路398號",
        "興辦主體": "新北市政府",
        "戶數": 1070,
        "工程決標日期": "105/4/28",
        "開工日期": "106/3/21",
        "完工日期": "109/1/23",
        "執行情況": "新完工",
        "經緯度": "24.98172060264395, 121.52643689419016",
        "Unnamed: 10": null,
        "Unnamed: 11": null,
        "Unnamed: 12": null,
        "Unnamed: 13": null,
        "Unnamed: 14": null,
        "Unnamed: 15": null,
        "Unnamed: 16": null,
        "Unnamed: 17": null,
        "Unnamed: 18": null,
        "Unnamed: 19": null,
        "Unnamed: 20": null,
        "Unnamed: 21": null
      },
      "geometry": {
        "type": "Polygon",
        "coordinates": [
          [
            [
              121.52633689419015,
              24.98162060264395
            ],
            [
              121.52653689419016,
              24.98162060264395
            ],
            [
              121.52653689419016,
              24.98182060264395
            ],
            [
              121.52633689419015,
              24.98182060264395
            ],
            [
              121.52633689419015,
              24.98162060264395
            ]
          ]
        ]
      }
    },
    {
      "type": "Feature",
      "properties": {
        "縣市": "新北市",
        "案名": "新店民安青年社會住宅",
        "詳細地址": "231台灣新北市新店區安民街3巷6弄1~31號",
        "興辦主體": "新北市政府",
        "戶數": 194,
        "工程決標日期": "108/11/28",
        "開工日期": "109/12/18",
        "完工日期": "113/4/3",
        "執行情況": "新完工",
        "經緯度": "24.9644809,121.5149226",
        "Unnamed: 10": null,
        "Unnamed: 11": null,
        "Unnamed: 12": null,
        "Unnamed: 13": null,
        "Unnamed: 14": null,
        "Unnamed: 15": null,
        "Unnamed: 16": null,
        "Unnamed: 17": null,
        "Unnamed: 18": null,
        "Unnamed: 19": null,
        "Unnamed: 20": null,
        "Unnamed: 21": null
      },
      "geometry": {
        "type": "Polygon",
        "coordinates": [
          [
            [
              121.5148226,
              24.964380900000002
            ],
            [
              121.51502260000001,
              24.964380900000002
            ],
            [
              121.51502260000001,
              24.9645809
            ],
            [
              121.5148226,
              24.9645809
            ],
            [
              121.5148226,
              24.964380900000002
            ]
          ]
        ]
      }
    },
    {
      "type": "Feature",
      "properties": {
        "縣市": "新北市",
        "案名": "新店斯馨(2)青年社會住宅",
        "詳細地址": "新北市新店區十四張路381號",
        "興辦主體": "新北市政府",
        "戶數": 14,
        "工程決標日期": "-",
        "開工日期": "107/4/10",
        "完工日期": "111/4/22",
        "執行情況": "新完工",
        "經緯度": "24.982950877860482, 121.52603102302629",
        "Unnamed: 10": null,
        "Unnamed: 11": null,
        "Unnamed: 12": null,
        "Unnamed: 13": null,
        "Unnamed: 14": null,
        "Unnamed: 15": null,
        "Unnamed: 16": null,
        "Unnamed: 17": null,
        "Unnamed: 18": null,
        "Unnamed: 19": null,
        "Unnamed: 20": null,
        "Unnamed: 21": null
      },
      "geometry": {
        "type": "Polygon",
        "coordinates": [
          [
            [
              121.52593102302629,
              24.982850877860482
            ],
            [
              121.5261310230263,
              24.982850877860482
            ],
            [
              121.5261310230263,
              24.98305087786048
            ],
            [
              121.52593102302629,
              24.98305087786048
            ],
            [
              121.52593102302629,
              24.982850877860482
            ]
          ]
        ]
      }
    },
    {
      "type": "Feature",
      "properties": {
        "縣市": "新北市",
        "案名": "新店斯馨(13、15)青年社會住宅",
        "詳細地址": "新北市新店區央北路二路375號",
        "興辦主體": "新北市政府",
        "戶數": 20,
        "工程決標日期": "107/8/21",
        "開工日期": "107/11/7",
        "完工日期": "113/7/5",
        "執行情況": "新完工",
        "經緯度": "24.981303902968364, 121.52454873651806",
        "Unnamed: 10": null,
        "Unnamed: 11": null,
        "Unnamed: 12": null,
        "Unnamed: 13": null,
        "Unnamed: 14": null,
        "Unnamed: 15": null,
        "Unnamed: 16": null,
        "Unnamed: 17": null,
        "Unnamed: 18": null,
        "Unnamed: 19": null,
        "Unnamed: 20": null,
        "Unnamed: 21": null
      },
      "geometry": {
        "type": "Polygon",
        "coordinates": [
          [
            [
              121.52444873651805,
              24.981203902968364
            ],
            [
              121.52464873651806,
              24.981203902968364
            ],
            [
              121.52464873651806,
              24.981403902968363
            ],
            [
              121.52444873651805,
              24.981403902968363
            ],
            [
              121.52444873651805,
              24.981203902968364
            ]
          ]
        ]
      }
    },
    {
      "type": "Feature",
      "properties": {
        "縣市": "新北市",
        "案名": "新店斯馨(100)青年社會住宅",
        "詳細地址": "新北市新店區順德街128號",
        "興辦主體": "新北市政府",
        "戶數": 12,
        "工程決標日期": "-",
        "開工日期": "108/9/11",
        "完工日期": "111/1/26",
        "執行情況": "新完工",
        "經緯度": "24.97830140183512, 121.53188132302616",
        "Unnamed: 10": null,
        "Unnamed: 11": null,
        "Unnamed: 12": null,
        "Unnamed: 13": null,
        "Unnamed: 14": null,
        "Unnamed: 15": null,
        "Unnamed: 16": null,
        "Unnamed: 17": null,
        "Unnamed: 18": null,
        "Unnamed: 19": null,
        "Unnamed: 20": null,
        "Unnamed: 21": null
      },
      "geometry": {
        "type": "Polygon",
        "coordinates": [
          [
            [
              121.53178132302615,
              24.978201401835122
            ],
            [
              121.53198132302616,
              24.978201401835122
            ],
            [
              121.53198132302616,
              24.97840140183512
            ],
            [
              121.53178132302615,
              24.97840140183512
            ],
            [
              121.53178132302615,
              24.978201401835122
            ]
          ]
        ]
      }
    },
    {
      "type": "Feature",
      "properties": {
        "縣市": "新北市",
        "案名": "浮洲合宜住宅出租單元",
        "詳細地址": "220台灣新北市板橋區合宜一路39號",
        "興辦主體": "新北市政府",
        "戶數": 446,
        "工程決標日期": "-",
        "開工日期": "100/12/21",
        "完工日期": "107/1/4",
        "執行情況": "新完工",
        "經緯度": "24.9964794,121.4437319",
        "Unnamed: 10": null,
        "Unnamed: 11": null,
        "Unnamed: 12": null,
        "Unnamed: 13": null,
        "Unnamed: 14": null,
        "Unnamed: 15": null,
        "Unnamed: 16": null,
        "Unnamed: 17": null,
        "Unnamed: 18": null,
        "Unnamed: 19": null,
        "Unnamed: 20": null,
        "Unnamed: 21": null
      },
      "geometry": {
        "type": "Polygon",
        "coordinates": [
          [
            [
              121.4436319,
              24.9963794
            ],
            [
              121.4438319,
              24.9963794
            ],
            [
              121.4438319,
              24.996579399999998
            ],
            [
              121.4436319,
              24.996579399999998
            ],
            [
              121.4436319,
              24.9963794
            ]
          ]
        ]
      }
    },
    {
      "type": "Feature",
      "properties": {
        "縣市": "新北市",
        "案名": "板橋府中青年社會住宅",
        "詳細地址": "220台灣新北市板橋區府後街2號",
        "興辦主體": "新北市政府",
        "戶數": 72,
        "工程決標日期": "104/11/24",
        "開工日期": "104/11/24",
        "完工日期": "107/3/15",
        "執行情況": "新完工",
        "經緯度": "25.0100934,121.4592354",
        "Unnamed: 10": null,
        "Unnamed: 11": null,
        "Unnamed: 12": null,
        "Unnamed: 13": null,
        "Unnamed: 14": null,
        "Unnamed: 15": null,
        "Unnamed: 16": null,
        "Unnamed: 17": null,
        "Unnamed: 18": null,
        "Unnamed: 19": null,
        "Unnamed: 20": null,
        "Unnamed: 21": null
      },
      "geometry": {
        "type": "Polygon",
        "coordinates": [
          [
            [
              121.4591354,
              25.0099934
            ],
            [
              121.4593354,
              25.0099934
            ],
            [
              121.4593354,
              25.0101934
            ],
            [
              121.4591354,
              25.0101934
            ],
            [
              121.4591354,
              25.0099934
            ]
          ]
        ]
      }
    },
    {
      "type": "Feature",
      "properties": {
        "縣市": "新北市",
        "案名": "板橋永翠(39)",
        "詳細地址": "220新北市板橋區藝文街199號",
        "興辦主體": "新北市政府",
        "戶數": 21,
        "工程決標日期": "-",
        "開工日期": "107/4/30",
        "完工日期": "110/11/17",
        "執行情況": "新完工",
        "經緯度": "25.021081833906013, 121.45095922302941",
        "Unnamed: 10": null,
        "Unnamed: 11": null,
        "Unnamed: 12": null,
        "Unnamed: 13": null,
        "Unnamed: 14": null,
        "Unnamed: 15": null,
        "Unnamed: 16": null,
        "Unnamed: 17": null,
        "Unnamed: 18": null,
        "Unnamed: 19": null,
        "Unnamed: 20": null,
        "Unnamed: 21": null
      },
      "geometry": {
        "type": "Polygon",
        "coordinates": [
          [
            [
              121.45085922302941,
              25.020981833906013
            ],
            [
              121.45105922302942,
              25.020981833906013
            ],
            [
              121.45105922302942,
              25.021181833906013
            ],
            [
              121.45085922302941,
              25.021181833906013
            ],
            [
              121.45085922302941,
              25.020981833906013
            ]
          ]
        ]
      }
    },
    {
      "type": "Feature",
      "properties": {
        "縣市": "新北市",
        "案名": "板橋江翠(31)",
        "詳細地址": "220新北市板橋區華江一路111～119號",
        "興辦主體": "新北市政府",
        "戶數": 52,
        "工程決標日期": "107/7/2",
        "開工日期": "107/10/22",
        "完工日期": "113/3/4",
        "執行情況": "新完工",
        "經緯度": "25.035416777817964, 121.47508249419188",
        "Unnamed: 10": null,
        "Unnamed: 11": null,
        "Unnamed: 12": null,
        "Unnamed: 13": null,
        "Unnamed: 14": null,
        "Unnamed: 15": null,
        "Unnamed: 16": null,
        "Unnamed: 17": null,
        "Unnamed: 18": null,
        "Unnamed: 19": null,
        "Unnamed: 20": null,
        "Unnamed: 21": null
      },
      "geometry": {
        "type": "Polygon",
        "coordinates": [
          [
            [
              121.47498249419188,
              25.035316777817965
            ],
            [
              121.47518249419188,
              25.035316777817965
            ],
            [
              121.47518249419188,
              25.035516777817964
            ],
            [
              121.47498249419188,
              25.035516777817964
            ],
            [
              121.47498249419188,
              25.035316777817965
            ]
          ]
        ]
      }
    },
    {
      "type": "Feature",
      "properties": {
        "縣市": "新北市",
        "案名": "板橋民權青年社會住宅",
        "詳細地址": "220新北市板橋區公館街20號",
        "興辦主體": "新北市政府",
        "戶數": 199,
        "工程決標日期": "-",
        "開工日期": "108/3/20",
        "完工日期": "110/11/29",
        "執行情況": "新完工",
        "經緯度": "25.013610800391007, 121.45976566720778",
        "Unnamed: 10": null,
        "Unnamed: 11": null,
        "Unnamed: 12": null,
        "Unnamed: 13": null,
        "Unnamed: 14": null,
        "Unnamed: 15": null,
        "Unnamed: 16": null,
        "Unnamed: 17": null,
        "Unnamed: 18": null,
        "Unnamed: 19": null,
        "Unnamed: 20": null,
        "Unnamed: 21": null
      },
      "geometry": {
        "type": "Polygon",
        "coordinates": [
          [
            [
              121.45966566720777,
              25.013510800391007
            ],
            [
              121.45986566720778,
              25.013510800391007
            ],
            [
              121.45986566720778,
              25.013710800391006
            ],
            [
              121.45966566720777,
              25.013710800391006
            ],
            [
              121.45966566720777,
              25.013510800391007
            ]
          ]
        ]
      }
    },
    {
      "type": "Feature",
      "properties": {
        "縣市": "新北市",
        "案名": "三峽國光一期青年社會住宅",
        "詳細地址": "237台灣新北市三峽區三樹一街2號",
        "興辦主體": "新北市政府",
        "戶數": 241,
        "工程決標日期": "106/8/11",
        "開工日期": "107/3/19",
        "完工日期": "108/11/1",
        "執行情況": "新完工",
        "經緯度": "24.9373654,121.3766316",
        "Unnamed: 10": null,
        "Unnamed: 11": null,
        "Unnamed: 12": null,
        "Unnamed: 13": null,
        "Unnamed: 14": null,
        "Unnamed: 15": null,
        "Unnamed: 16": null,
        "Unnamed: 17": null,
        "Unnamed: 18": null,
        "Unnamed: 19": null,
        "Unnamed: 20": null,
        "Unnamed: 21": null
      },
      "geometry": {
        "type": "Polygon",
        "coordinates": [
          [
            [
              121.37653159999999,
              24.9372654
            ],
            [
              121.3767316,
              24.9372654
            ],
            [
              121.3767316,
              24.9374654
            ],
            [
              121.37653159999999,
              24.9374654
            ],
            [
              121.37653159999999,
              24.9372654
            ]
          ]
        ]
      }
    },
    {
      "type": "Feature",
      "properties": {
        "縣市": "新北市",
        "案名": "三峽北大青年社會住宅",
        "詳細地址": "237台灣新北市三峽區大學路1號",
        "興辦主體": "新北市政府",
        "戶數": 28,
        "工程決標日期": "101/12/12",
        "開工日期": "102/12/5",
        "完工日期": "106/1/7",
        "執行情況": "新完工",
        "經緯度": "24.9396704,121.3776148",
        "Unnamed: 10": null,
        "Unnamed: 11": null,
        "Unnamed: 12": null,
        "Unnamed: 13": null,
        "Unnamed: 14": null,
        "Unnamed: 15": null,
        "Unnamed: 16": null,
        "Unnamed: 17": null,
        "Unnamed: 18": null,
        "Unnamed: 19": null,
        "Unnamed: 20": null,
        "Unnamed: 21": null
      },
      "geometry": {
        "type": "Polygon",
        "coordinates": [
          [
            [
              121.3775148,
              24.9395704
            ],
            [
              121.3777148,
              24.9395704
            ],
            [
              121.3777148,
              24.9397704
            ],
            [
              121.3775148,
              24.9397704
            ],
            [
              121.3775148,
              24.9395704
            ]
          ]
        ]
      }
    },
    {
      "type": "Feature",
      "properties": {
        "縣市": "新北市",
        "案名": "中和安邦青年社會住宅",
        "詳細地址": "235台灣新北市中和區連城路142號",
        "興辦主體": "新北市政府",
        "戶數": 632,
        "工程決標日期": "108/6/26",
        "開工日期": "109/7/10",
        "完工日期": "113/5/30",
        "執行情況": "新完工",
        "經緯度": "24.9986594,121.4954216",
        "Unnamed: 10": null,
        "Unnamed: 11": null,
        "Unnamed: 12": null,
        "Unnamed: 13": null,
        "Unnamed: 14": null,
        "Unnamed: 15": null,
        "Unnamed: 16": null,
        "Unnamed: 17": null,
        "Unnamed: 18": null,
        "Unnamed: 19": null,
        "Unnamed: 20": null,
        "Unnamed: 21": null
      },
      "geometry": {
        "type": "Polygon",
        "coordinates": [
          [
            [
              121.4953216,
              24.9985594
            ],
            [
              121.4955216,
              24.9985594
            ],
            [
              121.4955216,
              24.9987594
            ],
            [
              121.4953216,
              24.9987594
            ],
            [
              121.4953216,
              24.9985594
            ]
          ]
        ]
      }
    },
    {
      "type": "Feature",
      "properties": {
        "縣市": "新北市",
        "案名": "中和秀峰青年社會住宅",
        "詳細地址": "新北市中和區景德街 5 號至 23 號",
        "興辦主體": "新北市政府",
        "戶數": 816,
        "工程決標日期": "-",
        "開工日期": "103/1/28",
        "完工日期": "105/10/15",
        "執行情況": "新完工",
        "經緯度": "24.990546980356203, 121.51871646350479",
        "Unnamed: 10": null,
        "Unnamed: 11": null,
        "Unnamed: 12": null,
        "Unnamed: 13": null,
        "Unnamed: 14": null,
        "Unnamed: 15": null,
        "Unnamed: 16": null,
        "Unnamed: 17": null,
        "Unnamed: 18": null,
        "Unnamed: 19": null,
        "Unnamed: 20": null,
        "Unnamed: 21": null
      },
      "geometry": {
        "type": "Polygon",
        "coordinates": [
          [
            [
              121.51861646350478,
              24.990446980356204
            ],
            [
              121.51881646350479,
              24.990446980356204
            ],
            [
              121.51881646350479,
              24.990646980356203
            ],
            [
              121.51861646350478,
              24.990646980356203
            ],
            [
              121.51861646350478,
              24.990446980356204
            ]
          ]
        ]
      }
    },
    {
      "type": "Feature",
      "properties": {
        "縣市": "新北市",
        "案名": "中和民樂青年社會住宅",
        "詳細地址": "新北市中和區 新北市中和區中山路二段453號",
        "興辦主體": "新北市政府",
        "戶數": 44,
        "工程決標日期": "108/3/28",
        "開工日期": "108/3/28",
        "完工日期": "114/1/9",
        "執行情況": "新完工",
        "經緯度": "25.00464403132802, 121.48398475186329",
        "Unnamed: 10": null,
        "Unnamed: 11": null,
        "Unnamed: 12": null,
        "Unnamed: 13": null,
        "Unnamed: 14": null,
        "Unnamed: 15": null,
        "Unnamed: 16": null,
        "Unnamed: 17": null,
        "Unnamed: 18": null,
        "Unnamed: 19": null,
        "Unnamed: 20": null,
        "Unnamed: 21": null
      },
      "geometry": {
        "type": "Polygon",
        "coordinates": [
          [
            [
              121.48388475186329,
              25.00454403132802
            ],
            [
              121.48408475186329,
              25.00454403132802
            ],
            [
              121.48408475186329,
              25.00474403132802
            ],
            [
              121.48388475186329,
              25.00474403132802
            ],
            [
              121.48388475186329,
              25.00454403132802
            ]
          ]
        ]
      }
    },
    {
      "type": "Feature",
      "properties": {
        "縣市": "新北市",
        "案名": "新北市中和區景福段695地號等7筆土地都市更新計畫案",
        "詳細地址": null,
        "興辦主體": "中央(住都中心)",
        "戶數": 2,
        "工程決標日期": "-",
        "開工日期": "110/1/28",
        "完工日期": "113/5/21",
        "執行情況": "新完工",
        "經緯度": "24.993329,121.525903",
        "Unnamed: 10": null,
        "Unnamed: 11": null,
        "Unnamed: 12": null,
        "Unnamed: 13": null,
        "Unnamed: 14": null,
        "Unnamed: 15": null,
        "Unnamed: 16": null,
        "Unnamed: 17": null,
        "Unnamed: 18": null,
        "Unnamed: 19": null,
        "Unnamed: 20": null,
        "Unnamed: 21": null
      },
      "geometry": {
        "type": "Polygon",
        "coordinates": [
          [
            [
              121.525803,
              24.993229
            ],
            [
              121.526003,
              24.993229
            ],
            [
              121.526003,
              24.993429
            ],
            [
              121.525803,
              24.993429
            ],
            [
              121.525803,
              24.993229
            ]
          ]
        ]
      }
    },
    {
      "type": "Feature",
      "properties": {
        "縣市": "新北市",
        "案名": "土城員和段青年社會住宅",
        "詳細地址": "236台灣新北市土城區莊園街155號",
        "興辦主體": "新北市政府",
        "戶數": 534,
        "工程決標日期": "107/3/28",
        "開工日期": "108/3/20",
        "完工日期": "110/12/31",
        "執行情況": "新完工",
        "經緯度": "24.9816894,121.4475532",
        "Unnamed: 10": null,
        "Unnamed: 11": null,
        "Unnamed: 12": null,
        "Unnamed: 13": null,
        "Unnamed: 14": null,
        "Unnamed: 15": null,
        "Unnamed: 16": null,
        "Unnamed: 17": null,
        "Unnamed: 18": null,
        "Unnamed: 19": null,
        "Unnamed: 20": null,
        "Unnamed: 21": null
      },
      "geometry": {
        "type": "Polygon",
        "coordinates": [
          [
            [
              121.4474532,
              24.9815894
            ],
            [
              121.4476532,
              24.9815894
            ],
            [
              121.4476532,
              24.9817894
            ],
            [
              121.4474532,
              24.9817894
            ],
            [
              121.4474532,
              24.9815894
            ]
          ]
        ]
      }
    },
    {
      "type": "Feature",
      "properties": {
        "縣市": "新北市",
        "案名": "土城永和段青年社會住宅",
        "詳細地址": "236台灣新北市土城區莊園街155號",
        "興辦主體": "新北市政府",
        "戶數": 66,
        "工程決標日期": "108/11/28",
        "開工日期": "109/12/18",
        "完工日期": "112/11/22",
        "執行情況": "新完工",
        "經緯度": "24.9816894,121.4475532",
        "Unnamed: 10": null,
        "Unnamed: 11": null,
        "Unnamed: 12": null,
        "Unnamed: 13": null,
        "Unnamed: 14": null,
        "Unnamed: 15": null,
        "Unnamed: 16": null,
        "Unnamed: 17": null,
        "Unnamed: 18": null,
        "Unnamed: 19": null,
        "Unnamed: 20": null,
        "Unnamed: 21": null
      },
      "geometry": {
        "type": "Polygon",
        "coordinates": [
          [
            [
              121.4474532,
              24.9815894
            ],
            [
              121.4476532,
              24.9815894
            ],
            [
              121.4476532,
              24.9817894
            ],
            [
              121.4474532,
              24.9817894
            ],
            [
              121.4474532,
              24.9815894
            ]
          ]
        ]
      }
    },
    {
      "type": "Feature",
      "properties": {
        "縣市": "新北市",
        "案名": "土城大安青年社會住宅",
        "詳細地址": "236台灣新北市土城區中央路三段89巷150號",
        "興辦主體": "新北市政府",
        "戶數": 88,
        "工程決標日期": "108/11/28",
        "開工日期": "109/12/18",
        "完工日期": "112/11/8",
        "執行情況": "新完工",
        "經緯度": "24.9661949,121.4389665",
        "Unnamed: 10": null,
        "Unnamed: 11": null,
        "Unnamed: 12": null,
        "Unnamed: 13": null,
        "Unnamed: 14": null,
        "Unnamed: 15": null,
        "Unnamed: 16": null,
        "Unnamed: 17": null,
        "Unnamed: 18": null,
        "Unnamed: 19": null,
        "Unnamed: 20": null,
        "Unnamed: 21": null
      },
      "geometry": {
        "type": "Polygon",
        "coordinates": [
          [
            [
              121.4388665,
              24.9660949
            ],
            [
              121.43906650000001,
              24.9660949
            ],
            [
              121.43906650000001,
              24.9662949
            ],
            [
              121.4388665,
              24.9662949
            ],
            [
              121.4388665,
              24.9660949
            ]
          ]
        ]
      }
    },
    {
      "type": "Feature",
      "properties": {
        "縣市": "新北市",
        "案名": "土城明德(211、218)",
        "詳細地址": "新北市土城區 新北市土城區清水路41號",
        "興辦主體": "新北市政府",
        "戶數": 30,
        "工程決標日期": "-",
        "開工日期": "106/12/19",
        "完工日期": "109/3/29",
        "執行情況": "新完工",
        "經緯度": "24.98101993242162, 121.45487369176223",
        "Unnamed: 10": null,
        "Unnamed: 11": null,
        "Unnamed: 12": null,
        "Unnamed: 13": null,
        "Unnamed: 14": null,
        "Unnamed: 15": null,
        "Unnamed: 16": null,
        "Unnamed: 17": null,
        "Unnamed: 18": null,
        "Unnamed: 19": null,
        "Unnamed: 20": null,
        "Unnamed: 21": null
      },
      "geometry": {
        "type": "Polygon",
        "coordinates": [
          [
            [
              121.45477369176223,
              24.98091993242162
            ],
            [
              121.45497369176223,
              24.98091993242162
            ],
            [
              121.45497369176223,
              24.98111993242162
            ],
            [
              121.45477369176223,
              24.98111993242162
            ],
            [
              121.45477369176223,
              24.98091993242162
            ]
          ]
        ]
      }
    },
    {
      "type": "Feature",
      "properties": {
        "縣市": "新北市",
        "案名": "土城明德(23)",
        "詳細地址": "新北市土城區學士路137至159號",
        "興辦主體": "新北市政府",
        "戶數": 24,
        "工程決標日期": "107/8/10",
        "開工日期": "107/9/19",
        "完工日期": "113/2/26",
        "執行情況": "新完工",
        "經緯度": "24.980226577101497, 121.45088782302612",
        "Unnamed: 10": null,
        "Unnamed: 11": null,
        "Unnamed: 12": null,
        "Unnamed: 13": null,
        "Unnamed: 14": null,
        "Unnamed: 15": null,
        "Unnamed: 16": null,
        "Unnamed: 17": null,
        "Unnamed: 18": null,
        "Unnamed: 19": null,
        "Unnamed: 20": null,
        "Unnamed: 21": null
      },
      "geometry": {
        "type": "Polygon",
        "coordinates": [
          [
            [
              121.45078782302612,
              24.980126577101498
            ],
            [
              121.45098782302613,
              24.980126577101498
            ],
            [
              121.45098782302613,
              24.980326577101497
            ],
            [
              121.45078782302612,
              24.980326577101497
            ],
            [
              121.45078782302612,
              24.980126577101498
            ]
          ]
        ]
      }
    },
    {
      "type": "Feature",
      "properties": {
        "縣市": "新北市",
        "案名": "土城明德3",
        "詳細地址": "新北市土城區金城路二段181號",
        "興辦主體": "新北市政府",
        "戶數": 11,
        "工程決標日期": "108/10/16",
        "開工日期": "108/12/25",
        "完工日期": "113/6/14",
        "執行情況": "新完工",
        "經緯度": "24.981575752776752, 121.45381176535419",
        "Unnamed: 10": null,
        "Unnamed: 11": null,
        "Unnamed: 12": null,
        "Unnamed: 13": null,
        "Unnamed: 14": null,
        "Unnamed: 15": null,
        "Unnamed: 16": null,
        "Unnamed: 17": null,
        "Unnamed: 18": null,
        "Unnamed: 19": null,
        "Unnamed: 20": null,
        "Unnamed: 21": null
      },
      "geometry": {
        "type": "Polygon",
        "coordinates": [
          [
            [
              121.45371176535419,
              24.981475752776753
            ],
            [
              121.45391176535419,
              24.981475752776753
            ],
            [
              121.45391176535419,
              24.981675752776752
            ],
            [
              121.45371176535419,
              24.981675752776752
            ],
            [
              121.45371176535419,
              24.981475752776753
            ]
          ]
        ]
      }
    },
    {
      "type": "Feature",
      "properties": {
        "縣市": "新北市",
        "案名": "明德段306地號等3筆土地",
        "詳細地址": null,
        "興辦主體": "新北市政府",
        "戶數": 12,
        "工程決標日期": "108/10/18",
        "開工日期": "108/10/18",
        "完工日期": "112/7/24",
        "執行情況": "新完工",
        "經緯度": "24.978817,121.458132",
        "Unnamed: 10": null,
        "Unnamed: 11": null,
        "Unnamed: 12": null,
        "Unnamed: 13": null,
        "Unnamed: 14": null,
        "Unnamed: 15": null,
        "Unnamed: 16": null,
        "Unnamed: 17": null,
        "Unnamed: 18": null,
        "Unnamed: 19": null,
        "Unnamed: 20": null,
        "Unnamed: 21": null
      },
      "geometry": {
        "type": "Polygon",
        "coordinates": [
          [
            [
              121.458032,
              24.978717
            ],
            [
              121.45823200000001,
              24.978717
            ],
            [
              121.45823200000001,
              24.978917
            ],
            [
              121.458032,
              24.978917
            ],
            [
              121.458032,
              24.978717
            ]
          ]
        ]
      }
    },
    {
      "type": "Feature",
      "properties": {
        "縣市": "新北市",
        "案名": "新北市土城區運校段12地號等7筆土地都市更新計畫案",
        "詳細地址": null,
        "興辦主體": "中央(住都中心)",
        "戶數": 7,
        "工程決標日期": "111/10/20",
        "開工日期": "108/5/7",
        "完工日期": "112/5/2",
        "執行情況": "新完工",
        "經緯度": "24.961533,121.421526",
        "Unnamed: 10": null,
        "Unnamed: 11": null,
        "Unnamed: 12": null,
        "Unnamed: 13": null,
        "Unnamed: 14": null,
        "Unnamed: 15": null,
        "Unnamed: 16": null,
        "Unnamed: 17": null,
        "Unnamed: 18": null,
        "Unnamed: 19": null,
        "Unnamed: 20": null,
        "Unnamed: 21": null
      },
      "geometry": {
        "type": "Polygon",
        "coordinates": [
          [
            [
              121.421426,
              24.961433
            ],
            [
              121.421626,
              24.961433
            ],
            [
              121.421626,
              24.961633
            ],
            [
              121.421426,
              24.961633
            ],
            [
              121.421426,
              24.961433
            ]
          ]
        ]
      }
    },
    {
      "type": "Feature",
      "properties": {
        "縣市": "新北市",
        "案名": "永和中正橋青年社會住宅",
        "詳細地址": "234台灣新北市永和區永和路二段303號",
        "興辦主體": "新北市政府",
        "戶數": 70,
        "工程決標日期": "106/10/20",
        "開工日期": "107/2/23",
        "完工日期": "110/12/31",
        "執行情況": "新完工",
        "經緯度": "25.0164182,121.515792",
        "Unnamed: 10": null,
        "Unnamed: 11": null,
        "Unnamed: 12": null,
        "Unnamed: 13": null,
        "Unnamed: 14": null,
        "Unnamed: 15": null,
        "Unnamed: 16": null,
        "Unnamed: 17": null,
        "Unnamed: 18": null,
        "Unnamed: 19": null,
        "Unnamed: 20": null,
        "Unnamed: 21": null
      },
      "geometry": {
        "type": "Polygon",
        "coordinates": [
          [
            [
              121.515692,
              25.0163182
            ],
            [
              121.51589200000001,
              25.0163182
            ],
            [
              121.51589200000001,
              25.0165182
            ],
            [
              121.515692,
              25.0165182
            ],
            [
              121.515692,
              25.0163182
            ]
          ]
        ]
      }
    },
    {
      "type": "Feature",
      "properties": {
        "縣市": "新北市",
        "案名": "永和秀朗青年社會住宅",
        "詳細地址": "234台灣新北市永和區永利路73號",
        "興辦主體": "新北市政府",
        "戶數": 36,
        "工程決標日期": "102/12/13",
        "開工日期": "104/2/10",
        "完工日期": "106/3/21",
        "執行情況": "新完工",
        "經緯度": "25.0037544,121.5210797",
        "Unnamed: 10": null,
        "Unnamed: 11": null,
        "Unnamed: 12": null,
        "Unnamed: 13": null,
        "Unnamed: 14": null,
        "Unnamed: 15": null,
        "Unnamed: 16": null,
        "Unnamed: 17": null,
        "Unnamed: 18": null,
        "Unnamed: 19": null,
        "Unnamed: 20": null,
        "Unnamed: 21": null
      },
      "geometry": {
        "type": "Polygon",
        "coordinates": [
          [
            [
              121.5209797,
              25.0036544
            ],
            [
              121.5211797,
              25.0036544
            ],
            [
              121.5211797,
              25.003854399999998
            ],
            [
              121.5209797,
              25.003854399999998
            ],
            [
              121.5209797,
              25.0036544
            ]
          ]
        ]
      }
    },
    {
      "type": "Feature",
      "properties": {
        "縣市": "新北市",
        "案名": "新知段71等1筆地號",
        "詳細地址": null,
        "興辦主體": "新北市政府",
        "戶數": 18,
        "工程決標日期": "109/8/19",
        "開工日期": "111/5/9",
        "完工日期": "(預定) 116/2/28",
        "執行情況": "興建中",
        "經緯度": "25.060855,121.454888",
        "Unnamed: 10": null,
        "Unnamed: 11": null,
        "Unnamed: 12": null,
        "Unnamed: 13": null,
        "Unnamed: 14": null,
        "Unnamed: 15": null,
        "Unnamed: 16": null,
        "Unnamed: 17": null,
        "Unnamed: 18": null,
        "Unnamed: 19": null,
        "Unnamed: 20": null,
        "Unnamed: 21": null
      },
      "geometry": {
        "type": "Polygon",
        "coordinates": [
          [
            [
              121.454788,
              25.060755
            ],
            [
              121.454988,
              25.060755
            ],
            [
              121.454988,
              25.060955
            ],
            [
              121.454788,
              25.060955
            ],
            [
              121.454788,
              25.060755
            ]
          ]
        ]
      }
    },
    {
      "type": "Feature",
      "properties": {
        "縣市": "新北市",
        "案名": "新北市新莊區忠孝段411地號及立言段605-3地號等15筆土地都市更新案",
        "詳細地址": null,
        "興辦主體": "中央(住都中心)",
        "戶數": 6,
        "工程決標日期": "110/8/6",
        "開工日期": "111/6/22",
        "完工日期": "(預定) 119/11/22",
        "執行情況": "興建中",
        "經緯度": "25.037283,121.443155",
        "Unnamed: 10": null,
        "Unnamed: 11": null,
        "Unnamed: 12": null,
        "Unnamed: 13": null,
        "Unnamed: 14": null,
        "Unnamed: 15": null,
        "Unnamed: 16": null,
        "Unnamed: 17": null,
        "Unnamed: 18": null,
        "Unnamed: 19": null,
        "Unnamed: 20": null,
        "Unnamed: 21": null
      },
      "geometry": {
        "type": "Polygon",
        "coordinates": [
          [
            [
              121.443055,
              25.037183
            ],
            [
              121.44325500000001,
              25.037183
            ],
            [
              121.44325500000001,
              25.037383
            ],
            [
              121.443055,
              25.037383
            ],
            [
              121.443055,
              25.037183
            ]
          ]
        ]
      }
    },
    {
      "type": "Feature",
      "properties": {
        "縣市": "新北市",
        "案名": "文仁安居",
        "詳細地址": "244台灣新北市林口区244",
        "興辦主體": "中央(住都中心)",
        "戶數": 1066,
        "工程決標日期": "111/8/24",
        "開工日期": "113/9/20",
        "完工日期": "(預定) 116/12/31",
        "執行情況": "興建中",
        "經緯度": "25.074374,121.3725055",
        "Unnamed: 10": null,
        "Unnamed: 11": null,
        "Unnamed: 12": null,
        "Unnamed: 13": null,
        "Unnamed: 14": null,
        "Unnamed: 15": null,
        "Unnamed: 16": null,
        "Unnamed: 17": null,
        "Unnamed: 18": null,
        "Unnamed: 19": null,
        "Unnamed: 20": null,
        "Unnamed: 21": null
      },
      "geometry": {
        "type": "Polygon",
        "coordinates": [
          [
            [
              121.3724055,
              25.074274
            ],
            [
              121.3726055,
              25.074274
            ],
            [
              121.3726055,
              25.074474
            ],
            [
              121.3724055,
              25.074474
            ],
            [
              121.3724055,
              25.074274
            ]
          ]
        ]
      }
    },
    {
      "type": "Feature",
      "properties": {
        "縣市": "新北市",
        "案名": "蘆洲光華青年社會住宅",
        "詳細地址": "247台灣新北市蘆洲區光華路",
        "興辦主體": "新北市政府",
        "戶數": 460,
        "工程決標日期": "113/3/20",
        "開工日期": "114/3/21",
        "完工日期": "(預定) 117/7/31",
        "執行情況": "興建中",
        "經緯度": "25.093865097209083, 121.45998583146964",
        "Unnamed: 10": null,
        "Unnamed: 11": null,
        "Unnamed: 12": null,
        "Unnamed: 13": null,
        "Unnamed: 14": null,
        "Unnamed: 15": null,
        "Unnamed: 16": null,
        "Unnamed: 17": null,
        "Unnamed: 18": null,
        "Unnamed: 19": null,
        "Unnamed: 20": null,
        "Unnamed: 21": null
      },
      "geometry": {
        "type": "Polygon",
        "coordinates": [
          [
            [
              121.45988583146963,
              25.093765097209083
            ],
            [
              121.46008583146964,
              25.093765097209083
            ],
            [
              121.46008583146964,
              25.093965097209082
            ],
            [
              121.45988583146963,
              25.093965097209082
            ],
            [
              121.45988583146963,
              25.093765097209083
            ]
          ]
        ]
      }
    },
    {
      "type": "Feature",
      "properties": {
        "縣市": "新北市",
        "案名": "富貴好室",
        "詳細地址": "241台灣新北市三重區吉祥街86號",
        "興辦主體": "中央(住都中心)",
        "戶數": 142,
        "工程決標日期": "109/9/21",
        "開工日期": "110/11/18",
        "完工日期": "(預定) 114/7/22",
        "執行情況": "興建中",
        "經緯度": "25.0904691,121.4896714",
        "Unnamed: 10": null,
        "Unnamed: 11": null,
        "Unnamed: 12": null,
        "Unnamed: 13": null,
        "Unnamed: 14": null,
        "Unnamed: 15": null,
        "Unnamed: 16": null,
        "Unnamed: 17": null,
        "Unnamed: 18": null,
        "Unnamed: 19": null,
        "Unnamed: 20": null,
        "Unnamed: 21": null
      },
      "geometry": {
        "type": "Polygon",
        "coordinates": [
          [
            [
              121.4895714,
              25.0903691
            ],
            [
              121.48977140000001,
              25.0903691
            ],
            [
              121.48977140000001,
              25.0905691
            ],
            [
              121.4895714,
              25.0905691
            ],
            [
              121.4895714,
              25.0903691
            ]
          ]
        ]
      }
    },
    {
      "type": "Feature",
      "properties": {
        "縣市": "新北市",
        "案名": "五谷好室",
        "詳細地址": "241台灣新北市三重區五谷王北街45巷32弄17號",
        "興辦主體": "中央(住都中心)",
        "戶數": 161,
        "工程決標日期": "109/9/21",
        "開工日期": "110/11/18",
        "完工日期": "(預定) 114/4/27",
        "執行情況": "興建中",
        "經緯度": "25.0497503,121.4765707",
        "Unnamed: 10": null,
        "Unnamed: 11": null,
        "Unnamed: 12": null,
        "Unnamed: 13": null,
        "Unnamed: 14": null,
        "Unnamed: 15": null,
        "Unnamed: 16": null,
        "Unnamed: 17": null,
        "Unnamed: 18": null,
        "Unnamed: 19": null,
        "Unnamed: 20": null,
        "Unnamed: 21": null
      },
      "geometry": {
        "type": "Polygon",
        "coordinates": [
          [
            [
              121.4764707,
              25.0496503
            ],
            [
              121.4766707,
              25.0496503
            ],
            [
              121.4766707,
              25.0498503
            ],
            [
              121.4764707,
              25.0498503
            ],
            [
              121.4764707,
              25.0496503
            ]
          ]
        ]
      }
    },
    {
      "type": "Feature",
      "properties": {
        "縣市": "新北市",
        "案名": "三重三重青年社會住宅",
        "詳細地址": "241台灣新北市三重區水漾路一段160號",
        "興辦主體": "新北市政府",
        "戶數": 440,
        "工程決標日期": "113/3/8",
        "開工日期": "113/12/12",
        "完工日期": "(預定) 118/2/28",
        "執行情況": "興建中",
        "經緯度": "25.0539093,121.4835989",
        "Unnamed: 10": null,
        "Unnamed: 11": null,
        "Unnamed: 12": null,
        "Unnamed: 13": null,
        "Unnamed: 14": null,
        "Unnamed: 15": null,
        "Unnamed: 16": null,
        "Unnamed: 17": null,
        "Unnamed: 18": null,
        "Unnamed: 19": null,
        "Unnamed: 20": null,
        "Unnamed: 21": null
      },
      "geometry": {
        "type": "Polygon",
        "coordinates": [
          [
            [
              121.4834989,
              25.0538093
            ],
            [
              121.48369890000001,
              25.0538093
            ],
            [
              121.48369890000001,
              25.0540093
            ],
            [
              121.4834989,
              25.0540093
            ],
            [
              121.4834989,
              25.0538093
            ]
          ]
        ]
      }
    },
    {
      "type": "Feature",
      "properties": {
        "縣市": "新北市",
        "案名": "新北市三重區成功段755地號等28筆土地都市更新案",
        "詳細地址": null,
        "興辦主體": "中央(住都中心)",
        "戶數": 1,
        "工程決標日期": "110/3/26",
        "開工日期": "111/6/24",
        "完工日期": "(預定) 115/11/24",
        "執行情況": "興建中",
        "經緯度": "25.056912,121.485415",
        "Unnamed: 10": null,
        "Unnamed: 11": null,
        "Unnamed: 12": null,
        "Unnamed: 13": null,
        "Unnamed: 14": null,
        "Unnamed: 15": null,
        "Unnamed: 16": null,
        "Unnamed: 17": null,
        "Unnamed: 18": null,
        "Unnamed: 19": null,
        "Unnamed: 20": null,
        "Unnamed: 21": null
      },
      "geometry": {
        "type": "Polygon",
        "coordinates": [
          [
            [
              121.485315,
              25.056812
            ],
            [
              121.485515,
              25.056812
            ],
            [
              121.485515,
              25.057012
            ],
            [
              121.485315,
              25.057012
            ],
            [
              121.485315,
              25.056812
            ]
          ]
        ]
      }
    },
    {
      "type": "Feature",
      "properties": {
        "縣市": "新北市",
        "案名": "泰山中山段青年社會住宅",
        "詳細地址": "243台灣新北市泰山區明志路三段570號",
        "興辦主體": "新北市政府",
        "戶數": 210,
        "工程決標日期": "109/4/10",
        "開工日期": "110/3/31",
        "完工日期": "(預定) 114/6/14",
        "執行情況": "興建中",
        "經緯度": "25.0298252,121.4201149",
        "Unnamed: 10": null,
        "Unnamed: 11": null,
        "Unnamed: 12": null,
        "Unnamed: 13": null,
        "Unnamed: 14": null,
        "Unnamed: 15": null,
        "Unnamed: 16": null,
        "Unnamed: 17": null,
        "Unnamed: 18": null,
        "Unnamed: 19": null,
        "Unnamed: 20": null,
        "Unnamed: 21": null
      },
      "geometry": {
        "type": "Polygon",
        "coordinates": [
          [
            [
              121.4200149,
              25.0297252
            ],
            [
              121.4202149,
              25.0297252
            ],
            [
              121.4202149,
              25.0299252
            ],
            [
              121.4200149,
              25.0299252
            ],
            [
              121.4200149,
              25.0297252
            ]
          ]
        ]
      }
    },
    {
      "type": "Feature",
      "properties": {
        "縣市": "新北市",
        "案名": "貴和安居A",
        "詳細地址": "243台灣新北市泰山區明志路三段38號",
        "興辦主體": "中央(住都中心)",
        "戶數": 560,
        "工程決標日期": "110/6/3",
        "開工日期": "111/5/17",
        "完工日期": "(預定) 115/4/22",
        "執行情況": "興建中",
        "經緯度": "25.036896,121.422691",
        "Unnamed: 10": null,
        "Unnamed: 11": null,
        "Unnamed: 12": null,
        "Unnamed: 13": null,
        "Unnamed: 14": null,
        "Unnamed: 15": null,
        "Unnamed: 16": null,
        "Unnamed: 17": null,
        "Unnamed: 18": null,
        "Unnamed: 19": null,
        "Unnamed: 20": null,
        "Unnamed: 21": null
      },
      "geometry": {
        "type": "Polygon",
        "coordinates": [
          [
            [
              121.422591,
              25.036796
            ],
            [
              121.422791,
              25.036796
            ],
            [
              121.422791,
              25.036996
            ],
            [
              121.422591,
              25.036996
            ],
            [
              121.422591,
              25.036796
            ]
          ]
        ]
      }
    },
    {
      "type": "Feature",
      "properties": {
        "縣市": "新北市",
        "案名": "信華段五小段1、信華段三小段4-2、4-1、4等4筆地號",
        "詳細地址": null,
        "興辦主體": "新北市政府",
        "戶數": 12,
        "工程決標日期": "109/5/15",
        "開工日期": "109/5/15",
        "完工日期": "(預定) 115/12/31",
        "執行情況": "興建中",
        "經緯度": "25.046437,121.440531",
        "Unnamed: 10": null,
        "Unnamed: 11": null,
        "Unnamed: 12": null,
        "Unnamed: 13": null,
        "Unnamed: 14": null,
        "Unnamed: 15": null,
        "Unnamed: 16": null,
        "Unnamed: 17": null,
        "Unnamed: 18": null,
        "Unnamed: 19": null,
        "Unnamed: 20": null,
        "Unnamed: 21": null
      },
      "geometry": {
        "type": "Polygon",
        "coordinates": [
          [
            [
              121.44043099999999,
              25.046337
            ],
            [
              121.440631,
              25.046337
            ],
            [
              121.440631,
              25.046537
            ],
            [
              121.44043099999999,
              25.046537
            ],
            [
              121.44043099999999,
              25.046337
            ]
          ]
        ]
      }
    },
    {
      "type": "Feature",
      "properties": {
        "縣市": "新北市",
        "案名": "寶元段26等43筆地號",
        "詳細地址": null,
        "興辦主體": "新北市政府",
        "戶數": 24,
        "工程決標日期": "113/1/31",
        "開工日期": "113/12/19",
        "完工日期": "(預定) 120/6/30",
        "執行情況": "興建中",
        "經緯度": "24.984812,121.550910",
        "Unnamed: 10": null,
        "Unnamed: 11": null,
        "Unnamed: 12": null,
        "Unnamed: 13": null,
        "Unnamed: 14": null,
        "Unnamed: 15": null,
        "Unnamed: 16": null,
        "Unnamed: 17": null,
        "Unnamed: 18": null,
        "Unnamed: 19": null,
        "Unnamed: 20": null,
        "Unnamed: 21": null
      },
      "geometry": {
        "type": "Polygon",
        "coordinates": [
          [
            [
              121.55081,
              24.984712000000002
            ],
            [
              121.55101,
              24.984712000000002
            ],
            [
              121.55101,
              24.984912
            ],
            [
              121.55081,
              24.984912
            ],
            [
              121.55081,
              24.984712000000002
            ]
          ]
        ]
      }
    },
    {
      "type": "Feature",
      "properties": {
        "縣市": "新北市",
        "案名": "懷石好室",
        "詳細地址": "220台灣新北市板橋區220",
        "興辦主體": "中央(住都中心)",
        "戶數": 92,
        "工程決標日期": "109/9/21",
        "開工日期": "110/9/30",
        "完工日期": "(預定) 114/9/30",
        "執行情況": "興建中",
        "經緯度": "25.0303344,121.4815381",
        "Unnamed: 10": null,
        "Unnamed: 11": null,
        "Unnamed: 12": null,
        "Unnamed: 13": null,
        "Unnamed: 14": null,
        "Unnamed: 15": null,
        "Unnamed: 16": null,
        "Unnamed: 17": null,
        "Unnamed: 18": null,
        "Unnamed: 19": null,
        "Unnamed: 20": null,
        "Unnamed: 21": null
      },
      "geometry": {
        "type": "Polygon",
        "coordinates": [
          [
            [
              121.48143809999999,
              25.0302344
            ],
            [
              121.4816381,
              25.0302344
            ],
            [
              121.4816381,
              25.0304344
            ],
            [
              121.48143809999999,
              25.0304344
            ],
            [
              121.48143809999999,
              25.0302344
            ]
          ]
        ]
      }
    },
    {
      "type": "Feature",
      "properties": {
        "縣市": "新北市",
        "案名": "玫瑰好室",
        "詳細地址": "220台灣新北市板橋區環河西路五段181號",
        "興辦主體": "中央(住都中心)",
        "戶數": 120,
        "工程決標日期": "109/10/13",
        "開工日期": "110/10/25",
        "完工日期": "(預定) 114/12/31",
        "執行情況": "興建中",
        "經緯度": "25.0274106,121.4539439",
        "Unnamed: 10": null,
        "Unnamed: 11": null,
        "Unnamed: 12": null,
        "Unnamed: 13": null,
        "Unnamed: 14": null,
        "Unnamed: 15": null,
        "Unnamed: 16": null,
        "Unnamed: 17": null,
        "Unnamed: 18": null,
        "Unnamed: 19": null,
        "Unnamed: 20": null,
        "Unnamed: 21": null
      },
      "geometry": {
        "type": "Polygon",
        "coordinates": [
          [
            [
              121.4538439,
              25.0273106
            ],
            [
              121.4540439,
              25.0273106
            ],
            [
              121.4540439,
              25.0275106
            ],
            [
              121.4538439,
              25.0275106
            ],
            [
              121.4538439,
              25.0273106
            ]
          ]
        ]
      }
    },
    {
      "type": "Feature",
      "properties": {
        "縣市": "新北市",
        "案名": "稚匯好室",
        "詳細地址": "220台灣新北市板橋區華江三路35號",
        "興辦主體": "中央(住都中心)",
        "戶數": 111,
        "工程決標日期": "109/9/21",
        "開工日期": "110/9/30",
        "完工日期": "(預定) 114/9/30",
        "執行情況": "興建中",
        "經緯度": "25.035757,121.471749",
        "Unnamed: 10": null,
        "Unnamed: 11": null,
        "Unnamed: 12": null,
        "Unnamed: 13": null,
        "Unnamed: 14": null,
        "Unnamed: 15": null,
        "Unnamed: 16": null,
        "Unnamed: 17": null,
        "Unnamed: 18": null,
        "Unnamed: 19": null,
        "Unnamed: 20": null,
        "Unnamed: 21": null
      },
      "geometry": {
        "type": "Polygon",
        "coordinates": [
          [
            [
              121.471649,
              25.035657
            ],
            [
              121.471849,
              25.035657
            ],
            [
              121.471849,
              25.035857
            ],
            [
              121.471649,
              25.035857
            ],
            [
              121.471649,
              25.035657
            ]
          ]
        ]
      }
    },
    {
      "type": "Feature",
      "properties": {
        "縣市": "新北市",
        "案名": "板橋江翠(96)青年社會住宅",
        "詳細地址": "220台灣新北市板橋區華江一路237~263號",
        "興辦主體": "新北市政府",
        "戶數": 130,
        "工程決標日期": "110/3/25",
        "開工日期": "111/1/21",
        "完工日期": "(預定) 114/7/23",
        "執行情況": "興建中",
        "經緯度": "25.0345317,121.4719903",
        "Unnamed: 10": null,
        "Unnamed: 11": null,
        "Unnamed: 12": null,
        "Unnamed: 13": null,
        "Unnamed: 14": null,
        "Unnamed: 15": null,
        "Unnamed: 16": null,
        "Unnamed: 17": null,
        "Unnamed: 18": null,
        "Unnamed: 19": null,
        "Unnamed: 20": null,
        "Unnamed: 21": null
      },
      "geometry": {
        "type": "Polygon",
        "coordinates": [
          [
            [
              121.4718903,
              25.0344317
            ],
            [
              121.4720903,
              25.0344317
            ],
            [
              121.4720903,
              25.0346317
            ],
            [
              121.4718903,
              25.0346317
            ],
            [
              121.4718903,
              25.0344317
            ]
          ]
        ]
      }
    },
    {
      "type": "Feature",
      "properties": {
        "縣市": "新北市",
        "案名": "光環安居",
        "詳細地址": "220台灣新北市板橋區光環路一段106號",
        "興辦主體": "中央(住都中心)",
        "戶數": 330,
        "工程決標日期": "110/11/24",
        "開工日期": "111/10/20",
        "完工日期": "(預定) 115/6/14",
        "執行情況": "興建中",
        "經緯度": "25.017337,121.48196",
        "Unnamed: 10": null,
        "Unnamed: 11": null,
        "Unnamed: 12": null,
        "Unnamed: 13": null,
        "Unnamed: 14": null,
        "Unnamed: 15": null,
        "Unnamed: 16": null,
        "Unnamed: 17": null,
        "Unnamed: 18": null,
        "Unnamed: 19": null,
        "Unnamed: 20": null,
        "Unnamed: 21": null
      },
      "geometry": {
        "type": "Polygon",
        "coordinates": [
          [
            [
              121.48186,
              25.017237
            ],
            [
              121.48206,
              25.017237
            ],
            [
              121.48206,
              25.017437
            ],
            [
              121.48186,
              25.017437
            ],
            [
              121.48186,
              25.017237
            ]
          ]
        ]
      }
    },
    {
      "type": "Feature",
      "properties": {
        "縣市": "新北市",
        "案名": "江翠好室",
        "詳細地址": "220台灣新北市板橋區華江八路83號",
        "興辦主體": "中央(住都中心)",
        "戶數": 100,
        "工程決標日期": "109/10/13",
        "開工日期": "110/10/25",
        "完工日期": "(預定) 114/12/31",
        "執行情況": "興建中",
        "經緯度": "25.033666,121.466658",
        "Unnamed: 10": null,
        "Unnamed: 11": null,
        "Unnamed: 12": null,
        "Unnamed: 13": null,
        "Unnamed: 14": null,
        "Unnamed: 15": null,
        "Unnamed: 16": null,
        "Unnamed: 17": null,
        "Unnamed: 18": null,
        "Unnamed: 19": null,
        "Unnamed: 20": null,
        "Unnamed: 21": null
      },
      "geometry": {
        "type": "Polygon",
        "coordinates": [
          [
            [
              121.46655799999999,
              25.033566
            ],
            [
              121.466758,
              25.033566
            ],
            [
              121.466758,
              25.033766
            ],
            [
              121.46655799999999,
              25.033766
            ],
            [
              121.46655799999999,
              25.033566
            ]
          ]
        ]
      }
    },
    {
      "type": "Feature",
      "properties": {
        "縣市": "新北市",
        "案名": "新北市板橋區中興段181地號及成功段27-1地號等17筆土地都市更新案",
        "詳細地址": null,
        "興辦主體": "中央(住都中心)",
        "戶數": 5,
        "工程決標日期": "109/11/27",
        "開工日期": "111/6/14",
        "完工日期": "(預定) 114/12/31",
        "執行情況": "興建中",
        "經緯度": "24.987919,121.432102",
        "Unnamed: 10": null,
        "Unnamed: 11": null,
        "Unnamed: 12": null,
        "Unnamed: 13": null,
        "Unnamed: 14": null,
        "Unnamed: 15": null,
        "Unnamed: 16": null,
        "Unnamed: 17": null,
        "Unnamed: 18": null,
        "Unnamed: 19": null,
        "Unnamed: 20": null,
        "Unnamed: 21": null
      },
      "geometry": {
        "type": "Polygon",
        "coordinates": [
          [
            [
              121.432002,
              24.987819000000002
            ],
            [
              121.432202,
              24.987819000000002
            ],
            [
              121.432202,
              24.988019
            ],
            [
              121.432002,
              24.988019
            ],
            [
              121.432002,
              24.987819000000002
            ]
          ]
        ]
      }
    },
    {
      "type": "Feature",
      "properties": {
        "縣市": "新北市",
        "案名": "新北市板橋區公館段698-8地號（原698-4地號）等8筆（原9筆）土地都市更新案",
        "詳細地址": null,
        "興辦主體": "中央(住都中心)",
        "戶數": 5,
        "工程決標日期": "110/1/20",
        "開工日期": "111/1/26",
        "完工日期": "(預定) 114/12/31",
        "執行情況": "興建中",
        "經緯度": "25.018123,121.463933",
        "Unnamed: 10": null,
        "Unnamed: 11": null,
        "Unnamed: 12": null,
        "Unnamed: 13": null,
        "Unnamed: 14": null,
        "Unnamed: 15": null,
        "Unnamed: 16": null,
        "Unnamed: 17": null,
        "Unnamed: 18": null,
        "Unnamed: 19": null,
        "Unnamed: 20": null,
        "Unnamed: 21": null
      },
      "geometry": {
        "type": "Polygon",
        "coordinates": [
          [
            [
              121.463833,
              25.018023
            ],
            [
              121.464033,
              25.018023
            ],
            [
              121.464033,
              25.018223
            ],
            [
              121.463833,
              25.018223
            ],
            [
              121.463833,
              25.018023
            ]
          ]
        ]
      }
    },
    {
      "type": "Feature",
      "properties": {
        "縣市": "新北市",
        "案名": "三峽國光二期青年社會住宅",
        "詳細地址": "237新北市三峽區國光街58號",
        "興辦主體": "新北市政府",
        "戶數": 921,
        "工程決標日期": "109/4/22",
        "開工日期": "110/1/12",
        "完工日期": "(預定) 114/5/31",
        "執行情況": "興建中",
        "經緯度": "24.93816812169017, 121.3750779711577",
        "Unnamed: 10": null,
        "Unnamed: 11": null,
        "Unnamed: 12": null,
        "Unnamed: 13": null,
        "Unnamed: 14": null,
        "Unnamed: 15": null,
        "Unnamed: 16": null,
        "Unnamed: 17": null,
        "Unnamed: 18": null,
        "Unnamed: 19": null,
        "Unnamed: 20": null,
        "Unnamed: 21": null
      },
      "geometry": {
        "type": "Polygon",
        "coordinates": [
          [
            [
              121.37497797115769,
              24.93806812169017
            ],
            [
              121.3751779711577,
              24.93806812169017
            ],
            [
              121.3751779711577,
              24.938268121690168
            ],
            [
              121.37497797115769,
              24.938268121690168
            ],
            [
              121.37497797115769,
              24.93806812169017
            ]
          ]
        ]
      }
    },
    {
      "type": "Feature",
      "properties": {
        "縣市": "新北市",
        "案名": "鶯陶安居",
        "詳細地址": "239台灣新北市鶯歌區尖山埔路二段",
        "興辦主體": "中央(住都中心)",
        "戶數": 380,
        "工程決標日期": "110/6/22",
        "開工日期": "111/10/12",
        "完工日期": "(預定) 115/1/11",
        "執行情況": "興建中",
        "經緯度": "24.9491356,121.3420255",
        "Unnamed: 10": null,
        "Unnamed: 11": null,
        "Unnamed: 12": null,
        "Unnamed: 13": null,
        "Unnamed: 14": null,
        "Unnamed: 15": null,
        "Unnamed: 16": null,
        "Unnamed: 17": null,
        "Unnamed: 18": null,
        "Unnamed: 19": null,
        "Unnamed: 20": null,
        "Unnamed: 21": null
      },
      "geometry": {
        "type": "Polygon",
        "coordinates": [
          [
            [
              121.3419255,
              24.949035600000002
            ],
            [
              121.34212550000001,
              24.949035600000002
            ],
            [
              121.34212550000001,
              24.9492356
            ],
            [
              121.3419255,
              24.9492356
            ],
            [
              121.3419255,
              24.949035600000002
            ]
          ]
        ]
      }
    },
    {
      "type": "Feature",
      "properties": {
        "縣市": "新北市",
        "案名": "樹德安居A",
        "詳細地址": "238台灣新北市樹林區238",
        "興辦主體": "中央(住都中心)",
        "戶數": 236,
        "工程決標日期": "111/12/16",
        "開工日期": "113/12/5",
        "完工日期": "(預定) 116/12/31",
        "執行情況": "興建中",
        "經緯度": "24.9897888,121.416403",
        "Unnamed: 10": null,
        "Unnamed: 11": null,
        "Unnamed: 12": null,
        "Unnamed: 13": null,
        "Unnamed: 14": null,
        "Unnamed: 15": null,
        "Unnamed: 16": null,
        "Unnamed: 17": null,
        "Unnamed: 18": null,
        "Unnamed: 19": null,
        "Unnamed: 20": null,
        "Unnamed: 21": null
      },
      "geometry": {
        "type": "Polygon",
        "coordinates": [
          [
            [
              121.416303,
              24.9896888
            ],
            [
              121.416503,
              24.9896888
            ],
            [
              121.416503,
              24.9898888
            ],
            [
              121.416303,
              24.9898888
            ],
            [
              121.416303,
              24.9896888
            ]
          ]
        ]
      }
    },
    {
      "type": "Feature",
      "properties": {
        "縣市": "新北市",
        "案名": "樹德安居B",
        "詳細地址": "238新北市樹林區文化街19巷24號",
        "興辦主體": "中央(住都中心)",
        "戶數": 342,
        "工程決標日期": "111/12/16",
        "開工日期": "113/12/5",
        "完工日期": "(預定) 116/12/31",
        "執行情況": "興建中",
        "經緯度": "24.98909041326513, 121.41591262698078",
        "Unnamed: 10": null,
        "Unnamed: 11": null,
        "Unnamed: 12": null,
        "Unnamed: 13": null,
        "Unnamed: 14": null,
        "Unnamed: 15": null,
        "Unnamed: 16": null,
        "Unnamed: 17": null,
        "Unnamed: 18": null,
        "Unnamed: 19": null,
        "Unnamed: 20": null,
        "Unnamed: 21": null
      },
      "geometry": {
        "type": "Polygon",
        "coordinates": [
          [
            [
              121.41581262698078,
              24.98899041326513
            ],
            [
              121.41601262698079,
              24.98899041326513
            ],
            [
              121.41601262698079,
              24.98919041326513
            ],
            [
              121.41581262698078,
              24.98919041326513
            ],
            [
              121.41581262698078,
              24.98899041326513
            ]
          ]
        ]
      }
    },
    {
      "type": "Feature",
      "properties": {
        "縣市": "新北市",
        "案名": "保二安居",
        "詳細地址": "235台灣新北市中和區景平路139號",
        "興辦主體": "中央(住都中心)",
        "戶數": 317,
        "工程決標日期": "109/6/20",
        "開工日期": "110/2/5",
        "完工日期": "(預定) 114/5/31",
        "執行情況": "興建中",
        "經緯度": "24.9921235,121.5145249",
        "Unnamed: 10": null,
        "Unnamed: 11": null,
        "Unnamed: 12": null,
        "Unnamed: 13": null,
        "Unnamed: 14": null,
        "Unnamed: 15": null,
        "Unnamed: 16": null,
        "Unnamed: 17": null,
        "Unnamed: 18": null,
        "Unnamed: 19": null,
        "Unnamed: 20": null,
        "Unnamed: 21": null
      },
      "geometry": {
        "type": "Polygon",
        "coordinates": [
          [
            [
              121.5144249,
              24.992023500000002
            ],
            [
              121.5146249,
              24.992023500000002
            ],
            [
              121.5146249,
              24.9922235
            ],
            [
              121.5144249,
              24.9922235
            ],
            [
              121.5144249,
              24.992023500000002
            ]
          ]
        ]
      }
    },
    {
      "type": "Feature",
      "properties": {
        "縣市": "新北市",
        "案名": "莒光安居",
        "詳細地址": "235台灣新北市中和區莒光路84巷",
        "興辦主體": "中央(住都中心)",
        "戶數": 296,
        "工程決標日期": "110/10/21",
        "開工日期": "111/9/16",
        "完工日期": "(預定) 115/4/16",
        "執行情況": "興建中",
        "經緯度": "25.0022727,121.4710636",
        "Unnamed: 10": null,
        "Unnamed: 11": null,
        "Unnamed: 12": null,
        "Unnamed: 13": null,
        "Unnamed: 14": null,
        "Unnamed: 15": null,
        "Unnamed: 16": null,
        "Unnamed: 17": null,
        "Unnamed: 18": null,
        "Unnamed: 19": null,
        "Unnamed: 20": null,
        "Unnamed: 21": null
      },
      "geometry": {
        "type": "Polygon",
        "coordinates": [
          [
            [
              121.47096359999999,
              25.0021727
            ],
            [
              121.4711636,
              25.0021727
            ],
            [
              121.4711636,
              25.0023727
            ],
            [
              121.47096359999999,
              25.0023727
            ],
            [
              121.47096359999999,
              25.0021727
            ]
          ]
        ]
      }
    },
    {
      "type": "Feature",
      "properties": {
        "縣市": "新北市",
        "案名": "連城安居",
        "詳細地址": "235台灣新北市中和區連城路263巷4弄5號",
        "興辦主體": "中央(住都中心)",
        "戶數": 370,
        "工程決標日期": "111/10/13",
        "開工日期": "112/10/2",
        "完工日期": "(預定) 117/1/31",
        "執行情況": "興建中",
        "經緯度": "24.9955048,121.4919198",
        "Unnamed: 10": null,
        "Unnamed: 11": null,
        "Unnamed: 12": null,
        "Unnamed: 13": null,
        "Unnamed: 14": null,
        "Unnamed: 15": null,
        "Unnamed: 16": null,
        "Unnamed: 17": null,
        "Unnamed: 18": null,
        "Unnamed: 19": null,
        "Unnamed: 20": null,
        "Unnamed: 21": null
      },
      "geometry": {
        "type": "Polygon",
        "coordinates": [
          [
            [
              121.4918198,
              24.9954048
            ],
            [
              121.49201980000001,
              24.9954048
            ],
            [
              121.49201980000001,
              24.9956048
            ],
            [
              121.4918198,
              24.9956048
            ],
            [
              121.4918198,
              24.9954048
            ]
          ]
        ]
      }
    },
    {
      "type": "Feature",
      "properties": {
        "縣市": "新北市",
        "案名": "保二總隊基地都市更新案",
        "詳細地址": "235新北市中和區捷運景平站",
        "興辦主體": "中央(住都中心)",
        "戶數": 399,
        "工程決標日期": "110/3/25",
        "開工日期": "114/2/3",
        "完工日期": "(預定) 118/2/3",
        "執行情況": "興建中",
        "經緯度": "24.99169970415412, 121.5155149896876",
        "Unnamed: 10": null,
        "Unnamed: 11": null,
        "Unnamed: 12": null,
        "Unnamed: 13": null,
        "Unnamed: 14": null,
        "Unnamed: 15": null,
        "Unnamed: 16": null,
        "Unnamed: 17": null,
        "Unnamed: 18": null,
        "Unnamed: 19": null,
        "Unnamed: 20": null,
        "Unnamed: 21": null
      },
      "geometry": {
        "type": "Polygon",
        "coordinates": [
          [
            [
              121.5154149896876,
              24.99159970415412
            ],
            [
              121.5156149896876,
              24.99159970415412
            ],
            [
              121.5156149896876,
              24.99179970415412
            ],
            [
              121.5154149896876,
              24.99179970415412
            ],
            [
              121.5154149896876,
              24.99159970415412
            ]
          ]
        ]
      }
    },
    {
      "type": "Feature",
      "properties": {
        "縣市": "新北市",
        "案名": "中和區景新段63等6筆地號",
        "詳細地址": null,
        "興辦主體": "新北市政府",
        "戶數": 68,
        "工程決標日期": "109/7/7",
        "開工日期": "113/8/7",
        "完工日期": "(預定) 117/12/31",
        "執行情況": "興建中",
        "經緯度": "24.991537,121.516042",
        "Unnamed: 10": null,
        "Unnamed: 11": null,
        "Unnamed: 12": null,
        "Unnamed: 13": null,
        "Unnamed: 14": null,
        "Unnamed: 15": null,
        "Unnamed: 16": null,
        "Unnamed: 17": null,
        "Unnamed: 18": null,
        "Unnamed: 19": null,
        "Unnamed: 20": null,
        "Unnamed: 21": null
      },
      "geometry": {
        "type": "Polygon",
        "coordinates": [
          [
            [
              121.515942,
              24.991437
            ],
            [
              121.516142,
              24.991437
            ],
            [
              121.516142,
              24.991637
            ],
            [
              121.515942,
              24.991637
            ],
            [
              121.515942,
              24.991437
            ]
          ]
        ]
      }
    },
    {
      "type": "Feature",
      "properties": {
        "縣市": "新北市",
        "案名": "新北市中和區圓通段337地號等24筆土地都市更新案",
        "詳細地址": null,
        "興辦主體": "中央(住都中心)",
        "戶數": 5,
        "工程決標日期": "109/12/21",
        "開工日期": "110/12/10",
        "完工日期": "(預定) 114/12/31",
        "執行情況": "興建中",
        "經緯度": "24.988614,121.500357",
        "Unnamed: 10": null,
        "Unnamed: 11": null,
        "Unnamed: 12": null,
        "Unnamed: 13": null,
        "Unnamed: 14": null,
        "Unnamed: 15": null,
        "Unnamed: 16": null,
        "Unnamed: 17": null,
        "Unnamed: 18": null,
        "Unnamed: 19": null,
        "Unnamed: 20": null,
        "Unnamed: 21": null
      },
      "geometry": {
        "type": "Polygon",
        "coordinates": [
          [
            [
              121.50025699999999,
              24.988514
            ],
            [
              121.500457,
              24.988514
            ],
            [
              121.500457,
              24.988713999999998
            ],
            [
              121.50025699999999,
              24.988713999999998
            ],
            [
              121.50025699999999,
              24.988514
            ]
          ]
        ]
      }
    },
    {
      "type": "Feature",
      "properties": {
        "縣市": "新北市",
        "案名": "新北市中和區民樂段800地號等9筆土地都市更新案",
        "詳細地址": null,
        "興辦主體": "中央(住都中心)",
        "戶數": 4,
        "工程決標日期": "108/6/27",
        "開工日期": "109/9/11",
        "完工日期": "(預定) 115/2/11",
        "執行情況": "興建中",
        "經緯度": "25.001415,121.484246",
        "Unnamed: 10": null,
        "Unnamed: 11": null,
        "Unnamed: 12": null,
        "Unnamed: 13": null,
        "Unnamed: 14": null,
        "Unnamed: 15": null,
        "Unnamed: 16": null,
        "Unnamed: 17": null,
        "Unnamed: 18": null,
        "Unnamed: 19": null,
        "Unnamed: 20": null,
        "Unnamed: 21": null
      },
      "geometry": {
        "type": "Polygon",
        "coordinates": [
          [
            [
              121.484146,
              25.001315
            ],
            [
              121.484346,
              25.001315
            ],
            [
              121.484346,
              25.001515
            ],
            [
              121.484146,
              25.001515
            ],
            [
              121.484146,
              25.001315
            ]
          ]
        ]
      }
    },
    {
      "type": "Feature",
      "properties": {
        "縣市": "新北市",
        "案名": "頂福安居B",
        "詳細地址": "236新北市土城區新福街",
        "興辦主體": "中央(住都中心)",
        "戶數": 481,
        "工程決標日期": "110/11/26",
        "開工日期": "112/4/24",
        "完工日期": "(預定) 116/4/21",
        "執行情況": "興建中",
        "經緯度": "24.954552591434204, 121.41584864417257",
        "Unnamed: 10": null,
        "Unnamed: 11": null,
        "Unnamed: 12": null,
        "Unnamed: 13": null,
        "Unnamed: 14": null,
        "Unnamed: 15": null,
        "Unnamed: 16": null,
        "Unnamed: 17": null,
        "Unnamed: 18": null,
        "Unnamed: 19": null,
        "Unnamed: 20": null,
        "Unnamed: 21": null
      },
      "geometry": {
        "type": "Polygon",
        "coordinates": [
          [
            [
              121.41574864417257,
              24.954452591434205
            ],
            [
              121.41594864417257,
              24.954452591434205
            ],
            [
              121.41594864417257,
              24.954652591434204
            ],
            [
              121.41574864417257,
              24.954652591434204
            ],
            [
              121.41574864417257,
              24.954452591434205
            ]
          ]
        ]
      }
    },
    {
      "type": "Feature",
      "properties": {
        "縣市": "新北市",
        "案名": "永福好室",
        "詳細地址": "236台灣新北市土城區236",
        "興辦主體": "中央(住都中心)",
        "戶數": 167,
        "工程決標日期": "112/6/29",
        "開工日期": "113/10/25",
        "完工日期": "(預定) 117/9/30",
        "執行情況": "興建中",
        "經緯度": "24.9594518,121.4220113",
        "Unnamed: 10": null,
        "Unnamed: 11": null,
        "Unnamed: 12": null,
        "Unnamed: 13": null,
        "Unnamed: 14": null,
        "Unnamed: 15": null,
        "Unnamed: 16": null,
        "Unnamed: 17": null,
        "Unnamed: 18": null,
        "Unnamed: 19": null,
        "Unnamed: 20": null,
        "Unnamed: 21": null
      },
      "geometry": {
        "type": "Polygon",
        "coordinates": [
          [
            [
              121.42191129999999,
              24.9593518
            ],
            [
              121.4221113,
              24.9593518
            ],
            [
              121.4221113,
              24.9595518
            ],
            [
              121.42191129999999,
              24.9595518
            ],
            [
              121.42191129999999,
              24.9593518
            ]
          ]
        ]
      }
    },
    {
      "type": "Feature",
      "properties": {
        "縣市": "新北市",
        "案名": "頂埔安居",
        "詳細地址": "236台灣新北市土城區236",
        "興辦主體": "中央(住都中心)",
        "戶數": 256,
        "工程決標日期": "112/6/29",
        "開工日期": "113/10/25",
        "完工日期": "(預定) 117/9/30",
        "執行情況": "興建中",
        "經緯度": "24.9572341,121.4199926",
        "Unnamed: 10": null,
        "Unnamed: 11": null,
        "Unnamed: 12": null,
        "Unnamed: 13": null,
        "Unnamed: 14": null,
        "Unnamed: 15": null,
        "Unnamed: 16": null,
        "Unnamed: 17": null,
        "Unnamed: 18": null,
        "Unnamed: 19": null,
        "Unnamed: 20": null,
        "Unnamed: 21": null
      },
      "geometry": {
        "type": "Polygon",
        "coordinates": [
          [
            [
              121.4198926,
              24.9571341
            ],
            [
              121.4200926,
              24.9571341
            ],
            [
              121.4200926,
              24.9573341
            ],
            [
              121.4198926,
              24.9573341
            ],
            [
              121.4198926,
              24.9571341
            ]
          ]
        ]
      }
    },
    {
      "type": "Feature",
      "properties": {
        "縣市": "新北市",
        "案名": "頂福安居A",
        "詳細地址": "236台灣新北市土城區信義路40巷1號",
        "興辦主體": "中央(住都中心)",
        "戶數": 814,
        "工程決標日期": "110/11/26",
        "開工日期": "112/4/24",
        "完工日期": "(預定) 116/4/21",
        "執行情況": "興建中",
        "經緯度": "24.954616,121.414309",
        "Unnamed: 10": null,
        "Unnamed: 11": null,
        "Unnamed: 12": null,
        "Unnamed: 13": null,
        "Unnamed: 14": null,
        "Unnamed: 15": null,
        "Unnamed: 16": null,
        "Unnamed: 17": null,
        "Unnamed: 18": null,
        "Unnamed: 19": null,
        "Unnamed: 20": null,
        "Unnamed: 21": null
      },
      "geometry": {
        "type": "Polygon",
        "coordinates": [
          [
            [
              121.414209,
              24.954516
            ],
            [
              121.414409,
              24.954516
            ],
            [
              121.414409,
              24.954716
            ],
            [
              121.414209,
              24.954716
            ],
            [
              121.414209,
              24.954516
            ]
          ]
        ]
      }
    },
    {
      "type": "Feature",
      "properties": {
        "縣市": "新北市",
        "案名": "員和段128、127、123-11、123-4等4筆地號",
        "詳細地址": null,
        "興辦主體": "新北市政府",
        "戶數": 135,
        "工程決標日期": "109/7/24",
        "開工日期": "109/7/31",
        "完工日期": "(預定) 114/6/30",
        "執行情況": "興建中",
        "經緯度": "24.981151,121.446959",
        "Unnamed: 10": null,
        "Unnamed: 11": null,
        "Unnamed: 12": null,
        "Unnamed: 13": null,
        "Unnamed: 14": null,
        "Unnamed: 15": null,
        "Unnamed: 16": null,
        "Unnamed: 17": null,
        "Unnamed: 18": null,
        "Unnamed: 19": null,
        "Unnamed: 20": null,
        "Unnamed: 21": null
      },
      "geometry": {
        "type": "Polygon",
        "coordinates": [
          [
            [
              121.446859,
              24.981051
            ],
            [
              121.44705900000001,
              24.981051
            ],
            [
              121.44705900000001,
              24.981251
            ],
            [
              121.446859,
              24.981251
            ],
            [
              121.446859,
              24.981051
            ]
          ]
        ]
      }
    },
    {
      "type": "Feature",
      "properties": {
        "縣市": "新北市",
        "案名": "福城好室",
        "詳細地址": "236台灣新北市土城區中央路四段185巷40弄17號",
        "興辦主體": "中央(住都中心)",
        "戶數": 88,
        "工程決標日期": "112/12/21",
        "開工日期": "114/1/20",
        "完工日期": "(預定) 117/2/7",
        "執行情況": "興建中",
        "經緯度": "24.9557553,121.4162017",
        "Unnamed: 10": null,
        "Unnamed: 11": null,
        "Unnamed: 12": null,
        "Unnamed: 13": null,
        "Unnamed: 14": null,
        "Unnamed: 15": null,
        "Unnamed: 16": null,
        "Unnamed: 17": null,
        "Unnamed: 18": null,
        "Unnamed: 19": null,
        "Unnamed: 20": null,
        "Unnamed: 21": null
      },
      "geometry": {
        "type": "Polygon",
        "coordinates": [
          [
            [
              121.4161017,
              24.9556553
            ],
            [
              121.4163017,
              24.9556553
            ],
            [
              121.4163017,
              24.9558553
            ],
            [
              121.4161017,
              24.9558553
            ],
            [
              121.4161017,
              24.9556553
            ]
          ]
        ]
      }
    },
    {
      "type": "Feature",
      "properties": {
        "縣市": "新北市",
        "案名": "淡金安居",
        "詳細地址": "251台灣新北市淡水區濱海路一段及號淡金路二段路口",
        "興辦主體": "中央(住都中心)",
        "戶數": 620,
        "工程決標日期": "112/7/13",
        "開工日期": "113/12/20",
        "完工日期": "(預定) 118/4/18",
        "執行情況": "興建中",
        "經緯度": "25.1884592,121.4460134",
        "Unnamed: 10": null,
        "Unnamed: 11": null,
        "Unnamed: 12": null,
        "Unnamed: 13": null,
        "Unnamed: 14": null,
        "Unnamed: 15": null,
        "Unnamed: 16": null,
        "Unnamed: 17": null,
        "Unnamed: 18": null,
        "Unnamed: 19": null,
        "Unnamed: 20": null,
        "Unnamed: 21": null
      },
      "geometry": {
        "type": "Polygon",
        "coordinates": [
          [
            [
              121.4459134,
              25.1883592
            ],
            [
              121.4461134,
              25.1883592
            ],
            [
              121.4461134,
              25.1885592
            ],
            [
              121.4459134,
              25.1885592
            ],
            [
              121.4459134,
              25.1883592
            ]
          ]
        ]
      }
    },
    {
      "type": "Feature",
      "properties": {
        "縣市": "新北市",
        "案名": "淡海安居",
        "詳細地址": "251台灣新北市淡水區淡海新市鎮",
        "興辦主體": "中央(住都中心)",
        "戶數": 1140,
        "工程決標日期": "111/1/28",
        "開工日期": "112/3/24",
        "完工日期": "(預定) 116/5/12",
        "執行情況": "興建中",
        "經緯度": "25.199358,121.432731",
        "Unnamed: 10": null,
        "Unnamed: 11": null,
        "Unnamed: 12": null,
        "Unnamed: 13": null,
        "Unnamed: 14": null,
        "Unnamed: 15": null,
        "Unnamed: 16": null,
        "Unnamed: 17": null,
        "Unnamed: 18": null,
        "Unnamed: 19": null,
        "Unnamed: 20": null,
        "Unnamed: 21": null
      },
      "geometry": {
        "type": "Polygon",
        "coordinates": [
          [
            [
              121.432631,
              25.199258
            ],
            [
              121.43283100000001,
              25.199258
            ],
            [
              121.43283100000001,
              25.199458
            ],
            [
              121.432631,
              25.199458
            ],
            [
              121.432631,
              25.199258
            ]
          ]
        ]
      }
    },
    {
      "type": "Feature",
      "properties": {
        "縣市": "新北市",
        "案名": "崇德好室",
        "詳細地址": "221台灣新北市汐止區茄苳路115號",
        "興辦主體": "中央(住都中心)",
        "戶數": 186,
        "工程決標日期": "111/12/29",
        "開工日期": "112/11/8",
        "完工日期": "(預定) 116/11/5",
        "執行情況": "興建中",
        "經緯度": "25.070592,121.66816",
        "Unnamed: 10": null,
        "Unnamed: 11": null,
        "Unnamed: 12": null,
        "Unnamed: 13": null,
        "Unnamed: 14": null,
        "Unnamed: 15": null,
        "Unnamed: 16": null,
        "Unnamed: 17": null,
        "Unnamed: 18": null,
        "Unnamed: 19": null,
        "Unnamed: 20": null,
        "Unnamed: 21": null
      },
      "geometry": {
        "type": "Polygon",
        "coordinates": [
          [
            [
              121.66806,
              25.070492
            ],
            [
              121.66826,
              25.070492
            ],
            [
              121.66826,
              25.070692
            ],
            [
              121.66806,
              25.070692
            ],
            [
              121.66806,
              25.070492
            ]
          ]
        ]
      }
    },
    {
      "type": "Feature",
      "properties": {
        "縣市": "新北市",
        "案名": "新北市汐止區智興段281地號等17筆土地都市更新案",
        "詳細地址": null,
        "興辦主體": "中央(住都中心)",
        "戶數": 13,
        "工程決標日期": "111/1/13",
        "開工日期": "112/4/28",
        "完工日期": "(預定) 114/10/28",
        "執行情況": "興建中",
        "經緯度": "25.065808,121.654807",
        "Unnamed: 10": null,
        "Unnamed: 11": null,
        "Unnamed: 12": null,
        "Unnamed: 13": null,
        "Unnamed: 14": null,
        "Unnamed: 15": null,
        "Unnamed: 16": null,
        "Unnamed: 17": null,
        "Unnamed: 18": null,
        "Unnamed: 19": null,
        "Unnamed: 20": null,
        "Unnamed: 21": null
      },
      "geometry": {
        "type": "Polygon",
        "coordinates": [
          [
            [
              121.654707,
              25.065708
            ],
            [
              121.65490700000001,
              25.065708
            ],
            [
              121.65490700000001,
              25.065908
            ],
            [
              121.654707,
              25.065908
            ],
            [
              121.654707,
              25.065708
            ]
          ]
        ]
      }
    },
    {
      "type": "Feature",
      "properties": {
        "縣市": "新北市",
        "案名": "保福段453等221筆地號",
        "詳細地址": null,
        "興辦主體": "新北市政府",
        "戶數": 12,
        "工程決標日期": "110/12/29",
        "開工日期": "113/7/12",
        "完工日期": "(預定) 120/6/30",
        "執行情況": "興建中",
        "經緯度": "25.014527,121.507058",
        "Unnamed: 10": null,
        "Unnamed: 11": null,
        "Unnamed: 12": null,
        "Unnamed: 13": null,
        "Unnamed: 14": null,
        "Unnamed: 15": null,
        "Unnamed: 16": null,
        "Unnamed: 17": null,
        "Unnamed: 18": null,
        "Unnamed: 19": null,
        "Unnamed: 20": null,
        "Unnamed: 21": null
      },
      "geometry": {
        "type": "Polygon",
        "coordinates": [
          [
            [
              121.506958,
              25.014427
            ],
            [
              121.507158,
              25.014427
            ],
            [
              121.507158,
              25.014627
            ],
            [
              121.506958,
              25.014627
            ],
            [
              121.506958,
              25.014427
            ]
          ]
        ]
      }
    },
    {
      "type": "Feature",
      "properties": {
        "縣市": "新北市",
        "案名": "新北市永和區信義段435地號等39筆土地都市更新計畫案",
        "詳細地址": null,
        "興辦主體": "中央(住都中心)",
        "戶數": 8,
        "工程決標日期": "112/5/3",
        "開工日期": "113/2/19",
        "完工日期": "(預定) 116/4/30",
        "執行情況": "興建中",
        "經緯度": "25.011149,121.513951",
        "Unnamed: 10": null,
        "Unnamed: 11": null,
        "Unnamed: 12": null,
        "Unnamed: 13": null,
        "Unnamed: 14": null,
        "Unnamed: 15": null,
        "Unnamed: 16": null,
        "Unnamed: 17": null,
        "Unnamed: 18": null,
        "Unnamed: 19": null,
        "Unnamed: 20": null,
        "Unnamed: 21": null
      },
      "geometry": {
        "type": "Polygon",
        "coordinates": [
          [
            [
              121.513851,
              25.011049
            ],
            [
              121.51405100000001,
              25.011049
            ],
            [
              121.51405100000001,
              25.011249
            ],
            [
              121.513851,
              25.011249
            ],
            [
              121.513851,
              25.011049
            ]
          ]
        ]
      }
    },
    {
      "type": "Feature",
      "properties": {
        "縣市": "新北市",
        "案名": "新莊安和段115等1筆地號",
        "詳細地址": null,
        "興辦主體": "新北市政府",
        "戶數": 28,
        "工程決標日期": "113/10/18",
        "開工日期": "(預定) 114/12/31",
        "完工日期": "(預定) 117/12/31",
        "執行情況": "已決標 待開工",
        "經緯度": "25.028840,121.424872",
        "Unnamed: 10": null,
        "Unnamed: 11": null,
        "Unnamed: 12": null,
        "Unnamed: 13": null,
        "Unnamed: 14": null,
        "Unnamed: 15": null,
        "Unnamed: 16": null,
        "Unnamed: 17": null,
        "Unnamed: 18": null,
        "Unnamed: 19": null,
        "Unnamed: 20": null,
        "Unnamed: 21": null
      },
      "geometry": {
        "type": "Polygon",
        "coordinates": [
          [
            [
              121.42477199999999,
              25.02874
            ],
            [
              121.424972,
              25.02874
            ],
            [
              121.424972,
              25.02894
            ],
            [
              121.42477199999999,
              25.02894
            ],
            [
              121.42477199999999,
              25.02874
            ]
          ]
        ]
      }
    },
    {
      "type": "Feature",
      "properties": {
        "縣市": "新北市",
        "案名": "新北市新莊區瓊林段372地號等7筆(原6筆)土地都市更新案",
        "詳細地址": null,
        "興辦主體": "中央(住都中心)",
        "戶數": 1,
        "工程決標日期": "113/8/8",
        "開工日期": "(預定) 114/11/4",
        "完工日期": "(預定) 116/5/4",
        "執行情況": "已決標 待開工",
        "經緯度": "25.027741,121.444855",
        "Unnamed: 10": null,
        "Unnamed: 11": null,
        "Unnamed: 12": null,
        "Unnamed: 13": null,
        "Unnamed: 14": null,
        "Unnamed: 15": null,
        "Unnamed: 16": null,
        "Unnamed: 17": null,
        "Unnamed: 18": null,
        "Unnamed: 19": null,
        "Unnamed: 20": null,
        "Unnamed: 21": null
      },
      "geometry": {
        "type": "Polygon",
        "coordinates": [
          [
            [
              121.444755,
              25.027641
            ],
            [
              121.44495500000001,
              25.027641
            ],
            [
              121.44495500000001,
              25.027841
            ],
            [
              121.444755,
              25.027841
            ],
            [
              121.444755,
              25.027641
            ]
          ]
        ]
      }
    },
    {
      "type": "Feature",
      "properties": {
        "縣市": "新北市",
        "案名": "仁義好室",
        "詳細地址": "241台灣新北市三重區元信一街3號",
        "興辦主體": "中央(住都中心)",
        "戶數": 130,
        "工程決標日期": "113/5/23",
        "開工日期": "(預定) 114/8/29",
        "完工日期": "(預定) 118/2/28",
        "執行情況": "已決標 待開工",
        "經緯度": "25.0783408,121.5006861",
        "Unnamed: 10": null,
        "Unnamed: 11": null,
        "Unnamed: 12": null,
        "Unnamed: 13": null,
        "Unnamed: 14": null,
        "Unnamed: 15": null,
        "Unnamed: 16": null,
        "Unnamed: 17": null,
        "Unnamed: 18": null,
        "Unnamed: 19": null,
        "Unnamed: 20": null,
        "Unnamed: 21": null
      },
      "geometry": {
        "type": "Polygon",
        "coordinates": [
          [
            [
              121.50058609999999,
              25.0782408
            ],
            [
              121.5007861,
              25.0782408
            ],
            [
              121.5007861,
              25.0784408
            ],
            [
              121.50058609999999,
              25.0784408
            ],
            [
              121.50058609999999,
              25.0782408
            ]
          ]
        ]
      }
    },
    {
      "type": "Feature",
      "properties": {
        "縣市": "新北市",
        "案名": "三重區光興段1008等17筆地號",
        "詳細地址": null,
        "興辦主體": "新北市政府",
        "戶數": 2,
        "工程決標日期": "113/1/19",
        "開工日期": "(預定) 114/12/31",
        "完工日期": "(預定) 120/6/30",
        "執行情況": "已決標 待開工",
        "經緯度": "25.060240,121.500612",
        "Unnamed: 10": null,
        "Unnamed: 11": null,
        "Unnamed: 12": null,
        "Unnamed: 13": null,
        "Unnamed: 14": null,
        "Unnamed: 15": null,
        "Unnamed: 16": null,
        "Unnamed: 17": null,
        "Unnamed: 18": null,
        "Unnamed: 19": null,
        "Unnamed: 20": null,
        "Unnamed: 21": null
      },
      "geometry": {
        "type": "Polygon",
        "coordinates": [
          [
            [
              121.500512,
              25.06014
            ],
            [
              121.50071200000001,
              25.06014
            ],
            [
              121.50071200000001,
              25.06034
            ],
            [
              121.500512,
              25.06034
            ],
            [
              121.500512,
              25.06014
            ]
          ]
        ]
      }
    },
    {
      "type": "Feature",
      "properties": {
        "縣市": "新北市",
        "案名": "五谷好室B",
        "詳細地址": "241台灣新北市三重區北65鄉道55號",
        "興辦主體": "中央(住都中心)",
        "戶數": 155,
        "工程決標日期": "113/9/24",
        "開工日期": "(預定) 114/12/31",
        "完工日期": "(預定) 118/3/30",
        "執行情況": "已決標 待開工",
        "經緯度": "25.049602,121.476008",
        "Unnamed: 10": null,
        "Unnamed: 11": null,
        "Unnamed: 12": null,
        "Unnamed: 13": null,
        "Unnamed: 14": null,
        "Unnamed: 15": null,
        "Unnamed: 16": null,
        "Unnamed: 17": null,
        "Unnamed: 18": null,
        "Unnamed: 19": null,
        "Unnamed: 20": null,
        "Unnamed: 21": null
      },
      "geometry": {
        "type": "Polygon",
        "coordinates": [
          [
            [
              121.47590799999999,
              25.049502
            ],
            [
              121.476108,
              25.049502
            ],
            [
              121.476108,
              25.049702
            ],
            [
              121.47590799999999,
              25.049702
            ],
            [
              121.47590799999999,
              25.049502
            ]
          ]
        ]
      }
    },
    {
      "type": "Feature",
      "properties": {
        "縣市": "新北市",
        "案名": "貴和安居B",
        "詳細地址": "243台灣新北市泰山區明志路三段206巷9號",
        "興辦主體": "中央(住都中心)",
        "戶數": 688,
        "工程決標日期": "113/7/30",
        "開工日期": "(預定) 114/10/31",
        "完工日期": "(預定) 118/5/31",
        "執行情況": "已決標 待開工",
        "經緯度": "25.03776,121.423129",
        "Unnamed: 10": null,
        "Unnamed: 11": null,
        "Unnamed: 12": null,
        "Unnamed: 13": null,
        "Unnamed: 14": null,
        "Unnamed: 15": null,
        "Unnamed: 16": null,
        "Unnamed: 17": null,
        "Unnamed: 18": null,
        "Unnamed: 19": null,
        "Unnamed: 20": null,
        "Unnamed: 21": null
      },
      "geometry": {
        "type": "Polygon",
        "coordinates": [
          [
            [
              121.423029,
              25.03766
            ],
            [
              121.423229,
              25.03766
            ],
            [
              121.423229,
              25.03786
            ],
            [
              121.423029,
              25.03786
            ],
            [
              121.423029,
              25.03766
            ]
          ]
        ]
      }
    },
    {
      "type": "Feature",
      "properties": {
        "縣市": "新北市",
        "案名": "深坑安居",
        "詳細地址": "222新北市深坑區文化街17巷5弄18號",
        "興辦主體": "中央(住都中心)",
        "戶數": 240,
        "工程決標日期": "113/12/23",
        "開工日期": "(預定) 115/2/28",
        "完工日期": "(預定) 117/12/31",
        "執行情況": "已決標 待開工",
        "經緯度": "25.000785520395944, 121.6204058134848",
        "Unnamed: 10": null,
        "Unnamed: 11": null,
        "Unnamed: 12": null,
        "Unnamed: 13": null,
        "Unnamed: 14": null,
        "Unnamed: 15": null,
        "Unnamed: 16": null,
        "Unnamed: 17": null,
        "Unnamed: 18": null,
        "Unnamed: 19": null,
        "Unnamed: 20": null,
        "Unnamed: 21": null
      },
      "geometry": {
        "type": "Polygon",
        "coordinates": [
          [
            [
              121.62030581348479,
              25.000685520395944
            ],
            [
              121.6205058134848,
              25.000685520395944
            ],
            [
              121.6205058134848,
              25.000885520395943
            ],
            [
              121.62030581348479,
              25.000885520395943
            ],
            [
              121.62030581348479,
              25.000685520395944
            ]
          ]
        ]
      }
    },
    {
      "type": "Feature",
      "properties": {
        "縣市": "新北市",
        "案名": "板橋區公館段1169及江子翠段新埔小段22-2等14筆地號",
        "詳細地址": null,
        "興辦主體": "新北市政府",
        "戶數": 15,
        "工程決標日期": "112/1/31",
        "開工日期": "(預定) 114/12/31",
        "完工日期": "(預定) 120/6/30",
        "執行情況": "已決標 待開工",
        "經緯度": "25.024011,121.463386",
        "Unnamed: 10": null,
        "Unnamed: 11": null,
        "Unnamed: 12": null,
        "Unnamed: 13": null,
        "Unnamed: 14": null,
        "Unnamed: 15": null,
        "Unnamed: 16": null,
        "Unnamed: 17": null,
        "Unnamed: 18": null,
        "Unnamed: 19": null,
        "Unnamed: 20": null,
        "Unnamed: 21": null
      },
      "geometry": {
        "type": "Polygon",
        "coordinates": [
          [
            [
              121.463286,
              25.023911000000002
            ],
            [
              121.463486,
              25.023911000000002
            ],
            [
              121.463486,
              25.024111
            ],
            [
              121.463286,
              25.024111
            ],
            [
              121.463286,
              25.023911000000002
            ]
          ]
        ]
      }
    },
    {
      "type": "Feature",
      "properties": {
        "縣市": "新北市",
        "案名": "板橋區港子嘴段1-18等39筆地號",
        "詳細地址": null,
        "興辦主體": "新北市政府",
        "戶數": 18,
        "工程決標日期": "113/11/11",
        "開工日期": "(預定) 114/12/31",
        "完工日期": "(預定) 117/6/30",
        "執行情況": "已決標 待開工",
        "經緯度": "25.026987,121.483521",
        "Unnamed: 10": null,
        "Unnamed: 11": null,
        "Unnamed: 12": null,
        "Unnamed: 13": null,
        "Unnamed: 14": null,
        "Unnamed: 15": null,
        "Unnamed: 16": null,
        "Unnamed: 17": null,
        "Unnamed: 18": null,
        "Unnamed: 19": null,
        "Unnamed: 20": null,
        "Unnamed: 21": null
      },
      "geometry": {
        "type": "Polygon",
        "coordinates": [
          [
            [
              121.48342099999999,
              25.026887
            ],
            [
              121.483621,
              25.026887
            ],
            [
              121.483621,
              25.027086999999998
            ],
            [
              121.48342099999999,
              25.027086999999998
            ],
            [
              121.48342099999999,
              25.026887
            ]
          ]
        ]
      }
    },
    {
      "type": "Feature",
      "properties": {
        "縣市": "新北市",
        "案名": "樹林區樹德段743等14筆地號",
        "詳細地址": null,
        "興辦主體": "新北市政府",
        "戶數": 6,
        "工程決標日期": "113/9/12",
        "開工日期": "(預定) 114/12/31",
        "完工日期": "(預定) 120/6/30",
        "執行情況": "已決標 待開工",
        "經緯度": "24.989572,121.418733",
        "Unnamed: 10": null,
        "Unnamed: 11": null,
        "Unnamed: 12": null,
        "Unnamed: 13": null,
        "Unnamed: 14": null,
        "Unnamed: 15": null,
        "Unnamed: 16": null,
        "Unnamed: 17": null,
        "Unnamed: 18": null,
        "Unnamed: 19": null,
        "Unnamed: 20": null,
        "Unnamed: 21": null
      },
      "geometry": {
        "type": "Polygon",
        "coordinates": [
          [
            [
              121.418633,
              24.989472
            ],
            [
              121.418833,
              24.989472
            ],
            [
              121.418833,
              24.989672
            ],
            [
              121.418633,
              24.989672
            ],
            [
              121.418633,
              24.989472
            ]
          ]
        ]
      }
    },
    {
      "type": "Feature",
      "properties": {
        "縣市": "新北市",
        "案名": "德穗安居",
        "詳細地址": "235台灣新北市中和區民生街13巷1號",
        "興辦主體": "中央(住都中心)",
        "戶數": 339,
        "工程決標日期": "112/12/14",
        "開工日期": "(預定) 114/7/31",
        "完工日期": "(預定) 117/12/31",
        "執行情況": "已決標 待開工",
        "經緯度": "25.0048182,121.4717876",
        "Unnamed: 10": null,
        "Unnamed: 11": null,
        "Unnamed: 12": null,
        "Unnamed: 13": null,
        "Unnamed: 14": null,
        "Unnamed: 15": null,
        "Unnamed: 16": null,
        "Unnamed: 17": null,
        "Unnamed: 18": null,
        "Unnamed: 19": null,
        "Unnamed: 20": null,
        "Unnamed: 21": null
      },
      "geometry": {
        "type": "Polygon",
        "coordinates": [
          [
            [
              121.4716876,
              25.0047182
            ],
            [
              121.4718876,
              25.0047182
            ],
            [
              121.4718876,
              25.0049182
            ],
            [
              121.4716876,
              25.0049182
            ],
            [
              121.4716876,
              25.0047182
            ]
          ]
        ]
      }
    },
    {
      "type": "Feature",
      "properties": {
        "縣市": "新北市",
        "案名": "德光安居",
        "詳細地址": "235台灣新北市中和區德光路7號",
        "興辦主體": "中央(住都中心)",
        "戶數": 260,
        "工程決標日期": "114/1/21",
        "開工日期": "(預定) 115/3/31",
        "完工日期": "(預定) 118/1/31",
        "執行情況": "已決標 待開工",
        "經緯度": "25.0044559,121.471487",
        "Unnamed: 10": null,
        "Unnamed: 11": null,
        "Unnamed: 12": null,
        "Unnamed: 13": null,
        "Unnamed: 14": null,
        "Unnamed: 15": null,
        "Unnamed: 16": null,
        "Unnamed: 17": null,
        "Unnamed: 18": null,
        "Unnamed: 19": null,
        "Unnamed: 20": null,
        "Unnamed: 21": null
      },
      "geometry": {
        "type": "Polygon",
        "coordinates": [
          [
            [
              121.471387,
              25.0043559
            ],
            [
              121.471587,
              25.0043559
            ],
            [
              121.471587,
              25.0045559
            ],
            [
              121.471387,
              25.0045559
            ],
            [
              121.471387,
              25.0043559
            ]
          ]
        ]
      }
    },
    {
      "type": "Feature",
      "properties": {
        "縣市": "新北市",
        "案名": "得和段961等36筆地號",
        "詳細地址": null,
        "興辦主體": "新北市政府",
        "戶數": 2,
        "工程決標日期": "111/10/24",
        "開工日期": "(預定) 114/12/31",
        "完工日期": "(預定) 120/6/30",
        "執行情況": "已決標 待開工",
        "經緯度": "25.001807,121.517913",
        "Unnamed: 10": null,
        "Unnamed: 11": null,
        "Unnamed: 12": null,
        "Unnamed: 13": null,
        "Unnamed: 14": null,
        "Unnamed: 15": null,
        "Unnamed: 16": null,
        "Unnamed: 17": null,
        "Unnamed: 18": null,
        "Unnamed: 19": null,
        "Unnamed: 20": null,
        "Unnamed: 21": null
      },
      "geometry": {
        "type": "Polygon",
        "coordinates": [
          [
            [
              121.51781299999999,
              25.001707
            ],
            [
              121.518013,
              25.001707
            ],
            [
              121.518013,
              25.001907
            ],
            [
              121.51781299999999,
              25.001907
            ],
            [
              121.51781299999999,
              25.001707
            ]
          ]
        ]
      }
    },
    {
      "type": "Feature",
      "properties": {
        "縣市": "新北市",
        "案名": "永和區信義段435等37筆地號",
        "詳細地址": null,
        "興辦主體": "新北市政府",
        "戶數": 7,
        "工程決標日期": "112/5/3",
        "開工日期": "(預定) 114/12/31",
        "完工日期": "(預定) 120/6/30",
        "執行情況": "已決標 待開工",
        "經緯度": "25.011154,121.513947",
        "Unnamed: 10": null,
        "Unnamed: 11": null,
        "Unnamed: 12": null,
        "Unnamed: 13": null,
        "Unnamed: 14": null,
        "Unnamed: 15": null,
        "Unnamed: 16": null,
        "Unnamed: 17": null,
        "Unnamed: 18": null,
        "Unnamed: 19": null,
        "Unnamed: 20": null,
        "Unnamed: 21": null
      },
      "geometry": {
        "type": "Polygon",
        "coordinates": [
          [
            [
              121.513847,
              25.011054
            ],
            [
              121.514047,
              25.011054
            ],
            [
              121.514047,
              25.011254
            ],
            [
              121.513847,
              25.011254
            ],
            [
              121.513847,
              25.011054
            ]
          ]
        ]
      }
    },
    {
      "type": "Feature",
      "properties": {
        "縣市": "新北市",
        "案名": "新北市永和區中興段689地號等140筆(原139筆)土地都市更新計畫案",
        "詳細地址": null,
        "興辦主體": "中央(住都中心)",
        "戶數": 4,
        "工程決標日期": "112/4/28",
        "開工日期": "(預定) 114/12/31",
        "完工日期": "(預定) 118/6/30",
        "執行情況": "已決標 待開工",
        "經緯度": "25.010871,121.516049",
        "Unnamed: 10": null,
        "Unnamed: 11": null,
        "Unnamed: 12": null,
        "Unnamed: 13": null,
        "Unnamed: 14": null,
        "Unnamed: 15": null,
        "Unnamed: 16": null,
        "Unnamed: 17": null,
        "Unnamed: 18": null,
        "Unnamed: 19": null,
        "Unnamed: 20": null,
        "Unnamed: 21": null
      },
      "geometry": {
        "type": "Polygon",
        "coordinates": [
          [
            [
              121.51594899999999,
              25.010771000000002
            ],
            [
              121.516149,
              25.010771000000002
            ],
            [
              121.516149,
              25.010971
            ],
            [
              121.51594899999999,
              25.010971
            ],
            [
              121.51594899999999,
              25.010771000000002
            ]
          ]
        ]
      }
    },
    {
      "type": "Feature",
      "properties": {
        "縣市": "臺北市",
        "案名": "延壽Ｐ出租國宅",
        "詳細地址": "105臺北市松山區塔悠路188巷2號",
        "興辦主體": "臺北市政府",
        "戶數": 99,
        "工程決標日期": "-",
        "開工日期": "-",
        "完工日期": "87/7/31",
        "執行情況": "既有",
        "經緯度": "25.056740659563005, 121.56912093068496",
        "Unnamed: 10": null,
        "Unnamed: 11": null,
        "Unnamed: 12": null,
        "Unnamed: 13": null,
        "Unnamed: 14": null,
        "Unnamed: 15": null,
        "Unnamed: 16": null,
        "Unnamed: 17": null,
        "Unnamed: 18": null,
        "Unnamed: 19": null,
        "Unnamed: 20": null,
        "Unnamed: 21": null
      },
      "geometry": {
        "type": "Polygon",
        "coordinates": [
          [
            [
              121.56902093068496,
              25.056640659563005
            ],
            [
              121.56922093068496,
              25.056640659563005
            ],
            [
              121.56922093068496,
              25.056840659563004
            ],
            [
              121.56902093068496,
              25.056840659563004
            ],
            [
              121.56902093068496,
              25.056640659563005
            ]
          ]
        ]
      }
    },
    {
      "type": "Feature",
      "properties": {
        "縣市": "臺北市",
        "案名": "延吉平宅",
        "詳細地址": "臺北市大安區延吉街236巷17號",
        "興辦主體": "臺北市政府",
        "戶數": 120,
        "工程決標日期": "60/1/31",
        "開工日期": "-",
        "完工日期": "60/1/31",
        "執行情況": "既有",
        "經緯度": "25.036458389130594, 121.5550740335773",
        "Unnamed: 10": null,
        "Unnamed: 11": null,
        "Unnamed: 12": null,
        "Unnamed: 13": null,
        "Unnamed: 14": null,
        "Unnamed: 15": null,
        "Unnamed: 16": null,
        "Unnamed: 17": null,
        "Unnamed: 18": null,
        "Unnamed: 19": null,
        "Unnamed: 20": null,
        "Unnamed: 21": null
      },
      "geometry": {
        "type": "Polygon",
        "coordinates": [
          [
            [
              121.5549740335773,
              25.036358389130594
            ],
            [
              121.5551740335773,
              25.036358389130594
            ],
            [
              121.5551740335773,
              25.036558389130594
            ],
            [
              121.5549740335773,
              25.036558389130594
            ],
            [
              121.5549740335773,
              25.036358389130594
            ]
          ]
        ]
      }
    },
    {
      "type": "Feature",
      "properties": {
        "縣市": "臺北市",
        "案名": "懷生出租國宅",
        "詳細地址": "106台灣臺北市大安區台北市大安區",
        "興辦主體": "臺北市政府",
        "戶數": 205,
        "工程決標日期": "-",
        "開工日期": "-",
        "完工日期": "86/12/31",
        "執行情況": "既有",
        "經緯度": "25.0445005,121.5359409",
        "Unnamed: 10": null,
        "Unnamed: 11": null,
        "Unnamed: 12": null,
        "Unnamed: 13": null,
        "Unnamed: 14": null,
        "Unnamed: 15": null,
        "Unnamed: 16": null,
        "Unnamed: 17": null,
        "Unnamed: 18": null,
        "Unnamed: 19": null,
        "Unnamed: 20": null,
        "Unnamed: 21": null
      },
      "geometry": {
        "type": "Polygon",
        "coordinates": [
          [
            [
              121.5358409,
              25.044400500000002
            ],
            [
              121.5360409,
              25.044400500000002
            ],
            [
              121.5360409,
              25.0446005
            ],
            [
              121.5358409,
              25.0446005
            ],
            [
              121.5358409,
              25.044400500000002
            ]
          ]
        ]
      }
    },
    {
      "type": "Feature",
      "properties": {
        "縣市": "臺北市",
        "案名": "大理街出租國宅",
        "詳細地址": "108臺北市萬華區環河南路二段175巷",
        "興辦主體": "臺北市政府",
        "戶數": 35,
        "工程決標日期": "-",
        "開工日期": "-",
        "完工日期": "87/9/1",
        "執行情況": "既有",
        "經緯度": "25.0324969146691, 121.49246380768427",
        "Unnamed: 10": null,
        "Unnamed: 11": null,
        "Unnamed: 12": null,
        "Unnamed: 13": null,
        "Unnamed: 14": null,
        "Unnamed: 15": null,
        "Unnamed: 16": null,
        "Unnamed: 17": null,
        "Unnamed: 18": null,
        "Unnamed: 19": null,
        "Unnamed: 20": null,
        "Unnamed: 21": null
      },
      "geometry": {
        "type": "Polygon",
        "coordinates": [
          [
            [
              121.49236380768427,
              25.0323969146691
            ],
            [
              121.49256380768428,
              25.0323969146691
            ],
            [
              121.49256380768428,
              25.0325969146691
            ],
            [
              121.49236380768427,
              25.0325969146691
            ],
            [
              121.49236380768427,
              25.0323969146691
            ]
          ]
        ]
      }
    },
    {
      "type": "Feature",
      "properties": {
        "縣市": "臺北市",
        "案名": "中正出租國宅",
        "詳細地址": "108臺北市萬華區青年路52號",
        "興辦主體": "臺北市政府",
        "戶數": 523,
        "工程決標日期": "-",
        "開工日期": "-",
        "完工日期": "71/2/1",
        "執行情況": "既有",
        "經緯度": "25.025472956222576, 121.50343126350387",
        "Unnamed: 10": null,
        "Unnamed: 11": null,
        "Unnamed: 12": null,
        "Unnamed: 13": null,
        "Unnamed: 14": null,
        "Unnamed: 15": null,
        "Unnamed: 16": null,
        "Unnamed: 17": null,
        "Unnamed: 18": null,
        "Unnamed: 19": null,
        "Unnamed: 20": null,
        "Unnamed: 21": null
      },
      "geometry": {
        "type": "Polygon",
        "coordinates": [
          [
            [
              121.50333126350387,
              25.025372956222576
            ],
            [
              121.50353126350387,
              25.025372956222576
            ],
            [
              121.50353126350387,
              25.025572956222575
            ],
            [
              121.50333126350387,
              25.025572956222575
            ],
            [
              121.50333126350387,
              25.025372956222576
            ]
          ]
        ]
      }
    },
    {
      "type": "Feature",
      "properties": {
        "縣市": "臺北市",
        "案名": "西寧出租國宅",
        "詳細地址": "108臺北市萬華區西寧南路4號",
        "興辦主體": "臺北市政府",
        "戶數": 475,
        "工程決標日期": "-",
        "開工日期": "66/2/23",
        "完工日期": "71/7/14",
        "執行情況": "既有",
        "經緯度": "25.048060079733002, 121.5068488595212",
        "Unnamed: 10": null,
        "Unnamed: 11": null,
        "Unnamed: 12": null,
        "Unnamed: 13": null,
        "Unnamed: 14": null,
        "Unnamed: 15": null,
        "Unnamed: 16": null,
        "Unnamed: 17": null,
        "Unnamed: 18": null,
        "Unnamed: 19": null,
        "Unnamed: 20": null,
        "Unnamed: 21": null
      },
      "geometry": {
        "type": "Polygon",
        "coordinates": [
          [
            [
              121.5067488595212,
              25.047960079733002
            ],
            [
              121.5069488595212,
              25.047960079733002
            ],
            [
              121.5069488595212,
              25.048160079733
            ],
            [
              121.5067488595212,
              25.048160079733
            ],
            [
              121.5067488595212,
              25.047960079733002
            ]
          ]
        ]
      }
    },
    {
      "type": "Feature",
      "properties": {
        "縣市": "臺北市",
        "案名": "華昌出租國宅",
        "詳細地址": "108臺北市萬華區大理街160巷",
        "興辦主體": "臺北市政府",
        "戶數": 490,
        "工程決標日期": "-",
        "開工日期": "66/11/24",
        "完工日期": "71/4/28",
        "執行情況": "既有",
        "經緯度": "25.032953914777465, 121.49394690953649",
        "Unnamed: 10": null,
        "Unnamed: 11": null,
        "Unnamed: 12": null,
        "Unnamed: 13": null,
        "Unnamed: 14": null,
        "Unnamed: 15": null,
        "Unnamed: 16": null,
        "Unnamed: 17": null,
        "Unnamed: 18": null,
        "Unnamed: 19": null,
        "Unnamed: 20": null,
        "Unnamed: 21": null
      },
      "geometry": {
        "type": "Polygon",
        "coordinates": [
          [
            [
              121.49384690953649,
              25.032853914777466
            ],
            [
              121.4940469095365,
              25.032853914777466
            ],
            [
              121.4940469095365,
              25.033053914777465
            ],
            [
              121.49384690953649,
              25.033053914777465
            ],
            [
              121.49384690953649,
              25.032853914777466
            ]
          ]
        ]
      }
    },
    {
      "type": "Feature",
      "properties": {
        "縣市": "臺北市",
        "案名": "龍山綜合大樓出租國宅",
        "詳細地址": "108臺北市萬華區梧州街36號",
        "興辦主體": "臺北市政府",
        "戶數": 40,
        "工程決標日期": "-",
        "開工日期": "80/4/24",
        "完工日期": "83/10/21",
        "執行情況": "既有",
        "經緯度": "25.037369177825166, 121.49748802117635",
        "Unnamed: 10": null,
        "Unnamed: 11": null,
        "Unnamed: 12": null,
        "Unnamed: 13": null,
        "Unnamed: 14": null,
        "Unnamed: 15": null,
        "Unnamed: 16": null,
        "Unnamed: 17": null,
        "Unnamed: 18": null,
        "Unnamed: 19": null,
        "Unnamed: 20": null,
        "Unnamed: 21": null
      },
      "geometry": {
        "type": "Polygon",
        "coordinates": [
          [
            [
              121.49738802117635,
              25.037269177825166
            ],
            [
              121.49758802117636,
              25.037269177825166
            ],
            [
              121.49758802117636,
              25.037469177825166
            ],
            [
              121.49738802117635,
              25.037469177825166
            ],
            [
              121.49738802117635,
              25.037269177825166
            ]
          ]
        ]
      }
    },
    {
      "type": "Feature",
      "properties": {
        "縣市": "臺北市",
        "案名": "福民平宅",
        "詳細地址": "台北市萬華區西園路二段320巷",
        "興辦主體": "臺北市政府",
        "戶數": 180,
        "工程決標日期": "-",
        "開工日期": "65/5/5",
        "完工日期": "66/11/23",
        "執行情況": "既有",
        "經緯度": "25.02682427032344, 121.4915589230282",
        "Unnamed: 10": null,
        "Unnamed: 11": null,
        "Unnamed: 12": null,
        "Unnamed: 13": null,
        "Unnamed: 14": null,
        "Unnamed: 15": null,
        "Unnamed: 16": null,
        "Unnamed: 17": null,
        "Unnamed: 18": null,
        "Unnamed: 19": null,
        "Unnamed: 20": null,
        "Unnamed: 21": null
      },
      "geometry": {
        "type": "Polygon",
        "coordinates": [
          [
            [
              121.49145892302819,
              25.02672427032344
            ],
            [
              121.4916589230282,
              25.02672427032344
            ],
            [
              121.4916589230282,
              25.02692427032344
            ],
            [
              121.49145892302819,
              25.02692427032344
            ],
            [
              121.49145892302819,
              25.02672427032344
            ]
          ]
        ]
      }
    },
    {
      "type": "Feature",
      "properties": {
        "縣市": "臺北市",
        "案名": "龍山寺聯開宅",
        "詳細地址": "108臺北市萬華區和平西路三段85號",
        "興辦主體": "臺北市政府",
        "戶數": 3,
        "工程決標日期": "-",
        "開工日期": "97/5/28",
        "完工日期": "100/3/15",
        "執行情況": "既有",
        "經緯度": "25.03538397782648, 121.50151846350431",
        "Unnamed: 10": null,
        "Unnamed: 11": null,
        "Unnamed: 12": null,
        "Unnamed: 13": null,
        "Unnamed: 14": null,
        "Unnamed: 15": null,
        "Unnamed: 16": null,
        "Unnamed: 17": null,
        "Unnamed: 18": null,
        "Unnamed: 19": null,
        "Unnamed: 20": null,
        "Unnamed: 21": null
      },
      "geometry": {
        "type": "Polygon",
        "coordinates": [
          [
            [
              121.50141846350431,
              25.03528397782648
            ],
            [
              121.50161846350431,
              25.03528397782648
            ],
            [
              121.50161846350431,
              25.03548397782648
            ],
            [
              121.50141846350431,
              25.03548397782648
            ],
            [
              121.50141846350431,
              25.03528397782648
            ]
          ]
        ]
      }
    },
    {
      "type": "Feature",
      "properties": {
        "縣市": "臺北市",
        "案名": "臺北市大龍老人住宅",
        "詳細地址": "103台灣臺北市大同區民族西路105號4 樓",
        "興辦主體": "臺北市政府",
        "戶數": 70,
        "工程決標日期": "97/5/31",
        "開工日期": "97/9/30",
        "完工日期": "99/8/31",
        "執行情況": "既有",
        "經緯度": "25.0687846,121.5170522",
        "Unnamed: 10": null,
        "Unnamed: 11": null,
        "Unnamed: 12": null,
        "Unnamed: 13": null,
        "Unnamed: 14": null,
        "Unnamed: 15": null,
        "Unnamed: 16": null,
        "Unnamed: 17": null,
        "Unnamed: 18": null,
        "Unnamed: 19": null,
        "Unnamed: 20": null,
        "Unnamed: 21": null
      },
      "geometry": {
        "type": "Polygon",
        "coordinates": [
          [
            [
              121.51695219999999,
              25.0686846
            ],
            [
              121.5171522,
              25.0686846
            ],
            [
              121.5171522,
              25.0688846
            ],
            [
              121.51695219999999,
              25.0688846
            ],
            [
              121.51695219999999,
              25.0686846
            ]
          ]
        ]
      }
    },
    {
      "type": "Feature",
      "properties": {
        "縣市": "臺北市",
        "案名": "敦煌社會住宅",
        "詳細地址": "103臺北市大同區敦煌路88巷8",
        "興辦主體": "臺北市政府",
        "戶數": 3,
        "工程決標日期": "-",
        "開工日期": "96/4/19",
        "完工日期": "98/11/2",
        "執行情況": "既有",
        "經緯度": "25.075765889694285, 121.51699679604646",
        "Unnamed: 10": null,
        "Unnamed: 11": null,
        "Unnamed: 12": null,
        "Unnamed: 13": null,
        "Unnamed: 14": null,
        "Unnamed: 15": null,
        "Unnamed: 16": null,
        "Unnamed: 17": null,
        "Unnamed: 18": null,
        "Unnamed: 19": null,
        "Unnamed: 20": null,
        "Unnamed: 21": null
      },
      "geometry": {
        "type": "Polygon",
        "coordinates": [
          [
            [
              121.51689679604645,
              25.075665889694285
            ],
            [
              121.51709679604646,
              25.075665889694285
            ],
            [
              121.51709679604646,
              25.075865889694285
            ],
            [
              121.51689679604645,
              25.075865889694285
            ],
            [
              121.51689679604645,
              25.075665889694285
            ]
          ]
        ]
      }
    },
    {
      "type": "Feature",
      "properties": {
        "縣市": "臺北市",
        "案名": "大龍峒社會住宅",
        "詳細地址": "103台灣臺北市大同區承德路三段212號",
        "興辦主體": "臺北市政府",
        "戶數": 110,
        "工程決標日期": "-",
        "開工日期": "98/3/3",
        "完工日期": "100/8/23",
        "執行情況": "既有",
        "經緯度": "25.0711327,121.518118",
        "Unnamed: 10": null,
        "Unnamed: 11": null,
        "Unnamed: 12": null,
        "Unnamed: 13": null,
        "Unnamed: 14": null,
        "Unnamed: 15": null,
        "Unnamed: 16": null,
        "Unnamed: 17": null,
        "Unnamed: 18": null,
        "Unnamed: 19": null,
        "Unnamed: 20": null,
        "Unnamed: 21": null
      },
      "geometry": {
        "type": "Polygon",
        "coordinates": [
          [
            [
              121.518018,
              25.0710327
            ],
            [
              121.518218,
              25.0710327
            ],
            [
              121.518218,
              25.0712327
            ],
            [
              121.518018,
              25.0712327
            ],
            [
              121.518018,
              25.0710327
            ]
          ]
        ]
      }
    },
    {
      "type": "Feature",
      "properties": {
        "縣市": "臺北市",
        "案名": "榮星出租國宅",
        "詳細地址": "台灣臺北市中山區民權東路2段113巷1弄1號",
        "興辦主體": "臺北市政府",
        "戶數": 34,
        "工程決標日期": "-",
        "開工日期": "-",
        "完工日期": "88/11/26",
        "執行情況": "既有",
        "經緯度": "25.06267532693737, 121.53415963961915",
        "Unnamed: 10": null,
        "Unnamed: 11": null,
        "Unnamed: 12": null,
        "Unnamed: 13": null,
        "Unnamed: 14": null,
        "Unnamed: 15": null,
        "Unnamed: 16": null,
        "Unnamed: 17": null,
        "Unnamed: 18": null,
        "Unnamed: 19": null,
        "Unnamed: 20": null,
        "Unnamed: 21": null
      },
      "geometry": {
        "type": "Polygon",
        "coordinates": [
          [
            [
              121.53405963961914,
              25.06257532693737
            ],
            [
              121.53425963961915,
              25.06257532693737
            ],
            [
              121.53425963961915,
              25.06277532693737
            ],
            [
              121.53405963961914,
              25.06277532693737
            ],
            [
              121.53405963961914,
              25.06257532693737
            ]
          ]
        ]
      }
    },
    {
      "type": "Feature",
      "properties": {
        "縣市": "臺北市",
        "案名": "臺北市朱崙老人公寓",
        "詳細地址": "10491台灣臺北市中山區龍江路15號",
        "興辦主體": "臺北市政府",
        "戶數": 45,
        "工程決標日期": "89/12/31",
        "開工日期": "90/2/16",
        "完工日期": "93/3/23",
        "執行情況": "既有",
        "經緯度": "25.0475799,121.5406131",
        "Unnamed: 10": null,
        "Unnamed: 11": null,
        "Unnamed: 12": null,
        "Unnamed: 13": null,
        "Unnamed: 14": null,
        "Unnamed: 15": null,
        "Unnamed: 16": null,
        "Unnamed: 17": null,
        "Unnamed: 18": null,
        "Unnamed: 19": null,
        "Unnamed: 20": null,
        "Unnamed: 21": null
      },
      "geometry": {
        "type": "Polygon",
        "coordinates": [
          [
            [
              121.5405131,
              25.0474799
            ],
            [
              121.5407131,
              25.0474799
            ],
            [
              121.5407131,
              25.0476799
            ],
            [
              121.5405131,
              25.0476799
            ],
            [
              121.5405131,
              25.0474799
            ]
          ]
        ]
      }
    },
    {
      "type": "Feature",
      "properties": {
        "縣市": "臺北市",
        "案名": "臺北市中山老人住宅暨服務中心",
        "詳細地址": "104台灣臺北市中山區新生北路二段101巷2號",
        "興辦主體": "臺北市政府",
        "戶數": 112,
        "工程決標日期": "97/8/31",
        "開工日期": "97/10/31",
        "完工日期": "99/5/31",
        "執行情況": "既有",
        "經緯度": "25.0573143,121.5284428",
        "Unnamed: 10": null,
        "Unnamed: 11": null,
        "Unnamed: 12": null,
        "Unnamed: 13": null,
        "Unnamed: 14": null,
        "Unnamed: 15": null,
        "Unnamed: 16": null,
        "Unnamed: 17": null,
        "Unnamed: 18": null,
        "Unnamed: 19": null,
        "Unnamed: 20": null,
        "Unnamed: 21": null
      },
      "geometry": {
        "type": "Polygon",
        "coordinates": [
          [
            [
              121.52834279999999,
              25.057214300000002
            ],
            [
              121.5285428,
              25.057214300000002
            ],
            [
              121.5285428,
              25.0574143
            ],
            [
              121.52834279999999,
              25.0574143
            ],
            [
              121.52834279999999,
              25.057214300000002
            ]
          ]
        ]
      }
    },
    {
      "type": "Feature",
      "properties": {
        "縣市": "臺北市",
        "案名": "行天宮站社會住宅",
        "詳細地址": "10491台灣臺北市中山區松江路273號",
        "興辦主體": "臺北市政府",
        "戶數": 30,
        "工程決標日期": "-",
        "開工日期": "95/10/19",
        "完工日期": "99/1/5",
        "執行情況": "既有",
        "經緯度": "25.0599177,121.5335406",
        "Unnamed: 10": null,
        "Unnamed: 11": null,
        "Unnamed: 12": null,
        "Unnamed: 13": null,
        "Unnamed: 14": null,
        "Unnamed: 15": null,
        "Unnamed: 16": null,
        "Unnamed: 17": null,
        "Unnamed: 18": null,
        "Unnamed: 19": null,
        "Unnamed: 20": null,
        "Unnamed: 21": null
      },
      "geometry": {
        "type": "Polygon",
        "coordinates": [
          [
            [
              121.53344059999999,
              25.0598177
            ],
            [
              121.5336406,
              25.0598177
            ],
            [
              121.5336406,
              25.0600177
            ],
            [
              121.53344059999999,
              25.0600177
            ],
            [
              121.53344059999999,
              25.0598177
            ]
          ]
        ]
      }
    },
    {
      "type": "Feature",
      "properties": {
        "縣市": "臺北市",
        "案名": "軍功出租國宅",
        "詳細地址": "116臺北市文山區和平東路四段381巷",
        "興辦主體": "臺北市政府",
        "戶數": 33,
        "工程決標日期": "-",
        "開工日期": "-",
        "完工日期": "72/7/15",
        "執行情況": "既有",
        "經緯度": "24.99949143816761, 121.57430869814331",
        "Unnamed: 10": null,
        "Unnamed: 11": null,
        "Unnamed: 12": null,
        "Unnamed: 13": null,
        "Unnamed: 14": null,
        "Unnamed: 15": null,
        "Unnamed: 16": null,
        "Unnamed: 17": null,
        "Unnamed: 18": null,
        "Unnamed: 19": null,
        "Unnamed: 20": null,
        "Unnamed: 21": null
      },
      "geometry": {
        "type": "Polygon",
        "coordinates": [
          [
            [
              121.57420869814331,
              24.99939143816761
            ],
            [
              121.57440869814332,
              24.99939143816761
            ],
            [
              121.57440869814332,
              24.99959143816761
            ],
            [
              121.57420869814331,
              24.99959143816761
            ],
            [
              121.57420869814331,
              24.99939143816761
            ]
          ]
        ]
      }
    },
    {
      "type": "Feature",
      "properties": {
        "縣市": "臺北市",
        "案名": "萬芳Ｃ出租國宅",
        "詳細地址": "116臺北市文山區萬寧街36巷1號",
        "興辦主體": "臺北市政府",
        "戶數": 228,
        "工程決標日期": "-",
        "開工日期": "-",
        "完工日期": "85/5/6",
        "執行情況": "既有",
        "經緯度": "25.003078101231694, 121.56510674815877",
        "Unnamed: 10": null,
        "Unnamed: 11": null,
        "Unnamed: 12": null,
        "Unnamed: 13": null,
        "Unnamed: 14": null,
        "Unnamed: 15": null,
        "Unnamed: 16": null,
        "Unnamed: 17": null,
        "Unnamed: 18": null,
        "Unnamed: 19": null,
        "Unnamed: 20": null,
        "Unnamed: 21": null
      },
      "geometry": {
        "type": "Polygon",
        "coordinates": [
          [
            [
              121.56500674815877,
              25.002978101231694
            ],
            [
              121.56520674815877,
              25.002978101231694
            ],
            [
              121.56520674815877,
              25.003178101231693
            ],
            [
              121.56500674815877,
              25.003178101231693
            ],
            [
              121.56500674815877,
              25.002978101231694
            ]
          ]
        ]
      }
    },
    {
      "type": "Feature",
      "properties": {
        "縣市": "臺北市",
        "案名": "萬芳社區出租國宅",
        "詳細地址": "116臺北市文山區萬美街一段19巷3號",
        "興辦主體": "臺北市政府",
        "戶數": 310,
        "工程決標日期": "-",
        "開工日期": "-",
        "完工日期": "86/1/19",
        "執行情況": "既有",
        "經緯度": "25.00163788971491, 121.56860861389049",
        "Unnamed: 10": null,
        "Unnamed: 11": null,
        "Unnamed: 12": null,
        "Unnamed: 13": null,
        "Unnamed: 14": null,
        "Unnamed: 15": null,
        "Unnamed: 16": null,
        "Unnamed: 17": null,
        "Unnamed: 18": null,
        "Unnamed: 19": null,
        "Unnamed: 20": null,
        "Unnamed: 21": null
      },
      "geometry": {
        "type": "Polygon",
        "coordinates": [
          [
            [
              121.56850861389049,
              25.00153788971491
            ],
            [
              121.5687086138905,
              25.00153788971491
            ],
            [
              121.5687086138905,
              25.00173788971491
            ],
            [
              121.56850861389049,
              25.00173788971491
            ],
            [
              121.56850861389049,
              25.00153788971491
            ]
          ]
        ]
      }
    },
    {
      "type": "Feature",
      "properties": {
        "縣市": "臺北市",
        "案名": "萬美出租國宅",
        "詳細地址": "116台灣臺北市文山區萬美街二段2巷1-5號",
        "興辦主體": "臺北市政府",
        "戶數": 192,
        "工程決標日期": "-",
        "開工日期": "70/12/23",
        "完工日期": "73/8/3",
        "執行情況": "既有",
        "經緯度": "25.003393,121.562499",
        "Unnamed: 10": null,
        "Unnamed: 11": null,
        "Unnamed: 12": null,
        "Unnamed: 13": null,
        "Unnamed: 14": null,
        "Unnamed: 15": null,
        "Unnamed: 16": null,
        "Unnamed: 17": null,
        "Unnamed: 18": null,
        "Unnamed: 19": null,
        "Unnamed: 20": null,
        "Unnamed: 21": null
      },
      "geometry": {
        "type": "Polygon",
        "coordinates": [
          [
            [
              121.562399,
              25.003293
            ],
            [
              121.562599,
              25.003293
            ],
            [
              121.562599,
              25.003493
            ],
            [
              121.562399,
              25.003493
            ],
            [
              121.562399,
              25.003293
            ]
          ]
        ]
      }
    },
    {
      "type": "Feature",
      "properties": {
        "縣市": "臺北市",
        "案名": "萬寧出租國宅",
        "詳細地址": "116臺北市文山區萬寧街173號",
        "興辦主體": "臺北市政府",
        "戶數": 10,
        "工程決標日期": "-",
        "開工日期": "82/6/22",
        "完工日期": "86/10/30",
        "執行情況": "既有",
        "經緯度": "25.003916661661567, 121.57039945952008",
        "Unnamed: 10": null,
        "Unnamed: 11": null,
        "Unnamed: 12": null,
        "Unnamed: 13": null,
        "Unnamed: 14": null,
        "Unnamed: 15": null,
        "Unnamed: 16": null,
        "Unnamed: 17": null,
        "Unnamed: 18": null,
        "Unnamed: 19": null,
        "Unnamed: 20": null,
        "Unnamed: 21": null
      },
      "geometry": {
        "type": "Polygon",
        "coordinates": [
          [
            [
              121.57029945952007,
              25.003816661661567
            ],
            [
              121.57049945952008,
              25.003816661661567
            ],
            [
              121.57049945952008,
              25.004016661661566
            ],
            [
              121.57029945952007,
              25.004016661661566
            ],
            [
              121.57029945952007,
              25.003816661661567
            ]
          ]
        ]
      }
    },
    {
      "type": "Feature",
      "properties": {
        "縣市": "臺北市",
        "案名": "萬樂出租國宅",
        "詳細地址": "116臺北市文山區萬美街一段89.91號",
        "興辦主體": "臺北市政府",
        "戶數": 224,
        "工程決標日期": "-",
        "開工日期": "-",
        "完工日期": "73/8/3",
        "執行情況": "既有",
        "經緯度": "25.00127629710279, 121.56625042883294",
        "Unnamed: 10": null,
        "Unnamed: 11": null,
        "Unnamed: 12": null,
        "Unnamed: 13": null,
        "Unnamed: 14": null,
        "Unnamed: 15": null,
        "Unnamed: 16": null,
        "Unnamed: 17": null,
        "Unnamed: 18": null,
        "Unnamed: 19": null,
        "Unnamed: 20": null,
        "Unnamed: 21": null
      },
      "geometry": {
        "type": "Polygon",
        "coordinates": [
          [
            [
              121.56615042883294,
              25.00117629710279
            ],
            [
              121.56635042883295,
              25.00117629710279
            ],
            [
              121.56635042883295,
              25.00137629710279
            ],
            [
              121.56615042883294,
              25.00137629710279
            ],
            [
              121.56615042883294,
              25.00117629710279
            ]
          ]
        ]
      }
    },
    {
      "type": "Feature",
      "properties": {
        "縣市": "臺北市",
        "案名": "安康平宅",
        "詳細地址": "116臺北市文山區興隆路四段109號",
        "興辦主體": "臺北市政府",
        "戶數": 304,
        "工程決標日期": "-",
        "開工日期": "-",
        "完工日期": "60/1/10",
        "執行情況": "既有",
        "經緯度": "24.986864418883847, 121.56129144314392",
        "Unnamed: 10": null,
        "Unnamed: 11": null,
        "Unnamed: 12": null,
        "Unnamed: 13": null,
        "Unnamed: 14": null,
        "Unnamed: 15": null,
        "Unnamed: 16": null,
        "Unnamed: 17": null,
        "Unnamed: 18": null,
        "Unnamed: 19": null,
        "Unnamed: 20": null,
        "Unnamed: 21": null
      },
      "geometry": {
        "type": "Polygon",
        "coordinates": [
          [
            [
              121.56119144314391,
              24.986764418883848
            ],
            [
              121.56139144314392,
              24.986764418883848
            ],
            [
              121.56139144314392,
              24.986964418883847
            ],
            [
              121.56119144314391,
              24.986964418883847
            ],
            [
              121.56119144314391,
              24.986764418883848
            ]
          ]
        ]
      }
    },
    {
      "type": "Feature",
      "properties": {
        "縣市": "臺北市",
        "案名": "萬隆站社會住宅",
        "詳細地址": "臺北市文山區羅斯福路五段214號",
        "興辦主體": "臺北市政府",
        "戶數": 41,
        "工程決標日期": "-",
        "開工日期": "95/5/10",
        "完工日期": "100/11/17",
        "執行情況": "既有",
        "經緯度": "25.00256295442342, 121.53844907699468",
        "Unnamed: 10": null,
        "Unnamed: 11": null,
        "Unnamed: 12": null,
        "Unnamed: 13": null,
        "Unnamed: 14": null,
        "Unnamed: 15": null,
        "Unnamed: 16": null,
        "Unnamed: 17": null,
        "Unnamed: 18": null,
        "Unnamed: 19": null,
        "Unnamed: 20": null,
        "Unnamed: 21": null
      },
      "geometry": {
        "type": "Polygon",
        "coordinates": [
          [
            [
              121.53834907699468,
              25.00246295442342
            ],
            [
              121.53854907699468,
              25.00246295442342
            ],
            [
              121.53854907699468,
              25.00266295442342
            ],
            [
              121.53834907699468,
              25.00266295442342
            ],
            [
              121.53834907699468,
              25.00246295442342
            ]
          ]
        ]
      }
    },
    {
      "type": "Feature",
      "properties": {
        "縣市": "臺北市",
        "案名": "景文社會住宅",
        "詳細地址": "116台灣臺北市文山區羅斯福路六段469巷19號",
        "興辦主體": "臺北市政府",
        "戶數": 42,
        "工程決標日期": "-",
        "開工日期": "99/3/15",
        "完工日期": "101/11/12",
        "執行情況": "既有",
        "經緯度": "24.989876,121.5406359",
        "Unnamed: 10": null,
        "Unnamed: 11": null,
        "Unnamed: 12": null,
        "Unnamed: 13": null,
        "Unnamed: 14": null,
        "Unnamed: 15": null,
        "Unnamed: 16": null,
        "Unnamed: 17": null,
        "Unnamed: 18": null,
        "Unnamed: 19": null,
        "Unnamed: 20": null,
        "Unnamed: 21": null
      },
      "geometry": {
        "type": "Polygon",
        "coordinates": [
          [
            [
              121.5405359,
              24.989776
            ],
            [
              121.5407359,
              24.989776
            ],
            [
              121.5407359,
              24.989976
            ],
            [
              121.5405359,
              24.989976
            ],
            [
              121.5405359,
              24.989776
            ]
          ]
        ]
      }
    },
    {
      "type": "Feature",
      "properties": {
        "縣市": "臺北市",
        "案名": "興隆社會住宅D1區",
        "詳細地址": "116台灣臺北市文山區木柵路二段2巷12-50號",
        "興辦主體": "臺北市政府",
        "戶數": 272,
        "工程決標日期": "102/1/31",
        "開工日期": "102/7/17",
        "完工日期": "104/5/15",
        "執行情況": "既有",
        "經緯度": "24.988296,121.557859",
        "Unnamed: 10": null,
        "Unnamed: 11": null,
        "Unnamed: 12": null,
        "Unnamed: 13": null,
        "Unnamed: 14": null,
        "Unnamed: 15": null,
        "Unnamed: 16": null,
        "Unnamed: 17": null,
        "Unnamed: 18": null,
        "Unnamed: 19": null,
        "Unnamed: 20": null,
        "Unnamed: 21": null
      },
      "geometry": {
        "type": "Polygon",
        "coordinates": [
          [
            [
              121.55775899999999,
              24.988196
            ],
            [
              121.557959,
              24.988196
            ],
            [
              121.557959,
              24.988395999999998
            ],
            [
              121.55775899999999,
              24.988395999999998
            ],
            [
              121.55775899999999,
              24.988196
            ]
          ]
        ]
      }
    },
    {
      "type": "Feature",
      "properties": {
        "縣市": "臺北市",
        "案名": "台肥出租國宅",
        "詳細地址": "115臺北市南港區南港路二段60巷16-19號",
        "興辦主體": "臺北市政府",
        "戶數": 28,
        "工程決標日期": "-",
        "開工日期": "-",
        "完工日期": "74/4/6",
        "執行情況": "既有",
        "經緯度": "25.05463631907376, 121.60385230843922",
        "Unnamed: 10": null,
        "Unnamed: 11": null,
        "Unnamed: 12": null,
        "Unnamed: 13": null,
        "Unnamed: 14": null,
        "Unnamed: 15": null,
        "Unnamed: 16": null,
        "Unnamed: 17": null,
        "Unnamed: 18": null,
        "Unnamed: 19": null,
        "Unnamed: 20": null,
        "Unnamed: 21": null
      },
      "geometry": {
        "type": "Polygon",
        "coordinates": [
          [
            [
              121.60375230843921,
              25.05453631907376
            ],
            [
              121.60395230843922,
              25.05453631907376
            ],
            [
              121.60395230843922,
              25.05473631907376
            ],
            [
              121.60375230843921,
              25.05473631907376
            ],
            [
              121.60375230843921,
              25.05453631907376
            ]
          ]
        ]
      }
    },
    {
      "type": "Feature",
      "properties": {
        "縣市": "臺北市",
        "案名": "南港一號出租國宅",
        "詳細地址": "115臺北市南港區福德街373巷",
        "興辦主體": "臺北市政府",
        "戶數": 287,
        "工程決標日期": "-",
        "開工日期": "-",
        "完工日期": "88/8/21",
        "執行情況": "既有",
        "經緯度": "25.03943297782379, 121.5913703346684",
        "Unnamed: 10": null,
        "Unnamed: 11": null,
        "Unnamed: 12": null,
        "Unnamed: 13": null,
        "Unnamed: 14": null,
        "Unnamed: 15": null,
        "Unnamed: 16": null,
        "Unnamed: 17": null,
        "Unnamed: 18": null,
        "Unnamed: 19": null,
        "Unnamed: 20": null,
        "Unnamed: 21": null
      },
      "geometry": {
        "type": "Polygon",
        "coordinates": [
          [
            [
              121.5912703346684,
              25.03933297782379
            ],
            [
              121.5914703346684,
              25.03933297782379
            ],
            [
              121.5914703346684,
              25.03953297782379
            ],
            [
              121.5912703346684,
              25.03953297782379
            ],
            [
              121.5912703346684,
              25.03933297782379
            ]
          ]
        ]
      }
    },
    {
      "type": "Feature",
      "properties": {
        "縣市": "臺北市",
        "案名": "基河三期中繼住宅AB區",
        "詳細地址": "115臺北市南港區重陽路199巷24號",
        "興辦主體": "臺北市政府",
        "戶數": 22,
        "工程決標日期": "-",
        "開工日期": "90/1/1",
        "完工日期": "90/1/1",
        "執行情況": "既有",
        "經緯度": "25.05762415874997, 121.59893100583305",
        "Unnamed: 10": null,
        "Unnamed: 11": null,
        "Unnamed: 12": null,
        "Unnamed: 13": null,
        "Unnamed: 14": null,
        "Unnamed: 15": null,
        "Unnamed: 16": null,
        "Unnamed: 17": null,
        "Unnamed: 18": null,
        "Unnamed: 19": null,
        "Unnamed: 20": null,
        "Unnamed: 21": null
      },
      "geometry": {
        "type": "Polygon",
        "coordinates": [
          [
            [
              121.59883100583305,
              25.05752415874997
            ],
            [
              121.59903100583306,
              25.05752415874997
            ],
            [
              121.59903100583306,
              25.05772415874997
            ],
            [
              121.59883100583305,
              25.05772415874997
            ],
            [
              121.59883100583305,
              25.05752415874997
            ]
          ]
        ]
      }
    },
    {
      "type": "Feature",
      "properties": {
        "縣市": "臺北市",
        "案名": "基河三期中繼住宅CD區",
        "詳細地址": "115臺北市南港區重陽路199巷24號",
        "興辦主體": "臺北市政府",
        "戶數": 306,
        "工程決標日期": "-",
        "開工日期": "90/1/1",
        "完工日期": "90/1/1",
        "執行情況": "既有",
        "經緯度": "25.05762415874997, 121.59893100583305",
        "Unnamed: 10": null,
        "Unnamed: 11": null,
        "Unnamed: 12": null,
        "Unnamed: 13": null,
        "Unnamed: 14": null,
        "Unnamed: 15": null,
        "Unnamed: 16": null,
        "Unnamed: 17": null,
        "Unnamed: 18": null,
        "Unnamed: 19": null,
        "Unnamed: 20": null,
        "Unnamed: 21": null
      },
      "geometry": {
        "type": "Polygon",
        "coordinates": [
          [
            [
              121.59883100583305,
              25.05752415874997
            ],
            [
              121.59903100583306,
              25.05752415874997
            ],
            [
              121.59903100583306,
              25.05772415874997
            ],
            [
              121.59883100583305,
              25.05772415874997
            ],
            [
              121.59883100583305,
              25.05752415874997
            ]
          ]
        ]
      }
    },
    {
      "type": "Feature",
      "properties": {
        "縣市": "臺北市",
        "案名": "東湖C出租國宅",
        "詳細地址": "114臺北市內湖區康寧路三段189巷163弄",
        "興辦主體": "臺北市政府",
        "戶數": 88,
        "工程決標日期": "-",
        "開工日期": "80/11/30",
        "完工日期": "85/9/30",
        "執行情況": "既有",
        "經緯度": "25.07566867780031, 121.61170222117806",
        "Unnamed: 10": null,
        "Unnamed: 11": null,
        "Unnamed: 12": null,
        "Unnamed: 13": null,
        "Unnamed: 14": null,
        "Unnamed: 15": null,
        "Unnamed: 16": null,
        "Unnamed: 17": null,
        "Unnamed: 18": null,
        "Unnamed: 19": null,
        "Unnamed: 20": null,
        "Unnamed: 21": null
      },
      "geometry": {
        "type": "Polygon",
        "coordinates": [
          [
            [
              121.61160222117806,
              25.07556867780031
            ],
            [
              121.61180222117807,
              25.07556867780031
            ],
            [
              121.61180222117807,
              25.07576867780031
            ],
            [
              121.61160222117806,
              25.07576867780031
            ],
            [
              121.61160222117806,
              25.07556867780031
            ]
          ]
        ]
      }
    },
    {
      "type": "Feature",
      "properties": {
        "縣市": "臺北市",
        "案名": "東湖Ｅ基地出租國宅(原民會)",
        "詳細地址": "台灣臺北市內湖區康寧路三段189巷",
        "興辦主體": "臺北市政府",
        "戶數": 40,
        "工程決標日期": "-",
        "開工日期": "-",
        "完工日期": "84/2/13",
        "執行情況": "既有",
        "經緯度": "25.072745742078247, 121.6126664537185",
        "Unnamed: 10": null,
        "Unnamed: 11": null,
        "Unnamed: 12": null,
        "Unnamed: 13": null,
        "Unnamed: 14": null,
        "Unnamed: 15": null,
        "Unnamed: 16": null,
        "Unnamed: 17": null,
        "Unnamed: 18": null,
        "Unnamed: 19": null,
        "Unnamed: 20": null,
        "Unnamed: 21": null
      },
      "geometry": {
        "type": "Polygon",
        "coordinates": [
          [
            [
              121.6125664537185,
              25.072645742078247
            ],
            [
              121.6127664537185,
              25.072645742078247
            ],
            [
              121.6127664537185,
              25.072845742078247
            ],
            [
              121.6125664537185,
              25.072845742078247
            ],
            [
              121.6125664537185,
              25.072645742078247
            ]
          ]
        ]
      }
    },
    {
      "type": "Feature",
      "properties": {
        "縣市": "臺北市",
        "案名": "貿三出租國宅",
        "詳細地址": "114臺北市內湖區內湖路三段60巷",
        "興辦主體": "臺北市政府",
        "戶數": 114,
        "工程決標日期": "-",
        "開工日期": "-",
        "完工日期": "73/3/14",
        "執行情況": "既有",
        "經緯度": "25.08704312761256, 121.5923368960469",
        "Unnamed: 10": null,
        "Unnamed: 11": null,
        "Unnamed: 12": null,
        "Unnamed: 13": null,
        "Unnamed: 14": null,
        "Unnamed: 15": null,
        "Unnamed: 16": null,
        "Unnamed: 17": null,
        "Unnamed: 18": null,
        "Unnamed: 19": null,
        "Unnamed: 20": null,
        "Unnamed: 21": null
      },
      "geometry": {
        "type": "Polygon",
        "coordinates": [
          [
            [
              121.5922368960469,
              25.08694312761256
            ],
            [
              121.5924368960469,
              25.08694312761256
            ],
            [
              121.5924368960469,
              25.08714312761256
            ],
            [
              121.5922368960469,
              25.08714312761256
            ],
            [
              121.5922368960469,
              25.08694312761256
            ]
          ]
        ]
      }
    },
    {
      "type": "Feature",
      "properties": {
        "縣市": "臺北市",
        "案名": "港墘聯開宅",
        "詳細地址": "114臺北市內湖區內湖路一段659號",
        "興辦主體": "臺北市政府",
        "戶數": 2,
        "工程決標日期": "-",
        "開工日期": "98/4/14",
        "完工日期": "99/11/23",
        "執行情況": "既有",
        "經緯度": "25.08019661234184, 121.57554318255477",
        "Unnamed: 10": null,
        "Unnamed: 11": null,
        "Unnamed: 12": null,
        "Unnamed: 13": null,
        "Unnamed: 14": null,
        "Unnamed: 15": null,
        "Unnamed: 16": null,
        "Unnamed: 17": null,
        "Unnamed: 18": null,
        "Unnamed: 19": null,
        "Unnamed: 20": null,
        "Unnamed: 21": null
      },
      "geometry": {
        "type": "Polygon",
        "coordinates": [
          [
            [
              121.57544318255476,
              25.08009661234184
            ],
            [
              121.57564318255477,
              25.08009661234184
            ],
            [
              121.57564318255477,
              25.08029661234184
            ],
            [
              121.57544318255476,
              25.08029661234184
            ],
            [
              121.57544318255476,
              25.08009661234184
            ]
          ]
        ]
      }
    },
    {
      "type": "Feature",
      "properties": {
        "縣市": "臺北市",
        "案名": "延平出租國宅",
        "詳細地址": "111臺北市士林區延平北路五段1巷36號-40號",
        "興辦主體": "臺北市政府",
        "戶數": 42,
        "工程決標日期": "-",
        "開工日期": "-",
        "完工日期": "89/12/11",
        "執行情況": "既有",
        "經緯度": "25.07890330830794, 121.51000699419441",
        "Unnamed: 10": null,
        "Unnamed: 11": null,
        "Unnamed: 12": null,
        "Unnamed: 13": null,
        "Unnamed: 14": null,
        "Unnamed: 15": null,
        "Unnamed: 16": null,
        "Unnamed: 17": null,
        "Unnamed: 18": null,
        "Unnamed: 19": null,
        "Unnamed: 20": null,
        "Unnamed: 21": null
      },
      "geometry": {
        "type": "Polygon",
        "coordinates": [
          [
            [
              121.50990699419441,
              25.07880330830794
            ],
            [
              121.51010699419442,
              25.07880330830794
            ],
            [
              121.51010699419442,
              25.07900330830794
            ],
            [
              121.50990699419441,
              25.07900330830794
            ],
            [
              121.50990699419441,
              25.07880330830794
            ]
          ]
        ]
      }
    },
    {
      "type": "Feature",
      "properties": {
        "縣市": "臺北市",
        "案名": "永平中繼住宅",
        "詳細地址": "臺北市士林區延平北路六段261巷2、2-1、2-2、2-3號",
        "興辦主體": "臺北市政府",
        "戶數": 37,
        "工程決標日期": "-",
        "開工日期": "78/8/10",
        "完工日期": "93/12/15",
        "執行情況": "既有",
        "經緯度": "25.088498860863567, 121.50359715001461",
        "Unnamed: 10": null,
        "Unnamed: 11": null,
        "Unnamed: 12": null,
        "Unnamed: 13": null,
        "Unnamed: 14": null,
        "Unnamed: 15": null,
        "Unnamed: 16": null,
        "Unnamed: 17": null,
        "Unnamed: 18": null,
        "Unnamed: 19": null,
        "Unnamed: 20": null,
        "Unnamed: 21": null
      },
      "geometry": {
        "type": "Polygon",
        "coordinates": [
          [
            [
              121.50349715001461,
              25.088398860863567
            ],
            [
              121.50369715001462,
              25.088398860863567
            ],
            [
              121.50369715001462,
              25.088598860863566
            ],
            [
              121.50349715001461,
              25.088598860863566
            ],
            [
              121.50349715001461,
              25.088398860863567
            ]
          ]
        ]
      }
    },
    {
      "type": "Feature",
      "properties": {
        "縣市": "臺北市",
        "案名": "永平社會住宅",
        "詳細地址": "111臺北市士林區延平北路六段261巷2號",
        "興辦主體": "臺北市政府",
        "戶數": 51,
        "工程決標日期": "-",
        "開工日期": "89/8/10",
        "完工日期": "93/12/23",
        "執行情況": "既有",
        "經緯度": "25.0888605,121.5035895",
        "Unnamed: 10": null,
        "Unnamed: 11": null,
        "Unnamed: 12": null,
        "Unnamed: 13": null,
        "Unnamed: 14": null,
        "Unnamed: 15": null,
        "Unnamed: 16": null,
        "Unnamed: 17": null,
        "Unnamed: 18": null,
        "Unnamed: 19": null,
        "Unnamed: 20": null,
        "Unnamed: 21": null
      },
      "geometry": {
        "type": "Polygon",
        "coordinates": [
          [
            [
              121.5034895,
              25.0887605
            ],
            [
              121.50368950000001,
              25.0887605
            ],
            [
              121.50368950000001,
              25.0889605
            ],
            [
              121.5034895,
              25.0889605
            ],
            [
              121.5034895,
              25.0887605
            ]
          ]
        ]
      }
    },
    {
      "type": "Feature",
      "properties": {
        "縣市": "臺北市",
        "案名": "臺北市陽明老人公寓",
        "詳細地址": "111台灣臺北市士林區格致路7號3樓",
        "興辦主體": "臺北市政府",
        "戶數": 97,
        "工程決標日期": "83/12/31",
        "開工日期": "84/4/30",
        "完工日期": "86/12/31",
        "執行情況": "既有",
        "經緯度": "25.136332,121.5461429",
        "Unnamed: 10": null,
        "Unnamed: 11": null,
        "Unnamed: 12": null,
        "Unnamed: 13": null,
        "Unnamed: 14": null,
        "Unnamed: 15": null,
        "Unnamed: 16": null,
        "Unnamed: 17": null,
        "Unnamed: 18": null,
        "Unnamed: 19": null,
        "Unnamed: 20": null,
        "Unnamed: 21": null
      },
      "geometry": {
        "type": "Polygon",
        "coordinates": [
          [
            [
              121.5460429,
              25.136232
            ],
            [
              121.54624290000001,
              25.136232
            ],
            [
              121.54624290000001,
              25.136432
            ],
            [
              121.5460429,
              25.136432
            ],
            [
              121.5460429,
              25.136232
            ]
          ]
        ]
      }
    },
    {
      "type": "Feature",
      "properties": {
        "縣市": "臺北市",
        "案名": "奇岩出租國宅",
        "詳細地址": "臺北市北投區磺港路269號、271號",
        "興辦主體": "臺北市政府",
        "戶數": 72,
        "工程決標日期": "-",
        "開工日期": "-",
        "完工日期": "69/12/16",
        "執行情況": "既有",
        "經緯度": "25.12297726680814, 121.50325396536057",
        "Unnamed: 10": null,
        "Unnamed: 11": null,
        "Unnamed: 12": null,
        "Unnamed: 13": null,
        "Unnamed: 14": null,
        "Unnamed: 15": null,
        "Unnamed: 16": null,
        "Unnamed: 17": null,
        "Unnamed: 18": null,
        "Unnamed: 19": null,
        "Unnamed: 20": null,
        "Unnamed: 21": null
      },
      "geometry": {
        "type": "Polygon",
        "coordinates": [
          [
            [
              121.50315396536057,
              25.12287726680814
            ],
            [
              121.50335396536057,
              25.12287726680814
            ],
            [
              121.50335396536057,
              25.12307726680814
            ],
            [
              121.50315396536057,
              25.12307726680814
            ],
            [
              121.50315396536057,
              25.12287726680814
            ]
          ]
        ]
      }
    },
    {
      "type": "Feature",
      "properties": {
        "縣市": "臺北市",
        "案名": "大同之家",
        "詳細地址": "台北市北投區東昇路12巷",
        "興辦主體": "臺北市政府",
        "戶數": 60,
        "工程決標日期": "-",
        "開工日期": "-",
        "完工日期": "60/1/1",
        "執行情況": "既有",
        "經緯度": "25.145793,121.522926",
        "Unnamed: 10": null,
        "Unnamed: 11": null,
        "Unnamed: 12": null,
        "Unnamed: 13": null,
        "Unnamed: 14": null,
        "Unnamed: 15": null,
        "Unnamed: 16": null,
        "Unnamed: 17": null,
        "Unnamed: 18": null,
        "Unnamed: 19": null,
        "Unnamed: 20": null,
        "Unnamed: 21": null
      },
      "geometry": {
        "type": "Polygon",
        "coordinates": [
          [
            [
              121.522826,
              25.145693
            ],
            [
              121.523026,
              25.145693
            ],
            [
              121.523026,
              25.145893
            ],
            [
              121.522826,
              25.145893
            ],
            [
              121.522826,
              25.145693
            ]
          ]
        ]
      }
    },
    {
      "type": "Feature",
      "properties": {
        "縣市": "臺北市",
        "案名": "四四東村C出租國宅",
        "詳細地址": "110臺北市信義區吳興街260巷21弄",
        "興辦主體": "臺北市政府",
        "戶數": 30,
        "工程決標日期": "-",
        "開工日期": "-",
        "完工日期": "84/7/10",
        "執行情況": "既有",
        "經緯度": "25.02527537431395, 121.56365575581611",
        "Unnamed: 10": null,
        "Unnamed: 11": null,
        "Unnamed: 12": null,
        "Unnamed: 13": null,
        "Unnamed: 14": null,
        "Unnamed: 15": null,
        "Unnamed: 16": null,
        "Unnamed: 17": null,
        "Unnamed: 18": null,
        "Unnamed: 19": null,
        "Unnamed: 20": null,
        "Unnamed: 21": null
      },
      "geometry": {
        "type": "Polygon",
        "coordinates": [
          [
            [
              121.56355575581611,
              25.02517537431395
            ],
            [
              121.56375575581612,
              25.02517537431395
            ],
            [
              121.56375575581612,
              25.02537537431395
            ],
            [
              121.56355575581611,
              25.02537537431395
            ],
            [
              121.56355575581611,
              25.02517537431395
            ]
          ]
        ]
      }
    },
    {
      "type": "Feature",
      "properties": {
        "縣市": "臺北市",
        "案名": "健康社會住宅",
        "詳細地址": "105台灣臺北市松山區健康路285號",
        "興辦主體": "臺北市政府",
        "戶數": 507,
        "工程決標日期": "103/10/14",
        "開工日期": "103/12/17",
        "完工日期": "106/12/26",
        "執行情況": "新完工",
        "經緯度": "25.0545688,121.5641998",
        "Unnamed: 10": null,
        "Unnamed: 11": null,
        "Unnamed: 12": null,
        "Unnamed: 13": null,
        "Unnamed: 14": null,
        "Unnamed: 15": null,
        "Unnamed: 16": null,
        "Unnamed: 17": null,
        "Unnamed: 18": null,
        "Unnamed: 19": null,
        "Unnamed: 20": null,
        "Unnamed: 21": null
      },
      "geometry": {
        "type": "Polygon",
        "coordinates": [
          [
            [
              121.5640998,
              25.0544688
            ],
            [
              121.5642998,
              25.0544688
            ],
            [
              121.5642998,
              25.054668799999998
            ],
            [
              121.5640998,
              25.054668799999998
            ],
            [
              121.5640998,
              25.0544688
            ]
          ]
        ]
      }
    },
    {
      "type": "Feature",
      "properties": {
        "縣市": "臺北市",
        "案名": "臺北市大安區懷生段二小段16地號等6筆土地都市更新案",
        "詳細地址": null,
        "興辦主體": "中央(住都中心)",
        "戶數": 2,
        "工程決標日期": "-",
        "開工日期": "106/7/11",
        "完工日期": "111/3/24",
        "執行情況": "新完工",
        "經緯度": "25.041326,121.542672",
        "Unnamed: 10": null,
        "Unnamed: 11": null,
        "Unnamed: 12": null,
        "Unnamed: 13": null,
        "Unnamed: 14": null,
        "Unnamed: 15": null,
        "Unnamed: 16": null,
        "Unnamed: 17": null,
        "Unnamed: 18": null,
        "Unnamed: 19": null,
        "Unnamed: 20": null,
        "Unnamed: 21": null
      },
      "geometry": {
        "type": "Polygon",
        "coordinates": [
          [
            [
              121.54257199999999,
              25.041226
            ],
            [
              121.542772,
              25.041226
            ],
            [
              121.542772,
              25.041426
            ],
            [
              121.54257199999999,
              25.041426
            ],
            [
              121.54257199999999,
              25.041226
            ]
          ]
        ]
      }
    },
    {
      "type": "Feature",
      "properties": {
        "縣市": "臺北市",
        "案名": "國產署包租案件-113年第2批(臺北市)01",
        "詳細地址": null,
        "興辦主體": "中央(財政部國有財產署)",
        "戶數": 7,
        "工程決標日期": "113/4/1",
        "開工日期": "113/4/1",
        "完工日期": "113/4/1",
        "執行情況": "新完工",
        "經緯度": "25.022973,121.529455",
        "Unnamed: 10": null,
        "Unnamed: 11": null,
        "Unnamed: 12": null,
        "Unnamed: 13": null,
        "Unnamed: 14": null,
        "Unnamed: 15": null,
        "Unnamed: 16": null,
        "Unnamed: 17": null,
        "Unnamed: 18": null,
        "Unnamed: 19": null,
        "Unnamed: 20": null,
        "Unnamed: 21": null
      },
      "geometry": {
        "type": "Polygon",
        "coordinates": [
          [
            [
              121.529355,
              25.022873
            ],
            [
              121.529555,
              25.022873
            ],
            [
              121.529555,
              25.023073
            ],
            [
              121.529355,
              25.023073
            ],
            [
              121.529355,
              25.022873
            ]
          ]
        ]
      }
    },
    {
      "type": "Feature",
      "properties": {
        "縣市": "臺北市",
        "案名": "國產署包租案件-113年第2批(臺北市)02",
        "詳細地址": null,
        "興辦主體": "中央(財政部國有財產署)",
        "戶數": 7,
        "工程決標日期": "113/4/1",
        "開工日期": "113/4/1",
        "完工日期": "113/4/1",
        "執行情況": "新完工",
        "經緯度": "25.025229,121.529635",
        "Unnamed: 10": null,
        "Unnamed: 11": null,
        "Unnamed: 12": null,
        "Unnamed: 13": null,
        "Unnamed: 14": null,
        "Unnamed: 15": null,
        "Unnamed: 16": null,
        "Unnamed: 17": null,
        "Unnamed: 18": null,
        "Unnamed: 19": null,
        "Unnamed: 20": null,
        "Unnamed: 21": null
      },
      "geometry": {
        "type": "Polygon",
        "coordinates": [
          [
            [
              121.529535,
              25.025129
            ],
            [
              121.529735,
              25.025129
            ],
            [
              121.529735,
              25.025329
            ],
            [
              121.529535,
              25.025329
            ],
            [
              121.529535,
              25.025129
            ]
          ]
        ]
      }
    },
    {
      "type": "Feature",
      "properties": {
        "縣市": "臺北市",
        "案名": "臺北市中正區中正段一小段66地號等10筆(原11筆)土地都市更新案",
        "詳細地址": null,
        "興辦主體": "中央(住都中心)",
        "戶數": 12,
        "工程決標日期": "107/7/18",
        "開工日期": "108/3/19",
        "完工日期": "112/3/28",
        "執行情況": "新完工",
        "經緯度": "25.039134,121.526964",
        "Unnamed: 10": null,
        "Unnamed: 11": null,
        "Unnamed: 12": null,
        "Unnamed: 13": null,
        "Unnamed: 14": null,
        "Unnamed: 15": null,
        "Unnamed: 16": null,
        "Unnamed: 17": null,
        "Unnamed: 18": null,
        "Unnamed: 19": null,
        "Unnamed: 20": null,
        "Unnamed: 21": null
      },
      "geometry": {
        "type": "Polygon",
        "coordinates": [
          [
            [
              121.526864,
              25.039034
            ],
            [
              121.52706400000001,
              25.039034
            ],
            [
              121.52706400000001,
              25.039234
            ],
            [
              121.526864,
              25.039234
            ],
            [
              121.526864,
              25.039034
            ]
          ]
        ]
      }
    },
    {
      "type": "Feature",
      "properties": {
        "縣市": "臺北市",
        "案名": "國產署包租案件-113年第4批(臺北市)",
        "詳細地址": null,
        "興辦主體": "中央(財政部國有財產署)",
        "戶數": 10,
        "工程決標日期": "113/10/1",
        "開工日期": "113/10/1",
        "完工日期": "113/10/1",
        "執行情況": "新完工",
        "經緯度": "25.015908,121.531574",
        "Unnamed: 10": null,
        "Unnamed: 11": null,
        "Unnamed: 12": null,
        "Unnamed: 13": null,
        "Unnamed: 14": null,
        "Unnamed: 15": null,
        "Unnamed: 16": null,
        "Unnamed: 17": null,
        "Unnamed: 18": null,
        "Unnamed: 19": null,
        "Unnamed: 20": null,
        "Unnamed: 21": null
      },
      "geometry": {
        "type": "Polygon",
        "coordinates": [
          [
            [
              121.531474,
              25.015808
            ],
            [
              121.53167400000001,
              25.015808
            ],
            [
              121.53167400000001,
              25.016008
            ],
            [
              121.531474,
              25.016008
            ],
            [
              121.531474,
              25.015808
            ]
          ]
        ]
      }
    },
    {
      "type": "Feature",
      "properties": {
        "縣市": "臺北市",
        "案名": "國產署包租案件-113年第3批(臺北市)",
        "詳細地址": null,
        "興辦主體": "中央(財政部國有財產署)",
        "戶數": 20,
        "工程決標日期": "113/7/1",
        "開工日期": "113/7/1",
        "完工日期": "113/7/1",
        "執行情況": "新完工",
        "經緯度": "25.026105,121.511608",
        "Unnamed: 10": null,
        "Unnamed: 11": null,
        "Unnamed: 12": null,
        "Unnamed: 13": null,
        "Unnamed: 14": null,
        "Unnamed: 15": null,
        "Unnamed: 16": null,
        "Unnamed: 17": null,
        "Unnamed: 18": null,
        "Unnamed: 19": null,
        "Unnamed: 20": null,
        "Unnamed: 21": null
      },
      "geometry": {
        "type": "Polygon",
        "coordinates": [
          [
            [
              121.51150799999999,
              25.026005
            ],
            [
              121.511708,
              25.026005
            ],
            [
              121.511708,
              25.026205
            ],
            [
              121.51150799999999,
              25.026205
            ],
            [
              121.51150799999999,
              25.026005
            ]
          ]
        ]
      }
    },
    {
      "type": "Feature",
      "properties": {
        "縣市": "臺北市",
        "案名": "萬華青年社會住宅1區",
        "詳細地址": "108台灣臺北市萬華區青年路188號",
        "興辦主體": "臺北市政府",
        "戶數": 273,
        "工程決標日期": "104/11/11",
        "開工日期": "105/2/18",
        "完工日期": "107/12/22",
        "執行情況": "新完工",
        "經緯度": "25.0201449,121.5036806",
        "Unnamed: 10": null,
        "Unnamed: 11": null,
        "Unnamed: 12": null,
        "Unnamed: 13": null,
        "Unnamed: 14": null,
        "Unnamed: 15": null,
        "Unnamed: 16": null,
        "Unnamed: 17": null,
        "Unnamed: 18": null,
        "Unnamed: 19": null,
        "Unnamed: 20": null,
        "Unnamed: 21": null
      },
      "geometry": {
        "type": "Polygon",
        "coordinates": [
          [
            [
              121.50358059999999,
              25.0200449
            ],
            [
              121.5037806,
              25.0200449
            ],
            [
              121.5037806,
              25.020244899999998
            ],
            [
              121.50358059999999,
              25.020244899999998
            ],
            [
              121.50358059999999,
              25.0200449
            ]
          ]
        ]
      }
    },
    {
      "type": "Feature",
      "properties": {
        "縣市": "臺北市",
        "案名": "萬華青年社會住宅2區",
        "詳細地址": "108台灣臺北市萬華區青年路180號",
        "興辦主體": "臺北市政府",
        "戶數": 518,
        "工程決標日期": "106/4/21",
        "開工日期": "106/7/17",
        "完工日期": "112/11/30",
        "執行情況": "新完工",
        "經緯度": "25.0205671,121.5031454",
        "Unnamed: 10": null,
        "Unnamed: 11": null,
        "Unnamed: 12": null,
        "Unnamed: 13": null,
        "Unnamed: 14": null,
        "Unnamed: 15": null,
        "Unnamed: 16": null,
        "Unnamed: 17": null,
        "Unnamed: 18": null,
        "Unnamed: 19": null,
        "Unnamed: 20": null,
        "Unnamed: 21": null
      },
      "geometry": {
        "type": "Polygon",
        "coordinates": [
          [
            [
              121.50304539999999,
              25.0204671
            ],
            [
              121.5032454,
              25.0204671
            ],
            [
              121.5032454,
              25.0206671
            ],
            [
              121.50304539999999,
              25.0206671
            ],
            [
              121.50304539999999,
              25.0204671
            ]
          ]
        ]
      }
    },
    {
      "type": "Feature",
      "properties": {
        "縣市": "臺北市",
        "案名": "莒光社會住宅",
        "詳細地址": "108台灣臺北市萬華區萬大路22號",
        "興辦主體": "臺北市政府",
        "戶數": 201,
        "工程決標日期": "106/10/3",
        "開工日期": "106/12/28",
        "完工日期": "111/6/14",
        "執行情況": "新完工",
        "經緯度": "25.0318047,121.500225",
        "Unnamed: 10": null,
        "Unnamed: 11": null,
        "Unnamed: 12": null,
        "Unnamed: 13": null,
        "Unnamed: 14": null,
        "Unnamed: 15": null,
        "Unnamed: 16": null,
        "Unnamed: 17": null,
        "Unnamed: 18": null,
        "Unnamed: 19": null,
        "Unnamed: 20": null,
        "Unnamed: 21": null
      },
      "geometry": {
        "type": "Polygon",
        "coordinates": [
          [
            [
              121.500125,
              25.0317047
            ],
            [
              121.500325,
              25.0317047
            ],
            [
              121.500325,
              25.0319047
            ],
            [
              121.500125,
              25.0319047
            ],
            [
              121.500125,
              25.0317047
            ]
          ]
        ]
      }
    },
    {
      "type": "Feature",
      "properties": {
        "縣市": "臺北市",
        "案名": "福星社會住宅",
        "詳細地址": "108台灣臺北市萬華區開封街二段39號",
        "興辦主體": "臺北市政府",
        "戶數": 255,
        "工程決標日期": "108/3/25",
        "開工日期": "108/10/23",
        "完工日期": "112/6/27",
        "執行情況": "新完工",
        "經緯度": "25.0469825,121.5063531",
        "Unnamed: 10": null,
        "Unnamed: 11": null,
        "Unnamed: 12": null,
        "Unnamed: 13": null,
        "Unnamed: 14": null,
        "Unnamed: 15": null,
        "Unnamed: 16": null,
        "Unnamed: 17": null,
        "Unnamed: 18": null,
        "Unnamed: 19": null,
        "Unnamed: 20": null,
        "Unnamed: 21": null
      },
      "geometry": {
        "type": "Polygon",
        "coordinates": [
          [
            [
              121.5062531,
              25.0468825
            ],
            [
              121.5064531,
              25.0468825
            ],
            [
              121.5064531,
              25.0470825
            ],
            [
              121.5062531,
              25.0470825
            ],
            [
              121.5062531,
              25.0468825
            ]
          ]
        ]
      }
    },
    {
      "type": "Feature",
      "properties": {
        "縣市": "臺北市",
        "案名": "臺北市萬華區漢中段三小段24地號等39筆土地都市更新案",
        "詳細地址": null,
        "興辦主體": "中央(住都中心)",
        "戶數": 4,
        "工程決標日期": "-",
        "開工日期": "107/8/8",
        "完工日期": "111/7/26",
        "執行情況": "新完工",
        "經緯度": "25.038906,121.505607",
        "Unnamed: 10": null,
        "Unnamed: 11": null,
        "Unnamed: 12": null,
        "Unnamed: 13": null,
        "Unnamed: 14": null,
        "Unnamed: 15": null,
        "Unnamed: 16": null,
        "Unnamed: 17": null,
        "Unnamed: 18": null,
        "Unnamed: 19": null,
        "Unnamed: 20": null,
        "Unnamed: 21": null
      },
      "geometry": {
        "type": "Polygon",
        "coordinates": [
          [
            [
              121.505507,
              25.038806
            ],
            [
              121.505707,
              25.038806
            ],
            [
              121.505707,
              25.039006
            ],
            [
              121.505507,
              25.039006
            ],
            [
              121.505507,
              25.038806
            ]
          ]
        ]
      }
    },
    {
      "type": "Feature",
      "properties": {
        "縣市": "臺北市",
        "案名": "臺北市萬華區萬大段一小段519-2地號等35筆土地都市更新案",
        "詳細地址": null,
        "興辦主體": "中央(住都中心)",
        "戶數": 1,
        "工程決標日期": "-",
        "開工日期": "109/2/1",
        "完工日期": "112/12/18",
        "執行情況": "新完工",
        "經緯度": "25.025718,121.497392",
        "Unnamed: 10": null,
        "Unnamed: 11": null,
        "Unnamed: 12": null,
        "Unnamed: 13": null,
        "Unnamed: 14": null,
        "Unnamed: 15": null,
        "Unnamed: 16": null,
        "Unnamed: 17": null,
        "Unnamed: 18": null,
        "Unnamed: 19": null,
        "Unnamed: 20": null,
        "Unnamed: 21": null
      },
      "geometry": {
        "type": "Polygon",
        "coordinates": [
          [
            [
              121.497292,
              25.025618
            ],
            [
              121.49749200000001,
              25.025618
            ],
            [
              121.49749200000001,
              25.025818
            ],
            [
              121.497292,
              25.025818
            ],
            [
              121.497292,
              25.025618
            ]
          ]
        ]
      }
    },
    {
      "type": "Feature",
      "properties": {
        "縣市": "臺北市",
        "案名": "大橋頭社會住宅",
        "詳細地址": "103台灣臺北市大同區民權西路237-8號",
        "興辦主體": "臺北市政府",
        "戶數": 47,
        "工程決標日期": "-",
        "開工日期": "105/4/7",
        "完工日期": "108/6/25",
        "執行情況": "新完工",
        "經緯度": "25.0631275,121.5118195",
        "Unnamed: 10": null,
        "Unnamed: 11": null,
        "Unnamed: 12": null,
        "Unnamed: 13": null,
        "Unnamed: 14": null,
        "Unnamed: 15": null,
        "Unnamed: 16": null,
        "Unnamed: 17": null,
        "Unnamed: 18": null,
        "Unnamed: 19": null,
        "Unnamed: 20": null,
        "Unnamed: 21": null
      },
      "geometry": {
        "type": "Polygon",
        "coordinates": [
          [
            [
              121.5117195,
              25.0630275
            ],
            [
              121.5119195,
              25.0630275
            ],
            [
              121.5119195,
              25.0632275
            ],
            [
              121.5117195,
              25.0632275
            ],
            [
              121.5117195,
              25.0630275
            ]
          ]
        ]
      }
    },
    {
      "type": "Feature",
      "properties": {
        "縣市": "臺北市",
        "案名": "明倫社會住宅",
        "詳細地址": "103台灣臺北市大同區承德路三段285號",
        "興辦主體": "臺北市政府",
        "戶數": 380,
        "工程決標日期": "106/1/12",
        "開工日期": "106/3/10",
        "完工日期": "109/8/14",
        "執行情況": "新完工",
        "經緯度": "25.0732147,121.5200947",
        "Unnamed: 10": null,
        "Unnamed: 11": null,
        "Unnamed: 12": null,
        "Unnamed: 13": null,
        "Unnamed: 14": null,
        "Unnamed: 15": null,
        "Unnamed: 16": null,
        "Unnamed: 17": null,
        "Unnamed: 18": null,
        "Unnamed: 19": null,
        "Unnamed: 20": null,
        "Unnamed: 21": null
      },
      "geometry": {
        "type": "Polygon",
        "coordinates": [
          [
            [
              121.5199947,
              25.0731147
            ],
            [
              121.5201947,
              25.0731147
            ],
            [
              121.5201947,
              25.0733147
            ],
            [
              121.5199947,
              25.0733147
            ],
            [
              121.5199947,
              25.0731147
            ]
          ]
        ]
      }
    },
    {
      "type": "Feature",
      "properties": {
        "縣市": "臺北市",
        "案名": "斯文社會住宅",
        "詳細地址": "103臺北市大同區大龍街91巷10號",
        "興辦主體": "臺北市政府",
        "戶數": 138,
        "工程決標日期": "107/5/17",
        "開工日期": "107/9/13",
        "完工日期": "111/1/24",
        "執行情況": "新完工",
        "經緯度": "25.067161604241996, 121.51682724232543",
        "Unnamed: 10": null,
        "Unnamed: 11": null,
        "Unnamed: 12": null,
        "Unnamed: 13": null,
        "Unnamed: 14": null,
        "Unnamed: 15": null,
        "Unnamed: 16": null,
        "Unnamed: 17": null,
        "Unnamed: 18": null,
        "Unnamed: 19": null,
        "Unnamed: 20": null,
        "Unnamed: 21": null
      },
      "geometry": {
        "type": "Polygon",
        "coordinates": [
          [
            [
              121.51672724232543,
              25.067061604241996
            ],
            [
              121.51692724232544,
              25.067061604241996
            ],
            [
              121.51692724232544,
              25.067261604241995
            ],
            [
              121.51672724232543,
              25.067261604241995
            ],
            [
              121.51672724232543,
              25.067061604241996
            ]
          ]
        ]
      }
    },
    {
      "type": "Feature",
      "properties": {
        "縣市": "臺北市",
        "案名": "新興社會住宅(新興市場整建)",
        "詳細地址": "10491台灣臺北市中山區林森北路487號",
        "興辦主體": "臺北市政府",
        "戶數": 37,
        "工程決標日期": "-",
        "開工日期": "107/7/16",
        "完工日期": "107/12/7",
        "執行情況": "新完工",
        "經緯度": "25.0613953,121.5261441",
        "Unnamed: 10": null,
        "Unnamed: 11": null,
        "Unnamed: 12": null,
        "Unnamed: 13": null,
        "Unnamed: 14": null,
        "Unnamed: 15": null,
        "Unnamed: 16": null,
        "Unnamed: 17": null,
        "Unnamed: 18": null,
        "Unnamed: 19": null,
        "Unnamed: 20": null,
        "Unnamed: 21": null
      },
      "geometry": {
        "type": "Polygon",
        "coordinates": [
          [
            [
              121.5260441,
              25.0612953
            ],
            [
              121.5262441,
              25.0612953
            ],
            [
              121.5262441,
              25.0614953
            ],
            [
              121.5260441,
              25.0614953
            ],
            [
              121.5260441,
              25.0612953
            ]
          ]
        ]
      }
    },
    {
      "type": "Feature",
      "properties": {
        "縣市": "臺北市",
        "案名": "臺北市中山區德惠段二小段813-1地號等6筆土地都市更新案",
        "詳細地址": null,
        "興辦主體": "中央(住都中心)",
        "戶數": 1,
        "工程決標日期": "-",
        "開工日期": "109/4/24",
        "完工日期": "112/2/3",
        "執行情況": "新完工",
        "經緯度": "25.063206,121.531383",
        "Unnamed: 10": null,
        "Unnamed: 11": null,
        "Unnamed: 12": null,
        "Unnamed: 13": null,
        "Unnamed: 14": null,
        "Unnamed: 15": null,
        "Unnamed: 16": null,
        "Unnamed: 17": null,
        "Unnamed: 18": null,
        "Unnamed: 19": null,
        "Unnamed: 20": null,
        "Unnamed: 21": null
      },
      "geometry": {
        "type": "Polygon",
        "coordinates": [
          [
            [
              121.531283,
              25.063106
            ],
            [
              121.53148300000001,
              25.063106
            ],
            [
              121.53148300000001,
              25.063306
            ],
            [
              121.531283,
              25.063306
            ],
            [
              121.531283,
              25.063106
            ]
          ]
        ]
      }
    },
    {
      "type": "Feature",
      "properties": {
        "縣市": "臺北市",
        "案名": "北安都更分回戶",
        "詳細地址": "104臺北市中山區劍南路605號",
        "興辦主體": "臺北市政府",
        "戶數": 44,
        "工程決標日期": "-",
        "開工日期": "108/4/25",
        "完工日期": "113/4/24",
        "執行情況": "新完工",
        "經緯度": "25.08667997460217, 121.55590781534185",
        "Unnamed: 10": null,
        "Unnamed: 11": null,
        "Unnamed: 12": null,
        "Unnamed: 13": null,
        "Unnamed: 14": null,
        "Unnamed: 15": null,
        "Unnamed: 16": null,
        "Unnamed: 17": null,
        "Unnamed: 18": null,
        "Unnamed: 19": null,
        "Unnamed: 20": null,
        "Unnamed: 21": null
      },
      "geometry": {
        "type": "Polygon",
        "coordinates": [
          [
            [
              121.55580781534185,
              25.08657997460217
            ],
            [
              121.55600781534186,
              25.08657997460217
            ],
            [
              121.55600781534186,
              25.08677997460217
            ],
            [
              121.55580781534185,
              25.08677997460217
            ],
            [
              121.55580781534185,
              25.08657997460217
            ]
          ]
        ]
      }
    },
    {
      "type": "Feature",
      "properties": {
        "縣市": "臺北市",
        "案名": "興隆社會住宅D2區",
        "詳細地址": "116台灣臺北市文山區興隆路四段105巷45號",
        "興辦主體": "臺北市政府",
        "戶數": 510,
        "工程決標日期": "103/4/16",
        "開工日期": "103/11/13",
        "完工日期": "107/5/9",
        "執行情況": "新完工",
        "經緯度": "24.9880198,121.5627746",
        "Unnamed: 10": null,
        "Unnamed: 11": null,
        "Unnamed: 12": null,
        "Unnamed: 13": null,
        "Unnamed: 14": null,
        "Unnamed: 15": null,
        "Unnamed: 16": null,
        "Unnamed: 17": null,
        "Unnamed: 18": null,
        "Unnamed: 19": null,
        "Unnamed: 20": null,
        "Unnamed: 21": null
      },
      "geometry": {
        "type": "Polygon",
        "coordinates": [
          [
            [
              121.5626746,
              24.9879198
            ],
            [
              121.5628746,
              24.9879198
            ],
            [
              121.5628746,
              24.9881198
            ],
            [
              121.5626746,
              24.9881198
            ],
            [
              121.5626746,
              24.9879198
            ]
          ]
        ]
      }
    },
    {
      "type": "Feature",
      "properties": {
        "縣市": "臺北市",
        "案名": "木柵社會住宅",
        "詳細地址": "116台灣臺北市文山區久康街24巷36號",
        "興辦主體": "臺北市政府",
        "戶數": 119,
        "工程決標日期": "106/5/17",
        "開工日期": "106/8/17",
        "完工日期": "109/4/27",
        "執行情況": "新完工",
        "經緯度": "24.989228,121.566365",
        "Unnamed: 10": null,
        "Unnamed: 11": null,
        "Unnamed: 12": null,
        "Unnamed: 13": null,
        "Unnamed: 14": null,
        "Unnamed: 15": null,
        "Unnamed: 16": null,
        "Unnamed: 17": null,
        "Unnamed: 18": null,
        "Unnamed: 19": null,
        "Unnamed: 20": null,
        "Unnamed: 21": null
      },
      "geometry": {
        "type": "Polygon",
        "coordinates": [
          [
            [
              121.566265,
              24.989128
            ],
            [
              121.56646500000001,
              24.989128
            ],
            [
              121.56646500000001,
              24.989328
            ],
            [
              121.566265,
              24.989328
            ],
            [
              121.566265,
              24.989128
            ]
          ]
        ]
      }
    },
    {
      "type": "Feature",
      "properties": {
        "縣市": "臺北市",
        "案名": "樟新水岸社會住宅",
        "詳細地址": "116台灣臺北市文山區樟新街65號&67號",
        "興辦主體": "臺北市政府",
        "戶數": 192,
        "工程決標日期": "108/4/18",
        "開工日期": "108/12/18",
        "完工日期": "113/8/12",
        "執行情況": "新完工",
        "經緯度": "24.977541,121.556114",
        "Unnamed: 10": null,
        "Unnamed: 11": null,
        "Unnamed: 12": null,
        "Unnamed: 13": null,
        "Unnamed: 14": null,
        "Unnamed: 15": null,
        "Unnamed: 16": null,
        "Unnamed: 17": null,
        "Unnamed: 18": null,
        "Unnamed: 19": null,
        "Unnamed: 20": null,
        "Unnamed: 21": null
      },
      "geometry": {
        "type": "Polygon",
        "coordinates": [
          [
            [
              121.55601399999999,
              24.977441
            ],
            [
              121.556214,
              24.977441
            ],
            [
              121.556214,
              24.977641
            ],
            [
              121.55601399999999,
              24.977641
            ],
            [
              121.55601399999999,
              24.977441
            ]
          ]
        ]
      }
    },
    {
      "type": "Feature",
      "properties": {
        "縣市": "臺北市",
        "案名": "和興水岸社會住宅",
        "詳細地址": "116台灣臺北市文山區和興路88號",
        "興辦主體": "臺北市政府",
        "戶數": 174,
        "工程決標日期": "108/4/19",
        "開工日期": "108/11/26",
        "完工日期": "112/8/14",
        "執行情況": "新完工",
        "經緯度": "24.9850552,121.5493036",
        "Unnamed: 10": null,
        "Unnamed: 11": null,
        "Unnamed: 12": null,
        "Unnamed: 13": null,
        "Unnamed: 14": null,
        "Unnamed: 15": null,
        "Unnamed: 16": null,
        "Unnamed: 17": null,
        "Unnamed: 18": null,
        "Unnamed: 19": null,
        "Unnamed: 20": null,
        "Unnamed: 21": null
      },
      "geometry": {
        "type": "Polygon",
        "coordinates": [
          [
            [
              121.5492036,
              24.9849552
            ],
            [
              121.5494036,
              24.9849552
            ],
            [
              121.5494036,
              24.9851552
            ],
            [
              121.5492036,
              24.9851552
            ],
            [
              121.5492036,
              24.9849552
            ]
          ]
        ]
      }
    },
    {
      "type": "Feature",
      "properties": {
        "縣市": "臺北市",
        "案名": "興隆A區社會住宅",
        "詳細地址": "116台灣臺北市文山區興隆路四段42巷1號",
        "興辦主體": "臺北市政府",
        "戶數": 340,
        "工程決標日期": "108/2/20",
        "開工日期": "108/7/1",
        "完工日期": "113/7/28",
        "執行情況": "新完工",
        "經緯度": "24.9880739,121.560083",
        "Unnamed: 10": null,
        "Unnamed: 11": null,
        "Unnamed: 12": null,
        "Unnamed: 13": null,
        "Unnamed: 14": null,
        "Unnamed: 15": null,
        "Unnamed: 16": null,
        "Unnamed: 17": null,
        "Unnamed: 18": null,
        "Unnamed: 19": null,
        "Unnamed: 20": null,
        "Unnamed: 21": null
      },
      "geometry": {
        "type": "Polygon",
        "coordinates": [
          [
            [
              121.559983,
              24.9879739
            ],
            [
              121.56018300000001,
              24.9879739
            ],
            [
              121.56018300000001,
              24.9881739
            ],
            [
              121.559983,
              24.9881739
            ],
            [
              121.559983,
              24.9879739
            ]
          ]
        ]
      }
    },
    {
      "type": "Feature",
      "properties": {
        "縣市": "臺北市",
        "案名": "興隆E區社會住宅",
        "詳細地址": "116台灣臺北市文山區興隆路四段42巷11號",
        "興辦主體": "臺北市政府",
        "戶數": 263,
        "工程決標日期": "108/3/15",
        "開工日期": "108/7/1",
        "完工日期": "114/3/31",
        "執行情況": "新完工",
        "經緯度": "24.9881615,121.5589181",
        "Unnamed: 10": null,
        "Unnamed: 11": null,
        "Unnamed: 12": null,
        "Unnamed: 13": null,
        "Unnamed: 14": null,
        "Unnamed: 15": null,
        "Unnamed: 16": null,
        "Unnamed: 17": null,
        "Unnamed: 18": null,
        "Unnamed: 19": null,
        "Unnamed: 20": null,
        "Unnamed: 21": null
      },
      "geometry": {
        "type": "Polygon",
        "coordinates": [
          [
            [
              121.5588181,
              24.9880615
            ],
            [
              121.5590181,
              24.9880615
            ],
            [
              121.5590181,
              24.9882615
            ],
            [
              121.5588181,
              24.9882615
            ],
            [
              121.5588181,
              24.9880615
            ]
          ]
        ]
      }
    },
    {
      "type": "Feature",
      "properties": {
        "縣市": "臺北市",
        "案名": "臺北市文山區萬隆段二小段519地號等23筆土地都市更新案",
        "詳細地址": null,
        "興辦主體": "中央(住都中心)",
        "戶數": 40,
        "工程決標日期": "-",
        "開工日期": "107/7/16",
        "完工日期": "112/4/20",
        "執行情況": "新完工",
        "經緯度": "25.000490,121.535609",
        "Unnamed: 10": null,
        "Unnamed: 11": null,
        "Unnamed: 12": null,
        "Unnamed: 13": null,
        "Unnamed: 14": null,
        "Unnamed: 15": null,
        "Unnamed: 16": null,
        "Unnamed: 17": null,
        "Unnamed: 18": null,
        "Unnamed: 19": null,
        "Unnamed: 20": null,
        "Unnamed: 21": null
      },
      "geometry": {
        "type": "Polygon",
        "coordinates": [
          [
            [
              121.53550899999999,
              25.00039
            ],
            [
              121.535709,
              25.00039
            ],
            [
              121.535709,
              25.00059
            ],
            [
              121.53550899999999,
              25.00059
            ],
            [
              121.53550899999999,
              25.00039
            ]
          ]
        ]
      }
    },
    {
      "type": "Feature",
      "properties": {
        "縣市": "臺北市",
        "案名": "臺北市文山區興安段四小段122地號等27筆土地都市更新案",
        "詳細地址": null,
        "興辦主體": "中央(住都中心)",
        "戶數": 12,
        "工程決標日期": "-",
        "開工日期": "108/12/2",
        "完工日期": "112/3/27",
        "執行情況": "新完工",
        "經緯度": "24.993502,121.558549",
        "Unnamed: 10": null,
        "Unnamed: 11": null,
        "Unnamed: 12": null,
        "Unnamed: 13": null,
        "Unnamed: 14": null,
        "Unnamed: 15": null,
        "Unnamed: 16": null,
        "Unnamed: 17": null,
        "Unnamed: 18": null,
        "Unnamed: 19": null,
        "Unnamed: 20": null,
        "Unnamed: 21": null
      },
      "geometry": {
        "type": "Polygon",
        "coordinates": [
          [
            [
              121.558449,
              24.993402
            ],
            [
              121.558649,
              24.993402
            ],
            [
              121.558649,
              24.993602
            ],
            [
              121.558449,
              24.993602
            ],
            [
              121.558449,
              24.993402
            ]
          ]
        ]
      }
    },
    {
      "type": "Feature",
      "properties": {
        "縣市": "臺北市",
        "案名": "臺北市文山區萬芳段二小段183-1地號等30筆土地都市更新案",
        "詳細地址": null,
        "興辦主體": "中央(住都中心)",
        "戶數": 1,
        "工程決標日期": "-",
        "開工日期": "109/8/11",
        "完工日期": "112/6/1",
        "執行情況": "新完工",
        "經緯度": "24.996289,121.570414",
        "Unnamed: 10": null,
        "Unnamed: 11": null,
        "Unnamed: 12": null,
        "Unnamed: 13": null,
        "Unnamed: 14": null,
        "Unnamed: 15": null,
        "Unnamed: 16": null,
        "Unnamed: 17": null,
        "Unnamed: 18": null,
        "Unnamed: 19": null,
        "Unnamed: 20": null,
        "Unnamed: 21": null
      },
      "geometry": {
        "type": "Polygon",
        "coordinates": [
          [
            [
              121.570314,
              24.996189
            ],
            [
              121.570514,
              24.996189
            ],
            [
              121.570514,
              24.996389
            ],
            [
              121.570314,
              24.996389
            ],
            [
              121.570314,
              24.996189
            ]
          ]
        ]
      }
    },
    {
      "type": "Feature",
      "properties": {
        "縣市": "臺北市",
        "案名": "溪州都更分回戶",
        "詳細地址": "116臺北市文山區溪洲街65號",
        "興辦主體": "臺北市政府",
        "戶數": 20,
        "工程決標日期": "-",
        "開工日期": "109/5/11",
        "完工日期": "113/2/19",
        "執行情況": "新完工",
        "經緯度": "25.005294522367723, 121.53487711719397",
        "Unnamed: 10": null,
        "Unnamed: 11": null,
        "Unnamed: 12": null,
        "Unnamed: 13": null,
        "Unnamed: 14": null,
        "Unnamed: 15": null,
        "Unnamed: 16": null,
        "Unnamed: 17": null,
        "Unnamed: 18": null,
        "Unnamed: 19": null,
        "Unnamed: 20": null,
        "Unnamed: 21": null
      },
      "geometry": {
        "type": "Polygon",
        "coordinates": [
          [
            [
              121.53477711719397,
              25.005194522367724
            ],
            [
              121.53497711719398,
              25.005194522367724
            ],
            [
              121.53497711719398,
              25.005394522367723
            ],
            [
              121.53477711719397,
              25.005394522367723
            ],
            [
              121.53477711719397,
              25.005194522367724
            ]
          ]
        ]
      }
    },
    {
      "type": "Feature",
      "properties": {
        "縣市": "臺北市",
        "案名": "中南社會住宅",
        "詳細地址": "115022台灣臺北市南港區舊莊街一段3巷42號",
        "興辦主體": "臺北市政府",
        "戶數": 119,
        "工程決標日期": "106/7/19",
        "開工日期": "106/11/9",
        "完工日期": "109/12/31",
        "執行情況": "新完工",
        "經緯度": "25.0429206,121.6191229",
        "Unnamed: 10": null,
        "Unnamed: 11": null,
        "Unnamed: 12": null,
        "Unnamed: 13": null,
        "Unnamed: 14": null,
        "Unnamed: 15": null,
        "Unnamed: 16": null,
        "Unnamed: 17": null,
        "Unnamed: 18": null,
        "Unnamed: 19": null,
        "Unnamed: 20": null,
        "Unnamed: 21": null
      },
      "geometry": {
        "type": "Polygon",
        "coordinates": [
          [
            [
              121.61902289999999,
              25.0428206
            ],
            [
              121.6192229,
              25.0428206
            ],
            [
              121.6192229,
              25.0430206
            ],
            [
              121.61902289999999,
              25.0430206
            ],
            [
              121.61902289999999,
              25.0428206
            ]
          ]
        ]
      }
    },
    {
      "type": "Feature",
      "properties": {
        "縣市": "臺北市",
        "案名": "東明社會住宅",
        "詳細地址": "115台灣臺北市南港區南港路二段60巷16-19號",
        "興辦主體": "臺北市政府",
        "戶數": 700,
        "工程決標日期": "104/12/28",
        "開工日期": "105/2/24",
        "完工日期": "108/7/31",
        "執行情況": "新完工",
        "經緯度": "25.0546344,121.6038761",
        "Unnamed: 10": null,
        "Unnamed: 11": null,
        "Unnamed: 12": null,
        "Unnamed: 13": null,
        "Unnamed: 14": null,
        "Unnamed: 15": null,
        "Unnamed: 16": null,
        "Unnamed: 17": null,
        "Unnamed: 18": null,
        "Unnamed: 19": null,
        "Unnamed: 20": null,
        "Unnamed: 21": null
      },
      "geometry": {
        "type": "Polygon",
        "coordinates": [
          [
            [
              121.60377609999999,
              25.0545344
            ],
            [
              121.6039761,
              25.0545344
            ],
            [
              121.6039761,
              25.0547344
            ],
            [
              121.60377609999999,
              25.0547344
            ],
            [
              121.60377609999999,
              25.0545344
            ]
          ]
        ]
      }
    },
    {
      "type": "Feature",
      "properties": {
        "縣市": "臺北市",
        "案名": "小彎社會住宅",
        "詳細地址": "115台灣臺北市南港區向陽路248～250號",
        "興辦主體": "臺北市政府",
        "戶數": 341,
        "工程決標日期": "106/11/15",
        "開工日期": "107/3/8",
        "完工日期": "110/10/23",
        "執行情況": "新完工",
        "經緯度": "25.0577713,121.593463",
        "Unnamed: 10": null,
        "Unnamed: 11": null,
        "Unnamed: 12": null,
        "Unnamed: 13": null,
        "Unnamed: 14": null,
        "Unnamed: 15": null,
        "Unnamed: 16": null,
        "Unnamed: 17": null,
        "Unnamed: 18": null,
        "Unnamed: 19": null,
        "Unnamed: 20": null,
        "Unnamed: 21": null
      },
      "geometry": {
        "type": "Polygon",
        "coordinates": [
          [
            [
              121.593363,
              25.0576713
            ],
            [
              121.593563,
              25.0576713
            ],
            [
              121.593563,
              25.0578713
            ],
            [
              121.593363,
              25.0578713
            ],
            [
              121.593363,
              25.0576713
            ]
          ]
        ]
      }
    },
    {
      "type": "Feature",
      "properties": {
        "縣市": "臺北市",
        "案名": "瑞光社會住宅",
        "詳細地址": "114台灣臺北市內湖區陽光街321巷1、3、5號",
        "興辦主體": "臺北市政府",
        "戶數": 389,
        "工程決標日期": "106/5/12",
        "開工日期": "106/10/5",
        "完工日期": "109/11/21",
        "執行情況": "新完工",
        "經緯度": "25.0732096,121.5789204",
        "Unnamed: 10": null,
        "Unnamed: 11": null,
        "Unnamed: 12": null,
        "Unnamed: 13": null,
        "Unnamed: 14": null,
        "Unnamed: 15": null,
        "Unnamed: 16": null,
        "Unnamed: 17": null,
        "Unnamed: 18": null,
        "Unnamed: 19": null,
        "Unnamed: 20": null,
        "Unnamed: 21": null
      },
      "geometry": {
        "type": "Polygon",
        "coordinates": [
          [
            [
              121.5788204,
              25.0731096
            ],
            [
              121.5790204,
              25.0731096
            ],
            [
              121.5790204,
              25.073309599999998
            ],
            [
              121.5788204,
              25.073309599999998
            ],
            [
              121.5788204,
              25.0731096
            ]
          ]
        ]
      }
    },
    {
      "type": "Feature",
      "properties": {
        "縣市": "臺北市",
        "案名": "舊宗社會住宅",
        "詳細地址": "114台灣臺北市內湖區舊宗路一段185號",
        "興辦主體": "臺北市政府",
        "戶數": 97,
        "工程決標日期": "108/9/5",
        "開工日期": "109/2/24",
        "完工日期": "112/8/23",
        "執行情況": "新完工",
        "經緯度": "25.0623359,121.57802",
        "Unnamed: 10": null,
        "Unnamed: 11": null,
        "Unnamed: 12": null,
        "Unnamed: 13": null,
        "Unnamed: 14": null,
        "Unnamed: 15": null,
        "Unnamed: 16": null,
        "Unnamed: 17": null,
        "Unnamed: 18": null,
        "Unnamed: 19": null,
        "Unnamed: 20": null,
        "Unnamed: 21": null
      },
      "geometry": {
        "type": "Polygon",
        "coordinates": [
          [
            [
              121.57791999999999,
              25.0622359
            ],
            [
              121.57812,
              25.0622359
            ],
            [
              121.57812,
              25.0624359
            ],
            [
              121.57791999999999,
              25.0624359
            ],
            [
              121.57791999999999,
              25.0622359
            ]
          ]
        ]
      }
    },
    {
      "type": "Feature",
      "properties": {
        "縣市": "臺北市",
        "案名": "行善社會住宅",
        "詳細地址": "114台灣臺北市內湖區行善路266、268號",
        "興辦主體": "臺北市政府",
        "戶數": 526,
        "工程決標日期": "107/8/17",
        "開工日期": "107/10/29",
        "完工日期": "111/8/23",
        "執行情況": "新完工",
        "經緯度": "25.0604017,121.5816949",
        "Unnamed: 10": null,
        "Unnamed: 11": null,
        "Unnamed: 12": null,
        "Unnamed: 13": null,
        "Unnamed: 14": null,
        "Unnamed: 15": null,
        "Unnamed: 16": null,
        "Unnamed: 17": null,
        "Unnamed: 18": null,
        "Unnamed: 19": null,
        "Unnamed: 20": null,
        "Unnamed: 21": null
      },
      "geometry": {
        "type": "Polygon",
        "coordinates": [
          [
            [
              121.5815949,
              25.0603017
            ],
            [
              121.5817949,
              25.0603017
            ],
            [
              121.5817949,
              25.0605017
            ],
            [
              121.5815949,
              25.0605017
            ],
            [
              121.5815949,
              25.0603017
            ]
          ]
        ]
      }
    },
    {
      "type": "Feature",
      "properties": {
        "縣市": "臺北市",
        "案名": "金龍都更分回戶",
        "詳細地址": "台北市內湖區內湖路3段30、36、40號",
        "興辦主體": "臺北市政府",
        "戶數": 8,
        "工程決標日期": "-",
        "開工日期": "103/6/9",
        "完工日期": "108/4/18",
        "執行情況": "新完工",
        "經緯度": "25.08550514049266, 121.59257712883222",
        "Unnamed: 10": null,
        "Unnamed: 11": null,
        "Unnamed: 12": null,
        "Unnamed: 13": null,
        "Unnamed: 14": null,
        "Unnamed: 15": null,
        "Unnamed: 16": null,
        "Unnamed: 17": null,
        "Unnamed: 18": null,
        "Unnamed: 19": null,
        "Unnamed: 20": null,
        "Unnamed: 21": null
      },
      "geometry": {
        "type": "Polygon",
        "coordinates": [
          [
            [
              121.59247712883221,
              25.08540514049266
            ],
            [
              121.59267712883222,
              25.08540514049266
            ],
            [
              121.59267712883222,
              25.08560514049266
            ],
            [
              121.59247712883221,
              25.08560514049266
            ],
            [
              121.59247712883221,
              25.08540514049266
            ]
          ]
        ]
      }
    },
    {
      "type": "Feature",
      "properties": {
        "縣市": "臺北市",
        "案名": "臺北市內湖區石潭段三小段482地號等8筆土地都市更新案",
        "詳細地址": null,
        "興辦主體": "中央(住都中心)",
        "戶數": 1,
        "工程決標日期": "-",
        "開工日期": "107/10/30",
        "完工日期": "110/10/5",
        "執行情況": "新完工",
        "經緯度": "25.066188,121.592212",
        "Unnamed: 10": null,
        "Unnamed: 11": null,
        "Unnamed: 12": null,
        "Unnamed: 13": null,
        "Unnamed: 14": null,
        "Unnamed: 15": null,
        "Unnamed: 16": null,
        "Unnamed: 17": null,
        "Unnamed: 18": null,
        "Unnamed: 19": null,
        "Unnamed: 20": null,
        "Unnamed: 21": null
      },
      "geometry": {
        "type": "Polygon",
        "coordinates": [
          [
            [
              121.592112,
              25.066088
            ],
            [
              121.592312,
              25.066088
            ],
            [
              121.592312,
              25.066288
            ],
            [
              121.592112,
              25.066288
            ],
            [
              121.592112,
              25.066088
            ]
          ]
        ]
      }
    },
    {
      "type": "Feature",
      "properties": {
        "縣市": "臺北市",
        "案名": "華榮社會住宅",
        "詳細地址": "111台灣臺北市士林區111",
        "興辦主體": "臺北市政府",
        "戶數": 118,
        "工程決標日期": "108/1/22",
        "開工日期": "108/5/23",
        "完工日期": "113/5/30",
        "執行情況": "新完工",
        "經緯度": "25.0964261,121.5224813",
        "Unnamed: 10": null,
        "Unnamed: 11": null,
        "Unnamed: 12": null,
        "Unnamed: 13": null,
        "Unnamed: 14": null,
        "Unnamed: 15": null,
        "Unnamed: 16": null,
        "Unnamed: 17": null,
        "Unnamed: 18": null,
        "Unnamed: 19": null,
        "Unnamed: 20": null,
        "Unnamed: 21": null
      },
      "geometry": {
        "type": "Polygon",
        "coordinates": [
          [
            [
              121.52238129999999,
              25.0963261
            ],
            [
              121.5225813,
              25.0963261
            ],
            [
              121.5225813,
              25.0965261
            ],
            [
              121.52238129999999,
              25.0965261
            ],
            [
              121.52238129999999,
              25.0963261
            ]
          ]
        ]
      }
    },
    {
      "type": "Feature",
      "properties": {
        "縣市": "臺北市",
        "案名": "臺北市士林區三玉段五小段445地號等20筆土地都市更新案",
        "詳細地址": null,
        "興辦主體": "中央(住都中心)",
        "戶數": 2,
        "工程決標日期": "-",
        "開工日期": "108/6/3",
        "完工日期": "110/12/22",
        "執行情況": "新完工",
        "經緯度": "25.108329,121.526264",
        "Unnamed: 10": null,
        "Unnamed: 11": null,
        "Unnamed: 12": null,
        "Unnamed: 13": null,
        "Unnamed: 14": null,
        "Unnamed: 15": null,
        "Unnamed: 16": null,
        "Unnamed: 17": null,
        "Unnamed: 18": null,
        "Unnamed: 19": null,
        "Unnamed: 20": null,
        "Unnamed: 21": null
      },
      "geometry": {
        "type": "Polygon",
        "coordinates": [
          [
            [
              121.526164,
              25.108229
            ],
            [
              121.526364,
              25.108229
            ],
            [
              121.526364,
              25.108429
            ],
            [
              121.526164,
              25.108429
            ],
            [
              121.526164,
              25.108229
            ]
          ]
        ]
      }
    },
    {
      "type": "Feature",
      "properties": {
        "縣市": "臺北市",
        "案名": "臺北市士林區陽明段一小段19地號等12筆土地都市更新案",
        "詳細地址": null,
        "興辦主體": "中央(住都中心)",
        "戶數": 1,
        "工程決標日期": "-",
        "開工日期": "107/10/4",
        "完工日期": "113/4/26",
        "執行情況": "新完工",
        "經緯度": "25.099190,121.526638",
        "Unnamed: 10": null,
        "Unnamed: 11": null,
        "Unnamed: 12": null,
        "Unnamed: 13": null,
        "Unnamed: 14": null,
        "Unnamed: 15": null,
        "Unnamed: 16": null,
        "Unnamed: 17": null,
        "Unnamed: 18": null,
        "Unnamed: 19": null,
        "Unnamed: 20": null,
        "Unnamed: 21": null
      },
      "geometry": {
        "type": "Polygon",
        "coordinates": [
          [
            [
              121.526538,
              25.09909
            ],
            [
              121.52673800000001,
              25.09909
            ],
            [
              121.52673800000001,
              25.09929
            ],
            [
              121.526538,
              25.09929
            ],
            [
              121.526538,
              25.09909
            ]
          ]
        ]
      }
    },
    {
      "type": "Feature",
      "properties": {
        "縣市": "臺北市",
        "案名": "洲美社會住宅",
        "詳細地址": "112臺北市北投區福美路207號",
        "興辦主體": "臺北市政府",
        "戶數": 144,
        "工程決標日期": "-",
        "開工日期": "105/3/15",
        "完工日期": "106/7/11",
        "執行情況": "新完工",
        "經緯度": "25.10031788918566, 121.50493288279976",
        "Unnamed: 10": null,
        "Unnamed: 11": null,
        "Unnamed: 12": null,
        "Unnamed: 13": null,
        "Unnamed: 14": null,
        "Unnamed: 15": null,
        "Unnamed: 16": null,
        "Unnamed: 17": null,
        "Unnamed: 18": null,
        "Unnamed: 19": null,
        "Unnamed: 20": null,
        "Unnamed: 21": null
      },
      "geometry": {
        "type": "Polygon",
        "coordinates": [
          [
            [
              121.50483288279976,
              25.10021788918566
            ],
            [
              121.50503288279977,
              25.10021788918566
            ],
            [
              121.50503288279977,
              25.10041788918566
            ],
            [
              121.50483288279976,
              25.10041788918566
            ],
            [
              121.50483288279976,
              25.10021788918566
            ]
          ]
        ]
      }
    },
    {
      "type": "Feature",
      "properties": {
        "縣市": "臺北市",
        "案名": "新奇岩社會住宅",
        "詳細地址": "112台灣臺北市北投區至3層磺港路261號地下1",
        "興辦主體": "臺北市政府",
        "戶數": 288,
        "工程決標日期": "106/2/21",
        "開工日期": "106/5/26",
        "完工日期": "110/3/31",
        "執行情況": "新完工",
        "經緯度": "25.1236906,121.5034578",
        "Unnamed: 10": null,
        "Unnamed: 11": null,
        "Unnamed: 12": null,
        "Unnamed: 13": null,
        "Unnamed: 14": null,
        "Unnamed: 15": null,
        "Unnamed: 16": null,
        "Unnamed: 17": null,
        "Unnamed: 18": null,
        "Unnamed: 19": null,
        "Unnamed: 20": null,
        "Unnamed: 21": null
      },
      "geometry": {
        "type": "Polygon",
        "coordinates": [
          [
            [
              121.5033578,
              25.1235906
            ],
            [
              121.50355780000001,
              25.1235906
            ],
            [
              121.50355780000001,
              25.1237906
            ],
            [
              121.5033578,
              25.1237906
            ],
            [
              121.5033578,
              25.1235906
            ]
          ]
        ]
      }
    },
    {
      "type": "Feature",
      "properties": {
        "縣市": "臺北市",
        "案名": "臺北市北投區奇岩段五小段444地號等7筆土地都市更新案",
        "詳細地址": null,
        "興辦主體": "中央(住都中心)",
        "戶數": 3,
        "工程決標日期": "-",
        "開工日期": "109/3/4",
        "完工日期": "113/2/21",
        "執行情況": "新完工",
        "經緯度": "25.125461,121.500627",
        "Unnamed: 10": null,
        "Unnamed: 11": null,
        "Unnamed: 12": null,
        "Unnamed: 13": null,
        "Unnamed: 14": null,
        "Unnamed: 15": null,
        "Unnamed: 16": null,
        "Unnamed: 17": null,
        "Unnamed: 18": null,
        "Unnamed: 19": null,
        "Unnamed: 20": null,
        "Unnamed: 21": null
      },
      "geometry": {
        "type": "Polygon",
        "coordinates": [
          [
            [
              121.50052699999999,
              25.125361
            ],
            [
              121.500727,
              25.125361
            ],
            [
              121.500727,
              25.125561
            ],
            [
              121.50052699999999,
              25.125561
            ],
            [
              121.50052699999999,
              25.125361
            ]
          ]
        ]
      }
    },
    {
      "type": "Feature",
      "properties": {
        "縣市": "臺北市",
        "案名": "臺北市北投區文林段四小段64地號等27筆土地都市更新案",
        "詳細地址": null,
        "興辦主體": "中央(住都中心)",
        "戶數": 1,
        "工程決標日期": "109/4/29",
        "開工日期": "110/6/1",
        "完工日期": "114/2/5",
        "執行情況": "新完工",
        "經緯度": "25.113993,121.513923",
        "Unnamed: 10": null,
        "Unnamed: 11": null,
        "Unnamed: 12": null,
        "Unnamed: 13": null,
        "Unnamed: 14": null,
        "Unnamed: 15": null,
        "Unnamed: 16": null,
        "Unnamed: 17": null,
        "Unnamed: 18": null,
        "Unnamed: 19": null,
        "Unnamed: 20": null,
        "Unnamed: 21": null
      },
      "geometry": {
        "type": "Polygon",
        "coordinates": [
          [
            [
              121.513823,
              25.113893
            ],
            [
              121.51402300000001,
              25.113893
            ],
            [
              121.51402300000001,
              25.114093
            ],
            [
              121.513823,
              25.114093
            ],
            [
              121.513823,
              25.113893
            ]
          ]
        ]
      }
    },
    {
      "type": "Feature",
      "properties": {
        "縣市": "臺北市",
        "案名": "廣慈社會住宅3區",
        "詳細地址": "110台灣臺北市信義區福德街84巷50-56號",
        "興辦主體": "臺北市政府",
        "戶數": 476,
        "工程決標日期": "107/4/12",
        "開工日期": "107/8/9",
        "完工日期": "112/9/28",
        "執行情況": "新完工",
        "經緯度": "25.0386319,121.5814044",
        "Unnamed: 10": null,
        "Unnamed: 11": null,
        "Unnamed: 12": null,
        "Unnamed: 13": null,
        "Unnamed: 14": null,
        "Unnamed: 15": null,
        "Unnamed: 16": null,
        "Unnamed: 17": null,
        "Unnamed: 18": null,
        "Unnamed: 19": null,
        "Unnamed: 20": null,
        "Unnamed: 21": null
      },
      "geometry": {
        "type": "Polygon",
        "coordinates": [
          [
            [
              121.5813044,
              25.0385319
            ],
            [
              121.5815044,
              25.0385319
            ],
            [
              121.5815044,
              25.0387319
            ],
            [
              121.5813044,
              25.0387319
            ],
            [
              121.5813044,
              25.0385319
            ]
          ]
        ]
      }
    },
    {
      "type": "Feature",
      "properties": {
        "縣市": "臺北市",
        "案名": "信義區廣慈社會住宅2區",
        "詳細地址": "110台灣臺北市信義區福德街84巷50-56號",
        "興辦主體": "臺北市政府",
        "戶數": 522,
        "工程決標日期": "106/10/6",
        "開工日期": "107/1/10",
        "完工日期": "111/1/21",
        "執行情況": "新完工",
        "經緯度": "25.0386319,121.5814044",
        "Unnamed: 10": null,
        "Unnamed: 11": null,
        "Unnamed: 12": null,
        "Unnamed: 13": null,
        "Unnamed: 14": null,
        "Unnamed: 15": null,
        "Unnamed: 16": null,
        "Unnamed: 17": null,
        "Unnamed: 18": null,
        "Unnamed: 19": null,
        "Unnamed: 20": null,
        "Unnamed: 21": null
      },
      "geometry": {
        "type": "Polygon",
        "coordinates": [
          [
            [
              121.5813044,
              25.0385319
            ],
            [
              121.5815044,
              25.0385319
            ],
            [
              121.5815044,
              25.0387319
            ],
            [
              121.5813044,
              25.0387319
            ],
            [
              121.5813044,
              25.0385319
            ]
          ]
        ]
      }
    },
    {
      "type": "Feature",
      "properties": {
        "縣市": "臺北市",
        "案名": "信義區廣慈社會住宅1區",
        "詳細地址": "110台灣臺北市信義區大道路110號",
        "興辦主體": "臺北市政府",
        "戶數": 522,
        "工程決標日期": "106/10/6",
        "開工日期": "107/1/10",
        "完工日期": "110/12/30",
        "執行情況": "新完工",
        "經緯度": "25.0391503,121.582472",
        "Unnamed: 10": null,
        "Unnamed: 11": null,
        "Unnamed: 12": null,
        "Unnamed: 13": null,
        "Unnamed: 14": null,
        "Unnamed: 15": null,
        "Unnamed: 16": null,
        "Unnamed: 17": null,
        "Unnamed: 18": null,
        "Unnamed: 19": null,
        "Unnamed: 20": null,
        "Unnamed: 21": null
      },
      "geometry": {
        "type": "Polygon",
        "coordinates": [
          [
            [
              121.58237199999999,
              25.0390503
            ],
            [
              121.582572,
              25.0390503
            ],
            [
              121.582572,
              25.0392503
            ],
            [
              121.58237199999999,
              25.0392503
            ],
            [
              121.58237199999999,
              25.0390503
            ]
          ]
        ]
      }
    },
    {
      "type": "Feature",
      "properties": {
        "縣市": "臺北市",
        "案名": "六張犁社會住宅",
        "詳細地址": "110006台灣臺北市信義區信安街27號",
        "興辦主體": "臺北市政府",
        "戶數": 722,
        "工程決標日期": "107/5/4",
        "開工日期": "107/9/18",
        "完工日期": "113/6/26",
        "執行情況": "新完工",
        "經緯度": "25.0273014,121.5586431",
        "Unnamed: 10": null,
        "Unnamed: 11": null,
        "Unnamed: 12": null,
        "Unnamed: 13": null,
        "Unnamed: 14": null,
        "Unnamed: 15": null,
        "Unnamed: 16": null,
        "Unnamed: 17": null,
        "Unnamed: 18": null,
        "Unnamed: 19": null,
        "Unnamed: 20": null,
        "Unnamed: 21": null
      },
      "geometry": {
        "type": "Polygon",
        "coordinates": [
          [
            [
              121.5585431,
              25.0272014
            ],
            [
              121.5587431,
              25.0272014
            ],
            [
              121.5587431,
              25.0274014
            ],
            [
              121.5585431,
              25.0274014
            ],
            [
              121.5585431,
              25.0272014
            ]
          ]
        ]
      }
    },
    {
      "type": "Feature",
      "properties": {
        "縣市": "臺北市",
        "案名": "信安都更分回戶",
        "詳細地址": "110臺北市信義區信安街168號",
        "興辦主體": "臺北市政府",
        "戶數": 79,
        "工程決標日期": "101/8/16",
        "開工日期": "109/1/2",
        "完工日期": "112/12/21",
        "執行情況": "新完工",
        "經緯度": "25.02332414716275, 121.55534273651983",
        "Unnamed: 10": null,
        "Unnamed: 11": null,
        "Unnamed: 12": null,
        "Unnamed: 13": null,
        "Unnamed: 14": null,
        "Unnamed: 15": null,
        "Unnamed: 16": null,
        "Unnamed: 17": null,
        "Unnamed: 18": null,
        "Unnamed: 19": null,
        "Unnamed: 20": null,
        "Unnamed: 21": null
      },
      "geometry": {
        "type": "Polygon",
        "coordinates": [
          [
            [
              121.55524273651983,
              25.02322414716275
            ],
            [
              121.55544273651984,
              25.02322414716275
            ],
            [
              121.55544273651984,
              25.02342414716275
            ],
            [
              121.55524273651983,
              25.02342414716275
            ],
            [
              121.55524273651983,
              25.02322414716275
            ]
          ]
        ]
      }
    },
    {
      "type": "Feature",
      "properties": {
        "縣市": "臺北市",
        "案名": "永吉都更分回戶",
        "詳細地址": "臺北市信義區永吉路225巷7弄7號、225巷9號",
        "興辦主體": "臺北市政府",
        "戶數": 13,
        "工程決標日期": "-",
        "開工日期": "108/6/19",
        "完工日期": "111/11/11",
        "執行情況": "新完工",
        "經緯度": "25.04674945789488, 121.57439609234078",
        "Unnamed: 10": null,
        "Unnamed: 11": null,
        "Unnamed: 12": null,
        "Unnamed: 13": null,
        "Unnamed: 14": null,
        "Unnamed: 15": null,
        "Unnamed: 16": null,
        "Unnamed: 17": null,
        "Unnamed: 18": null,
        "Unnamed: 19": null,
        "Unnamed: 20": null,
        "Unnamed: 21": null
      },
      "geometry": {
        "type": "Polygon",
        "coordinates": [
          [
            [
              121.57429609234077,
              25.04664945789488
            ],
            [
              121.57449609234078,
              25.04664945789488
            ],
            [
              121.57449609234078,
              25.04684945789488
            ],
            [
              121.57429609234077,
              25.04684945789488
            ],
            [
              121.57429609234077,
              25.04664945789488
            ]
          ]
        ]
      }
    },
    {
      "type": "Feature",
      "properties": {
        "縣市": "臺北市",
        "案名": "延吉好室",
        "詳細地址": "105台灣臺北市松山區光復南路46巷7號",
        "興辦主體": "中央(住都中心)",
        "戶數": 160,
        "工程決標日期": "109/11/11",
        "開工日期": "110/12/30",
        "完工日期": "(預定) 114/8/30",
        "執行情況": "興建中",
        "經緯度": "25.0461558,121.5571493",
        "Unnamed: 10": null,
        "Unnamed: 11": null,
        "Unnamed: 12": null,
        "Unnamed: 13": null,
        "Unnamed: 14": null,
        "Unnamed: 15": null,
        "Unnamed: 16": null,
        "Unnamed: 17": null,
        "Unnamed: 18": null,
        "Unnamed: 19": null,
        "Unnamed: 20": null,
        "Unnamed: 21": null
      },
      "geometry": {
        "type": "Polygon",
        "coordinates": [
          [
            [
              121.5570493,
              25.0460558
            ],
            [
              121.55724930000001,
              25.0460558
            ],
            [
              121.55724930000001,
              25.0462558
            ],
            [
              121.5570493,
              25.0462558
            ],
            [
              121.5570493,
              25.0460558
            ]
          ]
        ]
      }
    },
    {
      "type": "Feature",
      "properties": {
        "縣市": "臺北市",
        "案名": "臺北市松山區延吉段一小段119地號等8筆土地都市更新計畫案",
        "詳細地址": null,
        "興辦主體": "中央(住都中心)",
        "戶數": 3,
        "工程決標日期": "-",
        "開工日期": "108/7/25",
        "完工日期": "(預定) 114/6/30",
        "執行情況": "興建中",
        "經緯度": "25.046911,121.557637",
        "Unnamed: 10": null,
        "Unnamed: 11": null,
        "Unnamed: 12": null,
        "Unnamed: 13": null,
        "Unnamed: 14": null,
        "Unnamed: 15": null,
        "Unnamed: 16": null,
        "Unnamed: 17": null,
        "Unnamed: 18": null,
        "Unnamed: 19": null,
        "Unnamed: 20": null,
        "Unnamed: 21": null
      },
      "geometry": {
        "type": "Polygon",
        "coordinates": [
          [
            [
              121.557537,
              25.046811
            ],
            [
              121.557737,
              25.046811
            ],
            [
              121.557737,
              25.047011
            ],
            [
              121.557537,
              25.047011
            ],
            [
              121.557537,
              25.046811
            ]
          ]
        ]
      }
    },
    {
      "type": "Feature",
      "properties": {
        "縣市": "臺北市",
        "案名": "臺北市大安區龍泉段一小段123地號等6筆土地都市更新案",
        "詳細地址": null,
        "興辦主體": "中央(住都中心)",
        "戶數": 7,
        "工程決標日期": "109/2/20",
        "開工日期": "110/9/14",
        "完工日期": "(預定) 114/12/31",
        "執行情況": "興建中",
        "經緯度": "25.024344,121.533769",
        "Unnamed: 10": null,
        "Unnamed: 11": null,
        "Unnamed: 12": null,
        "Unnamed: 13": null,
        "Unnamed: 14": null,
        "Unnamed: 15": null,
        "Unnamed: 16": null,
        "Unnamed: 17": null,
        "Unnamed: 18": null,
        "Unnamed: 19": null,
        "Unnamed: 20": null,
        "Unnamed: 21": null
      },
      "geometry": {
        "type": "Polygon",
        "coordinates": [
          [
            [
              121.533669,
              25.024244
            ],
            [
              121.53386900000001,
              25.024244
            ],
            [
              121.53386900000001,
              25.024444
            ],
            [
              121.533669,
              25.024444
            ],
            [
              121.533669,
              25.024244
            ]
          ]
        ]
      }
    },
    {
      "type": "Feature",
      "properties": {
        "縣市": "臺北市",
        "案名": "臺北市大安區辛亥段四小段496-13地號等14筆土地都市更新案",
        "詳細地址": null,
        "興辦主體": "中央(住都中心)",
        "戶數": 2,
        "工程決標日期": "109/2/7",
        "開工日期": "110/4/1",
        "完工日期": "(預定) 114/12/31",
        "執行情況": "興建中",
        "經緯度": "25.016663,121.559490",
        "Unnamed: 10": null,
        "Unnamed: 11": null,
        "Unnamed: 12": null,
        "Unnamed: 13": null,
        "Unnamed: 14": null,
        "Unnamed: 15": null,
        "Unnamed: 16": null,
        "Unnamed: 17": null,
        "Unnamed: 18": null,
        "Unnamed: 19": null,
        "Unnamed: 20": null,
        "Unnamed: 21": null
      },
      "geometry": {
        "type": "Polygon",
        "coordinates": [
          [
            [
              121.55939,
              25.016563
            ],
            [
              121.55959,
              25.016563
            ],
            [
              121.55959,
              25.016763
            ],
            [
              121.55939,
              25.016763
            ],
            [
              121.55939,
              25.016563
            ]
          ]
        ]
      }
    },
    {
      "type": "Feature",
      "properties": {
        "縣市": "臺北市",
        "案名": "臺北市大安區瑞安段三小段215地號等25筆土地都市更新案",
        "詳細地址": null,
        "興辦主體": "中央(住都中心)",
        "戶數": 3,
        "工程決標日期": "112/3/30",
        "開工日期": "113/8/12",
        "完工日期": "(預定) 115/10/12",
        "執行情況": "興建中",
        "經緯度": "25.027282,121.540453",
        "Unnamed: 10": null,
        "Unnamed: 11": null,
        "Unnamed: 12": null,
        "Unnamed: 13": null,
        "Unnamed: 14": null,
        "Unnamed: 15": null,
        "Unnamed: 16": null,
        "Unnamed: 17": null,
        "Unnamed: 18": null,
        "Unnamed: 19": null,
        "Unnamed: 20": null,
        "Unnamed: 21": null
      },
      "geometry": {
        "type": "Polygon",
        "coordinates": [
          [
            [
              121.540353,
              25.027182
            ],
            [
              121.540553,
              25.027182
            ],
            [
              121.540553,
              25.027382
            ],
            [
              121.540353,
              25.027382
            ],
            [
              121.540353,
              25.027182
            ]
          ]
        ]
      }
    },
    {
      "type": "Feature",
      "properties": {
        "縣市": "臺北市",
        "案名": "臺北市大安區辛亥段四小段61地號等28筆土地都市更新案",
        "詳細地址": null,
        "興辦主體": "中央(住都中心)",
        "戶數": 3,
        "工程決標日期": "109/10/30",
        "開工日期": "113/9/3",
        "完工日期": "(預定) 118/6/30",
        "執行情況": "興建中",
        "經緯度": "25.021587,121.551061",
        "Unnamed: 10": null,
        "Unnamed: 11": null,
        "Unnamed: 12": null,
        "Unnamed: 13": null,
        "Unnamed: 14": null,
        "Unnamed: 15": null,
        "Unnamed: 16": null,
        "Unnamed: 17": null,
        "Unnamed: 18": null,
        "Unnamed: 19": null,
        "Unnamed: 20": null,
        "Unnamed: 21": null
      },
      "geometry": {
        "type": "Polygon",
        "coordinates": [
          [
            [
              121.550961,
              25.021487
            ],
            [
              121.55116100000001,
              25.021487
            ],
            [
              121.55116100000001,
              25.021687
            ],
            [
              121.550961,
              25.021687
            ],
            [
              121.550961,
              25.021487
            ]
          ]
        ]
      }
    },
    {
      "type": "Feature",
      "properties": {
        "縣市": "臺北市",
        "案名": "南海段都更案基地",
        "詳細地址": "臺北市中正區重慶南路二段、泉州街、南海路與泉州街9巷",
        "興辦主體": "臺北市政府",
        "戶數": 214,
        "工程決標日期": "101/6/25",
        "開工日期": "112/10/30",
        "完工日期": "(預定) 115/10/31",
        "執行情況": "興建中",
        "經緯度": "25.031142591837213, 121.5143256521275",
        "Unnamed: 10": null,
        "Unnamed: 11": null,
        "Unnamed: 12": null,
        "Unnamed: 13": null,
        "Unnamed: 14": null,
        "Unnamed: 15": null,
        "Unnamed: 16": null,
        "Unnamed: 17": null,
        "Unnamed: 18": null,
        "Unnamed: 19": null,
        "Unnamed: 20": null,
        "Unnamed: 21": null
      },
      "geometry": {
        "type": "Polygon",
        "coordinates": [
          [
            [
              121.5142256521275,
              25.031042591837213
            ],
            [
              121.5144256521275,
              25.031042591837213
            ],
            [
              121.5144256521275,
              25.031242591837213
            ],
            [
              121.5142256521275,
              25.031242591837213
            ],
            [
              121.5142256521275,
              25.031042591837213
            ]
          ]
        ]
      }
    },
    {
      "type": "Feature",
      "properties": {
        "縣市": "臺北市",
        "案名": "臺北市中正區永昌段五小段142-1地號等38筆土地都市更新案",
        "詳細地址": null,
        "興辦主體": "中央(住都中心)",
        "戶數": 2,
        "工程決標日期": "109/3/5",
        "開工日期": "110/10/15",
        "完工日期": "(預定) 114/12/31",
        "執行情況": "興建中",
        "經緯度": "25.026914,121.508426",
        "Unnamed: 10": null,
        "Unnamed: 11": null,
        "Unnamed: 12": null,
        "Unnamed: 13": null,
        "Unnamed: 14": null,
        "Unnamed: 15": null,
        "Unnamed: 16": null,
        "Unnamed: 17": null,
        "Unnamed: 18": null,
        "Unnamed: 19": null,
        "Unnamed: 20": null,
        "Unnamed: 21": null
      },
      "geometry": {
        "type": "Polygon",
        "coordinates": [
          [
            [
              121.508326,
              25.026814
            ],
            [
              121.508526,
              25.026814
            ],
            [
              121.508526,
              25.027014
            ],
            [
              121.508326,
              25.027014
            ],
            [
              121.508326,
              25.026814
            ]
          ]
        ]
      }
    },
    {
      "type": "Feature",
      "properties": {
        "縣市": "臺北市",
        "案名": "臺北市中正區臨沂段一小段495-4地號等9筆土地都市更新案",
        "詳細地址": null,
        "興辦主體": "中央(住都中心)",
        "戶數": 24,
        "工程決標日期": "109/8/21",
        "開工日期": "110/6/21",
        "完工日期": "(預定) 114/12/31",
        "執行情況": "興建中",
        "經緯度": "25.042645,121.528674",
        "Unnamed: 10": null,
        "Unnamed: 11": null,
        "Unnamed: 12": null,
        "Unnamed: 13": null,
        "Unnamed: 14": null,
        "Unnamed: 15": null,
        "Unnamed: 16": null,
        "Unnamed: 17": null,
        "Unnamed: 18": null,
        "Unnamed: 19": null,
        "Unnamed: 20": null,
        "Unnamed: 21": null
      },
      "geometry": {
        "type": "Polygon",
        "coordinates": [
          [
            [
              121.52857399999999,
              25.042545
            ],
            [
              121.528774,
              25.042545
            ],
            [
              121.528774,
              25.042745
            ],
            [
              121.52857399999999,
              25.042745
            ],
            [
              121.52857399999999,
              25.042545
            ]
          ]
        ]
      }
    },
    {
      "type": "Feature",
      "properties": {
        "縣市": "臺北市",
        "案名": "臺北市中正區永昌段四小段44地號等43筆土地都市更新案",
        "詳細地址": null,
        "興辦主體": "中央(住都中心)",
        "戶數": 22,
        "工程決標日期": "107/11/16",
        "開工日期": "109/1/16",
        "完工日期": "(預定) 114/12/1",
        "執行情況": "興建中",
        "經緯度": "25.028951,121.510493",
        "Unnamed: 10": null,
        "Unnamed: 11": null,
        "Unnamed: 12": null,
        "Unnamed: 13": null,
        "Unnamed: 14": null,
        "Unnamed: 15": null,
        "Unnamed: 16": null,
        "Unnamed: 17": null,
        "Unnamed: 18": null,
        "Unnamed: 19": null,
        "Unnamed: 20": null,
        "Unnamed: 21": null
      },
      "geometry": {
        "type": "Polygon",
        "coordinates": [
          [
            [
              121.510393,
              25.028851
            ],
            [
              121.510593,
              25.028851
            ],
            [
              121.510593,
              25.029051
            ],
            [
              121.510393,
              25.029051
            ],
            [
              121.510393,
              25.028851
            ]
          ]
        ]
      }
    },
    {
      "type": "Feature",
      "properties": {
        "縣市": "臺北市",
        "案名": "河堤段二小段21地號等38筆土地都更案基地",
        "詳細地址": null,
        "興辦主體": "臺北市政府",
        "戶數": 43,
        "工程決標日期": "-",
        "開工日期": "113/2/20",
        "完工日期": "(預定) 121/2/29",
        "執行情況": "興建中",
        "經緯度": "25.026563,121.521651",
        "Unnamed: 10": null,
        "Unnamed: 11": null,
        "Unnamed: 12": null,
        "Unnamed: 13": null,
        "Unnamed: 14": null,
        "Unnamed: 15": null,
        "Unnamed: 16": null,
        "Unnamed: 17": null,
        "Unnamed: 18": null,
        "Unnamed: 19": null,
        "Unnamed: 20": null,
        "Unnamed: 21": null
      },
      "geometry": {
        "type": "Polygon",
        "coordinates": [
          [
            [
              121.521551,
              25.026463
            ],
            [
              121.52175100000001,
              25.026463
            ],
            [
              121.52175100000001,
              25.026663
            ],
            [
              121.521551,
              25.026663
            ],
            [
              121.521551,
              25.026463
            ]
          ]
        ]
      }
    },
    {
      "type": "Feature",
      "properties": {
        "縣市": "臺北市",
        "案名": "萬華安居A",
        "詳細地址": "108台灣臺北市萬華區環河南路二段250巷23號",
        "興辦主體": "中央(住都中心)",
        "戶數": 158,
        "工程決標日期": "110/1/21",
        "開工日期": "110/12/23",
        "完工日期": "(預定) 114/7/12",
        "執行情況": "興建中",
        "經緯度": "25.0338416,121.4904567",
        "Unnamed: 10": null,
        "Unnamed: 11": null,
        "Unnamed: 12": null,
        "Unnamed: 13": null,
        "Unnamed: 14": null,
        "Unnamed: 15": null,
        "Unnamed: 16": null,
        "Unnamed: 17": null,
        "Unnamed: 18": null,
        "Unnamed: 19": null,
        "Unnamed: 20": null,
        "Unnamed: 21": null
      },
      "geometry": {
        "type": "Polygon",
        "coordinates": [
          [
            [
              121.49035669999999,
              25.0337416
            ],
            [
              121.4905567,
              25.0337416
            ],
            [
              121.4905567,
              25.0339416
            ],
            [
              121.49035669999999,
              25.0339416
            ],
            [
              121.49035669999999,
              25.0337416
            ]
          ]
        ]
      }
    },
    {
      "type": "Feature",
      "properties": {
        "縣市": "臺北市",
        "案名": "萬華安居B",
        "詳細地址": "108台灣臺北市萬華區環河南路二段250巷21號",
        "興辦主體": "中央(住都中心)",
        "戶數": 142,
        "工程決標日期": "110/1/21",
        "開工日期": "110/12/23",
        "完工日期": "(預定) 114/7/12",
        "執行情況": "興建中",
        "經緯度": "25.0337009,121.4907046",
        "Unnamed: 10": null,
        "Unnamed: 11": null,
        "Unnamed: 12": null,
        "Unnamed: 13": null,
        "Unnamed: 14": null,
        "Unnamed: 15": null,
        "Unnamed: 16": null,
        "Unnamed: 17": null,
        "Unnamed: 18": null,
        "Unnamed: 19": null,
        "Unnamed: 20": null,
        "Unnamed: 21": null
      },
      "geometry": {
        "type": "Polygon",
        "coordinates": [
          [
            [
              121.4906046,
              25.0336009
            ],
            [
              121.4908046,
              25.0336009
            ],
            [
              121.4908046,
              25.0338009
            ],
            [
              121.4906046,
              25.0338009
            ],
            [
              121.4906046,
              25.0336009
            ]
          ]
        ]
      }
    },
    {
      "type": "Feature",
      "properties": {
        "縣市": "臺北市",
        "案名": "福民社會住宅1區",
        "詳細地址": "108台灣臺北市萬華區西園路二段320巷57-1號",
        "興辦主體": "臺北市政府",
        "戶數": 131,
        "工程決標日期": "111/1/17",
        "開工日期": "111/4/13",
        "完工日期": "(預定) 115/6/30",
        "執行情況": "興建中",
        "經緯度": "25.0275507,121.4910427",
        "Unnamed: 10": null,
        "Unnamed: 11": null,
        "Unnamed: 12": null,
        "Unnamed: 13": null,
        "Unnamed: 14": null,
        "Unnamed: 15": null,
        "Unnamed: 16": null,
        "Unnamed: 17": null,
        "Unnamed: 18": null,
        "Unnamed: 19": null,
        "Unnamed: 20": null,
        "Unnamed: 21": null
      },
      "geometry": {
        "type": "Polygon",
        "coordinates": [
          [
            [
              121.49094269999999,
              25.0274507
            ],
            [
              121.4911427,
              25.0274507
            ],
            [
              121.4911427,
              25.0276507
            ],
            [
              121.49094269999999,
              25.0276507
            ],
            [
              121.49094269999999,
              25.0274507
            ]
          ]
        ]
      }
    },
    {
      "type": "Feature",
      "properties": {
        "縣市": "臺北市",
        "案名": "福星段都更案基地",
        "詳細地址": "臺北市萬華區雅江街以東、康定路以西、峨嵋街以南、康定路30巷以北",
        "興辦主體": "臺北市政府",
        "戶數": 173,
        "工程決標日期": "104/9/15",
        "開工日期": "111/9/7",
        "完工日期": "(預定) 114/9/30",
        "執行情況": "興建中",
        "經緯度": "25.04227056020498, 121.50161639714264",
        "Unnamed: 10": null,
        "Unnamed: 11": null,
        "Unnamed: 12": null,
        "Unnamed: 13": null,
        "Unnamed: 14": null,
        "Unnamed: 15": null,
        "Unnamed: 16": null,
        "Unnamed: 17": null,
        "Unnamed: 18": null,
        "Unnamed: 19": null,
        "Unnamed: 20": null,
        "Unnamed: 21": null
      },
      "geometry": {
        "type": "Polygon",
        "coordinates": [
          [
            [
              121.50151639714264,
              25.04217056020498
            ],
            [
              121.50171639714264,
              25.04217056020498
            ],
            [
              121.50171639714264,
              25.04237056020498
            ],
            [
              121.50151639714264,
              25.04237056020498
            ],
            [
              121.50151639714264,
              25.04217056020498
            ]
          ]
        ]
      }
    },
    {
      "type": "Feature",
      "properties": {
        "縣市": "臺北市",
        "案名": "凌霄好室",
        "詳細地址": "108台灣臺北市萬華區中華路二段492巷9號",
        "興辦主體": "中央(住都中心)",
        "戶數": 112,
        "工程決標日期": "112/8/18",
        "開工日期": "113/11/15",
        "完工日期": "(預定) 117/3/31",
        "執行情況": "興建中",
        "經緯度": "25.026327,121.507203",
        "Unnamed: 10": null,
        "Unnamed: 11": null,
        "Unnamed: 12": null,
        "Unnamed: 13": null,
        "Unnamed: 14": null,
        "Unnamed: 15": null,
        "Unnamed: 16": null,
        "Unnamed: 17": null,
        "Unnamed: 18": null,
        "Unnamed: 19": null,
        "Unnamed: 20": null,
        "Unnamed: 21": null
      },
      "geometry": {
        "type": "Polygon",
        "coordinates": [
          [
            [
              121.507103,
              25.026227
            ],
            [
              121.50730300000001,
              25.026227
            ],
            [
              121.50730300000001,
              25.026426999999998
            ],
            [
              121.507103,
              25.026426999999998
            ],
            [
              121.507103,
              25.026227
            ]
          ]
        ]
      }
    },
    {
      "type": "Feature",
      "properties": {
        "縣市": "臺北市",
        "案名": "臺北市萬華區直興段一小段373地號等12筆土地都市更新案",
        "詳細地址": null,
        "興辦主體": "中央(住都中心)",
        "戶數": 3,
        "工程決標日期": "109/1/6",
        "開工日期": "110/1/19",
        "完工日期": "(預定) 114/12/1",
        "執行情況": "興建中",
        "經緯度": "25.042544,121.500915",
        "Unnamed: 10": null,
        "Unnamed: 11": null,
        "Unnamed: 12": null,
        "Unnamed: 13": null,
        "Unnamed: 14": null,
        "Unnamed: 15": null,
        "Unnamed: 16": null,
        "Unnamed: 17": null,
        "Unnamed: 18": null,
        "Unnamed: 19": null,
        "Unnamed: 20": null,
        "Unnamed: 21": null
      },
      "geometry": {
        "type": "Polygon",
        "coordinates": [
          [
            [
              121.500815,
              25.042444
            ],
            [
              121.50101500000001,
              25.042444
            ],
            [
              121.50101500000001,
              25.042644
            ],
            [
              121.500815,
              25.042644
            ],
            [
              121.500815,
              25.042444
            ]
          ]
        ]
      }
    },
    {
      "type": "Feature",
      "properties": {
        "縣市": "臺北市",
        "案名": "雙連段三小段689地號等40筆土地都更案基地",
        "詳細地址": null,
        "興辦主體": "臺北市政府",
        "戶數": 20,
        "工程決標日期": "-",
        "開工日期": "111/8/8",
        "完工日期": "(預定) 119/10/31",
        "執行情況": "興建中",
        "經緯度": "25.058768,121.514127",
        "Unnamed: 10": null,
        "Unnamed: 11": null,
        "Unnamed: 12": null,
        "Unnamed: 13": null,
        "Unnamed: 14": null,
        "Unnamed: 15": null,
        "Unnamed: 16": null,
        "Unnamed: 17": null,
        "Unnamed: 18": null,
        "Unnamed: 19": null,
        "Unnamed: 20": null,
        "Unnamed: 21": null
      },
      "geometry": {
        "type": "Polygon",
        "coordinates": [
          [
            [
              121.514027,
              25.058668
            ],
            [
              121.514227,
              25.058668
            ],
            [
              121.514227,
              25.058868
            ],
            [
              121.514027,
              25.058868
            ],
            [
              121.514027,
              25.058668
            ]
          ]
        ]
      }
    },
    {
      "type": "Feature",
      "properties": {
        "縣市": "臺北市",
        "案名": "培英社會住宅",
        "詳細地址": "台灣臺北市",
        "興辦主體": "臺北市政府",
        "戶數": 96,
        "工程決標日期": "108/10/1",
        "開工日期": "109/2/27",
        "完工日期": "(預定) 114/8/31",
        "執行情況": "興建中",
        "經緯度": "25.079759776672198, 121.54851308029309",
        "Unnamed: 10": null,
        "Unnamed: 11": null,
        "Unnamed: 12": null,
        "Unnamed: 13": null,
        "Unnamed: 14": null,
        "Unnamed: 15": null,
        "Unnamed: 16": null,
        "Unnamed: 17": null,
        "Unnamed: 18": null,
        "Unnamed: 19": null,
        "Unnamed: 20": null,
        "Unnamed: 21": null
      },
      "geometry": {
        "type": "Polygon",
        "coordinates": [
          [
            [
              121.54841308029309,
              25.079659776672198
            ],
            [
              121.5486130802931,
              25.079659776672198
            ],
            [
              121.5486130802931,
              25.079859776672198
            ],
            [
              121.54841308029309,
              25.079859776672198
            ],
            [
              121.54841308029309,
              25.079659776672198
            ]
          ]
        ]
      }
    },
    {
      "type": "Feature",
      "properties": {
        "縣市": "臺北市",
        "案名": "錦州社會住宅",
        "詳細地址": " 10491臺北市中山區林森北路399巷40弄15號",
        "興辦主體": "臺北市政府",
        "戶數": 387,
        "工程決標日期": "108/8/27",
        "開工日期": "109/2/17",
        "完工日期": "(預定) 114/8/31",
        "執行情況": "興建中",
        "經緯度": "25.059615923473846, 121.52693140158911",
        "Unnamed: 10": null,
        "Unnamed: 11": null,
        "Unnamed: 12": null,
        "Unnamed: 13": null,
        "Unnamed: 14": null,
        "Unnamed: 15": null,
        "Unnamed: 16": null,
        "Unnamed: 17": null,
        "Unnamed: 18": null,
        "Unnamed: 19": null,
        "Unnamed: 20": null,
        "Unnamed: 21": null
      },
      "geometry": {
        "type": "Polygon",
        "coordinates": [
          [
            [
              121.5268314015891,
              25.059515923473846
            ],
            [
              121.52703140158911,
              25.059515923473846
            ],
            [
              121.52703140158911,
              25.059715923473846
            ],
            [
              121.5268314015891,
              25.059715923473846
            ],
            [
              121.5268314015891,
              25.059515923473846
            ]
          ]
        ]
      }
    },
    {
      "type": "Feature",
      "properties": {
        "縣市": "臺北市",
        "案名": "力行社會住宅",
        "詳細地址": "10491台灣臺北市中山區朱崙街19號",
        "興辦主體": "臺北市政府",
        "戶數": 35,
        "工程決標日期": "112/2/23",
        "開工日期": "112/6/28",
        "完工日期": "(預定) 114/12/31",
        "執行情況": "興建中",
        "經緯度": "25.0501063,121.5382458",
        "Unnamed: 10": null,
        "Unnamed: 11": null,
        "Unnamed: 12": null,
        "Unnamed: 13": null,
        "Unnamed: 14": null,
        "Unnamed: 15": null,
        "Unnamed: 16": null,
        "Unnamed: 17": null,
        "Unnamed: 18": null,
        "Unnamed: 19": null,
        "Unnamed: 20": null,
        "Unnamed: 21": null
      },
      "geometry": {
        "type": "Polygon",
        "coordinates": [
          [
            [
              121.5381458,
              25.0500063
            ],
            [
              121.5383458,
              25.0500063
            ],
            [
              121.5383458,
              25.0502063
            ],
            [
              121.5381458,
              25.0502063
            ],
            [
              121.5381458,
              25.0500063
            ]
          ]
        ]
      }
    },
    {
      "type": "Feature",
      "properties": {
        "縣市": "臺北市",
        "案名": "景豐社會住宅1區",
        "詳細地址": "116臺北市文山區景豐街100號",
        "興辦主體": "臺北市政府",
        "戶數": 90,
        "工程決標日期": "109/3/26",
        "開工日期": "109/10/5",
        "完工日期": "(預定) 114/6/30",
        "執行情況": "興建中",
        "經緯度": "25.002004938264836, 121.5451967423246",
        "Unnamed: 10": null,
        "Unnamed: 11": null,
        "Unnamed: 12": null,
        "Unnamed: 13": null,
        "Unnamed: 14": null,
        "Unnamed: 15": null,
        "Unnamed: 16": null,
        "Unnamed: 17": null,
        "Unnamed: 18": null,
        "Unnamed: 19": null,
        "Unnamed: 20": null,
        "Unnamed: 21": null
      },
      "geometry": {
        "type": "Polygon",
        "coordinates": [
          [
            [
              121.5450967423246,
              25.001904938264836
            ],
            [
              121.54529674232461,
              25.001904938264836
            ],
            [
              121.54529674232461,
              25.002104938264836
            ],
            [
              121.5450967423246,
              25.002104938264836
            ],
            [
              121.5450967423246,
              25.001904938264836
            ]
          ]
        ]
      }
    },
    {
      "type": "Feature",
      "properties": {
        "縣市": "臺北市",
        "案名": "興隆I區社會住宅",
        "詳細地址": "116台灣臺北市文山區木柵、116",
        "興辦主體": "臺北市政府",
        "戶數": 500,
        "工程決標日期": "109/3/20",
        "開工日期": "109/6/18",
        "完工日期": "(預定) 114/9/30",
        "執行情況": "興建中",
        "經緯度": "24.9868515,121.5616102",
        "Unnamed: 10": null,
        "Unnamed: 11": null,
        "Unnamed: 12": null,
        "Unnamed: 13": null,
        "Unnamed: 14": null,
        "Unnamed: 15": null,
        "Unnamed: 16": null,
        "Unnamed: 17": null,
        "Unnamed: 18": null,
        "Unnamed: 19": null,
        "Unnamed: 20": null,
        "Unnamed: 21": null
      },
      "geometry": {
        "type": "Polygon",
        "coordinates": [
          [
            [
              121.5615102,
              24.9867515
            ],
            [
              121.56171020000001,
              24.9867515
            ],
            [
              121.56171020000001,
              24.9869515
            ],
            [
              121.5615102,
              24.9869515
            ],
            [
              121.5615102,
              24.9867515
            ]
          ]
        ]
      }
    },
    {
      "type": "Feature",
      "properties": {
        "縣市": "臺北市",
        "案名": "木柵段三小段623地號等39筆土地都更案基地",
        "詳細地址": null,
        "興辦主體": "臺北市政府",
        "戶數": 282,
        "工程決標日期": "-",
        "開工日期": "111/8/26",
        "完工日期": "(預定) 115/9/30",
        "執行情況": "興建中",
        "經緯度": "24.988900,121.563083",
        "Unnamed: 10": null,
        "Unnamed: 11": null,
        "Unnamed: 12": null,
        "Unnamed: 13": null,
        "Unnamed: 14": null,
        "Unnamed: 15": null,
        "Unnamed: 16": null,
        "Unnamed: 17": null,
        "Unnamed: 18": null,
        "Unnamed: 19": null,
        "Unnamed: 20": null,
        "Unnamed: 21": null
      },
      "geometry": {
        "type": "Polygon",
        "coordinates": [
          [
            [
              121.562983,
              24.9888
            ],
            [
              121.56318300000001,
              24.9888
            ],
            [
              121.56318300000001,
              24.989
            ],
            [
              121.562983,
              24.989
            ],
            [
              121.562983,
              24.9888
            ]
          ]
        ]
      }
    },
    {
      "type": "Feature",
      "properties": {
        "縣市": "臺北市",
        "案名": "玉成社會住宅",
        "詳細地址": "115臺北市南港區昆陽街203巷",
        "興辦主體": "臺北市政府",
        "戶數": 410,
        "工程決標日期": "108/11/14",
        "開工日期": "109/10/30",
        "完工日期": "(預定) 115/1/31",
        "執行情況": "興建中",
        "經緯度": "25.04782960122942, 121.59329724417711",
        "Unnamed: 10": null,
        "Unnamed: 11": null,
        "Unnamed: 12": null,
        "Unnamed: 13": null,
        "Unnamed: 14": null,
        "Unnamed: 15": null,
        "Unnamed: 16": null,
        "Unnamed: 17": null,
        "Unnamed: 18": null,
        "Unnamed: 19": null,
        "Unnamed: 20": null,
        "Unnamed: 21": null
      },
      "geometry": {
        "type": "Polygon",
        "coordinates": [
          [
            [
              121.5931972441771,
              25.04772960122942
            ],
            [
              121.59339724417711,
              25.04772960122942
            ],
            [
              121.59339724417711,
              25.04792960122942
            ],
            [
              121.5931972441771,
              25.04792960122942
            ],
            [
              121.5931972441771,
              25.04772960122942
            ]
          ]
        ]
      }
    },
    {
      "type": "Feature",
      "properties": {
        "縣市": "臺北市",
        "案名": "南港機廠社會住宅1區",
        "詳細地址": "115台灣臺北市南港區忠孝東路七段2-1號",
        "興辦主體": "臺北市政府",
        "戶數": 1442,
        "工程決標日期": "108/2/27",
        "開工日期": "108/2/1",
        "完工日期": "(預定) 114/4/30",
        "執行情況": "興建中",
        "經緯度": "25.0499745,121.5975642",
        "Unnamed: 10": null,
        "Unnamed: 11": null,
        "Unnamed: 12": null,
        "Unnamed: 13": null,
        "Unnamed: 14": null,
        "Unnamed: 15": null,
        "Unnamed: 16": null,
        "Unnamed: 17": null,
        "Unnamed: 18": null,
        "Unnamed: 19": null,
        "Unnamed: 20": null,
        "Unnamed: 21": null
      },
      "geometry": {
        "type": "Polygon",
        "coordinates": [
          [
            [
              121.59746419999999,
              25.0498745
            ],
            [
              121.5976642,
              25.0498745
            ],
            [
              121.5976642,
              25.0500745
            ],
            [
              121.59746419999999,
              25.0500745
            ],
            [
              121.59746419999999,
              25.0498745
            ]
          ]
        ]
      }
    },
    {
      "type": "Feature",
      "properties": {
        "縣市": "臺北市",
        "案名": "經貿社會住宅",
        "詳細地址": "115台灣臺北市南港區興東街36號2樓",
        "興辦主體": "臺北市政府",
        "戶數": 118,
        "工程決標日期": "109/6/19",
        "開工日期": "109/11/12",
        "完工日期": "(預定) 114/8/31",
        "執行情況": "興建中",
        "經緯度": "25.0562505,121.6103575",
        "Unnamed: 10": null,
        "Unnamed: 11": null,
        "Unnamed: 12": null,
        "Unnamed: 13": null,
        "Unnamed: 14": null,
        "Unnamed: 15": null,
        "Unnamed: 16": null,
        "Unnamed: 17": null,
        "Unnamed: 18": null,
        "Unnamed: 19": null,
        "Unnamed: 20": null,
        "Unnamed: 21": null
      },
      "geometry": {
        "type": "Polygon",
        "coordinates": [
          [
            [
              121.6102575,
              25.0561505
            ],
            [
              121.61045750000001,
              25.0561505
            ],
            [
              121.61045750000001,
              25.0563505
            ],
            [
              121.6102575,
              25.0563505
            ],
            [
              121.6102575,
              25.0561505
            ]
          ]
        ]
      }
    },
    {
      "type": "Feature",
      "properties": {
        "縣市": "臺北市",
        "案名": "南港玉成都市更新案",
        "詳細地址": "115臺北市南港區昆陽街203巷",
        "興辦主體": "中央(住都中心)",
        "戶數": 150,
        "工程決標日期": "110/9/17",
        "開工日期": "113/5/9",
        "完工日期": "(預定) 116/5/31",
        "執行情況": "興建中",
        "經緯度": "25.04782960122942, 121.59329724417711",
        "Unnamed: 10": null,
        "Unnamed: 11": null,
        "Unnamed: 12": null,
        "Unnamed: 13": null,
        "Unnamed: 14": null,
        "Unnamed: 15": null,
        "Unnamed: 16": null,
        "Unnamed: 17": null,
        "Unnamed: 18": null,
        "Unnamed: 19": null,
        "Unnamed: 20": null,
        "Unnamed: 21": null
      },
      "geometry": {
        "type": "Polygon",
        "coordinates": [
          [
            [
              121.5931972441771,
              25.04772960122942
            ],
            [
              121.59339724417711,
              25.04772960122942
            ],
            [
              121.59339724417711,
              25.04792960122942
            ],
            [
              121.5931972441771,
              25.04792960122942
            ],
            [
              121.5931972441771,
              25.04772960122942
            ]
          ]
        ]
      }
    },
    {
      "type": "Feature",
      "properties": {
        "縣市": "臺北市",
        "案名": "臺北市南港區南港段一小段19-1地號等34筆土地都市更新案",
        "詳細地址": null,
        "興辦主體": "中央(住都中心)",
        "戶數": 6,
        "工程決標日期": "108/8/27",
        "開工日期": "111/2/23",
        "完工日期": "(預定) 118/6/22",
        "執行情況": "興建中",
        "經緯度": "25.055894,121.619560",
        "Unnamed: 10": null,
        "Unnamed: 11": null,
        "Unnamed: 12": null,
        "Unnamed: 13": null,
        "Unnamed: 14": null,
        "Unnamed: 15": null,
        "Unnamed: 16": null,
        "Unnamed: 17": null,
        "Unnamed: 18": null,
        "Unnamed: 19": null,
        "Unnamed: 20": null,
        "Unnamed: 21": null
      },
      "geometry": {
        "type": "Polygon",
        "coordinates": [
          [
            [
              121.61946,
              25.055794
            ],
            [
              121.61966000000001,
              25.055794
            ],
            [
              121.61966000000001,
              25.055994
            ],
            [
              121.61946,
              25.055994
            ],
            [
              121.61946,
              25.055794
            ]
          ]
        ]
      }
    },
    {
      "type": "Feature",
      "properties": {
        "縣市": "臺北市",
        "案名": "南港段一小段366地號等21筆土地都更案基地",
        "詳細地址": null,
        "興辦主體": "臺北市政府",
        "戶數": 20,
        "工程決標日期": "-",
        "開工日期": "113/5/31",
        "完工日期": "(預定) 120/3/31",
        "執行情況": "興建中",
        "經緯度": "25.060097,121.614064",
        "Unnamed: 10": null,
        "Unnamed: 11": null,
        "Unnamed: 12": null,
        "Unnamed: 13": null,
        "Unnamed: 14": null,
        "Unnamed: 15": null,
        "Unnamed: 16": null,
        "Unnamed: 17": null,
        "Unnamed: 18": null,
        "Unnamed: 19": null,
        "Unnamed: 20": null,
        "Unnamed: 21": null
      },
      "geometry": {
        "type": "Polygon",
        "coordinates": [
          [
            [
              121.613964,
              25.059997
            ],
            [
              121.614164,
              25.059997
            ],
            [
              121.614164,
              25.060197
            ],
            [
              121.613964,
              25.060197
            ],
            [
              121.613964,
              25.059997
            ]
          ]
        ]
      }
    },
    {
      "type": "Feature",
      "properties": {
        "縣市": "臺北市",
        "案名": "臺北市南港區南港段三小段68-3地號等5筆土地都市更新案",
        "詳細地址": null,
        "興辦主體": "中央(住都中心)",
        "戶數": 10,
        "工程決標日期": "109/8/25",
        "開工日期": "111/6/10",
        "完工日期": "(預定) 117/1/10",
        "執行情況": "興建中",
        "經緯度": "25.055120,121.596807",
        "Unnamed: 10": null,
        "Unnamed: 11": null,
        "Unnamed: 12": null,
        "Unnamed: 13": null,
        "Unnamed: 14": null,
        "Unnamed: 15": null,
        "Unnamed: 16": null,
        "Unnamed: 17": null,
        "Unnamed: 18": null,
        "Unnamed: 19": null,
        "Unnamed: 20": null,
        "Unnamed: 21": null
      },
      "geometry": {
        "type": "Polygon",
        "coordinates": [
          [
            [
              121.596707,
              25.05502
            ],
            [
              121.596907,
              25.05502
            ],
            [
              121.596907,
              25.05522
            ],
            [
              121.596707,
              25.05522
            ],
            [
              121.596707,
              25.05502
            ]
          ]
        ]
      }
    },
    {
      "type": "Feature",
      "properties": {
        "縣市": "臺北市",
        "案名": "文德段二小段232地號等4筆土地都更案基地",
        "詳細地址": null,
        "興辦主體": "臺北市政府",
        "戶數": 30,
        "工程決標日期": "-",
        "開工日期": "113/3/18",
        "完工日期": "(預定) 117/9/30",
        "執行情況": "興建中",
        "經緯度": "25.078030,121.581936",
        "Unnamed: 10": null,
        "Unnamed: 11": null,
        "Unnamed: 12": null,
        "Unnamed: 13": null,
        "Unnamed: 14": null,
        "Unnamed: 15": null,
        "Unnamed: 16": null,
        "Unnamed: 17": null,
        "Unnamed: 18": null,
        "Unnamed: 19": null,
        "Unnamed: 20": null,
        "Unnamed: 21": null
      },
      "geometry": {
        "type": "Polygon",
        "coordinates": [
          [
            [
              121.581836,
              25.07793
            ],
            [
              121.582036,
              25.07793
            ],
            [
              121.582036,
              25.078129999999998
            ],
            [
              121.581836,
              25.078129999999998
            ],
            [
              121.581836,
              25.07793
            ]
          ]
        ]
      }
    },
    {
      "type": "Feature",
      "properties": {
        "縣市": "臺北市",
        "案名": "百齡水岸社會住宅",
        "詳細地址": "111臺北市士林區重慶北路四段14號",
        "興辦主體": "臺北市政府",
        "戶數": 266,
        "工程決標日期": "109/3/18",
        "開工日期": "109/8/10",
        "完工日期": "(預定) 114/5/31",
        "執行情況": "興建中",
        "經緯度": "25.080617879111994, 121.51367672801948",
        "Unnamed: 10": null,
        "Unnamed: 11": null,
        "Unnamed: 12": null,
        "Unnamed: 13": null,
        "Unnamed: 14": null,
        "Unnamed: 15": null,
        "Unnamed: 16": null,
        "Unnamed: 17": null,
        "Unnamed: 18": null,
        "Unnamed: 19": null,
        "Unnamed: 20": null,
        "Unnamed: 21": null
      },
      "geometry": {
        "type": "Polygon",
        "coordinates": [
          [
            [
              121.51357672801947,
              25.080517879111994
            ],
            [
              121.51377672801948,
              25.080517879111994
            ],
            [
              121.51377672801948,
              25.080717879111994
            ],
            [
              121.51357672801947,
              25.080717879111994
            ],
            [
              121.51357672801947,
              25.080517879111994
            ]
          ]
        ]
      }
    },
    {
      "type": "Feature",
      "properties": {
        "縣市": "臺北市",
        "案名": "臺北市士林區光華段四小段508-6地號等29筆土地都市更新案",
        "詳細地址": null,
        "興辦主體": "中央(住都中心)",
        "戶數": 5,
        "工程決標日期": "108/2/1",
        "開工日期": "108/12/30",
        "完工日期": "(預定) 114/7/29",
        "執行情況": "興建中",
        "經緯度": "25.088837,121.524213",
        "Unnamed: 10": null,
        "Unnamed: 11": null,
        "Unnamed: 12": null,
        "Unnamed: 13": null,
        "Unnamed: 14": null,
        "Unnamed: 15": null,
        "Unnamed: 16": null,
        "Unnamed: 17": null,
        "Unnamed: 18": null,
        "Unnamed: 19": null,
        "Unnamed: 20": null,
        "Unnamed: 21": null
      },
      "geometry": {
        "type": "Polygon",
        "coordinates": [
          [
            [
              121.524113,
              25.088737000000002
            ],
            [
              121.524313,
              25.088737000000002
            ],
            [
              121.524313,
              25.088937
            ],
            [
              121.524113,
              25.088937
            ],
            [
              121.524113,
              25.088737000000002
            ]
          ]
        ]
      }
    },
    {
      "type": "Feature",
      "properties": {
        "縣市": "臺北市",
        "案名": "福國社會住宅",
        "詳細地址": "112台灣臺北市北投區112",
        "興辦主體": "臺北市政府",
        "戶數": 365,
        "工程決標日期": "108/8/26",
        "開工日期": "109/6/12",
        "完工日期": "(預定) 114/6/30",
        "執行情況": "興建中",
        "經緯度": "25.1021905,121.5137948",
        "Unnamed: 10": null,
        "Unnamed: 11": null,
        "Unnamed: 12": null,
        "Unnamed: 13": null,
        "Unnamed: 14": null,
        "Unnamed: 15": null,
        "Unnamed: 16": null,
        "Unnamed: 17": null,
        "Unnamed: 18": null,
        "Unnamed: 19": null,
        "Unnamed: 20": null,
        "Unnamed: 21": null
      },
      "geometry": {
        "type": "Polygon",
        "coordinates": [
          [
            [
              121.5136948,
              25.1020905
            ],
            [
              121.5138948,
              25.1020905
            ],
            [
              121.5138948,
              25.1022905
            ],
            [
              121.5136948,
              25.1022905
            ],
            [
              121.5136948,
              25.1020905
            ]
          ]
        ]
      }
    },
    {
      "type": "Feature",
      "properties": {
        "縣市": "臺北市",
        "案名": "臺北市北投區奇岩段三小段1-1地號等11筆土地都市更新案",
        "詳細地址": null,
        "興辦主體": "中央(住都中心)",
        "戶數": 2,
        "工程決標日期": "-",
        "開工日期": "111/2/19",
        "完工日期": "(預定) 115/1/1",
        "執行情況": "興建中",
        "經緯度": "25.126067,121.508438",
        "Unnamed: 10": null,
        "Unnamed: 11": null,
        "Unnamed: 12": null,
        "Unnamed: 13": null,
        "Unnamed: 14": null,
        "Unnamed: 15": null,
        "Unnamed: 16": null,
        "Unnamed: 17": null,
        "Unnamed: 18": null,
        "Unnamed: 19": null,
        "Unnamed: 20": null,
        "Unnamed: 21": null
      },
      "geometry": {
        "type": "Polygon",
        "coordinates": [
          [
            [
              121.508338,
              25.125967
            ],
            [
              121.508538,
              25.125967
            ],
            [
              121.508538,
              25.126167
            ],
            [
              121.508338,
              25.126167
            ],
            [
              121.508338,
              25.125967
            ]
          ]
        ]
      }
    },
    {
      "type": "Feature",
      "properties": {
        "縣市": "臺北市",
        "案名": "臺北市北投區振興段四小段166-2地號等34筆土地都市更新案",
        "詳細地址": null,
        "興辦主體": "中央(住都中心)",
        "戶數": 1,
        "工程決標日期": "109/1/2",
        "開工日期": "110/2/20",
        "完工日期": "(預定) 114/12/31",
        "執行情況": "興建中",
        "經緯度": "25.115222,121.516180",
        "Unnamed: 10": null,
        "Unnamed: 11": null,
        "Unnamed: 12": null,
        "Unnamed: 13": null,
        "Unnamed: 14": null,
        "Unnamed: 15": null,
        "Unnamed: 16": null,
        "Unnamed: 17": null,
        "Unnamed: 18": null,
        "Unnamed: 19": null,
        "Unnamed: 20": null,
        "Unnamed: 21": null
      },
      "geometry": {
        "type": "Polygon",
        "coordinates": [
          [
            [
              121.51608,
              25.115122
            ],
            [
              121.51628000000001,
              25.115122
            ],
            [
              121.51628000000001,
              25.115322
            ],
            [
              121.51608,
              25.115322
            ],
            [
              121.51608,
              25.115122
            ]
          ]
        ]
      }
    },
    {
      "type": "Feature",
      "properties": {
        "縣市": "臺北市",
        "案名": "三興社會住宅",
        "詳細地址": "110臺北市信義區嘉興街236號",
        "興辦主體": "臺北市政府",
        "戶數": 560,
        "工程決標日期": "108/7/8",
        "開工日期": "108/9/4",
        "完工日期": "(預定) 114/12/31",
        "執行情況": "興建中",
        "經緯度": "25.025646809640072, 121.55603041348952",
        "Unnamed: 10": null,
        "Unnamed: 11": null,
        "Unnamed: 12": null,
        "Unnamed: 13": null,
        "Unnamed: 14": null,
        "Unnamed: 15": null,
        "Unnamed: 16": null,
        "Unnamed: 17": null,
        "Unnamed: 18": null,
        "Unnamed: 19": null,
        "Unnamed: 20": null,
        "Unnamed: 21": null
      },
      "geometry": {
        "type": "Polygon",
        "coordinates": [
          [
            [
              121.55593041348952,
              25.025546809640073
            ],
            [
              121.55613041348953,
              25.025546809640073
            ],
            [
              121.55613041348953,
              25.025746809640072
            ],
            [
              121.55593041348952,
              25.025746809640072
            ],
            [
              121.55593041348952,
              25.025546809640073
            ]
          ]
        ]
      }
    },
    {
      "type": "Feature",
      "properties": {
        "縣市": "臺北市",
        "案名": "松信社會住宅新建工程",
        "詳細地址": null,
        "興辦主體": "臺北市政府",
        "戶數": 90,
        "工程決標日期": "111/10/20",
        "開工日期": "112/3/15",
        "完工日期": "(預定) 117/12/31",
        "執行情況": "興建中",
        "經緯度": "25.044149519167448, 121.57189394232235",
        "Unnamed: 10": null,
        "Unnamed: 11": null,
        "Unnamed: 12": null,
        "Unnamed: 13": null,
        "Unnamed: 14": null,
        "Unnamed: 15": null,
        "Unnamed: 16": null,
        "Unnamed: 17": null,
        "Unnamed: 18": null,
        "Unnamed: 19": null,
        "Unnamed: 20": null,
        "Unnamed: 21": null
      },
      "geometry": {
        "type": "Polygon",
        "coordinates": [
          [
            [
              121.57179394232234,
              25.044049519167448
            ],
            [
              121.57199394232235,
              25.044049519167448
            ],
            [
              121.57199394232235,
              25.044249519167447
            ],
            [
              121.57179394232234,
              25.044249519167447
            ],
            [
              121.57179394232234,
              25.044049519167448
            ]
          ]
        ]
      }
    },
    {
      "type": "Feature",
      "properties": {
        "縣市": "臺北市",
        "案名": "雅祥段一小段578地號等15筆土地都更案基地",
        "詳細地址": null,
        "興辦主體": "臺北市政府",
        "戶數": 106,
        "工程決標日期": "-",
        "開工日期": "113/6/7",
        "完工日期": "(預定) 117/12/31",
        "執行情況": "興建中",
        "經緯度": "25.046339,121.568778",
        "Unnamed: 10": null,
        "Unnamed: 11": null,
        "Unnamed: 12": null,
        "Unnamed: 13": null,
        "Unnamed: 14": null,
        "Unnamed: 15": null,
        "Unnamed: 16": null,
        "Unnamed: 17": null,
        "Unnamed: 18": null,
        "Unnamed: 19": null,
        "Unnamed: 20": null,
        "Unnamed: 21": null
      },
      "geometry": {
        "type": "Polygon",
        "coordinates": [
          [
            [
              121.56867799999999,
              25.046239
            ],
            [
              121.568878,
              25.046239
            ],
            [
              121.568878,
              25.046439
            ],
            [
              121.56867799999999,
              25.046439
            ],
            [
              121.56867799999999,
              25.046239
            ]
          ]
        ]
      }
    },
    {
      "type": "Feature",
      "properties": {
        "縣市": "臺北市",
        "案名": "信義兒福B1-1基地公辦都市更新案",
        "詳細地址": "110台灣臺北市信義區虎林街120巷268-3號",
        "興辦主體": "中央(住都中心)",
        "戶數": 72,
        "工程決標日期": "109/1/15",
        "開工日期": "111/6/7",
        "完工日期": "(預定) 114/10/16",
        "執行情況": "興建中",
        "經緯度": "25.0423864,121.5722029",
        "Unnamed: 10": null,
        "Unnamed: 11": null,
        "Unnamed: 12": null,
        "Unnamed: 13": null,
        "Unnamed: 14": null,
        "Unnamed: 15": null,
        "Unnamed: 16": null,
        "Unnamed: 17": null,
        "Unnamed: 18": null,
        "Unnamed: 19": null,
        "Unnamed: 20": null,
        "Unnamed: 21": null
      },
      "geometry": {
        "type": "Polygon",
        "coordinates": [
          [
            [
              121.57210289999999,
              25.042286400000002
            ],
            [
              121.5723029,
              25.042286400000002
            ],
            [
              121.5723029,
              25.0424864
            ],
            [
              121.57210289999999,
              25.0424864
            ],
            [
              121.57210289999999,
              25.042286400000002
            ]
          ]
        ]
      }
    },
    {
      "type": "Feature",
      "properties": {
        "縣市": "臺北市",
        "案名": "臺北市松山區延吉段一小段85地號等37筆土地都市更新案",
        "詳細地址": null,
        "興辦主體": "中央(住都中心)",
        "戶數": 7,
        "工程決標日期": "113/2/6",
        "開工日期": "(預定) 115/4/30",
        "完工日期": "(預定) 117/8/31",
        "執行情況": "已決標 待開工",
        "經緯度": "25.047431,121.557397",
        "Unnamed: 10": null,
        "Unnamed: 11": null,
        "Unnamed: 12": null,
        "Unnamed: 13": null,
        "Unnamed: 14": null,
        "Unnamed: 15": null,
        "Unnamed: 16": null,
        "Unnamed: 17": null,
        "Unnamed: 18": null,
        "Unnamed: 19": null,
        "Unnamed: 20": null,
        "Unnamed: 21": null
      },
      "geometry": {
        "type": "Polygon",
        "coordinates": [
          [
            [
              121.55729699999999,
              25.047331
            ],
            [
              121.557497,
              25.047331
            ],
            [
              121.557497,
              25.047531
            ],
            [
              121.55729699999999,
              25.047531
            ],
            [
              121.55729699999999,
              25.047331
            ]
          ]
        ]
      }
    },
    {
      "type": "Feature",
      "properties": {
        "縣市": "臺北市",
        "案名": "金華社會住宅(特四、五)",
        "詳細地址": "106台灣臺北市大安區金山南路二段94號",
        "興辦主體": "臺北市政府",
        "戶數": 515,
        "工程決標日期": "112/2/23",
        "開工日期": "(預定) 114/12/31",
        "完工日期": "(預定) 119/8/31",
        "執行情況": "已決標 待開工",
        "經緯度": "25.0307517,121.5264457",
        "Unnamed: 10": null,
        "Unnamed: 11": null,
        "Unnamed: 12": null,
        "Unnamed: 13": null,
        "Unnamed: 14": null,
        "Unnamed: 15": null,
        "Unnamed: 16": null,
        "Unnamed: 17": null,
        "Unnamed: 18": null,
        "Unnamed: 19": null,
        "Unnamed: 20": null,
        "Unnamed: 21": null
      },
      "geometry": {
        "type": "Polygon",
        "coordinates": [
          [
            [
              121.5263457,
              25.0306517
            ],
            [
              121.5265457,
              25.0306517
            ],
            [
              121.5265457,
              25.0308517
            ],
            [
              121.5263457,
              25.0308517
            ],
            [
              121.5263457,
              25.0306517
            ]
          ]
        ]
      }
    },
    {
      "type": "Feature",
      "properties": {
        "縣市": "臺北市",
        "案名": "黎孝好室A",
        "詳細地址": "106台灣臺北市大安區富陽街114號",
        "興辦主體": "中央(住都中心)",
        "戶數": 81,
        "工程決標日期": "114/1/16",
        "開工日期": "(預定) 116/5/8",
        "完工日期": "(預定) 118/1/15",
        "執行情況": "已決標 待開工",
        "經緯度": "25.0195749,121.5564831",
        "Unnamed: 10": null,
        "Unnamed: 11": null,
        "Unnamed: 12": null,
        "Unnamed: 13": null,
        "Unnamed: 14": null,
        "Unnamed: 15": null,
        "Unnamed: 16": null,
        "Unnamed: 17": null,
        "Unnamed: 18": null,
        "Unnamed: 19": null,
        "Unnamed: 20": null,
        "Unnamed: 21": null
      },
      "geometry": {
        "type": "Polygon",
        "coordinates": [
          [
            [
              121.55638309999999,
              25.0194749
            ],
            [
              121.5565831,
              25.0194749
            ],
            [
              121.5565831,
              25.0196749
            ],
            [
              121.55638309999999,
              25.0196749
            ],
            [
              121.55638309999999,
              25.0194749
            ]
          ]
        ]
      }
    },
    {
      "type": "Feature",
      "properties": {
        "縣市": "臺北市",
        "案名": "黎孝好室B",
        "詳細地址": "106台灣臺北市大安區富陽街114號",
        "興辦主體": "中央(住都中心)",
        "戶數": 52,
        "工程決標日期": "114/1/16",
        "開工日期": "(預定) 116/5/8",
        "完工日期": "(預定) 118/1/15",
        "執行情況": "已決標 待開工",
        "經緯度": "25.0195749,121.5564831",
        "Unnamed: 10": null,
        "Unnamed: 11": null,
        "Unnamed: 12": null,
        "Unnamed: 13": null,
        "Unnamed: 14": null,
        "Unnamed: 15": null,
        "Unnamed: 16": null,
        "Unnamed: 17": null,
        "Unnamed: 18": null,
        "Unnamed: 19": null,
        "Unnamed: 20": null,
        "Unnamed: 21": null
      },
      "geometry": {
        "type": "Polygon",
        "coordinates": [
          [
            [
              121.55638309999999,
              25.0194749
            ],
            [
              121.5565831,
              25.0194749
            ],
            [
              121.5565831,
              25.0196749
            ],
            [
              121.55638309999999,
              25.0196749
            ],
            [
              121.55638309999999,
              25.0194749
            ]
          ]
        ]
      }
    },
    {
      "type": "Feature",
      "properties": {
        "縣市": "臺北市",
        "案名": "臺北市大安區大安段三小段243地號等15筆土地都市更新案",
        "詳細地址": null,
        "興辦主體": "中央(住都中心)",
        "戶數": 2,
        "工程決標日期": "108/7/24",
        "開工日期": "(預定) 114/6/30",
        "完工日期": "(預定) 117/3/1",
        "執行情況": "已決標 待開工",
        "經緯度": "25.025828,121.547506",
        "Unnamed: 10": null,
        "Unnamed: 11": null,
        "Unnamed: 12": null,
        "Unnamed: 13": null,
        "Unnamed: 14": null,
        "Unnamed: 15": null,
        "Unnamed: 16": null,
        "Unnamed: 17": null,
        "Unnamed: 18": null,
        "Unnamed: 19": null,
        "Unnamed: 20": null,
        "Unnamed: 21": null
      },
      "geometry": {
        "type": "Polygon",
        "coordinates": [
          [
            [
              121.547406,
              25.025728
            ],
            [
              121.547606,
              25.025728
            ],
            [
              121.547606,
              25.025928
            ],
            [
              121.547406,
              25.025928
            ],
            [
              121.547406,
              25.025728
            ]
          ]
        ]
      }
    },
    {
      "type": "Feature",
      "properties": {
        "縣市": "臺北市",
        "案名": "臺北市大安區通化段五小段242地號等10筆土地都市更新案",
        "詳細地址": null,
        "興辦主體": "中央(住都中心)",
        "戶數": 1,
        "工程決標日期": "110/9/9",
        "開工日期": "(預定) 114/12/31",
        "完工日期": "(預定) 118/12/31",
        "執行情況": "已決標 待開工",
        "經緯度": "25.032116,121.550911",
        "Unnamed: 10": null,
        "Unnamed: 11": null,
        "Unnamed: 12": null,
        "Unnamed: 13": null,
        "Unnamed: 14": null,
        "Unnamed: 15": null,
        "Unnamed: 16": null,
        "Unnamed: 17": null,
        "Unnamed: 18": null,
        "Unnamed: 19": null,
        "Unnamed: 20": null,
        "Unnamed: 21": null
      },
      "geometry": {
        "type": "Polygon",
        "coordinates": [
          [
            [
              121.550811,
              25.032016
            ],
            [
              121.551011,
              25.032016
            ],
            [
              121.551011,
              25.032216
            ],
            [
              121.550811,
              25.032216
            ],
            [
              121.550811,
              25.032016
            ]
          ]
        ]
      }
    },
    {
      "type": "Feature",
      "properties": {
        "縣市": "臺北市",
        "案名": "臺北市中正區南海段二小段41-4地號等55筆土地都市更新案",
        "詳細地址": null,
        "興辦主體": "中央(住都中心)",
        "戶數": 2,
        "工程決標日期": "112/4/17",
        "開工日期": "(預定) 114/12/31",
        "完工日期": "(預定) 118/12/31",
        "執行情況": "已決標 待開工",
        "經緯度": "25.028370,121.520815",
        "Unnamed: 10": null,
        "Unnamed: 11": null,
        "Unnamed: 12": null,
        "Unnamed: 13": null,
        "Unnamed: 14": null,
        "Unnamed: 15": null,
        "Unnamed: 16": null,
        "Unnamed: 17": null,
        "Unnamed: 18": null,
        "Unnamed: 19": null,
        "Unnamed: 20": null,
        "Unnamed: 21": null
      },
      "geometry": {
        "type": "Polygon",
        "coordinates": [
          [
            [
              121.520715,
              25.02827
            ],
            [
              121.520915,
              25.02827
            ],
            [
              121.520915,
              25.02847
            ],
            [
              121.520715,
              25.02847
            ],
            [
              121.520715,
              25.02827
            ]
          ]
        ]
      }
    },
    {
      "type": "Feature",
      "properties": {
        "縣市": "臺北市",
        "案名": "臺北市大同區文昌段二小段595地號等41筆土地都市更新案",
        "詳細地址": null,
        "興辦主體": "中央(住都中心)",
        "戶數": 6,
        "工程決標日期": "111/12/23",
        "開工日期": "(預定) 115/3/31",
        "完工日期": "(預定) 117/3/31",
        "執行情況": "已決標 待開工",
        "經緯度": "25.069125,121.510258",
        "Unnamed: 10": null,
        "Unnamed: 11": null,
        "Unnamed: 12": null,
        "Unnamed: 13": null,
        "Unnamed: 14": null,
        "Unnamed: 15": null,
        "Unnamed: 16": null,
        "Unnamed: 17": null,
        "Unnamed: 18": null,
        "Unnamed: 19": null,
        "Unnamed: 20": null,
        "Unnamed: 21": null
      },
      "geometry": {
        "type": "Polygon",
        "coordinates": [
          [
            [
              121.51015799999999,
              25.069025
            ],
            [
              121.510358,
              25.069025
            ],
            [
              121.510358,
              25.069225
            ],
            [
              121.51015799999999,
              25.069225
            ],
            [
              121.51015799999999,
              25.069025
            ]
          ]
        ]
      }
    },
    {
      "type": "Feature",
      "properties": {
        "縣市": "臺北市",
        "案名": "臺北市中山區長春段二小段626地號等24筆(原20筆)土地都市更新計畫案",
        "詳細地址": null,
        "興辦主體": "中央(住都中心)",
        "戶數": 8,
        "工程決標日期": "112/5/24",
        "開工日期": "(預定) 114/12/31",
        "完工日期": "(預定) 117/10/31",
        "執行情況": "已決標 待開工",
        "經緯度": "25.054550,121.537368",
        "Unnamed: 10": null,
        "Unnamed: 11": null,
        "Unnamed: 12": null,
        "Unnamed: 13": null,
        "Unnamed: 14": null,
        "Unnamed: 15": null,
        "Unnamed: 16": null,
        "Unnamed: 17": null,
        "Unnamed: 18": null,
        "Unnamed: 19": null,
        "Unnamed: 20": null,
        "Unnamed: 21": null
      },
      "geometry": {
        "type": "Polygon",
        "coordinates": [
          [
            [
              121.537268,
              25.05445
            ],
            [
              121.537468,
              25.05445
            ],
            [
              121.537468,
              25.05465
            ],
            [
              121.537268,
              25.05465
            ],
            [
              121.537268,
              25.05445
            ]
          ]
        ]
      }
    },
    {
      "type": "Feature",
      "properties": {
        "縣市": "臺北市",
        "案名": "保儀安居",
        "詳細地址": "116台灣臺北市文山區保儀路111號",
        "興辦主體": "中央(住都中心)",
        "戶數": 220,
        "工程決標日期": "113/6/7",
        "開工日期": "(預定) 114/8/31",
        "完工日期": "(預定) 117/12/31",
        "執行情況": "已決標 待開工",
        "經緯度": "24.9861511,121.5680067",
        "Unnamed: 10": null,
        "Unnamed: 11": null,
        "Unnamed: 12": null,
        "Unnamed: 13": null,
        "Unnamed: 14": null,
        "Unnamed: 15": null,
        "Unnamed: 16": null,
        "Unnamed: 17": null,
        "Unnamed: 18": null,
        "Unnamed: 19": null,
        "Unnamed: 20": null,
        "Unnamed: 21": null
      },
      "geometry": {
        "type": "Polygon",
        "coordinates": [
          [
            [
              121.5679067,
              24.9860511
            ],
            [
              121.5681067,
              24.9860511
            ],
            [
              121.5681067,
              24.9862511
            ],
            [
              121.5679067,
              24.9862511
            ],
            [
              121.5679067,
              24.9860511
            ]
          ]
        ]
      }
    },
    {
      "type": "Feature",
      "properties": {
        "縣市": "臺北市",
        "案名": "光華好室",
        "詳細地址": "115台灣臺北市南港區忠孝東路七段90巷10弄3號",
        "興辦主體": "中央(住都中心)",
        "戶數": 162,
        "工程決標日期": "113/6/12",
        "開工日期": "(預定) 114/9/30",
        "完工日期": "(預定) 118/2/28",
        "執行情況": "已決標 待開工",
        "經緯度": "25.048344,121.59681",
        "Unnamed: 10": null,
        "Unnamed: 11": null,
        "Unnamed: 12": null,
        "Unnamed: 13": null,
        "Unnamed: 14": null,
        "Unnamed: 15": null,
        "Unnamed: 16": null,
        "Unnamed: 17": null,
        "Unnamed: 18": null,
        "Unnamed: 19": null,
        "Unnamed: 20": null,
        "Unnamed: 21": null
      },
      "geometry": {
        "type": "Polygon",
        "coordinates": [
          [
            [
              121.59671,
              25.048244
            ],
            [
              121.59691000000001,
              25.048244
            ],
            [
              121.59691000000001,
              25.048444
            ],
            [
              121.59671,
              25.048444
            ],
            [
              121.59671,
              25.048244
            ]
          ]
        ]
      }
    },
    {
      "type": "Feature",
      "properties": {
        "縣市": "臺北市",
        "案名": "臺北市南港區新光段二小段134地號等13筆(原10筆)土地都市更新案",
        "詳細地址": null,
        "興辦主體": "中央(住都中心)",
        "戶數": 2,
        "工程決標日期": "113/6/5",
        "開工日期": "(預定) 114/12/31",
        "完工日期": "(預定) 117/8/1",
        "執行情況": "已決標 待開工",
        "經緯度": "25.044132,121.586831",
        "Unnamed: 10": null,
        "Unnamed: 11": null,
        "Unnamed: 12": null,
        "Unnamed: 13": null,
        "Unnamed: 14": null,
        "Unnamed: 15": null,
        "Unnamed: 16": null,
        "Unnamed: 17": null,
        "Unnamed: 18": null,
        "Unnamed: 19": null,
        "Unnamed: 20": null,
        "Unnamed: 21": null
      },
      "geometry": {
        "type": "Polygon",
        "coordinates": [
          [
            [
              121.586731,
              25.044032
            ],
            [
              121.586931,
              25.044032
            ],
            [
              121.586931,
              25.044232
            ],
            [
              121.586731,
              25.044232
            ],
            [
              121.586731,
              25.044032
            ]
          ]
        ]
      }
    },
    {
      "type": "Feature",
      "properties": {
        "縣市": "臺北市",
        "案名": "南港區南港機廠社會住宅2區",
        "詳細地址": "115台灣臺北市南港區忠孝東路七段124巷",
        "興辦主體": "臺北市政府",
        "戶數": 305,
        "工程決標日期": "113/12/4",
        "開工日期": "(預定) 114/12/31",
        "完工日期": "(預定) 118/2/28",
        "執行情況": "已決標 待開工",
        "經緯度": "25.0494674,121.5968056",
        "Unnamed: 10": null,
        "Unnamed: 11": null,
        "Unnamed: 12": null,
        "Unnamed: 13": null,
        "Unnamed: 14": null,
        "Unnamed: 15": null,
        "Unnamed: 16": null,
        "Unnamed: 17": null,
        "Unnamed: 18": null,
        "Unnamed: 19": null,
        "Unnamed: 20": null,
        "Unnamed: 21": null
      },
      "geometry": {
        "type": "Polygon",
        "coordinates": [
          [
            [
              121.59670559999999,
              25.0493674
            ],
            [
              121.5969056,
              25.0493674
            ],
            [
              121.5969056,
              25.0495674
            ],
            [
              121.59670559999999,
              25.0495674
            ],
            [
              121.59670559999999,
              25.0493674
            ]
          ]
        ]
      }
    },
    {
      "type": "Feature",
      "properties": {
        "縣市": "臺北市",
        "案名": "石壁潭社會住宅1區",
        "詳細地址": "114台灣臺北市內湖區石潭里",
        "興辦主體": "臺北市政府",
        "戶數": 481,
        "工程決標日期": "113/10/18",
        "開工日期": "(預定) 114/12/31",
        "完工日期": "(預定) 119/12/31",
        "執行情況": "已決標 待開工",
        "經緯度": "25.0607332,121.5902759",
        "Unnamed: 10": null,
        "Unnamed: 11": null,
        "Unnamed: 12": null,
        "Unnamed: 13": null,
        "Unnamed: 14": null,
        "Unnamed: 15": null,
        "Unnamed: 16": null,
        "Unnamed: 17": null,
        "Unnamed: 18": null,
        "Unnamed: 19": null,
        "Unnamed: 20": null,
        "Unnamed: 21": null
      },
      "geometry": {
        "type": "Polygon",
        "coordinates": [
          [
            [
              121.59017589999999,
              25.0606332
            ],
            [
              121.5903759,
              25.0606332
            ],
            [
              121.5903759,
              25.0608332
            ],
            [
              121.59017589999999,
              25.0608332
            ],
            [
              121.59017589999999,
              25.0606332
            ]
          ]
        ]
      }
    },
    {
      "type": "Feature",
      "properties": {
        "縣市": "臺北市",
        "案名": "芝山安居",
        "詳細地址": "111台灣臺北市士林區",
        "興辦主體": "中央(住都中心)",
        "戶數": 825,
        "工程決標日期": "113/2/27",
        "開工日期": "(預定) 115/2/28",
        "完工日期": "(預定) 120/1/31",
        "執行情況": "已決標 待開工",
        "經緯度": "25.103765,121.523629",
        "Unnamed: 10": null,
        "Unnamed: 11": null,
        "Unnamed: 12": null,
        "Unnamed: 13": null,
        "Unnamed: 14": null,
        "Unnamed: 15": null,
        "Unnamed: 16": null,
        "Unnamed: 17": null,
        "Unnamed: 18": null,
        "Unnamed: 19": null,
        "Unnamed: 20": null,
        "Unnamed: 21": null
      },
      "geometry": {
        "type": "Polygon",
        "coordinates": [
          [
            [
              121.523529,
              25.103665
            ],
            [
              121.523729,
              25.103665
            ],
            [
              121.523729,
              25.103865
            ],
            [
              121.523529,
              25.103865
            ],
            [
              121.523529,
              25.103665
            ]
          ]
        ]
      }
    },
    {
      "type": "Feature",
      "properties": {
        "縣市": "臺北市",
        "案名": "臺北市士林區蘭雅段一小段52地號等23筆(原18筆)土地都市更新案",
        "詳細地址": null,
        "興辦主體": "中央(住都中心)",
        "戶數": 2,
        "工程決標日期": "113/4/30",
        "開工日期": "(預定) 115/4/30",
        "完工日期": "(預定) 119/4/30",
        "執行情況": "已決標 待開工",
        "經緯度": "25.110025,121.525340",
        "Unnamed: 10": null,
        "Unnamed: 11": null,
        "Unnamed: 12": null,
        "Unnamed: 13": null,
        "Unnamed: 14": null,
        "Unnamed: 15": null,
        "Unnamed: 16": null,
        "Unnamed: 17": null,
        "Unnamed: 18": null,
        "Unnamed: 19": null,
        "Unnamed: 20": null,
        "Unnamed: 21": null
      },
      "geometry": {
        "type": "Polygon",
        "coordinates": [
          [
            [
              121.52524,
              25.109925
            ],
            [
              121.52544,
              25.109925
            ],
            [
              121.52544,
              25.110125
            ],
            [
              121.52524,
              25.110125
            ],
            [
              121.52524,
              25.109925
            ]
          ]
        ]
      }
    },
    {
      "type": "Feature",
      "properties": {
        "縣市": "臺北市",
        "案名": "稻香安居",
        "詳細地址": "112台灣臺北市北投區中央北路二段344號",
        "興辦主體": "中央(住都中心)",
        "戶數": 468,
        "工程決標日期": "114/5/2",
        "開工日期": "(預定) 114/6/30",
        "完工日期": "(預定) 118/2/28",
        "執行情況": "已決標 待開工",
        "經緯度": "25.138665,121.488723",
        "Unnamed: 10": null,
        "Unnamed: 11": null,
        "Unnamed: 12": null,
        "Unnamed: 13": null,
        "Unnamed: 14": null,
        "Unnamed: 15": null,
        "Unnamed: 16": null,
        "Unnamed: 17": null,
        "Unnamed: 18": null,
        "Unnamed: 19": null,
        "Unnamed: 20": null,
        "Unnamed: 21": null
      },
      "geometry": {
        "type": "Polygon",
        "coordinates": [
          [
            [
              121.48862299999999,
              25.138565
            ],
            [
              121.488823,
              25.138565
            ],
            [
              121.488823,
              25.138765
            ],
            [
              121.48862299999999,
              25.138765
            ],
            [
              121.48862299999999,
              25.138565
            ]
          ]
        ]
      }
    },
    {
      "type": "Feature",
      "properties": {
        "縣市": "臺北市",
        "案名": "信義兒福B1-2基地公辦都市更新案",
        "詳細地址": null,
        "興辦主體": "中央(住都中心)",
        "戶數": 159,
        "工程決標日期": "111/8/1",
        "開工日期": "(預定) 114/10/6",
        "完工日期": "(預定) 120/3/5",
        "執行情況": "已決標 待開工",
        "經緯度": "25.041921,121.571657",
        "Unnamed: 10": null,
        "Unnamed: 11": null,
        "Unnamed: 12": null,
        "Unnamed: 13": null,
        "Unnamed: 14": null,
        "Unnamed: 15": null,
        "Unnamed: 16": null,
        "Unnamed: 17": null,
        "Unnamed: 18": null,
        "Unnamed: 19": null,
        "Unnamed: 20": null,
        "Unnamed: 21": null
      },
      "geometry": {
        "type": "Polygon",
        "coordinates": [
          [
            [
              121.571557,
              25.041821
            ],
            [
              121.571757,
              25.041821
            ],
            [
              121.571757,
              25.042021
            ],
            [
              121.571557,
              25.042021
            ],
            [
              121.571557,
              25.041821
            ]
          ]
        ]
      }
    }
  ]
}