{
  "type": "FeatureCollection",
  "features": [
    {
      "type": "Feature",
      "geometry": {
        "type": "Point",
        "coordinates": [
          121.43036856542551,
          25.07131390590362
        ]
      },
      "properties": {
        "縣市": "新北市",
        "案名": "五股銀髮住宅",
        "詳細地址": "248新北市五股區水碓二路1號",
        "興辦主體": "新北市政府",
        "戶數": "71",
        "工程決標日期": "-",
        "開工日期": "105/1/1",
        "完工日期": "90/2/28",
        "執行情況": "既有",
        "經緯度": "25.07131390590362, 121.43036856542551"
      }
    },
    {
      "type": "Feature",
      "geometry": {
        "type": "Point",
        "coordinates": [
          121.50060035186574,
          25.063006103272606
        ]
      },
      "properties": {
        "縣市": "新北市",
        "案名": "臺北橋聯開宅",
        "詳細地址": "新北市三重區重新路一段108號",
        "興辦主體": "臺北市政府",
        "戶數": "14",
        "工程決標日期": "-",
        "開工日期": "99/9/2",
        "完工日期": "101/12/20",
        "執行情況": "既有",
        "經緯度": "25.063006103272606, 121.50060035186574"
      }
    },
    {
      "type": "Feature",
      "geometry": {
        "type": "Point",
        "coordinates": [
          121.49242945283694,
          25.055866755672547
        ]
      },
      "properties": {
        "縣市": "新北市",
        "案名": "三重集美段社宅",
        "詳細地址": "",
        "興辦主體": "新北市政府",
        "戶數": "8",
        "工程決標日期": "-",
        "開工日期": "105/1/1",
        "完工日期": "105/1/1",
        "執行情況": "既有",
        "經緯度": "25.055866755672547, 121.49242945283694"
      }
    },
    {
      "type": "Feature",
      "geometry": {
        "type": "Point",
        "coordinates": [
          121.52978407327139,
          24.97286076011306
        ]
      },
      "properties": {
        "縣市": "新北市",
        "案名": "小碧潭站社會住宅戶(新北市新店區新店機廠聯開宅)",
        "詳細地址": "新北市新店區中央路153、161號",
        "興辦主體": "臺北市政府",
        "戶數": "13",
        "工程決標日期": "-",
        "開工日期": "104/1/1",
        "完工日期": "104/1/1",
        "執行情況": "既有",
        "經緯度": "24.97286076011306, 121.52978407327139"
      }
    },
    {
      "type": "Feature",
      "geometry": {
        "type": "Point",
        "coordinates": [
          121.53754223651838,
          24.973372103608348
        ]
      },
      "properties": {
        "縣市": "新北市",
        "案名": "新店中正國宅",
        "詳細地址": "231新北市新店區中正路265巷26號",
        "興辦主體": "新北市政府",
        "戶數": "56",
        "工程決標日期": "-",
        "開工日期": "80/4/30",
        "完工日期": "82/8/31",
        "執行情況": "既有",
        "經緯度": "24.973372103608348, 121.53754223651838"
      }
    },
    {
      "type": "Feature",
      "geometry": {
        "type": "Point",
        "coordinates": [
          121.35837153965274,
          24.941303596361777
        ]
      },
      "properties": {
        "縣市": "新北市",
        "案名": "三峽隆恩埔(原民宅)",
        "詳細地址": "237新北市三峽區隆恩街241之1號",
        "興辦主體": "新北市政府",
        "戶數": "150",
        "工程決標日期": "-",
        "開工日期": "94/6/30",
        "完工日期": "96/5/31",
        "執行情況": "既有",
        "經緯度": "24.941303596361777, 121.35837153965274"
      }
    },
    {
      "type": "Feature",
      "geometry": {
        "type": "Point",
        "coordinates": [
          121.6398341,
          25.0677398
        ]
      },
      "properties": {
        "縣市": "新北市",
        "案名": "汐止花東新村",
        "詳細地址": "221台灣新北市汐止區樟樹二路251巷34號",
        "興辦主體": "新北市政府",
        "戶數": "126",
        "工程決標日期": "-",
        "開工日期": "-",
        "完工日期": "88/6/24",
        "執行情況": "既有",
        "經緯度": "25.0677398,121.6398341"
      }
    },
    {
      "type": "Feature",
      "geometry": {
        "type": "Point",
        "coordinates": [
          121.5190151,
          25.0090034
        ]
      },
      "properties": {
        "縣市": "新北市",
        "案名": "永和國光青年住宅",
        "詳細地址": "234台灣新北市永和區中正路70號666 巷",
        "興辦主體": "新北市政府",
        "戶數": "7",
        "工程決標日期": "101/1/16",
        "開工日期": "101/5/15",
        "完工日期": "102/4/12",
        "執行情況": "既有",
        "經緯度": "25.0090034,121.5190151"
      }
    },
    {
      "type": "Feature",
      "geometry": {
        "type": "Point",
        "coordinates": [
          121.4312436,
          25.0003262
        ]
      },
      "properties": {
        "縣市": "新北市",
        "案名": "新莊新豐青年社會住宅",
        "詳細地址": "242台灣新北市新莊區樹新路222-252號",
        "興辦主體": "新北市政府",
        "戶數": "76",
        "工程決標日期": "-",
        "開工日期": "103/10/1",
        "完工日期": "106/9/25",
        "執行情況": "新完工",
        "經緯度": "25.0003262,121.4312436"
      }
    },
    {
      "type": "Feature",
      "geometry": {
        "type": "Point",
        "coordinates": [
          121.453786,
          25.055365
        ]
      },
      "properties": {
        "縣市": "新北市",
        "案名": "新莊副都心段一小段224地號",
        "詳細地址": "",
        "興辦主體": "新北市政府",
        "戶數": "23",
        "工程決標日期": "108/5/22",
        "開工日期": "108/5/22",
        "完工日期": "112/7/5",
        "執行情況": "新完工",
        "經緯度": "25.055365,121.453786"
      }
    },
    {
      "type": "Feature",
      "geometry": {
        "type": "Point",
        "coordinates": [
          121.442733,
          25.045242
        ]
      },
      "properties": {
        "縣市": "新北市",
        "案名": "立言段10等1筆地號",
        "詳細地址": "",
        "興辦主體": "新北市政府",
        "戶數": "16",
        "工程決標日期": "109/5/9",
        "開工日期": "109/5/9",
        "完工日期": "114/2/28",
        "執行情況": "新完工",
        "經緯度": "25.045242,121.442733"
      }
    },
    {
      "type": "Feature",
      "geometry": {
        "type": "Point",
        "coordinates": [
          121.3756808,
          25.0764199
        ]
      },
      "properties": {
        "縣市": "新北市",
        "案名": "林口世大運選手村社會住宅",
        "詳細地址": "244台灣新北市林口區仁愛路二段500號",
        "興辦主體": "中央(住都中心)",
        "戶數": "2907",
        "工程決標日期": "102/8/9",
        "開工日期": "103/5/8",
        "完工日期": "107/8/31",
        "執行情況": "新完工",
        "經緯度": "25.0764199,121.3756808"
      }
    },
    {
      "type": "Feature",
      "geometry": {
        "type": "Point",
        "coordinates": [
          121.44412886536028,
          25.086419962393105
        ]
      },
      "properties": {
        "縣市": "新北市",
        "案名": "五股芳洲(203)青年社會住宅",
        "詳細地址": "248新北市五股區芳洲二路29號",
        "興辦主體": "新北市政府",
        "戶數": "23",
        "工程決標日期": "108/1/31",
        "開工日期": "108/10/15",
        "完工日期": "113/6/7",
        "執行情況": "新完工",
        "經緯度": "25.086419962393105, 121.44412886536028"
      }
    },
    {
      "type": "Feature",
      "geometry": {
        "type": "Point",
        "coordinates": [
          121.449647,
          25.096427
        ]
      },
      "properties": {
        "縣市": "新北市",
        "案名": "成州段77-7等1筆地號",
        "詳細地址": "",
        "興辦主體": "新北市政府",
        "戶數": "10",
        "工程決標日期": "108/12/13",
        "開工日期": "108/12/13",
        "完工日期": "113/1/2",
        "執行情況": "新完工",
        "經緯度": "25.096427,121.449647"
      }
    },
    {
      "type": "Feature",
      "geometry": {
        "type": "Point",
        "coordinates": [
          121.454628,
          25.104903
        ]
      },
      "properties": {
        "縣市": "新北市",
        "案名": "五股成州段4等1筆地號",
        "詳細地址": "",
        "興辦主體": "新北市政府",
        "戶數": "11",
        "工程決標日期": "109/10/14",
        "開工日期": "109/10/14",
        "完工日期": "113/11/25",
        "執行情況": "新完工",
        "經緯度": "25.104903,121.454628"
      }
    },
    {
      "type": "Feature",
      "geometry": {
        "type": "Point",
        "coordinates": [
          121.49673087116109,
          25.055256759625934
        ]
      },
      "properties": {
        "縣市": "新北市",
        "案名": "大安青年社會住宅(三重1館)",
        "詳細地址": "241新北市三重區環河南路125號",
        "興辦主體": "新北市政府",
        "戶數": "133",
        "工程決標日期": "-",
        "開工日期": "103/3/7",
        "完工日期": "105/5/15",
        "執行情況": "新完工",
        "經緯度": "25.055256759625934, 121.49673087116109"
      }
    },
    {
      "type": "Feature",
      "geometry": {
        "type": "Point",
        "coordinates": [
          121.4980431423232,
          25.057681392951913
        ]
      },
      "properties": {
        "縣市": "新北市",
        "案名": "大同南青年社會住宅(三重2館-西側)",
        "詳細地址": "241新北市三重區大同南路172巷30號1樓",
        "興辦主體": "新北市政府",
        "戶數": "119",
        "工程決標日期": "-",
        "開工日期": "103/3/7",
        "完工日期": "105/3/15",
        "執行情況": "新完工",
        "經緯度": "25.057681392951913, 121.4980431423232"
      }
    },
    {
      "type": "Feature",
      "geometry": {
        "type": "Point",
        "coordinates": [
          121.49838735769197,
          25.057730221420137
        ]
      },
      "properties": {
        "縣市": "新北市",
        "案名": "大同南青年社會住宅(三重3館-東側)",
        "詳細地址": "241新北市三重區正義南路129號",
        "興辦主體": "新北市政府",
        "戶數": "75",
        "工程決標日期": "-",
        "開工日期": "104/3/10",
        "完工日期": "106/1/10",
        "執行情況": "新完工",
        "經緯度": "25.057730221420137, 121.49838735769197"
      }
    },
    {
      "type": "Feature",
      "geometry": {
        "type": "Point",
        "coordinates": [
          121.47457357116026,
          25.058215588393416
        ]
      },
      "properties": {
        "縣市": "新北市",
        "案名": "三重五谷王(27)青年社會住宅",
        "詳細地址": "241新北市三重區神農街481~501號",
        "興辦主體": "新北市政府",
        "戶數": "12",
        "工程決標日期": "-",
        "開工日期": "107/3/28",
        "完工日期": "109/4/29",
        "執行情況": "新完工",
        "經緯度": "25.058215588393416, 121.47457357116026"
      }
    },
    {
      "type": "Feature",
      "geometry": {
        "type": "Point",
        "coordinates": [
          121.486419,
          25.051566
        ]
      },
      "properties": {
        "縣市": "新北市",
        "案名": "三重段309等1筆地號",
        "詳細地址": "",
        "興辦主體": "新北市政府",
        "戶數": "18",
        "工程決標日期": "109/2/19",
        "開工日期": "109/2/19",
        "完工日期": "113/8/23",
        "執行情況": "新完工",
        "經緯度": "25.051566,121.486419"
      }
    },
    {
      "type": "Feature",
      "geometry": {
        "type": "Point",
        "coordinates": [
          121.47615,
          25.049036
        ]
      },
      "properties": {
        "縣市": "新北市",
        "案名": "五谷王段349、348、347、346、340、339等6筆地號",
        "詳細地址": "",
        "興辦主體": "新北市政府",
        "戶數": "19",
        "工程決標日期": "109/12/18",
        "開工日期": "109/12/18",
        "完工日期": "113/9/20",
        "執行情況": "新完工",
        "經緯度": "25.049036,121.476150"
      }
    },
    {
      "type": "Feature",
      "geometry": {
        "type": "Point",
        "coordinates": [
          121.4327919,
          25.0581641
        ]
      },
      "properties": {
        "縣市": "新北市",
        "案名": "泰山信華青年社會住宅",
        "詳細地址": "243台灣新北市泰山區",
        "興辦主體": "新北市政府",
        "戶數": "14",
        "工程決標日期": "108/10/1",
        "開工日期": "108/10/1",
        "完工日期": "113/6/14",
        "執行情況": "新完工",
        "經緯度": "25.0581641,121.4327919"
      }
    },
    {
      "type": "Feature",
      "geometry": {
        "type": "Point",
        "coordinates": [
          121.441313,
          25.045691
        ]
      },
      "properties": {
        "縣市": "新北市",
        "案名": "信華段一小段8、7、信華段二小段19、18、17、16、15、14、12等9筆地號",
        "詳細地址": "",
        "興辦主體": "新北市政府",
        "戶數": "11",
        "工程決標日期": "109/8/19",
        "開工日期": "109/8/19",
        "完工日期": "113/11/29",
        "執行情況": "新完工",
        "經緯度": "25.045691,121.441313"
      }
    },
    {
      "type": "Feature",
      "geometry": {
        "type": "Point",
        "coordinates": [
          121.52643689419016,
          24.98172060264395
        ]
      },
      "properties": {
        "縣市": "新北市",
        "案名": "新店央北青年社會住宅",
        "詳細地址": "231新北市新店區央北二路398號",
        "興辦主體": "新北市政府",
        "戶數": "1070",
        "工程決標日期": "105/4/28",
        "開工日期": "106/3/21",
        "完工日期": "109/1/23",
        "執行情況": "新完工",
        "經緯度": "24.98172060264395, 121.52643689419016"
      }
    },
    {
      "type": "Feature",
      "geometry": {
        "type": "Point",
        "coordinates": [
          121.5149226,
          24.9644809
        ]
      },
      "properties": {
        "縣市": "新北市",
        "案名": "新店民安青年社會住宅",
        "詳細地址": "231台灣新北市新店區安民街3巷6弄1~31號",
        "興辦主體": "新北市政府",
        "戶數": "194",
        "工程決標日期": "108/11/28",
        "開工日期": "109/12/18",
        "完工日期": "113/4/3",
        "執行情況": "新完工",
        "經緯度": "24.9644809,121.5149226"
      }
    },
    {
      "type": "Feature",
      "geometry": {
        "type": "Point",
        "coordinates": [
          121.52603102302629,
          24.982950877860482
        ]
      },
      "properties": {
        "縣市": "新北市",
        "案名": "新店斯馨(2)青年社會住宅",
        "詳細地址": "新北市新店區十四張路381號",
        "興辦主體": "新北市政府",
        "戶數": "14",
        "工程決標日期": "-",
        "開工日期": "107/4/10",
        "完工日期": "111/4/22",
        "執行情況": "新完工",
        "經緯度": "24.982950877860482, 121.52603102302629"
      }
    },
    {
      "type": "Feature",
      "geometry": {
        "type": "Point",
        "coordinates": [
          121.52454873651806,
          24.981303902968364
        ]
      },
      "properties": {
        "縣市": "新北市",
        "案名": "新店斯馨(13、15)青年社會住宅",
        "詳細地址": "新北市新店區央北路二路375號",
        "興辦主體": "新北市政府",
        "戶數": "20",
        "工程決標日期": "107/8/21",
        "開工日期": "107/11/7",
        "完工日期": "113/7/5",
        "執行情況": "新完工",
        "經緯度": "24.981303902968364, 121.52454873651806"
      }
    },
    {
      "type": "Feature",
      "geometry": {
        "type": "Point",
        "coordinates": [
          121.53188132302616,
          24.97830140183512
        ]
      },
      "properties": {
        "縣市": "新北市",
        "案名": "新店斯馨(100)青年社會住宅",
        "詳細地址": "新北市新店區順德街128號",
        "興辦主體": "新北市政府",
        "戶數": "12",
        "工程決標日期": "-",
        "開工日期": "108/9/11",
        "完工日期": "111/1/26",
        "執行情況": "新完工",
        "經緯度": "24.97830140183512, 121.53188132302616"
      }
    },
    {
      "type": "Feature",
      "geometry": {
        "type": "Point",
        "coordinates": [
          121.4437319,
          24.9964794
        ]
      },
      "properties": {
        "縣市": "新北市",
        "案名": "浮洲合宜住宅出租單元",
        "詳細地址": "220台灣新北市板橋區合宜一路39號",
        "興辦主體": "新北市政府",
        "戶數": "446",
        "工程決標日期": "-",
        "開工日期": "100/12/21",
        "完工日期": "107/1/4",
        "執行情況": "新完工",
        "經緯度": "24.9964794,121.4437319"
      }
    },
    {
      "type": "Feature",
      "geometry": {
        "type": "Point",
        "coordinates": [
          121.4592354,
          25.0100934
        ]
      },
      "properties": {
        "縣市": "新北市",
        "案名": "板橋府中青年社會住宅",
        "詳細地址": "220台灣新北市板橋區府後街2號",
        "興辦主體": "新北市政府",
        "戶數": "72",
        "工程決標日期": "104/11/24",
        "開工日期": "104/11/24",
        "完工日期": "107/3/15",
        "執行情況": "新完工",
        "經緯度": "25.0100934,121.4592354"
      }
    },
    {
      "type": "Feature",
      "geometry": {
        "type": "Point",
        "coordinates": [
          121.45095922302941,
          25.021081833906013
        ]
      },
      "properties": {
        "縣市": "新北市",
        "案名": "板橋永翠(39)",
        "詳細地址": "220新北市板橋區藝文街199號",
        "興辦主體": "新北市政府",
        "戶數": "21",
        "工程決標日期": "-",
        "開工日期": "107/4/30",
        "完工日期": "110/11/17",
        "執行情況": "新完工",
        "經緯度": "25.021081833906013, 121.45095922302941"
      }
    },
    {
      "type": "Feature",
      "geometry": {
        "type": "Point",
        "coordinates": [
          121.47508249419188,
          25.035416777817964
        ]
      },
      "properties": {
        "縣市": "新北市",
        "案名": "板橋江翠(31)",
        "詳細地址": "220新北市板橋區華江一路111～119號",
        "興辦主體": "新北市政府",
        "戶數": "52",
        "工程決標日期": "107/7/2",
        "開工日期": "107/10/22",
        "完工日期": "113/3/4",
        "執行情況": "新完工",
        "經緯度": "25.035416777817964, 121.47508249419188"
      }
    },
    {
      "type": "Feature",
      "geometry": {
        "type": "Point",
        "coordinates": [
          121.45976566720778,
          25.013610800391007
        ]
      },
      "properties": {
        "縣市": "新北市",
        "案名": "板橋民權青年社會住宅",
        "詳細地址": "220新北市板橋區公館街20號",
        "興辦主體": "新北市政府",
        "戶數": "199",
        "工程決標日期": "-",
        "開工日期": "108/3/20",
        "完工日期": "110/11/29",
        "執行情況": "新完工",
        "經緯度": "25.013610800391007, 121.45976566720778"
      }
    },
    {
      "type": "Feature",
      "geometry": {
        "type": "Point",
        "coordinates": [
          121.3766316,
          24.9373654
        ]
      },
      "properties": {
        "縣市": "新北市",
        "案名": "三峽國光一期青年社會住宅",
        "詳細地址": "237台灣新北市三峽區三樹一街2號",
        "興辦主體": "新北市政府",
        "戶數": "241",
        "工程決標日期": "106/8/11",
        "開工日期": "107/3/19",
        "完工日期": "108/11/1",
        "執行情況": "新完工",
        "經緯度": "24.9373654,121.3766316"
      }
    },
    {
      "type": "Feature",
      "geometry": {
        "type": "Point",
        "coordinates": [
          121.3776148,
          24.9396704
        ]
      },
      "properties": {
        "縣市": "新北市",
        "案名": "三峽北大青年社會住宅",
        "詳細地址": "237台灣新北市三峽區大學路1號",
        "興辦主體": "新北市政府",
        "戶數": "28",
        "工程決標日期": "101/12/12",
        "開工日期": "102/12/5",
        "完工日期": "106/1/7",
        "執行情況": "新完工",
        "經緯度": "24.9396704,121.3776148"
      }
    },
    {
      "type": "Feature",
      "geometry": {
        "type": "Point",
        "coordinates": [
          121.4954216,
          24.9986594
        ]
      },
      "properties": {
        "縣市": "新北市",
        "案名": "中和安邦青年社會住宅",
        "詳細地址": "235台灣新北市中和區連城路142號",
        "興辦主體": "新北市政府",
        "戶數": "632",
        "工程決標日期": "108/6/26",
        "開工日期": "109/7/10",
        "完工日期": "113/5/30",
        "執行情況": "新完工",
        "經緯度": "24.9986594,121.4954216"
      }
    },
    {
      "type": "Feature",
      "geometry": {
        "type": "Point",
        "coordinates": [
          121.51871646350479,
          24.990546980356203
        ]
      },
      "properties": {
        "縣市": "新北市",
        "案名": "中和秀峰青年社會住宅",
        "詳細地址": "新北市中和區景德街 5 號至 23 號",
        "興辦主體": "新北市政府",
        "戶數": "816",
        "工程決標日期": "-",
        "開工日期": "103/1/28",
        "完工日期": "105/10/15",
        "執行情況": "新完工",
        "經緯度": "24.990546980356203, 121.51871646350479"
      }
    },
    {
      "type": "Feature",
      "geometry": {
        "type": "Point",
        "coordinates": [
          121.48398475186329,
          25.00464403132802
        ]
      },
      "properties": {
        "縣市": "新北市",
        "案名": "中和民樂青年社會住宅",
        "詳細地址": "新北市中和區 新北市中和區中山路二段453號",
        "興辦主體": "新北市政府",
        "戶數": "44",
        "工程決標日期": "108/3/28",
        "開工日期": "108/3/28",
        "完工日期": "114/1/9",
        "執行情況": "新完工",
        "經緯度": "25.00464403132802, 121.48398475186329"
      }
    },
    {
      "type": "Feature",
      "geometry": {
        "type": "Point",
        "coordinates": [
          121.525903,
          24.993329
        ]
      },
      "properties": {
        "縣市": "新北市",
        "案名": "新北市中和區景福段695地號等7筆土地都市更新計畫案",
        "詳細地址": "",
        "興辦主體": "中央(住都中心)",
        "戶數": "2",
        "工程決標日期": "-",
        "開工日期": "110/1/28",
        "完工日期": "113/5/21",
        "執行情況": "新完工",
        "經緯度": "24.993329,121.525903"
      }
    },
    {
      "type": "Feature",
      "geometry": {
        "type": "Point",
        "coordinates": [
          121.4475532,
          24.9816894
        ]
      },
      "properties": {
        "縣市": "新北市",
        "案名": "土城員和段青年社會住宅",
        "詳細地址": "236台灣新北市土城區莊園街155號",
        "興辦主體": "新北市政府",
        "戶數": "534",
        "工程決標日期": "107/3/28",
        "開工日期": "108/3/20",
        "完工日期": "110/12/31",
        "執行情況": "新完工",
        "經緯度": "24.9816894,121.4475532"
      }
    },
    {
      "type": "Feature",
      "geometry": {
        "type": "Point",
        "coordinates": [
          121.4475532,
          24.9816894
        ]
      },
      "properties": {
        "縣市": "新北市",
        "案名": "土城永和段青年社會住宅",
        "詳細地址": "236台灣新北市土城區莊園街155號",
        "興辦主體": "新北市政府",
        "戶數": "66",
        "工程決標日期": "108/11/28",
        "開工日期": "109/12/18",
        "完工日期": "112/11/22",
        "執行情況": "新完工",
        "經緯度": "24.9816894,121.4475532"
      }
    },
    {
      "type": "Feature",
      "geometry": {
        "type": "Point",
        "coordinates": [
          121.4389665,
          24.9661949
        ]
      },
      "properties": {
        "縣市": "新北市",
        "案名": "土城大安青年社會住宅",
        "詳細地址": "236台灣新北市土城區中央路三段89巷150號",
        "興辦主體": "新北市政府",
        "戶數": "88",
        "工程決標日期": "108/11/28",
        "開工日期": "109/12/18",
        "完工日期": "112/11/8",
        "執行情況": "新完工",
        "經緯度": "24.9661949,121.4389665"
      }
    },
    {
      "type": "Feature",
      "geometry": {
        "type": "Point",
        "coordinates": [
          121.45487369176223,
          24.98101993242162
        ]
      },
      "properties": {
        "縣市": "新北市",
        "案名": "土城明德(211、218)",
        "詳細地址": "新北市土城區 新北市土城區清水路41號",
        "興辦主體": "新北市政府",
        "戶數": "30",
        "工程決標日期": "-",
        "開工日期": "106/12/19",
        "完工日期": "109/3/29",
        "執行情況": "新完工",
        "經緯度": "24.98101993242162, 121.45487369176223"
      }
    },
    {
      "type": "Feature",
      "geometry": {
        "type": "Point",
        "coordinates": [
          121.45088782302612,
          24.980226577101497
        ]
      },
      "properties": {
        "縣市": "新北市",
        "案名": "土城明德(23)",
        "詳細地址": "新北市土城區學士路137至159號",
        "興辦主體": "新北市政府",
        "戶數": "24",
        "工程決標日期": "107/8/10",
        "開工日期": "107/9/19",
        "完工日期": "113/2/26",
        "執行情況": "新完工",
        "經緯度": "24.980226577101497, 121.45088782302612"
      }
    },
    {
      "type": "Feature",
      "geometry": {
        "type": "Point",
        "coordinates": [
          121.45381176535419,
          24.981575752776752
        ]
      },
      "properties": {
        "縣市": "新北市",
        "案名": "土城明德3",
        "詳細地址": "新北市土城區金城路二段181號",
        "興辦主體": "新北市政府",
        "戶數": "11",
        "工程決標日期": "108/10/16",
        "開工日期": "108/12/25",
        "完工日期": "113/6/14",
        "執行情況": "新完工",
        "經緯度": "24.981575752776752, 121.45381176535419"
      }
    },
    {
      "type": "Feature",
      "geometry": {
        "type": "Point",
        "coordinates": [
          121.458132,
          24.978817
        ]
      },
      "properties": {
        "縣市": "新北市",
        "案名": "明德段306地號等3筆土地",
        "詳細地址": "",
        "興辦主體": "新北市政府",
        "戶數": "12",
        "工程決標日期": "108/10/18",
        "開工日期": "108/10/18",
        "完工日期": "112/7/24",
        "執行情況": "新完工",
        "經緯度": "24.978817,121.458132"
      }
    },
    {
      "type": "Feature",
      "geometry": {
        "type": "Point",
        "coordinates": [
          121.421526,
          24.961533
        ]
      },
      "properties": {
        "縣市": "新北市",
        "案名": "新北市土城區運校段12地號等7筆土地都市更新計畫案",
        "詳細地址": "",
        "興辦主體": "中央(住都中心)",
        "戶數": "7",
        "工程決標日期": "111/10/20",
        "開工日期": "108/5/7",
        "完工日期": "112/5/2",
        "執行情況": "新完工",
        "經緯度": "24.961533,121.421526"
      }
    },
    {
      "type": "Feature",
      "geometry": {
        "type": "Point",
        "coordinates": [
          121.515792,
          25.0164182
        ]
      },
      "properties": {
        "縣市": "新北市",
        "案名": "永和中正橋青年社會住宅",
        "詳細地址": "234台灣新北市永和區永和路二段303號",
        "興辦主體": "新北市政府",
        "戶數": "70",
        "工程決標日期": "106/10/20",
        "開工日期": "107/2/23",
        "完工日期": "110/12/31",
        "執行情況": "新完工",
        "經緯度": "25.0164182,121.515792"
      }
    },
    {
      "type": "Feature",
      "geometry": {
        "type": "Point",
        "coordinates": [
          121.5210797,
          25.0037544
        ]
      },
      "properties": {
        "縣市": "新北市",
        "案名": "永和秀朗青年社會住宅",
        "詳細地址": "234台灣新北市永和區永利路73號",
        "興辦主體": "新北市政府",
        "戶數": "36",
        "工程決標日期": "102/12/13",
        "開工日期": "104/2/10",
        "完工日期": "106/3/21",
        "執行情況": "新完工",
        "經緯度": "25.0037544,121.5210797"
      }
    },
    {
      "type": "Feature",
      "geometry": {
        "type": "Point",
        "coordinates": [
          121.454888,
          25.060855
        ]
      },
      "properties": {
        "縣市": "新北市",
        "案名": "新知段71等1筆地號",
        "詳細地址": "",
        "興辦主體": "新北市政府",
        "戶數": "18",
        "工程決標日期": "109/8/19",
        "開工日期": "111/5/9",
        "完工日期": "(預定) 116/2/28",
        "執行情況": "興建中",
        "經緯度": "25.060855,121.454888"
      }
    },
    {
      "type": "Feature",
      "geometry": {
        "type": "Point",
        "coordinates": [
          121.443155,
          25.037283
        ]
      },
      "properties": {
        "縣市": "新北市",
        "案名": "新北市新莊區忠孝段411地號及立言段605-3地號等15筆土地都市更新案",
        "詳細地址": "",
        "興辦主體": "中央(住都中心)",
        "戶數": "6",
        "工程決標日期": "110/8/6",
        "開工日期": "111/6/22",
        "完工日期": "(預定) 119/11/22",
        "執行情況": "興建中",
        "經緯度": "25.037283,121.443155"
      }
    },
    {
      "type": "Feature",
      "geometry": {
        "type": "Point",
        "coordinates": [
          121.3725055,
          25.074374
        ]
      },
      "properties": {
        "縣市": "新北市",
        "案名": "文仁安居",
        "詳細地址": "244台灣新北市林口?244",
        "興辦主體": "中央(住都中心)",
        "戶數": "1066",
        "工程決標日期": "111/8/24",
        "開工日期": "113/9/20",
        "完工日期": "(預定) 116/12/31",
        "執行情況": "興建中",
        "經緯度": "25.074374,121.3725055"
      }
    },
    {
      "type": "Feature",
      "geometry": {
        "type": "Point",
        "coordinates": [
          121.45998583146964,
          25.093865097209083
        ]
      },
      "properties": {
        "縣市": "新北市",
        "案名": "蘆洲光華青年社會住宅",
        "詳細地址": "247台灣新北市蘆洲區光華路",
        "興辦主體": "新北市政府",
        "戶數": "460",
        "工程決標日期": "113/3/20",
        "開工日期": "114/3/21",
        "完工日期": "(預定) 117/7/31",
        "執行情況": "興建中",
        "經緯度": "25.093865097209083, 121.45998583146964"
      }
    },
    {
      "type": "Feature",
      "geometry": {
        "type": "Point",
        "coordinates": [
          121.4896714,
          25.0904691
        ]
      },
      "properties": {
        "縣市": "新北市",
        "案名": "富貴好室",
        "詳細地址": "241台灣新北市三重區吉祥街86號",
        "興辦主體": "中央(住都中心)",
        "戶數": "142",
        "工程決標日期": "109/9/21",
        "開工日期": "110/11/18",
        "完工日期": "(預定) 114/7/22",
        "執行情況": "興建中",
        "經緯度": "25.0904691,121.4896714"
      }
    },
    {
      "type": "Feature",
      "geometry": {
        "type": "Point",
        "coordinates": [
          121.4765707,
          25.0497503
        ]
      },
      "properties": {
        "縣市": "新北市",
        "案名": "五谷好室",
        "詳細地址": "241台灣新北市三重區五谷王北街45巷32弄17號",
        "興辦主體": "中央(住都中心)",
        "戶數": "161",
        "工程決標日期": "109/9/21",
        "開工日期": "110/11/18",
        "完工日期": "(預定) 114/4/27",
        "執行情況": "興建中",
        "經緯度": "25.0497503,121.4765707"
      }
    },
    {
      "type": "Feature",
      "geometry": {
        "type": "Point",
        "coordinates": [
          121.4835989,
          25.0539093
        ]
      },
      "properties": {
        "縣市": "新北市",
        "案名": "三重三重青年社會住宅",
        "詳細地址": "241台灣新北市三重區水漾路一段160號",
        "興辦主體": "新北市政府",
        "戶數": "440",
        "工程決標日期": "113/3/8",
        "開工日期": "113/12/12",
        "完工日期": "(預定) 118/2/28",
        "執行情況": "興建中",
        "經緯度": "25.0539093,121.4835989"
      }
    },
    {
      "type": "Feature",
      "geometry": {
        "type": "Point",
        "coordinates": [
          121.485415,
          25.056912
        ]
      },
      "properties": {
        "縣市": "新北市",
        "案名": "新北市三重區成功段755地號等28筆土地都市更新案",
        "詳細地址": "",
        "興辦主體": "中央(住都中心)",
        "戶數": "1",
        "工程決標日期": "110/3/26",
        "開工日期": "111/6/24",
        "完工日期": "(預定) 115/11/24",
        "執行情況": "興建中",
        "經緯度": "25.056912,121.485415"
      }
    },
    {
      "type": "Feature",
      "geometry": {
        "type": "Point",
        "coordinates": [
          121.4201149,
          25.0298252
        ]
      },
      "properties": {
        "縣市": "新北市",
        "案名": "泰山中山段青年社會住宅",
        "詳細地址": "243台灣新北市泰山區明志路三段570號",
        "興辦主體": "新北市政府",
        "戶數": "210",
        "工程決標日期": "109/4/10",
        "開工日期": "110/3/31",
        "完工日期": "(預定) 114/6/14",
        "執行情況": "興建中",
        "經緯度": "25.0298252,121.4201149"
      }
    },
    {
      "type": "Feature",
      "geometry": {
        "type": "Point",
        "coordinates": [
          121.422691,
          25.036896
        ]
      },
      "properties": {
        "縣市": "新北市",
        "案名": "貴和安居A",
        "詳細地址": "243台灣新北市泰山區明志路三段38號",
        "興辦主體": "中央(住都中心)",
        "戶數": "560",
        "工程決標日期": "110/6/3",
        "開工日期": "111/5/17",
        "完工日期": "(預定) 115/4/22",
        "執行情況": "興建中",
        "經緯度": "25.036896,121.422691"
      }
    },
    {
      "type": "Feature",
      "geometry": {
        "type": "Point",
        "coordinates": [
          121.440531,
          25.046437
        ]
      },
      "properties": {
        "縣市": "新北市",
        "案名": "信華段五小段1、信華段三小段4-2、4-1、4等4筆地號",
        "詳細地址": "",
        "興辦主體": "新北市政府",
        "戶數": "12",
        "工程決標日期": "109/5/15",
        "開工日期": "109/5/15",
        "完工日期": "(預定) 115/12/31",
        "執行情況": "興建中",
        "經緯度": "25.046437,121.440531"
      }
    },
    {
      "type": "Feature",
      "geometry": {
        "type": "Point",
        "coordinates": [
          121.55091,
          24.984812
        ]
      },
      "properties": {
        "縣市": "新北市",
        "案名": "寶元段26等43筆地號",
        "詳細地址": "",
        "興辦主體": "新北市政府",
        "戶數": "24",
        "工程決標日期": "113/1/31",
        "開工日期": "113/12/19",
        "完工日期": "(預定) 120/6/30",
        "執行情況": "興建中",
        "經緯度": "24.984812,121.550910"
      }
    },
    {
      "type": "Feature",
      "geometry": {
        "type": "Point",
        "coordinates": [
          121.4815381,
          25.0303344
        ]
      },
      "properties": {
        "縣市": "新北市",
        "案名": "懷石好室",
        "詳細地址": "220台灣新北市板橋區220",
        "興辦主體": "中央(住都中心)",
        "戶數": "92",
        "工程決標日期": "109/9/21",
        "開工日期": "110/9/30",
        "完工日期": "(預定) 114/9/30",
        "執行情況": "興建中",
        "經緯度": "25.0303344,121.4815381"
      }
    },
    {
      "type": "Feature",
      "geometry": {
        "type": "Point",
        "coordinates": [
          121.4539439,
          25.0274106
        ]
      },
      "properties": {
        "縣市": "新北市",
        "案名": "玫瑰好室",
        "詳細地址": "220台灣新北市板橋區環河西路五段181號",
        "興辦主體": "中央(住都中心)",
        "戶數": "120",
        "工程決標日期": "109/10/13",
        "開工日期": "110/10/25",
        "完工日期": "(預定) 114/12/31",
        "執行情況": "興建中",
        "經緯度": "25.0274106,121.4539439"
      }
    },
    {
      "type": "Feature",
      "geometry": {
        "type": "Point",
        "coordinates": [
          121.471749,
          25.035757
        ]
      },
      "properties": {
        "縣市": "新北市",
        "案名": "稚匯好室",
        "詳細地址": "220台灣新北市板橋區華江三路35號",
        "興辦主體": "中央(住都中心)",
        "戶數": "111",
        "工程決標日期": "109/9/21",
        "開工日期": "110/9/30",
        "完工日期": "(預定) 114/9/30",
        "執行情況": "興建中",
        "經緯度": "25.035757,121.471749"
      }
    },
    {
      "type": "Feature",
      "geometry": {
        "type": "Point",
        "coordinates": [
          121.4719903,
          25.0345317
        ]
      },
      "properties": {
        "縣市": "新北市",
        "案名": "板橋江翠(96)青年社會住宅",
        "詳細地址": "220台灣新北市板橋區華江一路237~263號",
        "興辦主體": "新北市政府",
        "戶數": "130",
        "工程決標日期": "110/3/25",
        "開工日期": "111/1/21",
        "完工日期": "(預定) 114/7/23",
        "執行情況": "興建中",
        "經緯度": "25.0345317,121.4719903"
      }
    },
    {
      "type": "Feature",
      "geometry": {
        "type": "Point",
        "coordinates": [
          121.48196,
          25.017337
        ]
      },
      "properties": {
        "縣市": "新北市",
        "案名": "光環安居",
        "詳細地址": "220台灣新北市板橋區光環路一段106號",
        "興辦主體": "中央(住都中心)",
        "戶數": "330",
        "工程決標日期": "110/11/24",
        "開工日期": "111/10/20",
        "完工日期": "(預定) 115/6/14",
        "執行情況": "興建中",
        "經緯度": "25.017337,121.48196"
      }
    },
    {
      "type": "Feature",
      "geometry": {
        "type": "Point",
        "coordinates": [
          121.466658,
          25.033666
        ]
      },
      "properties": {
        "縣市": "新北市",
        "案名": "江翠好室",
        "詳細地址": "220台灣新北市板橋區華江八路83號",
        "興辦主體": "中央(住都中心)",
        "戶數": "100",
        "工程決標日期": "109/10/13",
        "開工日期": "110/10/25",
        "完工日期": "(預定) 114/12/31",
        "執行情況": "興建中",
        "經緯度": "25.033666,121.466658"
      }
    },
    {
      "type": "Feature",
      "geometry": {
        "type": "Point",
        "coordinates": [
          121.432102,
          24.987919
        ]
      },
      "properties": {
        "縣市": "新北市",
        "案名": "新北市板橋區中興段181地號及成功段27-1地號等17筆土地都市更新案",
        "詳細地址": "",
        "興辦主體": "中央(住都中心)",
        "戶數": "5",
        "工程決標日期": "109/11/27",
        "開工日期": "111/6/14",
        "完工日期": "(預定) 114/12/31",
        "執行情況": "興建中",
        "經緯度": "24.987919,121.432102"
      }
    },
    {
      "type": "Feature",
      "geometry": {
        "type": "Point",
        "coordinates": [
          121.463933,
          25.018123
        ]
      },
      "properties": {
        "縣市": "新北市",
        "案名": "新北市板橋區公館段698-8地號（原698-4地號）等8筆（原9筆）土地都市更新案",
        "詳細地址": "",
        "興辦主體": "中央(住都中心)",
        "戶數": "5",
        "工程決標日期": "110/1/20",
        "開工日期": "111/1/26",
        "完工日期": "(預定) 114/12/31",
        "執行情況": "興建中",
        "經緯度": "25.018123,121.463933"
      }
    },
    {
      "type": "Feature",
      "geometry": {
        "type": "Point",
        "coordinates": [
          121.3750779711577,
          24.93816812169017
        ]
      },
      "properties": {
        "縣市": "新北市",
        "案名": "三峽國光二期青年社會住宅",
        "詳細地址": "237新北市三峽區國光街58號",
        "興辦主體": "新北市政府",
        "戶數": "921",
        "工程決標日期": "109/4/22",
        "開工日期": "110/1/12",
        "完工日期": "(預定) 114/5/31",
        "執行情況": "興建中",
        "經緯度": "24.93816812169017, 121.3750779711577"
      }
    },
    {
      "type": "Feature",
      "geometry": {
        "type": "Point",
        "coordinates": [
          121.3420255,
          24.9491356
        ]
      },
      "properties": {
        "縣市": "新北市",
        "案名": "鶯陶安居",
        "詳細地址": "239台灣新北市鶯歌區尖山埔路二段",
        "興辦主體": "中央(住都中心)",
        "戶數": "380",
        "工程決標日期": "110/6/22",
        "開工日期": "111/10/12",
        "完工日期": "(預定) 115/1/11",
        "執行情況": "興建中",
        "經緯度": "24.9491356,121.3420255"
      }
    },
    {
      "type": "Feature",
      "geometry": {
        "type": "Point",
        "coordinates": [
          121.416403,
          24.9897888
        ]
      },
      "properties": {
        "縣市": "新北市",
        "案名": "樹德安居A",
        "詳細地址": "238台灣新北市樹林區238",
        "興辦主體": "中央(住都中心)",
        "戶數": "236",
        "工程決標日期": "111/12/16",
        "開工日期": "113/12/5",
        "完工日期": "(預定) 116/12/31",
        "執行情況": "興建中",
        "經緯度": "24.9897888,121.416403"
      }
    },
    {
      "type": "Feature",
      "geometry": {
        "type": "Point",
        "coordinates": [
          121.41591262698078,
          24.98909041326513
        ]
      },
      "properties": {
        "縣市": "新北市",
        "案名": "樹德安居B",
        "詳細地址": "238新北市樹林區文化街19巷24號",
        "興辦主體": "中央(住都中心)",
        "戶數": "342",
        "工程決標日期": "111/12/16",
        "開工日期": "113/12/5",
        "完工日期": "(預定) 116/12/31",
        "執行情況": "興建中",
        "經緯度": "24.98909041326513, 121.41591262698078"
      }
    },
    {
      "type": "Feature",
      "geometry": {
        "type": "Point",
        "coordinates": [
          121.5145249,
          24.9921235
        ]
      },
      "properties": {
        "縣市": "新北市",
        "案名": "保二安居",
        "詳細地址": "235台灣新北市中和區景平路139號",
        "興辦主體": "中央(住都中心)",
        "戶數": "317",
        "工程決標日期": "109/6/20",
        "開工日期": "110/2/5",
        "完工日期": "(預定) 114/5/31",
        "執行情況": "興建中",
        "經緯度": "24.9921235,121.5145249"
      }
    },
    {
      "type": "Feature",
      "geometry": {
        "type": "Point",
        "coordinates": [
          121.4710636,
          25.0022727
        ]
      },
      "properties": {
        "縣市": "新北市",
        "案名": "莒光安居",
        "詳細地址": "235台灣新北市中和區莒光路84巷",
        "興辦主體": "中央(住都中心)",
        "戶數": "296",
        "工程決標日期": "110/10/21",
        "開工日期": "111/9/16",
        "完工日期": "(預定) 115/4/16",
        "執行情況": "興建中",
        "經緯度": "25.0022727,121.4710636"
      }
    },
    {
      "type": "Feature",
      "geometry": {
        "type": "Point",
        "coordinates": [
          121.4919198,
          24.9955048
        ]
      },
      "properties": {
        "縣市": "新北市",
        "案名": "連城安居",
        "詳細地址": "235台灣新北市中和區連城路263巷4弄5號",
        "興辦主體": "中央(住都中心)",
        "戶數": "370",
        "工程決標日期": "111/10/13",
        "開工日期": "112/10/2",
        "完工日期": "(預定) 117/1/31",
        "執行情況": "興建中",
        "經緯度": "24.9955048,121.4919198"
      }
    },
    {
      "type": "Feature",
      "geometry": {
        "type": "Point",
        "coordinates": [
          121.5155149896876,
          24.99169970415412
        ]
      },
      "properties": {
        "縣市": "新北市",
        "案名": "保二總隊基地都市更新案",
        "詳細地址": "235新北市中和區捷運景平站",
        "興辦主體": "中央(住都中心)",
        "戶數": "399",
        "工程決標日期": "110/3/25",
        "開工日期": "114/2/3",
        "完工日期": "(預定) 118/2/3",
        "執行情況": "興建中",
        "經緯度": "24.99169970415412, 121.5155149896876"
      }
    },
    {
      "type": "Feature",
      "geometry": {
        "type": "Point",
        "coordinates": [
          121.516042,
          24.991537
        ]
      },
      "properties": {
        "縣市": "新北市",
        "案名": "中和區景新段63等6筆地號",
        "詳細地址": "",
        "興辦主體": "新北市政府",
        "戶數": "68",
        "工程決標日期": "109/7/7",
        "開工日期": "113/8/7",
        "完工日期": "(預定) 117/12/31",
        "執行情況": "興建中",
        "經緯度": "24.991537,121.516042"
      }
    },
    {
      "type": "Feature",
      "geometry": {
        "type": "Point",
        "coordinates": [
          121.500357,
          24.988614
        ]
      },
      "properties": {
        "縣市": "新北市",
        "案名": "新北市中和區圓通段337地號等24筆土地都市更新案",
        "詳細地址": "",
        "興辦主體": "中央(住都中心)",
        "戶數": "5",
        "工程決標日期": "109/12/21",
        "開工日期": "110/12/10",
        "完工日期": "(預定) 114/12/31",
        "執行情況": "興建中",
        "經緯度": "24.988614,121.500357"
      }
    },
    {
      "type": "Feature",
      "geometry": {
        "type": "Point",
        "coordinates": [
          121.484246,
          25.001415
        ]
      },
      "properties": {
        "縣市": "新北市",
        "案名": "新北市中和區民樂段800地號等9筆土地都市更新案",
        "詳細地址": "",
        "興辦主體": "中央(住都中心)",
        "戶數": "4",
        "工程決標日期": "108/6/27",
        "開工日期": "109/9/11",
        "完工日期": "(預定) 115/2/11",
        "執行情況": "興建中",
        "經緯度": "25.001415,121.484246"
      }
    },
    {
      "type": "Feature",
      "geometry": {
        "type": "Point",
        "coordinates": [
          121.41584864417257,
          24.954552591434204
        ]
      },
      "properties": {
        "縣市": "新北市",
        "案名": "頂福安居B",
        "詳細地址": "236新北市土城區新福街",
        "興辦主體": "中央(住都中心)",
        "戶數": "481",
        "工程決標日期": "110/11/26",
        "開工日期": "112/4/24",
        "完工日期": "(預定) 116/4/21",
        "執行情況": "興建中",
        "經緯度": "24.954552591434204, 121.41584864417257"
      }
    },
    {
      "type": "Feature",
      "geometry": {
        "type": "Point",
        "coordinates": [
          121.4220113,
          24.9594518
        ]
      },
      "properties": {
        "縣市": "新北市",
        "案名": "永福好室",
        "詳細地址": "236台灣新北市土城區236",
        "興辦主體": "中央(住都中心)",
        "戶數": "167",
        "工程決標日期": "112/6/29",
        "開工日期": "113/10/25",
        "完工日期": "(預定) 117/9/30",
        "執行情況": "興建中",
        "經緯度": "24.9594518,121.4220113"
      }
    },
    {
      "type": "Feature",
      "geometry": {
        "type": "Point",
        "coordinates": [
          121.4199926,
          24.9572341
        ]
      },
      "properties": {
        "縣市": "新北市",
        "案名": "頂埔安居",
        "詳細地址": "236台灣新北市土城區236",
        "興辦主體": "中央(住都中心)",
        "戶數": "256",
        "工程決標日期": "112/6/29",
        "開工日期": "113/10/25",
        "完工日期": "(預定) 117/9/30",
        "執行情況": "興建中",
        "經緯度": "24.9572341,121.4199926"
      }
    },
    {
      "type": "Feature",
      "geometry": {
        "type": "Point",
        "coordinates": [
          121.414309,
          24.954616
        ]
      },
      "properties": {
        "縣市": "新北市",
        "案名": "頂福安居A",
        "詳細地址": "236台灣新北市土城區信義路40巷1號",
        "興辦主體": "中央(住都中心)",
        "戶數": "814",
        "工程決標日期": "110/11/26",
        "開工日期": "112/4/24",
        "完工日期": "(預定) 116/4/21",
        "執行情況": "興建中",
        "經緯度": "24.954616,121.414309"
      }
    },
    {
      "type": "Feature",
      "geometry": {
        "type": "Point",
        "coordinates": [
          121.446959,
          24.981151
        ]
      },
      "properties": {
        "縣市": "新北市",
        "案名": "員和段128、127、123-11、123-4等4筆地號",
        "詳細地址": "",
        "興辦主體": "新北市政府",
        "戶數": "135",
        "工程決標日期": "109/7/24",
        "開工日期": "109/7/31",
        "完工日期": "(預定) 114/6/30",
        "執行情況": "興建中",
        "經緯度": "24.981151,121.446959"
      }
    },
    {
      "type": "Feature",
      "geometry": {
        "type": "Point",
        "coordinates": [
          121.4162017,
          24.9557553
        ]
      },
      "properties": {
        "縣市": "新北市",
        "案名": "福城好室",
        "詳細地址": "236台灣新北市土城區中央路四段185巷40弄17號",
        "興辦主體": "中央(住都中心)",
        "戶數": "88",
        "工程決標日期": "112/12/21",
        "開工日期": "114/1/20",
        "完工日期": "(預定) 117/2/7",
        "執行情況": "興建中",
        "經緯度": "24.9557553,121.4162017"
      }
    },
    {
      "type": "Feature",
      "geometry": {
        "type": "Point",
        "coordinates": [
          121.4460134,
          25.1884592
        ]
      },
      "properties": {
        "縣市": "新北市",
        "案名": "淡金安居",
        "詳細地址": "251台灣新北市淡水區濱海路一段及號淡金路二段路口",
        "興辦主體": "中央(住都中心)",
        "戶數": "620",
        "工程決標日期": "112/7/13",
        "開工日期": "113/12/20",
        "完工日期": "(預定) 118/4/18",
        "執行情況": "興建中",
        "經緯度": "25.1884592,121.4460134"
      }
    },
    {
      "type": "Feature",
      "geometry": {
        "type": "Point",
        "coordinates": [
          121.432731,
          25.199358
        ]
      },
      "properties": {
        "縣市": "新北市",
        "案名": "淡海安居",
        "詳細地址": "251台灣新北市淡水區淡海新市鎮",
        "興辦主體": "中央(住都中心)",
        "戶數": "1140",
        "工程決標日期": "111/1/28",
        "開工日期": "112/3/24",
        "完工日期": "(預定) 116/5/12",
        "執行情況": "興建中",
        "經緯度": "25.199358,121.432731"
      }
    },
    {
      "type": "Feature",
      "geometry": {
        "type": "Point",
        "coordinates": [
          121.66816,
          25.070592
        ]
      },
      "properties": {
        "縣市": "新北市",
        "案名": "崇德好室",
        "詳細地址": "221台灣新北市汐止區茄苳路115號",
        "興辦主體": "中央(住都中心)",
        "戶數": "186",
        "工程決標日期": "111/12/29",
        "開工日期": "112/11/8",
        "完工日期": "(預定) 116/11/5",
        "執行情況": "興建中",
        "經緯度": "25.070592,121.66816"
      }
    },
    {
      "type": "Feature",
      "geometry": {
        "type": "Point",
        "coordinates": [
          121.654807,
          25.065808
        ]
      },
      "properties": {
        "縣市": "新北市",
        "案名": "新北市汐止區智興段281地號等17筆土地都市更新案",
        "詳細地址": "",
        "興辦主體": "中央(住都中心)",
        "戶數": "13",
        "工程決標日期": "111/1/13",
        "開工日期": "112/4/28",
        "完工日期": "(預定) 114/10/28",
        "執行情況": "興建中",
        "經緯度": "25.065808,121.654807"
      }
    },
    {
      "type": "Feature",
      "geometry": {
        "type": "Point",
        "coordinates": [
          121.507058,
          25.014527
        ]
      },
      "properties": {
        "縣市": "新北市",
        "案名": "保福段453等221筆地號",
        "詳細地址": "",
        "興辦主體": "新北市政府",
        "戶數": "12",
        "工程決標日期": "110/12/29",
        "開工日期": "113/7/12",
        "完工日期": "(預定) 120/6/30",
        "執行情況": "興建中",
        "經緯度": "25.014527,121.507058"
      }
    },
    {
      "type": "Feature",
      "geometry": {
        "type": "Point",
        "coordinates": [
          121.513951,
          25.011149
        ]
      },
      "properties": {
        "縣市": "新北市",
        "案名": "新北市永和區信義段435地號等39筆土地都市更新計畫案",
        "詳細地址": "",
        "興辦主體": "中央(住都中心)",
        "戶數": "8",
        "工程決標日期": "112/5/3",
        "開工日期": "113/2/19",
        "完工日期": "(預定) 116/4/30",
        "執行情況": "興建中",
        "經緯度": "25.011149,121.513951"
      }
    },
    {
      "type": "Feature",
      "geometry": {
        "type": "Point",
        "coordinates": [
          121.424872,
          25.02884
        ]
      },
      "properties": {
        "縣市": "新北市",
        "案名": "新莊安和段115等1筆地號",
        "詳細地址": "",
        "興辦主體": "新北市政府",
        "戶數": "28",
        "工程決標日期": "113/10/18",
        "開工日期": "(預定) 114/12/31",
        "完工日期": "(預定) 117/12/31",
        "執行情況": "已決標 待開工",
        "經緯度": "25.028840,121.424872"
      }
    },
    {
      "type": "Feature",
      "geometry": {
        "type": "Point",
        "coordinates": [
          121.444855,
          25.027741
        ]
      },
      "properties": {
        "縣市": "新北市",
        "案名": "新北市新莊區瓊林段372地號等7筆(原6筆)土地都市更新案",
        "詳細地址": "",
        "興辦主體": "中央(住都中心)",
        "戶數": "1",
        "工程決標日期": "113/8/8",
        "開工日期": "(預定) 114/11/4",
        "完工日期": "(預定) 116/5/4",
        "執行情況": "已決標 待開工",
        "經緯度": "25.027741,121.444855"
      }
    },
    {
      "type": "Feature",
      "geometry": {
        "type": "Point",
        "coordinates": [
          121.5006861,
          25.0783408
        ]
      },
      "properties": {
        "縣市": "新北市",
        "案名": "仁義好室",
        "詳細地址": "241台灣新北市三重區元信一街3號",
        "興辦主體": "中央(住都中心)",
        "戶數": "130",
        "工程決標日期": "113/5/23",
        "開工日期": "(預定) 114/8/29",
        "完工日期": "(預定) 118/2/28",
        "執行情況": "已決標 待開工",
        "經緯度": "25.0783408,121.5006861"
      }
    },
    {
      "type": "Feature",
      "geometry": {
        "type": "Point",
        "coordinates": [
          121.500612,
          25.06024
        ]
      },
      "properties": {
        "縣市": "新北市",
        "案名": "三重區光興段1008等17筆地號",
        "詳細地址": "",
        "興辦主體": "新北市政府",
        "戶數": "2",
        "工程決標日期": "113/1/19",
        "開工日期": "(預定) 114/12/31",
        "完工日期": "(預定) 120/6/30",
        "執行情況": "已決標 待開工",
        "經緯度": "25.060240,121.500612"
      }
    },
    {
      "type": "Feature",
      "geometry": {
        "type": "Point",
        "coordinates": [
          121.476008,
          25.049602
        ]
      },
      "properties": {
        "縣市": "新北市",
        "案名": "五谷好室B",
        "詳細地址": "241台灣新北市三重區北65鄉道55號",
        "興辦主體": "中央(住都中心)",
        "戶數": "155",
        "工程決標日期": "113/9/24",
        "開工日期": "(預定) 114/12/31",
        "完工日期": "(預定) 118/3/30",
        "執行情況": "已決標 待開工",
        "經緯度": "25.049602,121.476008"
      }
    },
    {
      "type": "Feature",
      "geometry": {
        "type": "Point",
        "coordinates": [
          121.423129,
          25.03776
        ]
      },
      "properties": {
        "縣市": "新北市",
        "案名": "貴和安居B",
        "詳細地址": "243台灣新北市泰山區明志路三段206巷9號",
        "興辦主體": "中央(住都中心)",
        "戶數": "688",
        "工程決標日期": "113/7/30",
        "開工日期": "(預定) 114/10/31",
        "完工日期": "(預定) 118/5/31",
        "執行情況": "已決標 待開工",
        "經緯度": "25.03776,121.423129"
      }
    },
    {
      "type": "Feature",
      "geometry": {
        "type": "Point",
        "coordinates": [
          121.6204058134848,
          25.000785520395944
        ]
      },
      "properties": {
        "縣市": "新北市",
        "案名": "深坑安居",
        "詳細地址": "222新北市深坑區文化街17巷5弄18號",
        "興辦主體": "中央(住都中心)",
        "戶數": "240",
        "工程決標日期": "113/12/23",
        "開工日期": "(預定) 115/2/28",
        "完工日期": "(預定) 117/12/31",
        "執行情況": "已決標 待開工",
        "經緯度": "25.000785520395944, 121.6204058134848"
      }
    },
    {
      "type": "Feature",
      "geometry": {
        "type": "Point",
        "coordinates": [
          121.463386,
          25.024011
        ]
      },
      "properties": {
        "縣市": "新北市",
        "案名": "板橋區公館段1169及江子翠段新埔小段22-2等14筆地號",
        "詳細地址": "",
        "興辦主體": "新北市政府",
        "戶數": "15",
        "工程決標日期": "112/1/31",
        "開工日期": "(預定) 114/12/31",
        "完工日期": "(預定) 120/6/30",
        "執行情況": "已決標 待開工",
        "經緯度": "25.024011,121.463386"
      }
    },
    {
      "type": "Feature",
      "geometry": {
        "type": "Point",
        "coordinates": [
          121.483521,
          25.026987
        ]
      },
      "properties": {
        "縣市": "新北市",
        "案名": "板橋區港子嘴段1-18等39筆地號",
        "詳細地址": "",
        "興辦主體": "新北市政府",
        "戶數": "18",
        "工程決標日期": "113/11/11",
        "開工日期": "(預定) 114/12/31",
        "完工日期": "(預定) 117/6/30",
        "執行情況": "已決標 待開工",
        "經緯度": "25.026987,121.483521"
      }
    },
    {
      "type": "Feature",
      "geometry": {
        "type": "Point",
        "coordinates": [
          121.418733,
          24.989572
        ]
      },
      "properties": {
        "縣市": "新北市",
        "案名": "樹林區樹德段743等14筆地號",
        "詳細地址": "",
        "興辦主體": "新北市政府",
        "戶數": "6",
        "工程決標日期": "113/9/12",
        "開工日期": "(預定) 114/12/31",
        "完工日期": "(預定) 120/6/30",
        "執行情況": "已決標 待開工",
        "經緯度": "24.989572,121.418733"
      }
    },
    {
      "type": "Feature",
      "geometry": {
        "type": "Point",
        "coordinates": [
          121.4717876,
          25.0048182
        ]
      },
      "properties": {
        "縣市": "新北市",
        "案名": "德穗安居",
        "詳細地址": "235台灣新北市中和區民生街13巷1號",
        "興辦主體": "中央(住都中心)",
        "戶數": "339",
        "工程決標日期": "112/12/14",
        "開工日期": "(預定) 114/7/31",
        "完工日期": "(預定) 117/12/31",
        "執行情況": "已決標 待開工",
        "經緯度": "25.0048182,121.4717876"
      }
    },
    {
      "type": "Feature",
      "geometry": {
        "type": "Point",
        "coordinates": [
          121.471487,
          25.0044559
        ]
      },
      "properties": {
        "縣市": "新北市",
        "案名": "德光安居",
        "詳細地址": "235台灣新北市中和區德光路7號",
        "興辦主體": "中央(住都中心)",
        "戶數": "260",
        "工程決標日期": "114/1/21",
        "開工日期": "(預定) 115/3/31",
        "完工日期": "(預定) 118/1/31",
        "執行情況": "已決標 待開工",
        "經緯度": "25.0044559,121.471487"
      }
    },
    {
      "type": "Feature",
      "geometry": {
        "type": "Point",
        "coordinates": [
          121.517913,
          25.001807
        ]
      },
      "properties": {
        "縣市": "新北市",
        "案名": "得和段961等36筆地號",
        "詳細地址": "",
        "興辦主體": "新北市政府",
        "戶數": "2",
        "工程決標日期": "111/10/24",
        "開工日期": "(預定) 114/12/31",
        "完工日期": "(預定) 120/6/30",
        "執行情況": "已決標 待開工",
        "經緯度": "25.001807,121.517913"
      }
    },
    {
      "type": "Feature",
      "geometry": {
        "type": "Point",
        "coordinates": [
          121.513947,
          25.011154
        ]
      },
      "properties": {
        "縣市": "新北市",
        "案名": "永和區信義段435等37筆地號",
        "詳細地址": "",
        "興辦主體": "新北市政府",
        "戶數": "7",
        "工程決標日期": "112/5/3",
        "開工日期": "(預定) 114/12/31",
        "完工日期": "(預定) 120/6/30",
        "執行情況": "已決標 待開工",
        "經緯度": "25.011154,121.513947"
      }
    },
    {
      "type": "Feature",
      "geometry": {
        "type": "Point",
        "coordinates": [
          121.516049,
          25.010871
        ]
      },
      "properties": {
        "縣市": "新北市",
        "案名": "新北市永和區中興段689地號等140筆(原139筆)土地都市更新計畫案",
        "詳細地址": "",
        "興辦主體": "中央(住都中心)",
        "戶數": "4",
        "工程決標日期": "112/4/28",
        "開工日期": "(預定) 114/12/31",
        "完工日期": "(預定) 118/6/30",
        "執行情況": "已決標 待開工",
        "經緯度": "25.010871,121.516049"
      }
    },
    {
      "type": "Feature",
      "geometry": {
        "type": "Point",
        "coordinates": [
          121.56912093068496,
          25.056740659563005
        ]
      },
      "properties": {
        "縣市": "臺北市",
        "案名": "延壽Ｐ出租國宅",
        "詳細地址": "105臺北市松山區塔悠路188巷2號",
        "興辦主體": "臺北市政府",
        "戶數": "99",
        "工程決標日期": "-",
        "開工日期": "-",
        "完工日期": "87/7/31",
        "執行情況": "既有",
        "經緯度": "25.056740659563005, 121.56912093068496"
      }
    },
    {
      "type": "Feature",
      "geometry": {
        "type": "Point",
        "coordinates": [
          121.5550740335773,
          25.036458389130594
        ]
      },
      "properties": {
        "縣市": "臺北市",
        "案名": "延吉平宅",
        "詳細地址": "臺北市大安區延吉街236巷17號",
        "興辦主體": "臺北市政府",
        "戶數": "120",
        "工程決標日期": "60/1/31",
        "開工日期": "-",
        "完工日期": "60/1/31",
        "執行情況": "既有",
        "經緯度": "25.036458389130594, 121.5550740335773"
      }
    },
    {
      "type": "Feature",
      "geometry": {
        "type": "Point",
        "coordinates": [
          121.5359409,
          25.0445005
        ]
      },
      "properties": {
        "縣市": "臺北市",
        "案名": "懷生出租國宅",
        "詳細地址": "106台灣臺北市大安區台北市大安區",
        "興辦主體": "臺北市政府",
        "戶數": "205",
        "工程決標日期": "-",
        "開工日期": "-",
        "完工日期": "86/12/31",
        "執行情況": "既有",
        "經緯度": "25.0445005,121.5359409"
      }
    },
    {
      "type": "Feature",
      "geometry": {
        "type": "Point",
        "coordinates": [
          121.49246380768427,
          25.0324969146691
        ]
      },
      "properties": {
        "縣市": "臺北市",
        "案名": "大理街出租國宅",
        "詳細地址": "108臺北市萬華區環河南路二段175巷",
        "興辦主體": "臺北市政府",
        "戶數": "35",
        "工程決標日期": "-",
        "開工日期": "-",
        "完工日期": "87/9/1",
        "執行情況": "既有",
        "經緯度": "25.0324969146691, 121.49246380768427"
      }
    },
    {
      "type": "Feature",
      "geometry": {
        "type": "Point",
        "coordinates": [
          121.50343126350387,
          25.025472956222576
        ]
      },
      "properties": {
        "縣市": "臺北市",
        "案名": "中正出租國宅",
        "詳細地址": "108臺北市萬華區青年路52號",
        "興辦主體": "臺北市政府",
        "戶數": "523",
        "工程決標日期": "-",
        "開工日期": "-",
        "完工日期": "71/2/1",
        "執行情況": "既有",
        "經緯度": "25.025472956222576, 121.50343126350387"
      }
    },
    {
      "type": "Feature",
      "geometry": {
        "type": "Point",
        "coordinates": [
          121.5068488595212,
          25.048060079733002
        ]
      },
      "properties": {
        "縣市": "臺北市",
        "案名": "西寧出租國宅",
        "詳細地址": "108臺北市萬華區西寧南路4號",
        "興辦主體": "臺北市政府",
        "戶數": "475",
        "工程決標日期": "-",
        "開工日期": "66/2/23",
        "完工日期": "71/7/14",
        "執行情況": "既有",
        "經緯度": "25.048060079733002, 121.5068488595212"
      }
    },
    {
      "type": "Feature",
      "geometry": {
        "type": "Point",
        "coordinates": [
          121.49394690953649,
          25.032953914777465
        ]
      },
      "properties": {
        "縣市": "臺北市",
        "案名": "華昌出租國宅",
        "詳細地址": "108臺北市萬華區大理街160巷",
        "興辦主體": "臺北市政府",
        "戶數": "490",
        "工程決標日期": "-",
        "開工日期": "66/11/24",
        "完工日期": "71/4/28",
        "執行情況": "既有",
        "經緯度": "25.032953914777465, 121.49394690953649"
      }
    },
    {
      "type": "Feature",
      "geometry": {
        "type": "Point",
        "coordinates": [
          121.49748802117635,
          25.037369177825166
        ]
      },
      "properties": {
        "縣市": "臺北市",
        "案名": "龍山綜合大樓出租國宅",
        "詳細地址": "108臺北市萬華區梧州街36號",
        "興辦主體": "臺北市政府",
        "戶數": "40",
        "工程決標日期": "-",
        "開工日期": "80/4/24",
        "完工日期": "83/10/21",
        "執行情況": "既有",
        "經緯度": "25.037369177825166, 121.49748802117635"
      }
    },
    {
      "type": "Feature",
      "geometry": {
        "type": "Point",
        "coordinates": [
          121.4915589230282,
          25.02682427032344
        ]
      },
      "properties": {
        "縣市": "臺北市",
        "案名": "福民平宅",
        "詳細地址": "台北市萬華區西園路二段320巷",
        "興辦主體": "臺北市政府",
        "戶數": "180",
        "工程決標日期": "-",
        "開工日期": "65/5/5",
        "完工日期": "66/11/23",
        "執行情況": "既有",
        "經緯度": "25.02682427032344, 121.4915589230282"
      }
    },
    {
      "type": "Feature",
      "geometry": {
        "type": "Point",
        "coordinates": [
          121.50151846350431,
          25.03538397782648
        ]
      },
      "properties": {
        "縣市": "臺北市",
        "案名": "龍山寺聯開宅",
        "詳細地址": "108臺北市萬華區和平西路三段85號",
        "興辦主體": "臺北市政府",
        "戶數": "3",
        "工程決標日期": "-",
        "開工日期": "97/5/28",
        "完工日期": "100/3/15",
        "執行情況": "既有",
        "經緯度": "25.03538397782648, 121.50151846350431"
      }
    },
    {
      "type": "Feature",
      "geometry": {
        "type": "Point",
        "coordinates": [
          121.5170522,
          25.0687846
        ]
      },
      "properties": {
        "縣市": "臺北市",
        "案名": "臺北市大龍老人住宅",
        "詳細地址": "103台灣臺北市大同區民族西路105號4 樓",
        "興辦主體": "臺北市政府",
        "戶數": "70",
        "工程決標日期": "97/5/31",
        "開工日期": "97/9/30",
        "完工日期": "99/8/31",
        "執行情況": "既有",
        "經緯度": "25.0687846,121.5170522"
      }
    },
    {
      "type": "Feature",
      "geometry": {
        "type": "Point",
        "coordinates": [
          121.51699679604646,
          25.075765889694285
        ]
      },
      "properties": {
        "縣市": "臺北市",
        "案名": "敦煌社會住宅",
        "詳細地址": "103臺北市大同區敦煌路88巷8",
        "興辦主體": "臺北市政府",
        "戶數": "3",
        "工程決標日期": "-",
        "開工日期": "96/4/19",
        "完工日期": "98/11/2",
        "執行情況": "既有",
        "經緯度": "25.075765889694285, 121.51699679604646"
      }
    },
    {
      "type": "Feature",
      "geometry": {
        "type": "Point",
        "coordinates": [
          121.518118,
          25.0711327
        ]
      },
      "properties": {
        "縣市": "臺北市",
        "案名": "大龍峒社會住宅",
        "詳細地址": "103台灣臺北市大同區承德路三段212號",
        "興辦主體": "臺北市政府",
        "戶數": "110",
        "工程決標日期": "-",
        "開工日期": "98/3/3",
        "完工日期": "100/8/23",
        "執行情況": "既有",
        "經緯度": "25.0711327,121.518118"
      }
    },
    {
      "type": "Feature",
      "geometry": {
        "type": "Point",
        "coordinates": [
          121.53415963961915,
          25.06267532693737
        ]
      },
      "properties": {
        "縣市": "臺北市",
        "案名": "榮星出租國宅",
        "詳細地址": "台灣臺北市中山區民權東路2段113巷1弄1號",
        "興辦主體": "臺北市政府",
        "戶數": "34",
        "工程決標日期": "-",
        "開工日期": "-",
        "完工日期": "88/11/26",
        "執行情況": "既有",
        "經緯度": "25.06267532693737, 121.53415963961915"
      }
    },
    {
      "type": "Feature",
      "geometry": {
        "type": "Point",
        "coordinates": [
          121.5406131,
          25.0475799
        ]
      },
      "properties": {
        "縣市": "臺北市",
        "案名": "臺北市朱崙老人公寓",
        "詳細地址": "10491台灣臺北市中山區龍江路15號",
        "興辦主體": "臺北市政府",
        "戶數": "45",
        "工程決標日期": "89/12/31",
        "開工日期": "90/2/16",
        "完工日期": "93/3/23",
        "執行情況": "既有",
        "經緯度": "25.0475799,121.5406131"
      }
    },
    {
      "type": "Feature",
      "geometry": {
        "type": "Point",
        "coordinates": [
          121.5284428,
          25.0573143
        ]
      },
      "properties": {
        "縣市": "臺北市",
        "案名": "臺北市中山老人住宅暨服務中心",
        "詳細地址": "104台灣臺北市中山區新生北路二段101巷2號",
        "興辦主體": "臺北市政府",
        "戶數": "112",
        "工程決標日期": "97/8/31",
        "開工日期": "97/10/31",
        "完工日期": "99/5/31",
        "執行情況": "既有",
        "經緯度": "25.0573143,121.5284428"
      }
    },
    {
      "type": "Feature",
      "geometry": {
        "type": "Point",
        "coordinates": [
          121.5335406,
          25.0599177
        ]
      },
      "properties": {
        "縣市": "臺北市",
        "案名": "行天宮站社會住宅",
        "詳細地址": "10491台灣臺北市中山區松江路273號",
        "興辦主體": "臺北市政府",
        "戶數": "30",
        "工程決標日期": "-",
        "開工日期": "95/10/19",
        "完工日期": "99/1/5",
        "執行情況": "既有",
        "經緯度": "25.0599177,121.5335406"
      }
    },
    {
      "type": "Feature",
      "geometry": {
        "type": "Point",
        "coordinates": [
          121.57430869814331,
          24.99949143816761
        ]
      },
      "properties": {
        "縣市": "臺北市",
        "案名": "軍功出租國宅",
        "詳細地址": "116臺北市文山區和平東路四段381巷",
        "興辦主體": "臺北市政府",
        "戶數": "33",
        "工程決標日期": "-",
        "開工日期": "-",
        "完工日期": "72/7/15",
        "執行情況": "既有",
        "經緯度": "24.99949143816761, 121.57430869814331"
      }
    },
    {
      "type": "Feature",
      "geometry": {
        "type": "Point",
        "coordinates": [
          121.56510674815877,
          25.003078101231694
        ]
      },
      "properties": {
        "縣市": "臺北市",
        "案名": "萬芳Ｃ出租國宅",
        "詳細地址": "116臺北市文山區萬寧街36巷1號",
        "興辦主體": "臺北市政府",
        "戶數": "228",
        "工程決標日期": "-",
        "開工日期": "-",
        "完工日期": "85/5/6",
        "執行情況": "既有",
        "經緯度": "25.003078101231694, 121.56510674815877"
      }
    },
    {
      "type": "Feature",
      "geometry": {
        "type": "Point",
        "coordinates": [
          121.56860861389049,
          25.00163788971491
        ]
      },
      "properties": {
        "縣市": "臺北市",
        "案名": "萬芳社區出租國宅",
        "詳細地址": "116臺北市文山區萬美街一段19巷3號",
        "興辦主體": "臺北市政府",
        "戶數": "310",
        "工程決標日期": "-",
        "開工日期": "-",
        "完工日期": "86/1/19",
        "執行情況": "既有",
        "經緯度": "25.00163788971491, 121.56860861389049"
      }
    },
    {
      "type": "Feature",
      "geometry": {
        "type": "Point",
        "coordinates": [
          121.562499,
          25.003393
        ]
      },
      "properties": {
        "縣市": "臺北市",
        "案名": "萬美出租國宅",
        "詳細地址": "116台灣臺北市文山區萬美街二段2巷1-5號",
        "興辦主體": "臺北市政府",
        "戶數": "192",
        "工程決標日期": "-",
        "開工日期": "70/12/23",
        "完工日期": "73/8/3",
        "執行情況": "既有",
        "經緯度": "25.003393,121.562499"
      }
    },
    {
      "type": "Feature",
      "geometry": {
        "type": "Point",
        "coordinates": [
          121.57039945952008,
          25.003916661661567
        ]
      },
      "properties": {
        "縣市": "臺北市",
        "案名": "萬寧出租國宅",
        "詳細地址": "116臺北市文山區萬寧街173號",
        "興辦主體": "臺北市政府",
        "戶數": "10",
        "工程決標日期": "-",
        "開工日期": "82/6/22",
        "完工日期": "86/10/30",
        "執行情況": "既有",
        "經緯度": "25.003916661661567, 121.57039945952008"
      }
    },
    {
      "type": "Feature",
      "geometry": {
        "type": "Point",
        "coordinates": [
          121.56625042883294,
          25.00127629710279
        ]
      },
      "properties": {
        "縣市": "臺北市",
        "案名": "萬樂出租國宅",
        "詳細地址": "116臺北市文山區萬美街一段89.91號",
        "興辦主體": "臺北市政府",
        "戶數": "224",
        "工程決標日期": "-",
        "開工日期": "-",
        "完工日期": "73/8/3",
        "執行情況": "既有",
        "經緯度": "25.00127629710279, 121.56625042883294"
      }
    },
    {
      "type": "Feature",
      "geometry": {
        "type": "Point",
        "coordinates": [
          121.56129144314392,
          24.986864418883847
        ]
      },
      "properties": {
        "縣市": "臺北市",
        "案名": "安康平宅",
        "詳細地址": "116臺北市文山區興隆路四段109號",
        "興辦主體": "臺北市政府",
        "戶數": "304",
        "工程決標日期": "-",
        "開工日期": "-",
        "完工日期": "60/1/10",
        "執行情況": "既有",
        "經緯度": "24.986864418883847, 121.56129144314392"
      }
    },
    {
      "type": "Feature",
      "geometry": {
        "type": "Point",
        "coordinates": [
          121.53844907699468,
          25.00256295442342
        ]
      },
      "properties": {
        "縣市": "臺北市",
        "案名": "萬隆站社會住宅",
        "詳細地址": "臺北市文山區羅斯福路五段214號",
        "興辦主體": "臺北市政府",
        "戶數": "41",
        "工程決標日期": "-",
        "開工日期": "95/5/10",
        "完工日期": "100/11/17",
        "執行情況": "既有",
        "經緯度": "25.00256295442342, 121.53844907699468"
      }
    },
    {
      "type": "Feature",
      "geometry": {
        "type": "Point",
        "coordinates": [
          121.5406359,
          24.989876
        ]
      },
      "properties": {
        "縣市": "臺北市",
        "案名": "景文社會住宅",
        "詳細地址": "116台灣臺北市文山區羅斯福路六段469巷19號",
        "興辦主體": "臺北市政府",
        "戶數": "42",
        "工程決標日期": "-",
        "開工日期": "99/3/15",
        "完工日期": "101/11/12",
        "執行情況": "既有",
        "經緯度": "24.989876,121.5406359"
      }
    },
    {
      "type": "Feature",
      "geometry": {
        "type": "Point",
        "coordinates": [
          121.557859,
          24.988296
        ]
      },
      "properties": {
        "縣市": "臺北市",
        "案名": "興隆社會住宅D1區",
        "詳細地址": "116台灣臺北市文山區木柵路二段2巷12-50號",
        "興辦主體": "臺北市政府",
        "戶數": "272",
        "工程決標日期": "102/1/31",
        "開工日期": "102/7/17",
        "完工日期": "104/5/15",
        "執行情況": "既有",
        "經緯度": "24.988296,121.557859"
      }
    },
    {
      "type": "Feature",
      "geometry": {
        "type": "Point",
        "coordinates": [
          121.60385230843922,
          25.05463631907376
        ]
      },
      "properties": {
        "縣市": "臺北市",
        "案名": "台肥出租國宅",
        "詳細地址": "115臺北市南港區南港路二段60巷16-19號",
        "興辦主體": "臺北市政府",
        "戶數": "28",
        "工程決標日期": "-",
        "開工日期": "-",
        "完工日期": "74/4/6",
        "執行情況": "既有",
        "經緯度": "25.05463631907376, 121.60385230843922"
      }
    },
    {
      "type": "Feature",
      "geometry": {
        "type": "Point",
        "coordinates": [
          121.5913703346684,
          25.03943297782379
        ]
      },
      "properties": {
        "縣市": "臺北市",
        "案名": "南港一號出租國宅",
        "詳細地址": "115臺北市南港區福德街373巷",
        "興辦主體": "臺北市政府",
        "戶數": "287",
        "工程決標日期": "-",
        "開工日期": "-",
        "完工日期": "88/8/21",
        "執行情況": "既有",
        "經緯度": "25.03943297782379, 121.5913703346684"
      }
    },
    {
      "type": "Feature",
      "geometry": {
        "type": "Point",
        "coordinates": [
          121.59893100583305,
          25.05762415874997
        ]
      },
      "properties": {
        "縣市": "臺北市",
        "案名": "基河三期中繼住宅AB區",
        "詳細地址": "115臺北市南港區重陽路199巷24號",
        "興辦主體": "臺北市政府",
        "戶數": "22",
        "工程決標日期": "-",
        "開工日期": "90/1/1",
        "完工日期": "90/1/1",
        "執行情況": "既有",
        "經緯度": "25.05762415874997, 121.59893100583305"
      }
    },
    {
      "type": "Feature",
      "geometry": {
        "type": "Point",
        "coordinates": [
          121.59893100583305,
          25.05762415874997
        ]
      },
      "properties": {
        "縣市": "臺北市",
        "案名": "基河三期中繼住宅CD區",
        "詳細地址": "115臺北市南港區重陽路199巷24號",
        "興辦主體": "臺北市政府",
        "戶數": "306",
        "工程決標日期": "-",
        "開工日期": "90/1/1",
        "完工日期": "90/1/1",
        "執行情況": "既有",
        "經緯度": "25.05762415874997, 121.59893100583305"
      }
    },
    {
      "type": "Feature",
      "geometry": {
        "type": "Point",
        "coordinates": [
          121.61170222117806,
          25.07566867780031
        ]
      },
      "properties": {
        "縣市": "臺北市",
        "案名": "東湖C出租國宅",
        "詳細地址": "114臺北市內湖區康寧路三段189巷163弄",
        "興辦主體": "臺北市政府",
        "戶數": "88",
        "工程決標日期": "-",
        "開工日期": "80/11/30",
        "完工日期": "85/9/30",
        "執行情況": "既有",
        "經緯度": "25.07566867780031, 121.61170222117806"
      }
    },
    {
      "type": "Feature",
      "geometry": {
        "type": "Point",
        "coordinates": [
          121.6126664537185,
          25.072745742078247
        ]
      },
      "properties": {
        "縣市": "臺北市",
        "案名": "東湖Ｅ基地出租國宅(原民會)",
        "詳細地址": "台灣臺北市內湖區康寧路三段189巷",
        "興辦主體": "臺北市政府",
        "戶數": "40",
        "工程決標日期": "-",
        "開工日期": "-",
        "完工日期": "84/2/13",
        "執行情況": "既有",
        "經緯度": "25.072745742078247, 121.6126664537185"
      }
    },
    {
      "type": "Feature",
      "geometry": {
        "type": "Point",
        "coordinates": [
          121.5923368960469,
          25.08704312761256
        ]
      },
      "properties": {
        "縣市": "臺北市",
        "案名": "貿三出租國宅",
        "詳細地址": "114臺北市內湖區內湖路三段60巷",
        "興辦主體": "臺北市政府",
        "戶數": "114",
        "工程決標日期": "-",
        "開工日期": "-",
        "完工日期": "73/3/14",
        "執行情況": "既有",
        "經緯度": "25.08704312761256, 121.5923368960469"
      }
    },
    {
      "type": "Feature",
      "geometry": {
        "type": "Point",
        "coordinates": [
          121.57554318255477,
          25.08019661234184
        ]
      },
      "properties": {
        "縣市": "臺北市",
        "案名": "港墘聯開宅",
        "詳細地址": "114臺北市內湖區內湖路一段659號",
        "興辦主體": "臺北市政府",
        "戶數": "2",
        "工程決標日期": "-",
        "開工日期": "98/4/14",
        "完工日期": "99/11/23",
        "執行情況": "既有",
        "經緯度": "25.08019661234184, 121.57554318255477"
      }
    },
    {
      "type": "Feature",
      "geometry": {
        "type": "Point",
        "coordinates": [
          121.51000699419441,
          25.07890330830794
        ]
      },
      "properties": {
        "縣市": "臺北市",
        "案名": "延平出租國宅",
        "詳細地址": "111臺北市士林區延平北路五段1巷36號-40號",
        "興辦主體": "臺北市政府",
        "戶數": "42",
        "工程決標日期": "-",
        "開工日期": "-",
        "完工日期": "89/12/11",
        "執行情況": "既有",
        "經緯度": "25.07890330830794, 121.51000699419441"
      }
    },
    {
      "type": "Feature",
      "geometry": {
        "type": "Point",
        "coordinates": [
          121.50359715001461,
          25.088498860863567
        ]
      },
      "properties": {
        "縣市": "臺北市",
        "案名": "永平中繼住宅",
        "詳細地址": "臺北市士林區延平北路六段261巷2、2-1、2-2、2-3號",
        "興辦主體": "臺北市政府",
        "戶數": "37",
        "工程決標日期": "-",
        "開工日期": "78/8/10",
        "完工日期": "93/12/15",
        "執行情況": "既有",
        "經緯度": "25.088498860863567, 121.50359715001461"
      }
    },
    {
      "type": "Feature",
      "geometry": {
        "type": "Point",
        "coordinates": [
          121.5035895,
          25.0888605
        ]
      },
      "properties": {
        "縣市": "臺北市",
        "案名": "永平社會住宅",
        "詳細地址": "111臺北市士林區延平北路六段261巷2號",
        "興辦主體": "臺北市政府",
        "戶數": "51",
        "工程決標日期": "-",
        "開工日期": "89/8/10",
        "完工日期": "93/12/23",
        "執行情況": "既有",
        "經緯度": "25.0888605,121.5035895"
      }
    },
    {
      "type": "Feature",
      "geometry": {
        "type": "Point",
        "coordinates": [
          121.5461429,
          25.136332
        ]
      },
      "properties": {
        "縣市": "臺北市",
        "案名": "臺北市陽明老人公寓",
        "詳細地址": "111台灣臺北市士林區格致路7號3樓",
        "興辦主體": "臺北市政府",
        "戶數": "97",
        "工程決標日期": "83/12/31",
        "開工日期": "84/4/30",
        "完工日期": "86/12/31",
        "執行情況": "既有",
        "經緯度": "25.136332,121.5461429"
      }
    },
    {
      "type": "Feature",
      "geometry": {
        "type": "Point",
        "coordinates": [
          121.50325396536057,
          25.12297726680814
        ]
      },
      "properties": {
        "縣市": "臺北市",
        "案名": "奇岩出租國宅",
        "詳細地址": "臺北市北投區磺港路269號、271號",
        "興辦主體": "臺北市政府",
        "戶數": "72",
        "工程決標日期": "-",
        "開工日期": "-",
        "完工日期": "69/12/16",
        "執行情況": "既有",
        "經緯度": "25.12297726680814, 121.50325396536057"
      }
    },
    {
      "type": "Feature",
      "geometry": {
        "type": "Point",
        "coordinates": [
          121.522926,
          25.145793
        ]
      },
      "properties": {
        "縣市": "臺北市",
        "案名": "大同之家",
        "詳細地址": "台北市北投區東昇路12巷",
        "興辦主體": "臺北市政府",
        "戶數": "60",
        "工程決標日期": "-",
        "開工日期": "-",
        "完工日期": "60/1/1",
        "執行情況": "既有",
        "經緯度": "25.145793,121.522926"
      }
    },
    {
      "type": "Feature",
      "geometry": {
        "type": "Point",
        "coordinates": [
          121.56365575581611,
          25.02527537431395
        ]
      },
      "properties": {
        "縣市": "臺北市",
        "案名": "四四東村C出租國宅",
        "詳細地址": "110臺北市信義區吳興街260巷21弄",
        "興辦主體": "臺北市政府",
        "戶數": "30",
        "工程決標日期": "-",
        "開工日期": "-",
        "完工日期": "84/7/10",
        "執行情況": "既有",
        "經緯度": "25.02527537431395, 121.56365575581611"
      }
    },
    {
      "type": "Feature",
      "geometry": {
        "type": "Point",
        "coordinates": [
          121.5641998,
          25.0545688
        ]
      },
      "properties": {
        "縣市": "臺北市",
        "案名": "健康社會住宅",
        "詳細地址": "105台灣臺北市松山區健康路285號",
        "興辦主體": "臺北市政府",
        "戶數": "507",
        "工程決標日期": "103/10/14",
        "開工日期": "103/12/17",
        "完工日期": "106/12/26",
        "執行情況": "新完工",
        "經緯度": "25.0545688,121.5641998"
      }
    },
    {
      "type": "Feature",
      "geometry": {
        "type": "Point",
        "coordinates": [
          121.542672,
          25.041326
        ]
      },
      "properties": {
        "縣市": "臺北市",
        "案名": "臺北市大安區懷生段二小段16地號等6筆土地都市更新案",
        "詳細地址": "",
        "興辦主體": "中央(住都中心)",
        "戶數": "2",
        "工程決標日期": "-",
        "開工日期": "106/7/11",
        "完工日期": "111/3/24",
        "執行情況": "新完工",
        "經緯度": "25.041326,121.542672"
      }
    },
    {
      "type": "Feature",
      "geometry": {
        "type": "Point",
        "coordinates": [
          121.529455,
          25.022973
        ]
      },
      "properties": {
        "縣市": "臺北市",
        "案名": "國產署包租案件-113年第2批(臺北市)01",
        "詳細地址": "",
        "興辦主體": "中央(財政部國有財產署)",
        "戶數": "7",
        "工程決標日期": "113/4/1",
        "開工日期": "113/4/1",
        "完工日期": "113/4/1",
        "執行情況": "新完工",
        "經緯度": "25.022973,121.529455"
      }
    },
    {
      "type": "Feature",
      "geometry": {
        "type": "Point",
        "coordinates": [
          121.529635,
          25.025229
        ]
      },
      "properties": {
        "縣市": "臺北市",
        "案名": "國產署包租案件-113年第2批(臺北市)02",
        "詳細地址": "",
        "興辦主體": "中央(財政部國有財產署)",
        "戶數": "7",
        "工程決標日期": "113/4/1",
        "開工日期": "113/4/1",
        "完工日期": "113/4/1",
        "執行情況": "新完工",
        "經緯度": "25.025229,121.529635"
      }
    },
    {
      "type": "Feature",
      "geometry": {
        "type": "Point",
        "coordinates": [
          121.526964,
          25.039134
        ]
      },
      "properties": {
        "縣市": "臺北市",
        "案名": "臺北市中正區中正段一小段66地號等10筆(原11筆)土地都市更新案",
        "詳細地址": "",
        "興辦主體": "中央(住都中心)",
        "戶數": "12",
        "工程決標日期": "107/7/18",
        "開工日期": "108/3/19",
        "完工日期": "112/3/28",
        "執行情況": "新完工",
        "經緯度": "25.039134,121.526964"
      }
    },
    {
      "type": "Feature",
      "geometry": {
        "type": "Point",
        "coordinates": [
          121.531574,
          25.015908
        ]
      },
      "properties": {
        "縣市": "臺北市",
        "案名": "國產署包租案件-113年第4批(臺北市)",
        "詳細地址": "",
        "興辦主體": "中央(財政部國有財產署)",
        "戶數": "10",
        "工程決標日期": "113/10/1",
        "開工日期": "113/10/1",
        "完工日期": "113/10/1",
        "執行情況": "新完工",
        "經緯度": "25.015908,121.531574"
      }
    },
    {
      "type": "Feature",
      "geometry": {
        "type": "Point",
        "coordinates": [
          121.511608,
          25.026105
        ]
      },
      "properties": {
        "縣市": "臺北市",
        "案名": "國產署包租案件-113年第3批(臺北市)",
        "詳細地址": "",
        "興辦主體": "中央(財政部國有財產署)",
        "戶數": "20",
        "工程決標日期": "113/7/1",
        "開工日期": "113/7/1",
        "完工日期": "113/7/1",
        "執行情況": "新完工",
        "經緯度": "25.026105,121.511608"
      }
    },
    {
      "type": "Feature",
      "geometry": {
        "type": "Point",
        "coordinates": [
          121.5036806,
          25.0201449
        ]
      },
      "properties": {
        "縣市": "臺北市",
        "案名": "萬華青年社會住宅1區",
        "詳細地址": "108台灣臺北市萬華區青年路188號",
        "興辦主體": "臺北市政府",
        "戶數": "273",
        "工程決標日期": "104/11/11",
        "開工日期": "105/2/18",
        "完工日期": "107/12/22",
        "執行情況": "新完工",
        "經緯度": "25.0201449,121.5036806"
      }
    },
    {
      "type": "Feature",
      "geometry": {
        "type": "Point",
        "coordinates": [
          121.5031454,
          25.0205671
        ]
      },
      "properties": {
        "縣市": "臺北市",
        "案名": "萬華青年社會住宅2區",
        "詳細地址": "108台灣臺北市萬華區青年路180號",
        "興辦主體": "臺北市政府",
        "戶數": "518",
        "工程決標日期": "106/4/21",
        "開工日期": "106/7/17",
        "完工日期": "112/11/30",
        "執行情況": "新完工",
        "經緯度": "25.0205671,121.5031454"
      }
    },
    {
      "type": "Feature",
      "geometry": {
        "type": "Point",
        "coordinates": [
          121.500225,
          25.0318047
        ]
      },
      "properties": {
        "縣市": "臺北市",
        "案名": "莒光社會住宅",
        "詳細地址": "108台灣臺北市萬華區萬大路22號",
        "興辦主體": "臺北市政府",
        "戶數": "201",
        "工程決標日期": "106/10/3",
        "開工日期": "106/12/28",
        "完工日期": "111/6/14",
        "執行情況": "新完工",
        "經緯度": "25.0318047,121.500225"
      }
    },
    {
      "type": "Feature",
      "geometry": {
        "type": "Point",
        "coordinates": [
          121.5063531,
          25.0469825
        ]
      },
      "properties": {
        "縣市": "臺北市",
        "案名": "福星社會住宅",
        "詳細地址": "108台灣臺北市萬華區開封街二段39號",
        "興辦主體": "臺北市政府",
        "戶數": "255",
        "工程決標日期": "108/3/25",
        "開工日期": "108/10/23",
        "完工日期": "112/6/27",
        "執行情況": "新完工",
        "經緯度": "25.0469825,121.5063531"
      }
    },
    {
      "type": "Feature",
      "geometry": {
        "type": "Point",
        "coordinates": [
          121.505607,
          25.038906
        ]
      },
      "properties": {
        "縣市": "臺北市",
        "案名": "臺北市萬華區漢中段三小段24地號等39筆土地都市更新案",
        "詳細地址": "",
        "興辦主體": "中央(住都中心)",
        "戶數": "4",
        "工程決標日期": "-",
        "開工日期": "107/8/8",
        "完工日期": "111/7/26",
        "執行情況": "新完工",
        "經緯度": "25.038906,121.505607"
      }
    },
    {
      "type": "Feature",
      "geometry": {
        "type": "Point",
        "coordinates": [
          121.497392,
          25.025718
        ]
      },
      "properties": {
        "縣市": "臺北市",
        "案名": "臺北市萬華區萬大段一小段519-2地號等35筆土地都市更新案",
        "詳細地址": "",
        "興辦主體": "中央(住都中心)",
        "戶數": "1",
        "工程決標日期": "-",
        "開工日期": "109/2/1",
        "完工日期": "112/12/18",
        "執行情況": "新完工",
        "經緯度": "25.025718,121.497392"
      }
    },
    {
      "type": "Feature",
      "geometry": {
        "type": "Point",
        "coordinates": [
          121.5118195,
          25.0631275
        ]
      },
      "properties": {
        "縣市": "臺北市",
        "案名": "大橋頭社會住宅",
        "詳細地址": "103台灣臺北市大同區民權西路237-8號",
        "興辦主體": "臺北市政府",
        "戶數": "47",
        "工程決標日期": "-",
        "開工日期": "105/4/7",
        "完工日期": "108/6/25",
        "執行情況": "新完工",
        "經緯度": "25.0631275,121.5118195"
      }
    },
    {
      "type": "Feature",
      "geometry": {
        "type": "Point",
        "coordinates": [
          121.5200947,
          25.0732147
        ]
      },
      "properties": {
        "縣市": "臺北市",
        "案名": "明倫社會住宅",
        "詳細地址": "103台灣臺北市大同區承德路三段285號",
        "興辦主體": "臺北市政府",
        "戶數": "380",
        "工程決標日期": "106/1/12",
        "開工日期": "106/3/10",
        "完工日期": "109/8/14",
        "執行情況": "新完工",
        "經緯度": "25.0732147,121.5200947"
      }
    },
    {
      "type": "Feature",
      "geometry": {
        "type": "Point",
        "coordinates": [
          121.51682724232543,
          25.067161604241996
        ]
      },
      "properties": {
        "縣市": "臺北市",
        "案名": "斯文社會住宅",
        "詳細地址": "103臺北市大同區大龍街91巷10號",
        "興辦主體": "臺北市政府",
        "戶數": "138",
        "工程決標日期": "107/5/17",
        "開工日期": "107/9/13",
        "完工日期": "111/1/24",
        "執行情況": "新完工",
        "經緯度": "25.067161604241996, 121.51682724232543"
      }
    },
    {
      "type": "Feature",
      "geometry": {
        "type": "Point",
        "coordinates": [
          121.5261441,
          25.0613953
        ]
      },
      "properties": {
        "縣市": "臺北市",
        "案名": "新興社會住宅(新興市場整建)",
        "詳細地址": "10491台灣臺北市中山區林森北路487號",
        "興辦主體": "臺北市政府",
        "戶數": "37",
        "工程決標日期": "-",
        "開工日期": "107/7/16",
        "完工日期": "107/12/7",
        "執行情況": "新完工",
        "經緯度": "25.0613953,121.5261441"
      }
    },
    {
      "type": "Feature",
      "geometry": {
        "type": "Point",
        "coordinates": [
          121.531383,
          25.063206
        ]
      },
      "properties": {
        "縣市": "臺北市",
        "案名": "臺北市中山區德惠段二小段813-1地號等6筆土地都市更新案",
        "詳細地址": "",
        "興辦主體": "中央(住都中心)",
        "戶數": "1",
        "工程決標日期": "-",
        "開工日期": "109/4/24",
        "完工日期": "112/2/3",
        "執行情況": "新完工",
        "經緯度": "25.063206,121.531383"
      }
    },
    {
      "type": "Feature",
      "geometry": {
        "type": "Point",
        "coordinates": [
          121.55590781534185,
          25.08667997460217
        ]
      },
      "properties": {
        "縣市": "臺北市",
        "案名": "北安都更分回戶",
        "詳細地址": "104臺北市中山區劍南路605號",
        "興辦主體": "臺北市政府",
        "戶數": "44",
        "工程決標日期": "-",
        "開工日期": "108/4/25",
        "完工日期": "113/4/24",
        "執行情況": "新完工",
        "經緯度": "25.08667997460217, 121.55590781534185"
      }
    },
    {
      "type": "Feature",
      "geometry": {
        "type": "Point",
        "coordinates": [
          121.5627746,
          24.9880198
        ]
      },
      "properties": {
        "縣市": "臺北市",
        "案名": "興隆社會住宅D2區",
        "詳細地址": "116台灣臺北市文山區興隆路四段105巷45號",
        "興辦主體": "臺北市政府",
        "戶數": "510",
        "工程決標日期": "103/4/16",
        "開工日期": "103/11/13",
        "完工日期": "107/5/9",
        "執行情況": "新完工",
        "經緯度": "24.9880198,121.5627746"
      }
    },
    {
      "type": "Feature",
      "geometry": {
        "type": "Point",
        "coordinates": [
          121.566365,
          24.989228
        ]
      },
      "properties": {
        "縣市": "臺北市",
        "案名": "木柵社會住宅",
        "詳細地址": "116台灣臺北市文山區久康街24巷36號",
        "興辦主體": "臺北市政府",
        "戶數": "119",
        "工程決標日期": "106/5/17",
        "開工日期": "106/8/17",
        "完工日期": "109/4/27",
        "執行情況": "新完工",
        "經緯度": "24.989228,121.566365"
      }
    },
    {
      "type": "Feature",
      "geometry": {
        "type": "Point",
        "coordinates": [
          121.556114,
          24.977541
        ]
      },
      "properties": {
        "縣市": "臺北市",
        "案名": "樟新水岸社會住宅",
        "詳細地址": "116台灣臺北市文山區樟新街65號&67號",
        "興辦主體": "臺北市政府",
        "戶數": "192",
        "工程決標日期": "108/4/18",
        "開工日期": "108/12/18",
        "完工日期": "113/8/12",
        "執行情況": "新完工",
        "經緯度": "24.977541,121.556114"
      }
    },
    {
      "type": "Feature",
      "geometry": {
        "type": "Point",
        "coordinates": [
          121.5493036,
          24.9850552
        ]
      },
      "properties": {
        "縣市": "臺北市",
        "案名": "和興水岸社會住宅",
        "詳細地址": "116台灣臺北市文山區和興路88號",
        "興辦主體": "臺北市政府",
        "戶數": "174",
        "工程決標日期": "108/4/19",
        "開工日期": "108/11/26",
        "完工日期": "112/8/14",
        "執行情況": "新完工",
        "經緯度": "24.9850552,121.5493036"
      }
    },
    {
      "type": "Feature",
      "geometry": {
        "type": "Point",
        "coordinates": [
          121.560083,
          24.9880739
        ]
      },
      "properties": {
        "縣市": "臺北市",
        "案名": "興隆A區社會住宅",
        "詳細地址": "116台灣臺北市文山區興隆路四段42巷1號",
        "興辦主體": "臺北市政府",
        "戶數": "340",
        "工程決標日期": "108/2/20",
        "開工日期": "108/7/1",
        "完工日期": "113/7/28",
        "執行情況": "新完工",
        "經緯度": "24.9880739,121.560083"
      }
    },
    {
      "type": "Feature",
      "geometry": {
        "type": "Point",
        "coordinates": [
          121.5589181,
          24.9881615
        ]
      },
      "properties": {
        "縣市": "臺北市",
        "案名": "興隆E區社會住宅",
        "詳細地址": "116台灣臺北市文山區興隆路四段42巷11號",
        "興辦主體": "臺北市政府",
        "戶數": "263",
        "工程決標日期": "108/3/15",
        "開工日期": "108/7/1",
        "完工日期": "114/3/31",
        "執行情況": "新完工",
        "經緯度": "24.9881615,121.5589181"
      }
    },
    {
      "type": "Feature",
      "geometry": {
        "type": "Point",
        "coordinates": [
          121.535609,
          25.00049
        ]
      },
      "properties": {
        "縣市": "臺北市",
        "案名": "臺北市文山區萬隆段二小段519地號等23筆土地都市更新案",
        "詳細地址": "",
        "興辦主體": "中央(住都中心)",
        "戶數": "40",
        "工程決標日期": "-",
        "開工日期": "107/7/16",
        "完工日期": "112/4/20",
        "執行情況": "新完工",
        "經緯度": "25.000490,121.535609"
      }
    },
    {
      "type": "Feature",
      "geometry": {
        "type": "Point",
        "coordinates": [
          121.558549,
          24.993502
        ]
      },
      "properties": {
        "縣市": "臺北市",
        "案名": "臺北市文山區興安段四小段122地號等27筆土地都市更新案",
        "詳細地址": "",
        "興辦主體": "中央(住都中心)",
        "戶數": "12",
        "工程決標日期": "-",
        "開工日期": "108/12/2",
        "完工日期": "112/3/27",
        "執行情況": "新完工",
        "經緯度": "24.993502,121.558549"
      }
    },
    {
      "type": "Feature",
      "geometry": {
        "type": "Point",
        "coordinates": [
          121.570414,
          24.996289
        ]
      },
      "properties": {
        "縣市": "臺北市",
        "案名": "臺北市文山區萬芳段二小段183-1地號等30筆土地都市更新案",
        "詳細地址": "",
        "興辦主體": "中央(住都中心)",
        "戶數": "1",
        "工程決標日期": "-",
        "開工日期": "109/8/11",
        "完工日期": "112/6/1",
        "執行情況": "新完工",
        "經緯度": "24.996289,121.570414"
      }
    },
    {
      "type": "Feature",
      "geometry": {
        "type": "Point",
        "coordinates": [
          121.53487711719397,
          25.005294522367723
        ]
      },
      "properties": {
        "縣市": "臺北市",
        "案名": "溪州都更分回戶",
        "詳細地址": "116臺北市文山區溪洲街65號",
        "興辦主體": "臺北市政府",
        "戶數": "20",
        "工程決標日期": "-",
        "開工日期": "109/5/11",
        "完工日期": "113/2/19",
        "執行情況": "新完工",
        "經緯度": "25.005294522367723, 121.53487711719397"
      }
    },
    {
      "type": "Feature",
      "geometry": {
        "type": "Point",
        "coordinates": [
          121.6191229,
          25.0429206
        ]
      },
      "properties": {
        "縣市": "臺北市",
        "案名": "中南社會住宅",
        "詳細地址": "115022台灣臺北市南港區舊莊街一段3巷42號",
        "興辦主體": "臺北市政府",
        "戶數": "119",
        "工程決標日期": "106/7/19",
        "開工日期": "106/11/9",
        "完工日期": "109/12/31",
        "執行情況": "新完工",
        "經緯度": "25.0429206,121.6191229"
      }
    },
    {
      "type": "Feature",
      "geometry": {
        "type": "Point",
        "coordinates": [
          121.6038761,
          25.0546344
        ]
      },
      "properties": {
        "縣市": "臺北市",
        "案名": "東明社會住宅",
        "詳細地址": "115台灣臺北市南港區南港路二段60巷16-19號",
        "興辦主體": "臺北市政府",
        "戶數": "700",
        "工程決標日期": "104/12/28",
        "開工日期": "105/2/24",
        "完工日期": "108/7/31",
        "執行情況": "新完工",
        "經緯度": "25.0546344,121.6038761"
      }
    },
    {
      "type": "Feature",
      "geometry": {
        "type": "Point",
        "coordinates": [
          121.593463,
          25.0577713
        ]
      },
      "properties": {
        "縣市": "臺北市",
        "案名": "小彎社會住宅",
        "詳細地址": "115台灣臺北市南港區向陽路248～250號",
        "興辦主體": "臺北市政府",
        "戶數": "341",
        "工程決標日期": "106/11/15",
        "開工日期": "107/3/8",
        "完工日期": "110/10/23",
        "執行情況": "新完工",
        "經緯度": "25.0577713,121.593463"
      }
    },
    {
      "type": "Feature",
      "geometry": {
        "type": "Point",
        "coordinates": [
          121.5789204,
          25.0732096
        ]
      },
      "properties": {
        "縣市": "臺北市",
        "案名": "瑞光社會住宅",
        "詳細地址": "114台灣臺北市內湖區陽光街321巷1、3、5號",
        "興辦主體": "臺北市政府",
        "戶數": "389",
        "工程決標日期": "106/5/12",
        "開工日期": "106/10/5",
        "完工日期": "109/11/21",
        "執行情況": "新完工",
        "經緯度": "25.0732096,121.5789204"
      }
    },
    {
      "type": "Feature",
      "geometry": {
        "type": "Point",
        "coordinates": [
          121.57802,
          25.0623359
        ]
      },
      "properties": {
        "縣市": "臺北市",
        "案名": "舊宗社會住宅",
        "詳細地址": "114台灣臺北市內湖區舊宗路一段185號",
        "興辦主體": "臺北市政府",
        "戶數": "97",
        "工程決標日期": "108/9/5",
        "開工日期": "109/2/24",
        "完工日期": "112/8/23",
        "執行情況": "新完工",
        "經緯度": "25.0623359,121.57802"
      }
    },
    {
      "type": "Feature",
      "geometry": {
        "type": "Point",
        "coordinates": [
          121.5816949,
          25.0604017
        ]
      },
      "properties": {
        "縣市": "臺北市",
        "案名": "行善社會住宅",
        "詳細地址": "114台灣臺北市內湖區行善路266、268號",
        "興辦主體": "臺北市政府",
        "戶數": "526",
        "工程決標日期": "107/8/17",
        "開工日期": "107/10/29",
        "完工日期": "111/8/23",
        "執行情況": "新完工",
        "經緯度": "25.0604017,121.5816949"
      }
    },
    {
      "type": "Feature",
      "geometry": {
        "type": "Point",
        "coordinates": [
          121.59257712883222,
          25.08550514049266
        ]
      },
      "properties": {
        "縣市": "臺北市",
        "案名": "金龍都更分回戶",
        "詳細地址": "台北市內湖區內湖路3段30、36、40號",
        "興辦主體": "臺北市政府",
        "戶數": "8",
        "工程決標日期": "-",
        "開工日期": "103/6/9",
        "完工日期": "108/4/18",
        "執行情況": "新完工",
        "經緯度": "25.08550514049266, 121.59257712883222"
      }
    },
    {
      "type": "Feature",
      "geometry": {
        "type": "Point",
        "coordinates": [
          121.592212,
          25.066188
        ]
      },
      "properties": {
        "縣市": "臺北市",
        "案名": "臺北市內湖區石潭段三小段482地號等8筆土地都市更新案",
        "詳細地址": "",
        "興辦主體": "中央(住都中心)",
        "戶數": "1",
        "工程決標日期": "-",
        "開工日期": "107/10/30",
        "完工日期": "110/10/5",
        "執行情況": "新完工",
        "經緯度": "25.066188,121.592212"
      }
    },
    {
      "type": "Feature",
      "geometry": {
        "type": "Point",
        "coordinates": [
          121.5224813,
          25.0964261
        ]
      },
      "properties": {
        "縣市": "臺北市",
        "案名": "華榮社會住宅",
        "詳細地址": "111台灣臺北市士林區111",
        "興辦主體": "臺北市政府",
        "戶數": "118",
        "工程決標日期": "108/1/22",
        "開工日期": "108/5/23",
        "完工日期": "113/5/30",
        "執行情況": "新完工",
        "經緯度": "25.0964261,121.5224813"
      }
    },
    {
      "type": "Feature",
      "geometry": {
        "type": "Point",
        "coordinates": [
          121.526264,
          25.108329
        ]
      },
      "properties": {
        "縣市": "臺北市",
        "案名": "臺北市士林區三玉段五小段445地號等20筆土地都市更新案",
        "詳細地址": "",
        "興辦主體": "中央(住都中心)",
        "戶數": "2",
        "工程決標日期": "-",
        "開工日期": "108/6/3",
        "完工日期": "110/12/22",
        "執行情況": "新完工",
        "經緯度": "25.108329,121.526264"
      }
    },
    {
      "type": "Feature",
      "geometry": {
        "type": "Point",
        "coordinates": [
          121.526638,
          25.09919
        ]
      },
      "properties": {
        "縣市": "臺北市",
        "案名": "臺北市士林區陽明段一小段19地號等12筆土地都市更新案",
        "詳細地址": "",
        "興辦主體": "中央(住都中心)",
        "戶數": "1",
        "工程決標日期": "-",
        "開工日期": "107/10/4",
        "完工日期": "113/4/26",
        "執行情況": "新完工",
        "經緯度": "25.099190,121.526638"
      }
    },
    {
      "type": "Feature",
      "geometry": {
        "type": "Point",
        "coordinates": [
          121.50493288279976,
          25.10031788918566
        ]
      },
      "properties": {
        "縣市": "臺北市",
        "案名": "洲美社會住宅",
        "詳細地址": "112臺北市北投區福美路207號",
        "興辦主體": "臺北市政府",
        "戶數": "144",
        "工程決標日期": "-",
        "開工日期": "105/3/15",
        "完工日期": "106/7/11",
        "執行情況": "新完工",
        "經緯度": "25.10031788918566, 121.50493288279976"
      }
    },
    {
      "type": "Feature",
      "geometry": {
        "type": "Point",
        "coordinates": [
          121.5034578,
          25.1236906
        ]
      },
      "properties": {
        "縣市": "臺北市",
        "案名": "新奇岩社會住宅",
        "詳細地址": "112台灣臺北市北投區至3層磺港路261號地下1",
        "興辦主體": "臺北市政府",
        "戶數": "288",
        "工程決標日期": "106/2/21",
        "開工日期": "106/5/26",
        "完工日期": "110/3/31",
        "執行情況": "新完工",
        "經緯度": "25.1236906,121.5034578"
      }
    },
    {
      "type": "Feature",
      "geometry": {
        "type": "Point",
        "coordinates": [
          121.500627,
          25.125461
        ]
      },
      "properties": {
        "縣市": "臺北市",
        "案名": "臺北市北投區奇岩段五小段444地號等7筆土地都市更新案",
        "詳細地址": "",
        "興辦主體": "中央(住都中心)",
        "戶數": "3",
        "工程決標日期": "-",
        "開工日期": "109/3/4",
        "完工日期": "113/2/21",
        "執行情況": "新完工",
        "經緯度": "25.125461,121.500627"
      }
    },
    {
      "type": "Feature",
      "geometry": {
        "type": "Point",
        "coordinates": [
          121.513923,
          25.113993
        ]
      },
      "properties": {
        "縣市": "臺北市",
        "案名": "臺北市北投區文林段四小段64地號等27筆土地都市更新案",
        "詳細地址": "",
        "興辦主體": "中央(住都中心)",
        "戶數": "1",
        "工程決標日期": "109/4/29",
        "開工日期": "110/6/1",
        "完工日期": "114/2/5",
        "執行情況": "新完工",
        "經緯度": "25.113993,121.513923"
      }
    },
    {
      "type": "Feature",
      "geometry": {
        "type": "Point",
        "coordinates": [
          121.5814044,
          25.0386319
        ]
      },
      "properties": {
        "縣市": "臺北市",
        "案名": "廣慈社會住宅3區",
        "詳細地址": "110台灣臺北市信義區福德街84巷50-56號",
        "興辦主體": "臺北市政府",
        "戶數": "476",
        "工程決標日期": "107/4/12",
        "開工日期": "107/8/9",
        "完工日期": "112/9/28",
        "執行情況": "新完工",
        "經緯度": "25.0386319,121.5814044"
      }
    },
    {
      "type": "Feature",
      "geometry": {
        "type": "Point",
        "coordinates": [
          121.5814044,
          25.0386319
        ]
      },
      "properties": {
        "縣市": "臺北市",
        "案名": "信義區廣慈社會住宅2區",
        "詳細地址": "110台灣臺北市信義區福德街84巷50-56號",
        "興辦主體": "臺北市政府",
        "戶數": "522",
        "工程決標日期": "106/10/6",
        "開工日期": "107/1/10",
        "完工日期": "111/1/21",
        "執行情況": "新完工",
        "經緯度": "25.0386319,121.5814044"
      }
    },
    {
      "type": "Feature",
      "geometry": {
        "type": "Point",
        "coordinates": [
          121.582472,
          25.0391503
        ]
      },
      "properties": {
        "縣市": "臺北市",
        "案名": "信義區廣慈社會住宅1區",
        "詳細地址": "110台灣臺北市信義區大道路110號",
        "興辦主體": "臺北市政府",
        "戶數": "522",
        "工程決標日期": "106/10/6",
        "開工日期": "107/1/10",
        "完工日期": "110/12/30",
        "執行情況": "新完工",
        "經緯度": "25.0391503,121.582472"
      }
    },
    {
      "type": "Feature",
      "geometry": {
        "type": "Point",
        "coordinates": [
          121.5586431,
          25.0273014
        ]
      },
      "properties": {
        "縣市": "臺北市",
        "案名": "六張犁社會住宅",
        "詳細地址": "110006台灣臺北市信義區信安街27號",
        "興辦主體": "臺北市政府",
        "戶數": "722",
        "工程決標日期": "107/5/4",
        "開工日期": "107/9/18",
        "完工日期": "113/6/26",
        "執行情況": "新完工",
        "經緯度": "25.0273014,121.5586431"
      }
    },
    {
      "type": "Feature",
      "geometry": {
        "type": "Point",
        "coordinates": [
          121.55534273651983,
          25.02332414716275
        ]
      },
      "properties": {
        "縣市": "臺北市",
        "案名": "信安都更分回戶",
        "詳細地址": "110臺北市信義區信安街168號",
        "興辦主體": "臺北市政府",
        "戶數": "79",
        "工程決標日期": "101/8/16",
        "開工日期": "109/1/2",
        "完工日期": "112/12/21",
        "執行情況": "新完工",
        "經緯度": "25.02332414716275, 121.55534273651983"
      }
    },
    {
      "type": "Feature",
      "geometry": {
        "type": "Point",
        "coordinates": [
          121.57439609234078,
          25.04674945789488
        ]
      },
      "properties": {
        "縣市": "臺北市",
        "案名": "永吉都更分回戶",
        "詳細地址": "臺北市信義區永吉路225巷7弄7號、225巷9號",
        "興辦主體": "臺北市政府",
        "戶數": "13",
        "工程決標日期": "-",
        "開工日期": "108/6/19",
        "完工日期": "111/11/11",
        "執行情況": "新完工",
        "經緯度": "25.04674945789488, 121.57439609234078"
      }
    },
    {
      "type": "Feature",
      "geometry": {
        "type": "Point",
        "coordinates": [
          121.5571493,
          25.0461558
        ]
      },
      "properties": {
        "縣市": "臺北市",
        "案名": "延吉好室",
        "詳細地址": "105台灣臺北市松山區光復南路46巷7號",
        "興辦主體": "中央(住都中心)",
        "戶數": "160",
        "工程決標日期": "109/11/11",
        "開工日期": "110/12/30",
        "完工日期": "(預定) 114/8/30",
        "執行情況": "興建中",
        "經緯度": "25.0461558,121.5571493"
      }
    },
    {
      "type": "Feature",
      "geometry": {
        "type": "Point",
        "coordinates": [
          121.557637,
          25.046911
        ]
      },
      "properties": {
        "縣市": "臺北市",
        "案名": "臺北市松山區延吉段一小段119地號等8筆土地都市更新計畫案",
        "詳細地址": "",
        "興辦主體": "中央(住都中心)",
        "戶數": "3",
        "工程決標日期": "-",
        "開工日期": "108/7/25",
        "完工日期": "(預定) 114/6/30",
        "執行情況": "興建中",
        "經緯度": "25.046911,121.557637"
      }
    },
    {
      "type": "Feature",
      "geometry": {
        "type": "Point",
        "coordinates": [
          121.533769,
          25.024344
        ]
      },
      "properties": {
        "縣市": "臺北市",
        "案名": "臺北市大安區龍泉段一小段123地號等6筆土地都市更新案",
        "詳細地址": "",
        "興辦主體": "中央(住都中心)",
        "戶數": "7",
        "工程決標日期": "109/2/20",
        "開工日期": "110/9/14",
        "完工日期": "(預定) 114/12/31",
        "執行情況": "興建中",
        "經緯度": "25.024344,121.533769"
      }
    },
    {
      "type": "Feature",
      "geometry": {
        "type": "Point",
        "coordinates": [
          121.55949,
          25.016663
        ]
      },
      "properties": {
        "縣市": "臺北市",
        "案名": "臺北市大安區辛亥段四小段496-13地號等14筆土地都市更新案",
        "詳細地址": "",
        "興辦主體": "中央(住都中心)",
        "戶數": "2",
        "工程決標日期": "109/2/7",
        "開工日期": "110/4/1",
        "完工日期": "(預定) 114/12/31",
        "執行情況": "興建中",
        "經緯度": "25.016663,121.559490"
      }
    },
    {
      "type": "Feature",
      "geometry": {
        "type": "Point",
        "coordinates": [
          121.540453,
          25.027282
        ]
      },
      "properties": {
        "縣市": "臺北市",
        "案名": "臺北市大安區瑞安段三小段215地號等25筆土地都市更新案",
        "詳細地址": "",
        "興辦主體": "中央(住都中心)",
        "戶數": "3",
        "工程決標日期": "112/3/30",
        "開工日期": "113/8/12",
        "完工日期": "(預定) 115/10/12",
        "執行情況": "興建中",
        "經緯度": "25.027282,121.540453"
      }
    },
    {
      "type": "Feature",
      "geometry": {
        "type": "Point",
        "coordinates": [
          121.551061,
          25.021587
        ]
      },
      "properties": {
        "縣市": "臺北市",
        "案名": "臺北市大安區辛亥段四小段61地號等28筆土地都市更新案",
        "詳細地址": "",
        "興辦主體": "中央(住都中心)",
        "戶數": "3",
        "工程決標日期": "109/10/30",
        "開工日期": "113/9/3",
        "完工日期": "(預定) 118/6/30",
        "執行情況": "興建中",
        "經緯度": "25.021587,121.551061"
      }
    },
    {
      "type": "Feature",
      "geometry": {
        "type": "Point",
        "coordinates": [
          121.5143256521275,
          25.031142591837213
        ]
      },
      "properties": {
        "縣市": "臺北市",
        "案名": "南海段都更案基地",
        "詳細地址": "臺北市中正區重慶南路二段、泉州街、南海路與泉州街9巷",
        "興辦主體": "臺北市政府",
        "戶數": "214",
        "工程決標日期": "101/6/25",
        "開工日期": "112/10/30",
        "完工日期": "(預定) 115/10/31",
        "執行情況": "興建中",
        "經緯度": "25.031142591837213, 121.5143256521275"
      }
    },
    {
      "type": "Feature",
      "geometry": {
        "type": "Point",
        "coordinates": [
          121.508426,
          25.026914
        ]
      },
      "properties": {
        "縣市": "臺北市",
        "案名": "臺北市中正區永昌段五小段142-1地號等38筆土地都市更新案",
        "詳細地址": "",
        "興辦主體": "中央(住都中心)",
        "戶數": "2",
        "工程決標日期": "109/3/5",
        "開工日期": "110/10/15",
        "完工日期": "(預定) 114/12/31",
        "執行情況": "興建中",
        "經緯度": "25.026914,121.508426"
      }
    },
    {
      "type": "Feature",
      "geometry": {
        "type": "Point",
        "coordinates": [
          121.528674,
          25.042645
        ]
      },
      "properties": {
        "縣市": "臺北市",
        "案名": "臺北市中正區臨沂段一小段495-4地號等9筆土地都市更新案",
        "詳細地址": "",
        "興辦主體": "中央(住都中心)",
        "戶數": "24",
        "工程決標日期": "109/8/21",
        "開工日期": "110/6/21",
        "完工日期": "(預定) 114/12/31",
        "執行情況": "興建中",
        "經緯度": "25.042645,121.528674"
      }
    },
    {
      "type": "Feature",
      "geometry": {
        "type": "Point",
        "coordinates": [
          121.510493,
          25.028951
        ]
      },
      "properties": {
        "縣市": "臺北市",
        "案名": "臺北市中正區永昌段四小段44地號等43筆土地都市更新案",
        "詳細地址": "",
        "興辦主體": "中央(住都中心)",
        "戶數": "22",
        "工程決標日期": "107/11/16",
        "開工日期": "109/1/16",
        "完工日期": "(預定) 114/12/1",
        "執行情況": "興建中",
        "經緯度": "25.028951,121.510493"
      }
    },
    {
      "type": "Feature",
      "geometry": {
        "type": "Point",
        "coordinates": [
          121.521651,
          25.026563
        ]
      },
      "properties": {
        "縣市": "臺北市",
        "案名": "河堤段二小段21地號等38筆土地都更案基地",
        "詳細地址": "",
        "興辦主體": "臺北市政府",
        "戶數": "43",
        "工程決標日期": "-",
        "開工日期": "113/2/20",
        "完工日期": "(預定) 121/2/29",
        "執行情況": "興建中",
        "經緯度": "25.026563,121.521651"
      }
    },
    {
      "type": "Feature",
      "geometry": {
        "type": "Point",
        "coordinates": [
          121.4904567,
          25.0338416
        ]
      },
      "properties": {
        "縣市": "臺北市",
        "案名": "萬華安居A",
        "詳細地址": "108台灣臺北市萬華區環河南路二段250巷23號",
        "興辦主體": "中央(住都中心)",
        "戶數": "158",
        "工程決標日期": "110/1/21",
        "開工日期": "110/12/23",
        "完工日期": "(預定) 114/7/12",
        "執行情況": "興建中",
        "經緯度": "25.0338416,121.4904567"
      }
    },
    {
      "type": "Feature",
      "geometry": {
        "type": "Point",
        "coordinates": [
          121.4907046,
          25.0337009
        ]
      },
      "properties": {
        "縣市": "臺北市",
        "案名": "萬華安居B",
        "詳細地址": "108台灣臺北市萬華區環河南路二段250巷21號",
        "興辦主體": "中央(住都中心)",
        "戶數": "142",
        "工程決標日期": "110/1/21",
        "開工日期": "110/12/23",
        "完工日期": "(預定) 114/7/12",
        "執行情況": "興建中",
        "經緯度": "25.0337009,121.4907046"
      }
    },
    {
      "type": "Feature",
      "geometry": {
        "type": "Point",
        "coordinates": [
          121.4910427,
          25.0275507
        ]
      },
      "properties": {
        "縣市": "臺北市",
        "案名": "福民社會住宅1區",
        "詳細地址": "108台灣臺北市萬華區西園路二段320巷57-1號",
        "興辦主體": "臺北市政府",
        "戶數": "131",
        "工程決標日期": "111/1/17",
        "開工日期": "111/4/13",
        "完工日期": "(預定) 115/6/30",
        "執行情況": "興建中",
        "經緯度": "25.0275507,121.4910427"
      }
    },
    {
      "type": "Feature",
      "geometry": {
        "type": "Point",
        "coordinates": [
          121.50161639714264,
          25.04227056020498
        ]
      },
      "properties": {
        "縣市": "臺北市",
        "案名": "福星段都更案基地",
        "詳細地址": "臺北市萬華區雅江街以東、康定路以西、峨嵋街以南、康定路30巷以北",
        "興辦主體": "臺北市政府",
        "戶數": "173",
        "工程決標日期": "104/9/15",
        "開工日期": "111/9/7",
        "完工日期": "(預定) 114/9/30",
        "執行情況": "興建中",
        "經緯度": "25.04227056020498, 121.50161639714264"
      }
    },
    {
      "type": "Feature",
      "geometry": {
        "type": "Point",
        "coordinates": [
          121.507203,
          25.026327
        ]
      },
      "properties": {
        "縣市": "臺北市",
        "案名": "凌霄好室",
        "詳細地址": "108台灣臺北市萬華區中華路二段492巷9號",
        "興辦主體": "中央(住都中心)",
        "戶數": "112",
        "工程決標日期": "112/8/18",
        "開工日期": "113/11/15",
        "完工日期": "(預定) 117/3/31",
        "執行情況": "興建中",
        "經緯度": "25.026327,121.507203"
      }
    },
    {
      "type": "Feature",
      "geometry": {
        "type": "Point",
        "coordinates": [
          121.500915,
          25.042544
        ]
      },
      "properties": {
        "縣市": "臺北市",
        "案名": "臺北市萬華區直興段一小段373地號等12筆土地都市更新案",
        "詳細地址": "",
        "興辦主體": "中央(住都中心)",
        "戶數": "3",
        "工程決標日期": "109/1/6",
        "開工日期": "110/1/19",
        "完工日期": "(預定) 114/12/1",
        "執行情況": "興建中",
        "經緯度": "25.042544,121.500915"
      }
    },
    {
      "type": "Feature",
      "geometry": {
        "type": "Point",
        "coordinates": [
          121.514127,
          25.058768
        ]
      },
      "properties": {
        "縣市": "臺北市",
        "案名": "雙連段三小段689地號等40筆土地都更案基地",
        "詳細地址": "",
        "興辦主體": "臺北市政府",
        "戶數": "20",
        "工程決標日期": "-",
        "開工日期": "111/8/8",
        "完工日期": "(預定) 119/10/31",
        "執行情況": "興建中",
        "經緯度": "25.058768,121.514127"
      }
    },
    {
      "type": "Feature",
      "geometry": {
        "type": "Point",
        "coordinates": [
          121.54851308029309,
          25.079759776672198
        ]
      },
      "properties": {
        "縣市": "臺北市",
        "案名": "培英社會住宅",
        "詳細地址": "台灣臺北市",
        "興辦主體": "臺北市政府",
        "戶數": "96",
        "工程決標日期": "108/10/1",
        "開工日期": "109/2/27",
        "完工日期": "(預定) 114/8/31",
        "執行情況": "興建中",
        "經緯度": "25.079759776672198, 121.54851308029309"
      }
    },
    {
      "type": "Feature",
      "geometry": {
        "type": "Point",
        "coordinates": [
          121.52693140158911,
          25.059615923473846
        ]
      },
      "properties": {
        "縣市": "臺北市",
        "案名": "錦州社會住宅",
        "詳細地址": "10491臺北市中山區林森北路399巷40弄15號",
        "興辦主體": "臺北市政府",
        "戶數": "387",
        "工程決標日期": "108/8/27",
        "開工日期": "109/2/17",
        "完工日期": "(預定) 114/8/31",
        "執行情況": "興建中",
        "經緯度": "25.059615923473846, 121.52693140158911"
      }
    },
    {
      "type": "Feature",
      "geometry": {
        "type": "Point",
        "coordinates": [
          121.5382458,
          25.0501063
        ]
      },
      "properties": {
        "縣市": "臺北市",
        "案名": "力行社會住宅",
        "詳細地址": "10491台灣臺北市中山區朱崙街19號",
        "興辦主體": "臺北市政府",
        "戶數": "35",
        "工程決標日期": "112/2/23",
        "開工日期": "112/6/28",
        "完工日期": "(預定) 114/12/31",
        "執行情況": "興建中",
        "經緯度": "25.0501063,121.5382458"
      }
    },
    {
      "type": "Feature",
      "geometry": {
        "type": "Point",
        "coordinates": [
          121.5451967423246,
          25.002004938264836
        ]
      },
      "properties": {
        "縣市": "臺北市",
        "案名": "景豐社會住宅1區",
        "詳細地址": "116臺北市文山區景豐街100號",
        "興辦主體": "臺北市政府",
        "戶數": "90",
        "工程決標日期": "109/3/26",
        "開工日期": "109/10/5",
        "完工日期": "(預定) 114/6/30",
        "執行情況": "興建中",
        "經緯度": "25.002004938264836, 121.5451967423246"
      }
    },
    {
      "type": "Feature",
      "geometry": {
        "type": "Point",
        "coordinates": [
          121.5616102,
          24.9868515
        ]
      },
      "properties": {
        "縣市": "臺北市",
        "案名": "興隆I區社會住宅",
        "詳細地址": "116台灣臺北市文山區木柵、116",
        "興辦主體": "臺北市政府",
        "戶數": "500",
        "工程決標日期": "109/3/20",
        "開工日期": "109/6/18",
        "完工日期": "(預定) 114/9/30",
        "執行情況": "興建中",
        "經緯度": "24.9868515,121.5616102"
      }
    },
    {
      "type": "Feature",
      "geometry": {
        "type": "Point",
        "coordinates": [
          121.563083,
          24.9889
        ]
      },
      "properties": {
        "縣市": "臺北市",
        "案名": "木柵段三小段623地號等39筆土地都更案基地",
        "詳細地址": "",
        "興辦主體": "臺北市政府",
        "戶數": "282",
        "工程決標日期": "-",
        "開工日期": "111/8/26",
        "完工日期": "(預定) 115/9/30",
        "執行情況": "興建中",
        "經緯度": "24.988900,121.563083"
      }
    },
    {
      "type": "Feature",
      "geometry": {
        "type": "Point",
        "coordinates": [
          121.59329724417711,
          25.04782960122942
        ]
      },
      "properties": {
        "縣市": "臺北市",
        "案名": "玉成社會住宅",
        "詳細地址": "115臺北市南港區昆陽街203巷",
        "興辦主體": "臺北市政府",
        "戶數": "410",
        "工程決標日期": "108/11/14",
        "開工日期": "109/10/30",
        "完工日期": "(預定) 115/1/31",
        "執行情況": "興建中",
        "經緯度": "25.04782960122942, 121.59329724417711"
      }
    },
    {
      "type": "Feature",
      "geometry": {
        "type": "Point",
        "coordinates": [
          121.5975642,
          25.0499745
        ]
      },
      "properties": {
        "縣市": "臺北市",
        "案名": "南港機廠社會住宅1區",
        "詳細地址": "115台灣臺北市南港區忠孝東路七段2-1號",
        "興辦主體": "臺北市政府",
        "戶數": "1442",
        "工程決標日期": "108/2/27",
        "開工日期": "108/2/1",
        "完工日期": "(預定) 114/4/30",
        "執行情況": "興建中",
        "經緯度": "25.0499745,121.5975642"
      }
    },
    {
      "type": "Feature",
      "geometry": {
        "type": "Point",
        "coordinates": [
          121.6103575,
          25.0562505
        ]
      },
      "properties": {
        "縣市": "臺北市",
        "案名": "經貿社會住宅",
        "詳細地址": "115台灣臺北市南港區興東街36號2樓",
        "興辦主體": "臺北市政府",
        "戶數": "118",
        "工程決標日期": "109/6/19",
        "開工日期": "109/11/12",
        "完工日期": "(預定) 114/8/31",
        "執行情況": "興建中",
        "經緯度": "25.0562505,121.6103575"
      }
    },
    {
      "type": "Feature",
      "geometry": {
        "type": "Point",
        "coordinates": [
          121.59329724417711,
          25.04782960122942
        ]
      },
      "properties": {
        "縣市": "臺北市",
        "案名": "南港玉成都市更新案",
        "詳細地址": "115臺北市南港區昆陽街203巷",
        "興辦主體": "中央(住都中心)",
        "戶數": "150",
        "工程決標日期": "110/9/17",
        "開工日期": "113/5/9",
        "完工日期": "(預定) 116/5/31",
        "執行情況": "興建中",
        "經緯度": "25.04782960122942, 121.59329724417711"
      }
    },
    {
      "type": "Feature",
      "geometry": {
        "type": "Point",
        "coordinates": [
          121.61956,
          25.055894
        ]
      },
      "properties": {
        "縣市": "臺北市",
        "案名": "臺北市南港區南港段一小段19-1地號等34筆土地都市更新案",
        "詳細地址": "",
        "興辦主體": "中央(住都中心)",
        "戶數": "6",
        "工程決標日期": "108/8/27",
        "開工日期": "111/2/23",
        "完工日期": "(預定) 118/6/22",
        "執行情況": "興建中",
        "經緯度": "25.055894,121.619560"
      }
    },
    {
      "type": "Feature",
      "geometry": {
        "type": "Point",
        "coordinates": [
          121.614064,
          25.060097
        ]
      },
      "properties": {
        "縣市": "臺北市",
        "案名": "南港段一小段366地號等21筆土地都更案基地",
        "詳細地址": "",
        "興辦主體": "臺北市政府",
        "戶數": "20",
        "工程決標日期": "-",
        "開工日期": "113/5/31",
        "完工日期": "(預定) 120/3/31",
        "執行情況": "興建中",
        "經緯度": "25.060097,121.614064"
      }
    },
    {
      "type": "Feature",
      "geometry": {
        "type": "Point",
        "coordinates": [
          121.596807,
          25.05512
        ]
      },
      "properties": {
        "縣市": "臺北市",
        "案名": "臺北市南港區南港段三小段68-3地號等5筆土地都市更新案",
        "詳細地址": "",
        "興辦主體": "中央(住都中心)",
        "戶數": "10",
        "工程決標日期": "109/8/25",
        "開工日期": "111/6/10",
        "完工日期": "(預定) 117/1/10",
        "執行情況": "興建中",
        "經緯度": "25.055120,121.596807"
      }
    },
    {
      "type": "Feature",
      "geometry": {
        "type": "Point",
        "coordinates": [
          121.581936,
          25.07803
        ]
      },
      "properties": {
        "縣市": "臺北市",
        "案名": "文德段二小段232地號等4筆土地都更案基地",
        "詳細地址": "",
        "興辦主體": "臺北市政府",
        "戶數": "30",
        "工程決標日期": "-",
        "開工日期": "113/3/18",
        "完工日期": "(預定) 117/9/30",
        "執行情況": "興建中",
        "經緯度": "25.078030,121.581936"
      }
    },
    {
      "type": "Feature",
      "geometry": {
        "type": "Point",
        "coordinates": [
          121.51367672801948,
          25.080617879111994
        ]
      },
      "properties": {
        "縣市": "臺北市",
        "案名": "百齡水岸社會住宅",
        "詳細地址": "111臺北市士林區重慶北路四段14號",
        "興辦主體": "臺北市政府",
        "戶數": "266",
        "工程決標日期": "109/3/18",
        "開工日期": "109/8/10",
        "完工日期": "(預定) 114/5/31",
        "執行情況": "興建中",
        "經緯度": "25.080617879111994, 121.51367672801948"
      }
    },
    {
      "type": "Feature",
      "geometry": {
        "type": "Point",
        "coordinates": [
          121.524213,
          25.088837
        ]
      },
      "properties": {
        "縣市": "臺北市",
        "案名": "臺北市士林區光華段四小段508-6地號等29筆土地都市更新案",
        "詳細地址": "",
        "興辦主體": "中央(住都中心)",
        "戶數": "5",
        "工程決標日期": "108/2/1",
        "開工日期": "108/12/30",
        "完工日期": "(預定) 114/7/29",
        "執行情況": "興建中",
        "經緯度": "25.088837,121.524213"
      }
    },
    {
      "type": "Feature",
      "geometry": {
        "type": "Point",
        "coordinates": [
          121.5137948,
          25.1021905
        ]
      },
      "properties": {
        "縣市": "臺北市",
        "案名": "福國社會住宅",
        "詳細地址": "112台灣臺北市北投區112",
        "興辦主體": "臺北市政府",
        "戶數": "365",
        "工程決標日期": "108/8/26",
        "開工日期": "109/6/12",
        "完工日期": "(預定) 114/6/30",
        "執行情況": "興建中",
        "經緯度": "25.1021905,121.5137948"
      }
    },
    {
      "type": "Feature",
      "geometry": {
        "type": "Point",
        "coordinates": [
          121.508438,
          25.126067
        ]
      },
      "properties": {
        "縣市": "臺北市",
        "案名": "臺北市北投區奇岩段三小段1-1地號等11筆土地都市更新案",
        "詳細地址": "",
        "興辦主體": "中央(住都中心)",
        "戶數": "2",
        "工程決標日期": "-",
        "開工日期": "111/2/19",
        "完工日期": "(預定) 115/1/1",
        "執行情況": "興建中",
        "經緯度": "25.126067,121.508438"
      }
    },
    {
      "type": "Feature",
      "geometry": {
        "type": "Point",
        "coordinates": [
          121.51618,
          25.115222
        ]
      },
      "properties": {
        "縣市": "臺北市",
        "案名": "臺北市北投區振興段四小段166-2地號等34筆土地都市更新案",
        "詳細地址": "",
        "興辦主體": "中央(住都中心)",
        "戶數": "1",
        "工程決標日期": "109/1/2",
        "開工日期": "110/2/20",
        "完工日期": "(預定) 114/12/31",
        "執行情況": "興建中",
        "經緯度": "25.115222,121.516180"
      }
    },
    {
      "type": "Feature",
      "geometry": {
        "type": "Point",
        "coordinates": [
          121.55603041348952,
          25.025646809640072
        ]
      },
      "properties": {
        "縣市": "臺北市",
        "案名": "三興社會住宅",
        "詳細地址": "110臺北市信義區嘉興街236號",
        "興辦主體": "臺北市政府",
        "戶數": "560",
        "工程決標日期": "108/7/8",
        "開工日期": "108/9/4",
        "完工日期": "(預定) 114/12/31",
        "執行情況": "興建中",
        "經緯度": "25.025646809640072, 121.55603041348952"
      }
    },
    {
      "type": "Feature",
      "geometry": {
        "type": "Point",
        "coordinates": [
          121.57189394232235,
          25.044149519167448
        ]
      },
      "properties": {
        "縣市": "臺北市",
        "案名": "松信社會住宅新建工程",
        "詳細地址": "",
        "興辦主體": "臺北市政府",
        "戶數": "90",
        "工程決標日期": "111/10/20",
        "開工日期": "112/3/15",
        "完工日期": "(預定) 117/12/31",
        "執行情況": "興建中",
        "經緯度": "25.044149519167448, 121.57189394232235"
      }
    },
    {
      "type": "Feature",
      "geometry": {
        "type": "Point",
        "coordinates": [
          121.568778,
          25.046339
        ]
      },
      "properties": {
        "縣市": "臺北市",
        "案名": "雅祥段一小段578地號等15筆土地都更案基地",
        "詳細地址": "",
        "興辦主體": "臺北市政府",
        "戶數": "106",
        "工程決標日期": "-",
        "開工日期": "113/6/7",
        "完工日期": "(預定) 117/12/31",
        "執行情況": "興建中",
        "經緯度": "25.046339,121.568778"
      }
    },
    {
      "type": "Feature",
      "geometry": {
        "type": "Point",
        "coordinates": [
          121.5722029,
          25.0423864
        ]
      },
      "properties": {
        "縣市": "臺北市",
        "案名": "信義兒福B1-1基地公辦都市更新案",
        "詳細地址": "110台灣臺北市信義區虎林街120巷268-3號",
        "興辦主體": "中央(住都中心)",
        "戶數": "72",
        "工程決標日期": "109/1/15",
        "開工日期": "111/6/7",
        "完工日期": "(預定) 114/10/16",
        "執行情況": "興建中",
        "經緯度": "25.0423864,121.5722029"
      }
    },
    {
      "type": "Feature",
      "geometry": {
        "type": "Point",
        "coordinates": [
          121.557397,
          25.047431
        ]
      },
      "properties": {
        "縣市": "臺北市",
        "案名": "臺北市松山區延吉段一小段85地號等37筆土地都市更新案",
        "詳細地址": "",
        "興辦主體": "中央(住都中心)",
        "戶數": "7",
        "工程決標日期": "113/2/6",
        "開工日期": "(預定) 115/4/30",
        "完工日期": "(預定) 117/8/31",
        "執行情況": "已決標 待開工",
        "經緯度": "25.047431,121.557397"
      }
    },
    {
      "type": "Feature",
      "geometry": {
        "type": "Point",
        "coordinates": [
          121.5264457,
          25.0307517
        ]
      },
      "properties": {
        "縣市": "臺北市",
        "案名": "金華社會住宅(特四、五)",
        "詳細地址": "106台灣臺北市大安區金山南路二段94號",
        "興辦主體": "臺北市政府",
        "戶數": "515",
        "工程決標日期": "112/2/23",
        "開工日期": "(預定) 114/12/31",
        "完工日期": "(預定) 119/8/31",
        "執行情況": "已決標 待開工",
        "經緯度": "25.0307517,121.5264457"
      }
    },
    {
      "type": "Feature",
      "geometry": {
        "type": "Point",
        "coordinates": [
          121.5564831,
          25.0195749
        ]
      },
      "properties": {
        "縣市": "臺北市",
        "案名": "黎孝好室A",
        "詳細地址": "106台灣臺北市大安區富陽街114號",
        "興辦主體": "中央(住都中心)",
        "戶數": "81",
        "工程決標日期": "114/1/16",
        "開工日期": "(預定) 116/5/8",
        "完工日期": "(預定) 118/1/15",
        "執行情況": "已決標 待開工",
        "經緯度": "25.0195749,121.5564831"
      }
    },
    {
      "type": "Feature",
      "geometry": {
        "type": "Point",
        "coordinates": [
          121.5564831,
          25.0195749
        ]
      },
      "properties": {
        "縣市": "臺北市",
        "案名": "黎孝好室B",
        "詳細地址": "106台灣臺北市大安區富陽街114號",
        "興辦主體": "中央(住都中心)",
        "戶數": "52",
        "工程決標日期": "114/1/16",
        "開工日期": "(預定) 116/5/8",
        "完工日期": "(預定) 118/1/15",
        "執行情況": "已決標 待開工",
        "經緯度": "25.0195749,121.5564831"
      }
    },
    {
      "type": "Feature",
      "geometry": {
        "type": "Point",
        "coordinates": [
          121.547506,
          25.025828
        ]
      },
      "properties": {
        "縣市": "臺北市",
        "案名": "臺北市大安區大安段三小段243地號等15筆土地都市更新案",
        "詳細地址": "",
        "興辦主體": "中央(住都中心)",
        "戶數": "2",
        "工程決標日期": "108/7/24",
        "開工日期": "(預定) 114/6/30",
        "完工日期": "(預定) 117/3/1",
        "執行情況": "已決標 待開工",
        "經緯度": "25.025828,121.547506"
      }
    },
    {
      "type": "Feature",
      "geometry": {
        "type": "Point",
        "coordinates": [
          121.550911,
          25.032116
        ]
      },
      "properties": {
        "縣市": "臺北市",
        "案名": "臺北市大安區通化段五小段242地號等10筆土地都市更新案",
        "詳細地址": "",
        "興辦主體": "中央(住都中心)",
        "戶數": "1",
        "工程決標日期": "110/9/9",
        "開工日期": "(預定) 114/12/31",
        "完工日期": "(預定) 118/12/31",
        "執行情況": "已決標 待開工",
        "經緯度": "25.032116,121.550911"
      }
    },
    {
      "type": "Feature",
      "geometry": {
        "type": "Point",
        "coordinates": [
          121.520815,
          25.02837
        ]
      },
      "properties": {
        "縣市": "臺北市",
        "案名": "臺北市中正區南海段二小段41-4地號等55筆土地都市更新案",
        "詳細地址": "",
        "興辦主體": "中央(住都中心)",
        "戶數": "2",
        "工程決標日期": "112/4/17",
        "開工日期": "(預定) 114/12/31",
        "完工日期": "(預定) 118/12/31",
        "執行情況": "已決標 待開工",
        "經緯度": "25.028370,121.520815"
      }
    },
    {
      "type": "Feature",
      "geometry": {
        "type": "Point",
        "coordinates": [
          121.510258,
          25.069125
        ]
      },
      "properties": {
        "縣市": "臺北市",
        "案名": "臺北市大同區文昌段二小段595地號等41筆土地都市更新案",
        "詳細地址": "",
        "興辦主體": "中央(住都中心)",
        "戶數": "6",
        "工程決標日期": "111/12/23",
        "開工日期": "(預定) 115/3/31",
        "完工日期": "(預定) 117/3/31",
        "執行情況": "已決標 待開工",
        "經緯度": "25.069125,121.510258"
      }
    },
    {
      "type": "Feature",
      "geometry": {
        "type": "Point",
        "coordinates": [
          121.537368,
          25.05455
        ]
      },
      "properties": {
        "縣市": "臺北市",
        "案名": "臺北市中山區長春段二小段626地號等24筆(原20筆)土地都市更新計畫案",
        "詳細地址": "",
        "興辦主體": "中央(住都中心)",
        "戶數": "8",
        "工程決標日期": "112/5/24",
        "開工日期": "(預定) 114/12/31",
        "完工日期": "(預定) 117/10/31",
        "執行情況": "已決標 待開工",
        "經緯度": "25.054550,121.537368"
      }
    },
    {
      "type": "Feature",
      "geometry": {
        "type": "Point",
        "coordinates": [
          121.5680067,
          24.9861511
        ]
      },
      "properties": {
        "縣市": "臺北市",
        "案名": "保儀安居",
        "詳細地址": "116台灣臺北市文山區保儀路111號",
        "興辦主體": "中央(住都中心)",
        "戶數": "220",
        "工程決標日期": "113/6/7",
        "開工日期": "(預定) 114/8/31",
        "完工日期": "(預定) 117/12/31",
        "執行情況": "已決標 待開工",
        "經緯度": "24.9861511,121.5680067"
      }
    },
    {
      "type": "Feature",
      "geometry": {
        "type": "Point",
        "coordinates": [
          121.59681,
          25.048344
        ]
      },
      "properties": {
        "縣市": "臺北市",
        "案名": "光華好室",
        "詳細地址": "115台灣臺北市南港區忠孝東路七段90巷10弄3號",
        "興辦主體": "中央(住都中心)",
        "戶數": "162",
        "工程決標日期": "113/6/12",
        "開工日期": "(預定) 114/9/30",
        "完工日期": "(預定) 118/2/28",
        "執行情況": "已決標 待開工",
        "經緯度": "25.048344,121.59681"
      }
    },
    {
      "type": "Feature",
      "geometry": {
        "type": "Point",
        "coordinates": [
          121.586831,
          25.044132
        ]
      },
      "properties": {
        "縣市": "臺北市",
        "案名": "臺北市南港區新光段二小段134地號等13筆(原10筆)土地都市更新案",
        "詳細地址": "",
        "興辦主體": "中央(住都中心)",
        "戶數": "2",
        "工程決標日期": "113/6/5",
        "開工日期": "(預定) 114/12/31",
        "完工日期": "(預定) 117/8/1",
        "執行情況": "已決標 待開工",
        "經緯度": "25.044132,121.586831"
      }
    },
    {
      "type": "Feature",
      "geometry": {
        "type": "Point",
        "coordinates": [
          121.5968056,
          25.0494674
        ]
      },
      "properties": {
        "縣市": "臺北市",
        "案名": "南港區南港機廠社會住宅2區",
        "詳細地址": "115台灣臺北市南港區忠孝東路七段124巷",
        "興辦主體": "臺北市政府",
        "戶數": "305",
        "工程決標日期": "113/12/4",
        "開工日期": "(預定) 114/12/31",
        "完工日期": "(預定) 118/2/28",
        "執行情況": "已決標 待開工",
        "經緯度": "25.0494674,121.5968056"
      }
    },
    {
      "type": "Feature",
      "geometry": {
        "type": "Point",
        "coordinates": [
          121.5902759,
          25.0607332
        ]
      },
      "properties": {
        "縣市": "臺北市",
        "案名": "石壁潭社會住宅1區",
        "詳細地址": "114台灣臺北市內湖區石潭里",
        "興辦主體": "臺北市政府",
        "戶數": "481",
        "工程決標日期": "113/10/18",
        "開工日期": "(預定) 114/12/31",
        "完工日期": "(預定) 119/12/31",
        "執行情況": "已決標 待開工",
        "經緯度": "25.0607332,121.5902759"
      }
    },
    {
      "type": "Feature",
      "geometry": {
        "type": "Point",
        "coordinates": [
          121.523629,
          25.103765
        ]
      },
      "properties": {
        "縣市": "臺北市",
        "案名": "芝山安居",
        "詳細地址": "111台灣臺北市士林區",
        "興辦主體": "中央(住都中心)",
        "戶數": "825",
        "工程決標日期": "113/2/27",
        "開工日期": "(預定) 115/2/28",
        "完工日期": "(預定) 120/1/31",
        "執行情況": "已決標 待開工",
        "經緯度": "25.103765,121.523629"
      }
    },
    {
      "type": "Feature",
      "geometry": {
        "type": "Point",
        "coordinates": [
          121.52534,
          25.110025
        ]
      },
      "properties": {
        "縣市": "臺北市",
        "案名": "臺北市士林區蘭雅段一小段52地號等23筆(原18筆)土地都市更新案",
        "詳細地址": "",
        "興辦主體": "中央(住都中心)",
        "戶數": "2",
        "工程決標日期": "113/4/30",
        "開工日期": "(預定) 115/4/30",
        "完工日期": "(預定) 119/4/30",
        "執行情況": "已決標 待開工",
        "經緯度": "25.110025,121.525340"
      }
    },
    {
      "type": "Feature",
      "geometry": {
        "type": "Point",
        "coordinates": [
          121.488723,
          25.138665
        ]
      },
      "properties": {
        "縣市": "臺北市",
        "案名": "稻香安居",
        "詳細地址": "112台灣臺北市北投區中央北路二段344號",
        "興辦主體": "中央(住都中心)",
        "戶數": "468",
        "工程決標日期": "114/5/2",
        "開工日期": "(預定) 114/6/30",
        "完工日期": "(預定) 118/2/28",
        "執行情況": "已決標 待開工",
        "經緯度": "25.138665,121.488723"
      }
    },
    {
      "type": "Feature",
      "geometry": {
        "type": "Point",
        "coordinates": [
          121.571657,
          25.041921
        ]
      },
      "properties": {
        "縣市": "臺北市",
        "案名": "信義兒福B1-2基地公辦都市更新案",
        "詳細地址": "",
        "興辦主體": "中央(住都中心)",
        "戶數": "159",
        "工程決標日期": "111/8/1",
        "開工日期": "(預定) 114/10/6",
        "完工日期": "(預定) 120/3/5",
        "執行情況": "已決標 待開工",
        "經緯度": "25.041921,121.571657"
      }
    }
  ]
}