shape_id,shape_pt_lat,shape_pt_lon,shape_pt_sequence,shape_dist_traveled
Blue,24.9587688,121.4179570,1,0.00
Blue,24.9592045,121.4186005,2,80.97
Blue,24.9599485,121.4196828,3,217.88
Blue,24.9611240,121.4213766,4,432.92
Blue,24.9611828,121.4214640,5,443.90
Blue,24.9612987,121.4216414,6,465.94
Blue,24.9613569,121.4217321,7,477.15
Blue,24.9614716,121.4218864,8,497.26
Blue,24.9615961,121.4220815,9,521.31
Blue,24.9616780,121.4222053,10,536.76
Blue,24.9617653,121.4223468,11,554.01
Blue,24.9617923,121.4223920,12,559.47
Blue,24.9618811,121.4225576,13,578.87
Blue,24.9619488,121.4227051,14,595.53
Blue,24.9620168,121.4228771,15,614.45
Blue,24.9620470,121.4229641,16,623.84
Blue,24.9620918,121.4231077,17,639.14
Blue,24.9621393,121.4232703,18,656.37
Blue,24.9622042,121.4235106,19,681.65
Blue,24.9622608,121.4237151,20,703.20
Blue,24.9623240,121.4239493,21,727.84
Blue,24.9623855,121.4241731,22,751.41
Blue,24.9624384,121.4243879,23,773.84
Blue,24.9624999,121.4246045,24,796.73
Blue,24.9625985,121.4249183,25,830.21
Blue,24.9626815,121.4251460,26,854.94
Blue,24.9627365,121.4252775,27,869.54
Blue,24.9628798,121.4255794,28,903.90
Blue,24.9630839,121.4259358,29,946.39
Blue,24.9632038,121.4261265,30,969.78
Blue,24.9633067,121.4262836,31,989.33
Blue,24.9634257,121.4264729,32,1012.55
Blue,24.9635359,121.4266520,33,1034.37
Blue,24.9636764,121.4268812,34,1062.25
Blue,24.9637829,121.4270633,35,1084.10
Blue,24.9638644,121.4272062,36,1101.13
Blue,24.9639252,121.4273223,37,1114.64
Blue,24.9639740,121.4274220,38,1126.06
Blue,24.9640211,121.4275322,39,1138.34
Blue,24.9640570,121.4276231,40,1148.33
Blue,24.9640895,121.4277112,41,1157.92
Blue,24.9641169,121.4277902,42,1166.45
Blue,24.9641415,121.4278690,43,1174.85
Blue,24.9641827,121.4280120,44,1189.98
Blue,24.9642384,121.4282255,45,1212.38
Blue,24.9642771,121.4283804,46,1228.57
Blue,24.9643606,121.4287132,47,1263.38
Blue,24.9644215,121.4289632,48,1289.48
Blue,24.9644561,121.4291010,49,1303.89
Blue,24.9645125,121.4293240,50,1327.23
Blue,24.9645457,121.4294413,51,1339.61
Blue,24.9646080,121.4296501,52,1361.78
Blue,24.9646668,121.4298248,53,1380.56
Blue,24.9647082,121.4299470,54,1393.71
Blue,24.9647424,121.4300410,55,1403.92
Blue,24.9647910,121.4301695,56,1417.95
Blue,24.9648430,121.4302993,57,1432.26
Blue,24.9648904,121.4304166,58,1445.21
Blue,24.9649185,121.4304908,59,1453.31
Blue,24.9649896,121.4306703,60,1473.06
Blue,24.9650553,121.4308344,61,1491.15
Blue,24.9651447,121.4310592,62,1515.89
Blue,24.9651865,121.4311669,63,1527.70
Blue,24.9652257,121.4312621,64,1538.24
Blue,24.9652922,121.4314399,65,1557.63
Blue,24.9653375,121.4315812,66,1572.74
Blue,24.9653704,121.4316961,67,1584.88
Blue,24.9653971,121.4318083,68,1596.58
Blue,24.9654228,121.4319495,69,1611.09
Blue,24.9654362,121.4320565,70,1621.98
Blue,24.9654450,121.4321333,71,1629.79
Blue,24.9654480,121.4322001,72,1636.53
Blue,24.9654535,121.4322860,73,1645.20
Blue,24.9654583,121.4324305,74,1659.79
Blue,24.9654619,121.4325428,75,1671.11
Blue,24.9654628,121.4327079,76,1687.75
Blue,24.9654694,121.4328854,77,1705.67
Blue,24.9654726,121.4330511,78,1722.37
Blue,24.9654706,121.4330511,79,1722.60
Blue,24.9654723,121.4331400,80,1731.57
Blue,24.9654772,121.4334206,81,1759.85
Blue,24.9655027,121.4337130,82,1789.47
Blue,24.9655196,121.4338387,83,1802.27
Blue,24.9655497,121.4339998,84,1818.85
Blue,24.9655893,121.4341570,85,1835.30
Blue,24.9656485,121.4343493,86,1855.78
Blue,24.9656961,121.4344799,87,1869.96
Blue,24.9657644,121.4346394,88,1887.74
Blue,24.9658149,121.4347491,89,1900.15
Blue,24.9658588,121.4348349,90,1910.09
Blue,24.9659126,121.4349293,91,1921.33
Blue,24.9659560,121.4350020,92,1930.10
Blue,24.9660104,121.4350883,93,1940.69
Blue,24.9661295,121.4352462,94,1961.40
Blue,24.9662119,121.4353502,95,1975.32
Blue,24.9684239,121.4384084,96,2369.70
Blue,24.9685475,121.4385871,97,2392.36
Blue,24.9686509,121.4387522,98,2412.58
Blue,24.9687811,121.4389835,99,2440.03
Blue,24.9689157,121.4392690,100,2472.47
Blue,24.9696374,121.4409934,101,2663.92
Blue,24.9697787,121.4413155,102,2699.99
Blue,24.9698729,121.4414994,103,2721.28
Blue,24.9699740,121.4416730,104,2742.08
Blue,24.9701178,121.4418794,105,2768.32
Blue,24.9702708,121.4420650,106,2793.60
Blue,24.9704801,121.4422710,107,2824.79
Blue,24.9706849,121.4424388,108,2853.17
Blue,24.9708539,121.4425546,109,2875.29
Blue,24.9711333,121.4427252,110,2910.79
Blue,24.9715884,121.4429958,111,2968.28
Blue,24.9718587,121.4431700,112,3003.10
Blue,24.9720929,121.4433464,113,3034.63
Blue,24.9722708,121.4434981,114,3059.63
Blue,24.9724463,121.4436649,115,3085.39
Blue,24.9753854,121.4465760,116,3524.60
Blue,24.9756735,121.4468340,117,3565.86
Blue,24.9759459,121.4470538,118,3603.40
Blue,24.9762545,121.4472731,119,3644.21
Blue,24.9765090,121.4474350,120,3676.88
Blue,24.9768268,121.4476135,121,3716.53
Blue,24.9771107,121.4477523,122,3751.07
Blue,24.9774376,121.4478906,123,3789.99
Blue,24.9777397,121.4479985,124,3825.30
Blue,24.9781276,121.4481107,125,3869.89
Blue,24.9784750,121.4481875,126,3909.28
Blue,24.9805842,121.4485449,127,4146.58
Blue,24.9808234,121.4485755,128,4173.35
Blue,24.9809904,121.4485860,129,4191.95
Blue,24.9811868,121.4485840,130,4213.78
Blue,24.9813854,121.4485670,131,4235.94
Blue,24.9822277,121.4484361,132,4330.52
Blue,24.9824941,121.4483993,133,4360.38
Blue,24.9826612,121.4483844,134,4379.02
Blue,24.9828034,121.4483784,135,4394.84
Blue,24.9830562,121.4483840,136,4422.96
Blue,24.9832457,121.4484011,137,4444.10
Blue,24.9834736,121.4484344,138,4469.66
Blue,24.9863566,121.4489355,139,4794.19
Blue,24.9865913,121.4489723,140,4820.54
Blue,24.9868101,121.4489954,141,4844.99
Blue,24.9870381,121.4490018,142,4870.35
Blue,24.9872277,121.4489916,143,4891.46
Blue,24.9874287,121.4489679,144,4913.93
Blue,24.9905677,121.4484085,145,5267.50
Blue,24.9908296,121.4483664,146,5296.94
Blue,24.9910351,121.4483482,147,5319.85
Blue,24.9912202,121.4483514,148,5340.44
Blue,24.9913826,121.4483702,149,5358.60
Blue,24.9915225,121.4483995,150,5374.43
Blue,24.9917074,121.4484566,151,5395.78
Blue,24.9918629,121.4485227,152,5414.31
Blue,24.9920297,121.4486141,153,5435.01
Blue,24.9921783,121.4487152,154,5454.43
Blue,24.9923990,121.4488980,155,5485.12
Blue,24.9938678,121.4505775,156,5720.33
Blue,24.9940118,121.4507316,157,5742.63
Blue,24.9941829,121.4508892,158,5767.41
Blue,24.9943180,121.4509924,159,5785.69
Blue,24.9944802,121.4510930,160,5806.38
Blue,24.9946357,121.4511725,161,5825.44
Blue,24.9948047,121.4512502,162,5845.80
Blue,24.9960197,121.4517772,163,5990.97
Blue,24.9963082,121.4518969,164,6025.24
Blue,24.9965179,121.4519725,165,6049.77
Blue,24.9967254,121.4520374,166,6073.75
Blue,24.9975147,121.4522492,167,6164.08
Blue,24.9978440,121.4523461,168,6201.97
Blue,24.9983376,121.4525054,169,6259.16
Blue,24.9998779,121.4530024,170,6437.60
Blue,25.0003672,121.4531652,171,6494.43
Blue,25.0008271,121.4533300,172,6548.20
Blue,25.0011991,121.4534760,173,6592.10
Blue,25.0014966,121.4536009,174,6627.50
Blue,25.0021706,121.4539055,175,6708.48
Blue,25.0024613,121.4540447,176,6743.72
Blue,25.0026822,121.4541582,177,6770.81
Blue,25.0030449,121.4543595,178,6815.97
Blue,25.0037164,121.4547521,179,6900.46
Blue,25.0045072,121.4552036,180,6999.47
Blue,25.0046582,121.4552980,181,7018.76
Blue,25.0048496,121.4554296,182,7043.85
Blue,25.0049757,121.4555267,183,7060.94
Blue,25.0051873,121.4557067,184,7090.66
Blue,25.0055564,121.4560601,185,7144.99
Blue,25.0067738,121.4572643,186,7326.79
Blue,25.0075694,121.4580464,187,7445.27
Blue,25.0079511,121.4584217,188,7502.11
Blue,25.0083513,121.4588151,189,7561.71
Blue,25.0093729,121.4598140,190,7713.49
Blue,25.0095124,121.4599523,191,7734.34
Blue,25.0095169,121.4599557,192,7734.95
Blue,25.0096835,121.4600994,193,7758.46
Blue,25.0098073,121.4601921,194,7775.10
Blue,25.0099921,121.4603055,195,7798.61
Blue,25.0101386,121.4603785,196,7816.48
Blue,25.0103730,121.4604741,197,7844.27
Blue,25.0118046,121.4609958,198,8011.92
Blue,25.0119985,121.4610807,199,8035.11
Blue,25.0122171,121.4612017,200,8062.30
Blue,25.0124108,121.4613346,201,8087.66
Blue,25.0126337,121.4615079,202,8117.99
Blue,25.0149076,121.4633416,203,8431.16
Blue,25.0150653,121.4634571,204,8452.20
Blue,25.0151554,121.4635166,205,8463.87
Blue,25.0153356,121.4636207,206,8486.49
Blue,25.0154799,121.4636903,207,8504.00
Blue,25.0156377,121.4637531,208,8522.65
Blue,25.0158000,121.4638048,209,8541.44
Blue,25.0159466,121.4638413,210,8558.15
Blue,25.0162489,121.4638932,211,8592.17
Blue,25.0169393,121.4639905,212,8669.56
Blue,25.0170746,121.4640167,213,8684.84
Blue,25.0172054,121.4640494,214,8699.75
Blue,25.0173542,121.4640961,215,8716.95
Blue,25.0175008,121.4641527,216,8734.22
Blue,25.0176428,121.4642186,217,8751.34
Blue,25.0177802,121.4642937,218,8768.40
Blue,25.0179559,121.4644061,219,8790.98
Blue,25.0181113,121.4645219,220,8811.83
Blue,25.0204933,121.4664503,221,9140.33
Blue,25.0208671,121.4667292,222,9190.50
Blue,25.0211351,121.4669113,223,9225.50
Blue,25.0213559,121.4670515,224,9253.82
Blue,25.0215699,121.4671780,225,9280.82
Blue,25.0227270,121.4678383,226,9425.66
Blue,25.0248008,121.4690215,227,9685.25
Blue,25.0259296,121.4696281,228,9824.86
Blue,25.0280701,121.4708300,229,10091.91
Blue,25.0283539,121.4710048,230,10128.05
Blue,25.0287098,121.4712458,231,10174.48
Blue,25.0290791,121.4715232,232,10224.14
Blue,25.0294347,121.4718181,233,10273.61
Blue,25.0351579,121.4770181,234,11097.91
Blue,25.0353851,121.4772791,235,11134.37
Blue,25.0355087,121.4774375,236,11155.43
Blue,25.0355716,121.4775235,237,11166.57
Blue,25.0356884,121.4777008,238,11188.65
Blue,25.0357446,121.4777920,239,11199.77
Blue,25.0358478,121.4779792,240,11221.84
Blue,25.0358949,121.4780751,241,11232.83
Blue,25.0359823,121.4782708,242,11254.81
Blue,25.0360808,121.4785313,243,11283.25
Blue,25.0361701,121.4788336,244,11315.28
Blue,25.0362057,121.4789911,245,11331.63
Blue,25.0362456,121.4792040,246,11353.54
Blue,25.0362852,121.4795271,247,11386.39
Blue,25.0362979,121.4797780,248,11411.71
Blue,25.0362969,121.4801134,249,11445.50
Blue,25.0361968,121.4836421,250,11801.18
Blue,25.0361968,121.4836421,251,11801.18
Blue,25.0361967,121.4836472,252,11801.69
Blue,25.0360725,121.4881044,253,12250.95
Blue,25.0360593,121.4887094,254,12311.93
Blue,25.0360519,121.4895886,255,12400.50
Blue,25.0360348,121.4899769,256,12439.67
Blue,25.0360111,121.4903078,257,12473.11
Blue,25.0359761,121.4906539,258,12508.20
Blue,25.0357554,121.4925693,259,12702.72
Blue,25.0357016,121.4931284,260,12759.36
Blue,25.0356733,121.4935039,261,12797.33
Blue,25.0356415,121.4942281,262,12870.38
Blue,25.0355978,121.4958293,263,13031.76
Blue,25.0355928,121.4959754,264,13046.50
Blue,25.0355763,121.4961875,265,13067.94
Blue,25.0355369,121.4964995,266,13099.68
Blue,25.0353711,121.4974985,267,13202.00
Blue,25.0353409,121.4977485,268,13227.42
Blue,25.0353196,121.4980371,269,13256.58
Blue,25.0351521,121.5035749,270,13814.82
Blue,25.0351465,121.5038855,271,13846.12
Blue,25.0351589,121.5042302,272,13880.87
Blue,25.0351807,121.5044459,273,13902.73
Blue,25.0352139,121.5046423,274,13922.87
Blue,25.0352806,121.5049278,275,13952.57
Blue,25.0353722,121.5052063,276,13982.42
Blue,25.0354371,121.5053707,277,14000.48
Blue,25.0355178,121.5055426,278,14019.99
Blue,25.0356210,121.5057334,279,14042.38
Blue,25.0357759,121.5059778,280,14072.43
Blue,25.0359871,121.5062521,281,14108.69
Blue,25.0362256,121.5064881,282,14144.31
Blue,25.0363989,121.5066356,283,14168.64
Blue,25.0365475,121.5067459,284,14188.55
Blue,25.0367839,121.5068936,285,14218.76
Blue,25.0370183,121.5070116,286,14247.41
Blue,25.0371918,121.5070820,287,14267.97
Blue,25.0373947,121.5071497,288,14291.54
Blue,25.0384231,121.5074088,289,14408.83
Blue,25.0394402,121.5076515,290,14524.53
Blue,25.0397626,121.5077376,291,14561.43
Blue,25.0399543,121.5077923,292,14583.44
Blue,25.0421535,121.5084216,293,14836.07
Blue,25.0461032,121.5095517,294,15289.77
Blue,25.0462769,121.5096051,295,15309.81
Blue,25.0464482,121.5096677,296,15329.88
Blue,25.0466217,121.5097489,297,15350.84
Blue,25.0467923,121.5098531,298,15372.52
Blue,25.0467923,121.5098531,299,15372.52
Blue,25.0467929,121.5098534,300,15372.59
Blue,25.0469550,121.5099770,301,15394.49
Blue,25.0470315,121.5100455,302,15405.44
Blue,25.0471866,121.5102106,303,15429.41
Blue,25.0473237,121.5103923,304,15453.23
Blue,25.0473843,121.5104886,305,15465.04
Blue,25.0474427,121.5105885,306,15477.02
Blue,25.0475412,121.5107971,307,15500.71
Blue,25.0475793,121.5109025,308,15512.15
Blue,25.0476417,121.5111196,309,15535.09
Blue,25.0476639,121.5112302,310,15546.51
Blue,25.0476793,121.5113424,311,15557.94
Blue,25.0476966,121.5115683,312,15580.77
Blue,25.0476962,121.5116819,313,15592.22
Blue,25.0476890,121.5117949,314,15603.63
Blue,25.0476635,121.5120058,315,15625.06
Blue,25.0476405,121.5121147,316,15636.32
Blue,25.0476382,121.5121320,317,15638.09
Blue,25.0476222,121.5122041,318,15645.57
Blue,25.0475970,121.5122975,319,15655.38
Blue,25.0475719,121.5123931,320,15665.41
Blue,25.0470675,121.5140068,321,15837.37
Blue,25.0468664,121.5147365,322,15914.21
Blue,25.0464956,121.5162197,323,16069.21
Blue,25.0461854,121.5174996,324,16202.68
Blue,25.0461854,121.5174996,325,16202.68
Blue,25.0459552,121.5184494,326,16301.73
Blue,25.0458501,121.5188033,327,16339.24
Blue,25.0456336,121.5194177,328,16405.66
Blue,25.0455674,121.5196135,329,16426.71
Blue,25.0454943,121.5198740,330,16454.18
Blue,25.0454439,121.5200810,331,16475.77
Blue,25.0454140,121.5202391,332,16492.04
Blue,25.0453609,121.5205910,333,16527.98
Blue,25.0453028,121.5210537,334,16575.04
Blue,25.0452336,121.5214857,335,16619.24
Blue,25.0451855,121.5217030,336,16641.77
Blue,25.0445873,121.5242960,337,16911.33
Blue,25.0442872,121.5255583,338,17042.80
Blue,25.0440739,121.5265119,339,17141.75
Blue,25.0438792,121.5273092,340,17224.93
Blue,25.0437991,121.5276101,341,17256.53
Blue,25.0437077,121.5279467,342,17291.93
Blue,25.0434952,121.5286677,343,17368.31
Blue,25.0434838,121.5287002,344,17371.81
Blue,25.0429675,121.5304428,345,17556.52
Blue,25.0428875,121.5307193,346,17585.76
Blue,25.0427457,121.5312439,347,17640.91
Blue,25.0426151,121.5317847,348,17697.29
Blue,25.0425486,121.5320808,349,17728.02
Blue,25.0423810,121.5328537,350,17808.09
Blue,25.0423810,121.5328537,351,17808.09
Blue,25.0421998,121.5336894,352,17894.65
Blue,25.0421354,121.5340136,353,17928.09
Blue,25.0420571,121.5344874,354,17976.61
Blue,25.0417742,121.5365784,355,18189.60
Blue,25.0417345,121.5369607,356,18228.37
Blue,25.0417106,121.5373316,357,18265.82
Blue,25.0417029,121.5375846,358,18291.33
Blue,25.0417018,121.5378716,359,18320.25
Blue,25.0416779,121.5426020,360,18796.81
Blue,25.0416721,121.5429514,361,18832.00
Blue,25.0416548,121.5437719,362,18914.69
Blue,25.0416548,121.5437719,363,18914.69
Blue,25.0415984,121.5464431,364,19183.87
Blue,25.0415478,121.5479313,365,19333.89
Blue,25.0414251,121.5536365,366,19908.82
Blue,25.0414177,121.5544042,367,19986.16
Blue,25.0412705,121.5611727,368,20668.24
Blue,25.0412547,121.5617691,369,20728.35
Blue,25.0411942,121.5634365,370,20896.46
Blue,25.0410251,121.5699199,371,21549.89
Blue,25.0409754,121.5711278,372,21671.70
Blue,25.0409598,121.5716452,373,21723.86
Blue,25.0408452,121.5762147,374,22184.38
Blue,25.0408452,121.5762181,375,22184.72
Blue,25.0408263,121.5770170,376,22265.23
Blue,25.0408342,121.5772976,377,22293.52
Blue,25.0408450,121.5774203,378,22305.93
Blue,25.0408802,121.5776636,379,22330.75
Blue,25.0409134,121.5778322,380,22348.14
Blue,25.0409646,121.5780208,381,22367.96
Blue,25.0410427,121.5782509,382,22392.72
Blue,25.0411613,121.5785190,383,22422.78
Blue,25.0412912,121.5787779,384,22452.60
Blue,25.0414526,121.5790636,385,22486.51
Blue,25.0416791,121.5794270,386,22530.95
Blue,25.0418003,121.5796090,387,22553.71
Blue,25.0420472,121.5799468,388,22597.44
Blue,25.0421887,121.5801240,389,22621.23
Blue,25.0424876,121.5804766,390,22669.87
Blue,25.0428225,121.5808201,391,22720.71
Blue,25.0429754,121.5809661,392,22743.19
Blue,25.0432566,121.5812139,393,22783.20
Blue,25.0435153,121.5814223,394,22818.82
Blue,25.0438574,121.5816748,395,22864.58
Blue,25.0471547,121.5840376,396,23301.71
Blue,25.0473955,121.5842218,397,23334.28
Blue,25.0475192,121.5843245,398,23351.50
Blue,25.0477531,121.5845449,399,23385.69
Blue,25.0479015,121.5846995,400,23408.38
Blue,25.0481036,121.5849501,401,23442.18
Blue,25.0482181,121.5851031,402,23462.17
Blue,25.0483034,121.5852301,403,23478.10
Blue,25.0484648,121.5855009,404,23510.76
Blue,25.0486037,121.5857720,405,23542.12
Blue,25.0486820,121.5859477,406,23561.85
Blue,25.0487870,121.5862204,407,23591.70
Blue,25.0488762,121.5865002,408,23621.58
Blue,25.0489585,121.5868177,409,23654.85
Blue,25.0507008,121.5942448,410,24427.70
Blue,25.0507052,121.5942616,411,24429.46
Blue,25.0507097,121.5942789,412,24431.27
Blue,25.0509471,121.5952959,413,24537.07
Blue,25.0510381,121.5956875,414,24577.79
Blue,25.0510801,121.5958909,415,24598.81
Blue,25.0511263,121.5962052,416,24630.88
Blue,25.0511545,121.5964781,417,24658.56
Blue,25.0511651,121.5966510,418,24676.01
Blue,25.0511710,121.5968861,419,24699.70
Blue,25.0511676,121.5982761,420,24839.72
Blue,25.0511737,121.5984467,421,24856.93
Blue,25.0512015,121.5988467,422,24897.33
Blue,25.0522895,121.6082847,423,25855.73
Blue,25.0523267,121.6085714,424,25884.90
Blue,25.0523664,121.6087797,425,25906.35
Blue,25.0524375,121.6090628,426,25935.94
Blue,25.0525289,121.6093395,427,25965.61
Blue,25.0526384,121.6096073,428,25995.21
Blue,25.0527929,121.6099169,429,26030.81
Blue,25.0537135,121.6116261,430,26231.12
Blue,25.0538344,121.6118645,431,26258.64
Blue,25.0539194,121.6120526,432,26279.82
Blue,25.0539953,121.6122478,433,26301.22
Blue,25.0540622,121.6124619,434,26324.02
Blue,25.0541089,121.6126380,435,26342.51
Blue,25.0541597,121.6128876,436,26368.28
Blue,25.0542102,121.6132403,437,26404.25
Blue,25.0544368,121.6152131,438,26604.56
Blue,25.0544824,121.6156417,439,26648.03
Blue,25.0545357,121.6163921,440,26723.85
Blue,25.0545736,121.6170628,441,26791.55
Blue,25.0546372,121.6185919,442,26945.74
Brown,25.0580703,121.6218040,1,0.00
Brown,25.0580205,121.6218403,2,6.64
Brown,25.0579572,121.6218688,3,14.24
Brown,25.0578984,121.6218818,4,20.90
Brown,25.0578555,121.6218841,5,25.68
Brown,25.0577991,121.6218776,6,31.98
Brown,25.0577338,121.6218565,7,39.55
Brown,25.0576955,121.6218353,8,44.32
Brown,25.0576280,121.6217832,9,53.47
Brown,25.0575719,121.6217033,10,63.65
Brown,25.0575629,121.6216859,11,65.67
Brown,25.0569764,121.6205286,12,199.25
Brown,25.0569429,121.6204609,13,207.02
Brown,25.0567190,121.6200175,14,258.15
Brown,25.0566742,121.6199349,15,267.85
Brown,25.0566563,121.6199054,16,271.43
Brown,25.0565867,121.6198100,17,283.77
Brown,25.0562966,121.6195672,18,324.25
Brown,25.0562763,121.6195504,19,327.07
Brown,25.0562201,121.6195061,20,334.75
Brown,25.0560828,121.6194138,21,352.63
Brown,25.0560603,121.6194000,22,355.49
Brown,25.0555627,121.6190996,23,418.55
Brown,25.0554592,121.6190297,24,432.05
Brown,25.0553714,121.6189605,25,444.04
Brown,25.0553490,121.6189322,26,447.83
Brown,25.0553243,121.6188989,27,452.16
Brown,25.0553108,121.6188787,28,454.68
Brown,25.0552840,121.6188284,29,460.57
Brown,25.0552661,121.6187781,30,466.01
Brown,25.0552439,121.6186925,31,474.97
Brown,25.0552396,121.6186454,32,479.74
Brown,25.0552352,121.6186117,33,483.18
Brown,25.0552448,121.6184872,34,495.76
Brown,25.0553193,121.6179319,35,552.31
Brown,25.0553216,121.6179124,36,554.29
Brown,25.0554147,121.6172355,37,623.25
Brown,25.0554353,121.6171635,38,630.87
Brown,25.0554581,121.6171072,39,637.07
Brown,25.0554809,121.6170686,40,641.71
Brown,25.0555331,121.6170023,41,650.56
Brown,25.0556439,121.6169359,42,664.58
Brown,25.0556891,121.6169185,43,669.91
Brown,25.0557592,121.6169052,44,677.81
Brown,25.0558291,121.6169025,45,685.60
Brown,25.0572732,121.6170051,46,846.50
Brown,25.0573183,121.6170085,47,851.53
Brown,25.0584510,121.6170900,48,977.75
Brown,25.0586270,121.6170989,49,997.34
Brown,25.0587399,121.6170977,50,1009.89
Brown,25.0588596,121.6170856,51,1023.25
Brown,25.0589680,121.6170619,52,1035.54
Brown,25.0590675,121.6170271,53,1047.14
Brown,25.0591104,121.6170085,54,1052.28
Brown,25.0591783,121.6169732,55,1060.62
Brown,25.0592665,121.6169154,56,1072.03
Brown,25.0593435,121.6168544,57,1082.56
Brown,25.0594206,121.6167780,58,1094.08
Brown,25.0594546,121.6167398,59,1099.48
Brown,25.0595318,121.6166373,60,1112.90
Brown,25.0596068,121.6165163,61,1127.67
Brown,25.0599365,121.6159146,62,1198.51
Brown,25.0599479,121.6158923,63,1201.08
Brown,25.0603050,121.6152329,64,1278.47
Brown,25.0604209,121.6150336,65,1302.32
Brown,25.0604709,121.6149524,66,1312.21
Brown,25.0605322,121.6148592,67,1323.82
Brown,25.0605526,121.6148292,68,1327.59
Brown,25.0606389,121.6147132,69,1342.71
Brown,25.0607478,121.6145834,70,1360.53
Brown,25.0607976,121.6145341,71,1367.98
Brown,25.0608271,121.6145029,72,1372.51
Brown,25.0609109,121.6144225,73,1384.86
Brown,25.0610332,121.6143153,74,1402.23
Brown,25.0616945,121.6137809,75,1493.35
Brown,25.0618802,121.6136211,76,1519.54
Brown,25.0619641,121.6135422,77,1531.79
Brown,25.0619890,121.6135176,78,1535.51
Brown,25.0620660,121.6134427,79,1546.92
Brown,25.0628210,121.6126176,80,1665.05
Brown,25.0629480,121.6124847,81,1684.51
Brown,25.0630477,121.6123898,82,1699.14
Brown,25.0630726,121.6123682,83,1702.66
Brown,25.0632288,121.6122417,84,1724.21
Brown,25.0633488,121.6121593,85,1739.92
Brown,25.0633714,121.6121449,86,1742.83
Brown,25.0635886,121.6120227,87,1769.94
Brown,25.0638917,121.6118718,88,1806.90
Brown,25.0639098,121.6118629,89,1809.10
Brown,25.0653210,121.6111661,90,1981.00
Brown,25.0654951,121.6110840,91,2002.06
Brown,25.0655946,121.6110445,92,2013.81
Brown,25.0657415,121.6110028,93,2030.68
Brown,25.0658725,121.6109803,94,2045.42
Brown,25.0659809,121.6109727,95,2057.49
Brown,25.0660034,121.6109719,96,2060.01
Brown,25.0661659,121.6109802,97,2078.09
Brown,25.0662990,121.6110025,98,2093.06
Brown,25.0663576,121.6110170,99,2099.74
Brown,25.0664658,121.6110517,100,2112.26
Brown,25.0665807,121.6110999,101,2125.94
Brown,25.0666685,121.6111456,102,2136.73
Brown,25.0667766,121.6112087,103,2150.33
Brown,25.0679226,121.6119089,104,2295.96
Brown,25.0680419,121.6119683,105,2310.53
Brown,25.0681546,121.6120122,106,2323.81
Brown,25.0683147,121.6120579,107,2342.20
Brown,25.0684320,121.6120783,108,2355.40
Brown,25.0686125,121.6120923,109,2375.52
Brown,25.0688675,121.6121009,110,2403.89
Brown,25.0690164,121.6121007,111,2420.45
Brown,25.0691451,121.6120912,112,2434.79
Brown,25.0692513,121.6120759,113,2446.70
Brown,25.0693574,121.6120529,114,2458.73
Brown,25.0694523,121.6120264,115,2469.61
Brown,25.0695631,121.6119876,116,2482.53
Brown,25.0696942,121.6119297,117,2498.24
Brown,25.0697757,121.6118877,118,2508.23
Brown,25.0698843,121.6118216,119,2522.02
Brown,25.0699544,121.6117730,120,2531.23
Brown,25.0700609,121.6116902,121,2545.71
Brown,25.0701696,121.6115907,122,2561.41
Brown,25.0702444,121.6115146,123,2572.73
Brown,25.0703896,121.6113350,124,2596.97
Brown,25.0708662,121.6106956,125,2680.37
Brown,25.0710501,121.6104344,126,2713.69
Brown,25.0711636,121.6102671,127,2734.75
Brown,25.0713522,121.6099734,128,2771.00
Brown,25.0715203,121.6096943,129,2804.77
Brown,25.0717045,121.6093671,130,2843.56
Brown,25.0718592,121.6090746,131,2877.68
Brown,25.0720071,121.6087714,132,2912.36
Brown,25.0721369,121.6084868,133,2944.46
Brown,25.0729707,121.6065967,134,3156.20
Brown,25.0730526,121.6064338,135,3174.96
Brown,25.0731072,121.6063436,136,3185.88
Brown,25.0731616,121.6062693,137,3195.52
Brown,25.0732477,121.6061867,138,3208.20
Brown,25.0733224,121.6061350,139,3218.00
Brown,25.0733925,121.6061025,140,3226.46
Brown,25.0734377,121.6060872,141,3231.71
Brown,25.0735168,121.6060712,142,3240.65
Brown,25.0735981,121.6060676,143,3249.69
Brown,25.0736905,121.6060795,144,3260.05
Brown,25.0737694,121.6061028,145,3269.13
Brown,25.0738303,121.6061288,146,3276.39
Brown,25.0738888,121.6061598,147,3283.60
Brown,25.0740059,121.6062378,148,3298.81
Brown,25.0746898,121.6067777,149,3392.30
Brown,25.0748496,121.6068937,150,3413.56
Brown,25.0749554,121.6069615,151,3427.16
Brown,25.0750793,121.6070296,152,3442.55
Brown,25.0751536,121.6070640,153,3451.52
Brown,25.0752730,121.6071120,154,3465.65
Brown,25.0753497,121.6071375,155,3474.55
Brown,25.0754737,121.6071712,156,3488.75
Brown,25.0755526,121.6071874,157,3497.67
Brown,25.0756789,121.6072057,158,3511.84
Brown,25.0757579,121.6072123,159,3520.65
Brown,25.0759204,121.6072147,160,3538.72
Brown,25.0760355,121.6072087,161,3551.53
Brown,25.0762003,121.6071928,162,3569.93
Brown,25.0766384,121.6071411,163,3618.92
Brown,25.0768777,121.6071190,164,3645.62
Brown,25.0770290,121.6071095,165,3662.47
Brown,25.0773428,121.6070987,166,3697.38
Brown,25.0781802,121.6070883,167,3790.50
Brown,25.0783652,121.6070904,168,3811.08
Brown,25.0785593,121.6071025,169,3832.69
Brown,25.0787443,121.6071242,170,3853.37
Brown,25.0792135,121.6071882,171,3905.94
Brown,25.0793488,121.6072009,172,3921.05
Brown,25.0794933,121.6072084,173,3937.13
Brown,25.0795091,121.6072088,174,3938.88
Brown,25.0802426,121.6072168,175,4020.45
Brown,25.0804209,121.6072118,176,4040.29
Brown,25.0805225,121.6072027,177,4051.62
Brown,25.0806332,121.6071853,178,4064.05
Brown,25.0807348,121.6071604,179,4075.63
Brown,25.0808117,121.6071353,180,4084.54
Brown,25.0809360,121.6070845,181,4099.28
Brown,25.0811056,121.6069977,182,4120.07
Brown,25.0819337,121.6065102,183,4224.42
Brown,25.0820853,121.6064133,184,4243.90
Brown,25.0821985,121.6063324,185,4258.89
Brown,25.0823095,121.6062419,186,4274.23
Brown,25.0824318,121.6061241,187,4292.28
Brown,25.0825702,121.6059585,188,4314.97
Brown,25.0826337,121.6058696,189,4326.38
Brown,25.0826974,121.6057661,190,4338.98
Brown,25.0827496,121.6056712,191,4350.16
Brown,25.0828020,121.6055584,192,4362.93
Brown,25.0828431,121.6054589,193,4373.94
Brown,25.0828864,121.6053386,194,4386.98
Brown,25.0829231,121.6052018,195,4401.34
Brown,25.0829553,121.6050567,196,4416.39
Brown,25.0829692,121.6049663,197,4425.63
Brown,25.0830017,121.6047354,198,4449.16
Brown,25.0830928,121.6039843,199,4525.48
Brown,25.0831276,121.6037642,200,4547.98
Brown,25.0831666,121.6035968,201,4565.39
Brown,25.0831918,121.6035061,202,4574.94
Brown,25.0832238,121.6034009,203,4586.11
Brown,25.0832786,121.6032401,204,4603.42
Brown,25.0833561,121.6030522,205,4624.22
Brown,25.0834358,121.6028849,206,4643.24
Brown,25.0835745,121.6026381,207,4672.50
Brown,25.0841788,121.6016609,208,4791.67
Brown,25.0842970,121.6014523,209,4816.44
Brown,25.0843812,121.6012839,210,4835.82
Brown,25.0844815,121.6010356,211,4863.19
Brown,25.0845409,121.6008556,212,4882.49
Brown,25.0845937,121.6006579,213,4903.24
Brown,25.0846143,121.6005651,214,4912.87
Brown,25.0846444,121.6003911,215,4930.71
Brown,25.0846700,121.6001874,216,4951.42
Brown,25.0846795,121.6000750,217,4962.79
Brown,25.0847052,121.5993078,218,5040.11
Brown,25.0847089,121.5989447,219,5076.67
Brown,25.0847036,121.5985831,220,5113.09
Brown,25.0846787,121.5980424,221,5167.61
Brown,25.0846464,121.5976448,222,5207.82
Brown,25.0846050,121.5972713,223,5245.71
Brown,25.0845546,121.5968993,224,5283.59
Brown,25.0844974,121.5965372,225,5320.61
Brown,25.0844200,121.5961307,226,5362.45
Brown,25.0842915,121.5955262,227,5424.97
Brown,25.0842582,121.5953867,228,5439.50
Brown,25.0842047,121.5952256,229,5456.78
Brown,25.0841331,121.5950657,230,5474.74
Brown,25.0840704,121.5949527,231,5488.10
Brown,25.0839829,121.5948237,232,5504.33
Brown,25.0824608,121.5927574,233,5772.55
Brown,25.0822296,121.5924596,234,5812.06
Brown,25.0820701,121.5922658,235,5838.43
Brown,25.0817106,121.5918654,236,5895.22
Brown,25.0797773,121.5899140,237,6186.48
Brown,25.0796199,121.5897485,238,6210.65
Brown,25.0795031,121.5896113,239,6229.61
Brown,25.0793662,121.5894291,240,6253.45
Brown,25.0792719,121.5892818,241,6271.61
Brown,25.0791980,121.5891473,242,6287.46
Brown,25.0791286,121.5890036,243,6303.86
Brown,25.0790682,121.5888558,244,6320.19
Brown,25.0790325,121.5887571,245,6330.89
Brown,25.0789813,121.5885930,246,6348.38
Brown,25.0789368,121.5884264,247,6365.86
Brown,25.0788147,121.5879063,248,6419.97
Brown,25.0787770,121.5877284,249,6438.38
Brown,25.0787174,121.5874068,250,6471.44
Brown,25.0786909,121.5872450,251,6488.00
Brown,25.0786448,121.5869217,252,6520.96
Brown,25.0786122,121.5866089,253,6552.67
Brown,25.0785993,121.5864487,254,6568.87
Brown,25.0785886,121.5862910,255,6584.80
Brown,25.0785763,121.5859812,256,6616.03
Brown,25.0784990,121.5821011,257,7006.89
Brown,25.0784936,121.5800054,258,7217.96
Brown,25.0784992,121.5797201,259,7246.70
Brown,25.0785065,121.5795845,260,7260.38
Brown,25.0785207,121.5794287,261,7276.15
Brown,25.0785508,121.5792222,262,7297.21
Brown,25.0785876,121.5790492,263,7315.11
Brown,25.0786312,121.5788788,264,7332.95
Brown,25.0786586,121.5787875,265,7342.63
Brown,25.0787407,121.5785633,266,7366.99
Brown,25.0788684,121.5782461,267,7401.95
Brown,25.0792306,121.5773829,268,7497.76
Brown,25.0794836,121.5767490,269,7567.52
Brown,25.0802702,121.5746883,270,7792.74
Brown,25.0804071,121.5743088,271,7833.87
Brown,25.0810325,121.5724911,272,8029.70
Brown,25.0811718,121.5720606,273,8075.74
Brown,25.0815055,121.5709720,274,8191.49
Brown,25.0816220,121.5706215,275,8229.08
Brown,25.0818799,121.5698662,276,8310.37
Brown,25.0819690,121.5695999,277,8338.96
Brown,25.0819987,121.5694996,278,8349.59
Brown,25.0820399,121.5693508,279,8365.26
Brown,25.0820836,121.5691475,280,8386.30
Brown,25.0821091,121.5689686,281,8404.55
Brown,25.0821257,121.5687456,282,8427.08
Brown,25.0821357,121.5685025,283,8451.59
Brown,25.0821713,121.5668610,284,8616.94
Brown,25.0821881,121.5665842,285,8644.89
Brown,25.0822023,121.5664204,286,8661.46
Brown,25.0822254,121.5662798,287,8675.85
Brown,25.0822668,121.5660734,288,8697.14
Brown,25.0823747,121.5656101,289,8745.31
Brown,25.0824388,121.5653638,290,8771.12
Brown,25.0825188,121.5651027,291,8798.88
Brown,25.0825964,121.5648785,292,8823.05
Brown,25.0826898,121.5646419,293,8849.04
Brown,25.0827467,121.5645090,294,8863.85
Brown,25.0828605,121.5642632,295,8891.65
Brown,25.0843224,121.5614561,296,9217.75
Brown,25.0843906,121.5613126,297,9234.07
Brown,25.0844567,121.5611413,298,9252.82
Brown,25.0844590,121.5611361,299,9253.41
Brown,25.0847583,121.5601609,300,9357.10
Brown,25.0848315,121.5599001,301,9384.60
Brown,25.0848728,121.5597315,302,9402.19
Brown,25.0849739,121.5592555,303,9451.43
Brown,25.0850015,121.5591025,304,9467.13
Brown,25.0850063,121.5590288,305,9474.58
Brown,25.0850067,121.5589216,306,9485.37
Brown,25.0849957,121.5588494,307,9492.75
Brown,25.0849802,121.5587827,308,9499.68
Brown,25.0849646,121.5587291,309,9505.36
Brown,25.0849176,121.5586164,310,9517.85
Brown,25.0847002,121.5581953,311,9566.66
Brown,25.0846375,121.5580637,312,9581.64
Brown,25.0845839,121.5579268,313,9596.65
Brown,25.0845371,121.5577757,314,9612.74
Brown,25.0845060,121.5576309,315,9627.72
Brown,25.0844927,121.5575550,316,9635.51
Brown,25.0844730,121.5573966,317,9651.62
Brown,25.0844688,121.5573194,318,9659.40
Brown,25.0844716,121.5571652,319,9674.94
Brown,25.0844905,121.5569397,320,9697.74
Brown,25.0845250,121.5567645,321,9715.80
Brown,25.0845662,121.5566179,322,9731.26
Brown,25.0855675,121.5532211,323,10091.00
Brown,25.0856498,121.5529312,324,10121.59
Brown,25.0856888,121.5527731,325,10138.10
Brown,25.0857233,121.5525904,326,10156.89
Brown,25.0857442,121.5524223,327,10173.98
Brown,25.0857539,121.5522529,328,10191.07
Brown,25.0857522,121.5521088,329,10205.58
Brown,25.0857458,121.5519985,330,10216.71
Brown,25.0857328,121.5518637,331,10230.37
Brown,25.0857085,121.5517022,332,10246.86
Brown,25.0856730,121.5515428,333,10263.39
Brown,25.0855994,121.5513095,334,10288.27
Brown,25.0855390,121.5511592,335,10304.82
Brown,25.0854494,121.5509782,336,10325.59
Brown,25.0853396,121.5507795,337,10349.04
Brown,25.0850277,121.5502666,338,10411.25
Brown,25.0850036,121.5502281,339,10415.97
Brown,25.0850036,121.5502281,340,10415.97
Brown,25.0849380,121.5501234,341,10428.79
Brown,25.0848100,121.5499428,342,10451.88
Brown,25.0846774,121.5497805,343,10473.89
Brown,25.0845650,121.5496685,344,10490.73
Brown,25.0845110,121.5496196,345,10498.50
Brown,25.0843850,121.5495186,346,10515.81
Brown,25.0842184,121.5494098,347,10537.34
Brown,25.0841283,121.5493601,348,10548.53
Brown,25.0840269,121.5493116,349,10560.81
Brown,25.0839931,121.5492966,350,10564.87
Brown,25.0838241,121.5492345,351,10584.68
Brown,25.0835941,121.5491678,352,10611.12
Brown,25.0814992,121.5486520,353,10849.78
Brown,25.0812940,121.5485937,354,10873.34
Brown,25.0811791,121.5485545,355,10886.72
Brown,25.0810641,121.5485084,356,10900.31
Brown,25.0809650,121.5484615,357,10912.31
Brown,25.0808659,121.5484078,358,10924.58
Brown,25.0807713,121.5483485,359,10936.68
Brown,25.0806880,121.5482905,360,10947.63
Brown,25.0806070,121.5482276,361,10958.64
Brown,25.0805103,121.5481426,362,10972.39
Brown,25.0803484,121.5479808,363,10996.67
Brown,25.0801529,121.5477358,364,11029.55
Brown,25.0798879,121.5473771,365,11076.17
Brown,25.0798205,121.5472876,366,11087.89
Brown,25.0789648,121.5461305,367,11238.34
Brown,25.0788974,121.5460410,368,11250.06
Brown,25.0784640,121.5454535,369,11326.37
Brown,25.0782528,121.5451896,370,11361.84
Brown,25.0781246,121.5450661,371,11380.76
Brown,25.0780188,121.5449832,372,11395.18
Brown,25.0779040,121.5449127,373,11409.80
Brown,25.0777868,121.5448545,374,11424.08
Brown,25.0776628,121.5448087,375,11438.61
Brown,25.0775366,121.5447772,376,11453.01
Brown,25.0774418,121.5447625,377,11463.65
Brown,25.0773132,121.5447545,378,11477.97
Brown,25.0771823,121.5447608,379,11492.54
Brown,25.0770535,121.5447806,380,11507.00
Brown,25.0769315,121.5448129,381,11520.95
Brown,25.0768095,121.5448595,382,11535.31
Brown,25.0766896,121.5449197,383,11549.95
Brown,25.0765743,121.5449932,384,11564.76
Brown,25.0764747,121.5450727,385,11578.42
Brown,25.0763342,121.5452081,386,11599.15
Brown,25.0761981,121.5454122,387,11624.69
Brown,25.0761322,121.5455281,388,11638.47
Brown,25.0760662,121.5456762,389,11655.09
Brown,25.0760183,121.5458014,390,11668.78
Brown,25.0759499,121.5460003,391,11690.21
Brown,25.0745665,121.5502517,392,12145.18
Brown,25.0745414,121.5503191,393,12152.52
Brown,25.0744799,121.5504681,394,12169.01
Brown,25.0744367,121.5505559,395,12179.08
Brown,25.0743844,121.5506452,396,12189.78
Brown,25.0743368,121.5507159,397,12198.66
Brown,25.0742438,121.5508394,398,12214.83
Brown,25.0741305,121.5509451,399,12231.33
Brown,25.0740604,121.5510024,400,12241.03
Brown,25.0739947,121.5510489,401,12249.70
Brown,25.0739224,121.5510932,402,12258.90
Brown,25.0738477,121.5511325,403,12268.10
Brown,25.0737098,121.5511880,404,12284.42
Brown,25.0736285,121.5512121,405,12293.78
Brown,25.0734839,121.5512396,406,12310.09
Brown,25.0733259,121.5512525,407,12327.71
Brown,25.0731815,121.5512544,408,12343.78
Brown,25.0727662,121.5512466,409,12389.96
Brown,25.0725405,121.5512416,410,12415.06
Brown,25.0718837,121.5512303,411,12488.10
Brown,25.0717280,121.5512348,412,12505.42
Brown,25.0715903,121.5512451,413,12520.77
Brown,25.0713870,121.5512754,414,12543.58
Brown,25.0712379,121.5513092,415,12560.50
Brown,25.0710888,121.5513528,416,12577.65
Brown,25.0709125,121.5514170,417,12598.29
Brown,25.0706887,121.5515118,418,12624.94
Brown,25.0704016,121.5516468,419,12659.65
Brown,25.0650835,121.5542242,420,13305.47
Brown,25.0648777,121.5543183,421,13330.23
Brown,25.0647150,121.5543792,422,13349.34
Brown,25.0646337,121.5544027,423,13358.69
Brown,25.0645501,121.5544209,424,13368.16
Brown,25.0644643,121.5544329,425,13377.78
Brown,25.0643807,121.5544384,426,13387.09
Brown,25.0642950,121.5544374,427,13396.62
Brown,25.0642092,121.5544302,428,13406.18
Brown,25.0640829,121.5544077,429,13420.41
Brown,25.0640018,121.5543853,430,13429.71
Brown,25.0639161,121.5543549,431,13439.72
Brown,25.0638440,121.5543230,432,13448.36
Brown,25.0637697,121.5542839,433,13457.51
Brown,25.0636436,121.5542016,434,13473.80
Brown,25.0635716,121.5541439,435,13483.69
Brown,25.0634232,121.5540067,436,13505.22
Brown,25.0632572,121.5537349,437,13538.23
Brown,25.0631945,121.5535977,438,13553.71
Brown,25.0631565,121.5534935,439,13565.03
Brown,25.0631120,121.5533186,440,13583.33
Brown,25.0630922,121.5531785,441,13597.61
Brown,25.0630750,121.5529470,442,13621.00
Brown,25.0630613,121.5523712,443,13679.02
Brown,25.0630591,121.5523671,444,13679.50
Brown,25.0630286,121.5508651,445,13830.84
Brown,25.0630263,121.5508610,446,13831.31
Brown,25.0630188,121.5504450,447,13873.23
Brown,25.0630221,121.5501607,448,13901.87
Brown,25.0630293,121.5500582,449,13912.22
Brown,25.0630432,121.5499631,450,13921.92
Brown,25.0630707,121.5498350,451,13935.18
Brown,25.0631073,121.5497212,452,13947.34
Brown,25.0631711,121.5495620,453,13964.88
Brown,25.0632165,121.5494776,454,13974.77
Brown,25.0632892,121.5493596,455,13989.14
Brown,25.0633776,121.5492355,456,14005.05
Brown,25.0637949,121.5486906,457,14076.91
Brown,25.0638516,121.5486166,458,14086.68
Brown,25.0640943,121.5482884,459,14129.35
Brown,25.0642917,121.5479969,460,14166.02
Brown,25.0644689,121.5477074,461,14201.20
Brown,25.0649050,121.5469527,462,14291.37
Brown,25.0649904,121.5468154,463,14308.14
Brown,25.0649904,121.5468154,464,14308.14
Brown,25.0650299,121.5467522,465,14315.88
Brown,25.0651184,121.5466188,466,14332.53
Brown,25.0652590,121.5464280,467,14357.31
Brown,25.0653543,121.5463042,468,14373.67
Brown,25.0662702,121.5451922,469,14525.05
Brown,25.0663382,121.5451061,470,14536.56
Brown,25.0663995,121.5450150,471,14547.99
Brown,25.0664267,121.5449643,472,14553.93
Brown,25.0664632,121.5448712,473,14564.14
Brown,25.0664839,121.5447793,474,14573.68
Brown,25.0664863,121.5447223,475,14579.42
Brown,25.0664798,121.5446551,476,14586.24
Brown,25.0664642,121.5445903,477,14592.99
Brown,25.0664486,121.5445493,478,14597.47
Brown,25.0664239,121.5445043,479,14602.77
Brown,25.0663655,121.5444291,480,14612.75
Brown,25.0662867,121.5443724,481,14623.20
Brown,25.0662394,121.5443480,482,14629.01
Brown,25.0661898,121.5443295,483,14634.83
Brown,25.0660883,121.5443061,484,14646.36
Brown,25.0660049,121.5442974,485,14655.68
Brown,25.0633012,121.5442439,486,14956.36
Brown,25.0630103,121.5442405,487,14988.71
Brown,25.0614708,121.5442222,488,15159.90
Brown,25.0603266,121.5441917,489,15287.17
Brown,25.0558015,121.5441058,490,15790.41
Brown,25.0528946,121.5440551,491,16113.68
Brown,25.0520393,121.5440337,492,16208.82
Brown,25.0518813,121.5440296,493,16226.39
Brown,25.0518813,121.5440296,494,16226.39
Brown,25.0445579,121.5438408,495,17040.94
Brown,25.0416548,121.5437719,496,17363.82
Brown,25.0416548,121.5437719,497,17363.82
Brown,25.0406152,121.5437472,498,17479.45
Brown,25.0386946,121.5437019,499,17693.06
Brown,25.0377015,121.5436867,500,17803.49
Brown,25.0368868,121.5436630,501,17894.11
Brown,25.0333839,121.5435963,502,18283.68
Brown,25.0333839,121.5435963,503,18283.68
Brown,25.0325288,121.5435800,504,18378.78
Brown,25.0289719,121.5435082,505,18774.35
Brown,25.0270355,121.5434569,506,18989.73
Brown,25.0257062,121.5434421,507,19137.55
Brown,25.0253473,121.5434377,508,19177.46
Brown,25.0250968,121.5434406,509,19205.32
Brown,25.0250449,121.5434460,510,19211.12
Brown,25.0249906,121.5434650,511,19217.44
Brown,25.0249476,121.5434964,512,19223.18
Brown,25.0249113,121.5435535,513,19230.21
Brown,25.0248999,121.5435847,514,19233.60
Brown,25.0248907,121.5436227,515,19237.57
Brown,25.0248816,121.5436679,516,19242.23
Brown,25.0248722,121.5437487,517,19250.43
Brown,25.0248650,121.5438821,518,19263.90
Brown,25.0247207,121.5462989,519,19507.94
Brown,25.0243895,121.5522650,520,20110.19
Brown,25.0243641,121.5524089,521,20124.96
Brown,25.0243413,121.5524803,522,20132.59
Brown,25.0242935,121.5525779,523,20143.77
Brown,25.0242345,121.5526709,524,20155.20
Brown,25.0240849,121.5528433,525,20179.25
Brown,25.0235728,121.5533819,526,20257.92
Brown,25.0235524,121.5534035,527,20261.06
Brown,25.0206858,121.5564604,528,20704.31
Brown,25.0194531,121.5577692,529,20894.52
Brown,25.0182179,121.5591353,530,21088.97
Brown,25.0181975,121.5591569,531,21092.11
Brown,25.0180569,121.5593194,532,21114.75
Brown,25.0175834,121.5597963,533,21186.03
Brown,25.0174226,121.5599435,534,21209.27
Brown,25.0173095,121.5600257,535,21224.33
Brown,25.0169951,121.5601955,536,21263.25
Brown,25.0166720,121.5602987,537,21300.66
Brown,25.0165523,121.5603189,538,21314.12
Brown,25.0163942,121.5603346,539,21331.77
Brown,25.0162159,121.5603400,540,21351.60
Brown,25.0148820,121.5603215,541,21499.93
Brown,25.0114536,121.5603053,542,21881.16
Brown,25.0104583,121.5602955,543,21991.84
Brown,25.0103635,121.5602942,544,22002.38
Brown,25.0101424,121.5602820,545,22027.00
Brown,25.0099641,121.5602595,546,22046.94
Brown,25.0098829,121.5602449,547,22056.09
Brown,25.0097544,121.5602168,548,22070.67
Brown,25.0096326,121.5601849,549,22084.58
Brown,25.0095379,121.5601548,550,22095.54
Brown,25.0093283,121.5600786,551,22120.08
Brown,25.0091729,121.5600079,552,22138.77
Brown,25.0089724,121.5599042,553,22163.40
Brown,25.0087967,121.5597917,554,22185.98
Brown,25.0086527,121.5596867,555,22205.18
Brown,25.0082768,121.5593980,556,22256.10
Brown,25.0077975,121.5590202,557,22321.59
Brown,25.0077772,121.5590047,558,22324.34
Brown,25.0068792,121.5583195,559,22445.74
Brown,25.0068005,121.5582544,560,22456.68
Brown,25.0066970,121.5581607,561,22471.56
Brown,25.0065441,121.5580046,562,22494.72
Brown,25.0065227,121.5579791,563,22498.23
Brown,25.0060461,121.5574186,564,22575.68
Brown,25.0059179,121.5573371,565,22592.14
Brown,25.0051214,121.5569018,566,22690.97
Brown,25.0049647,121.5568264,567,22709.98
Brown,25.0048513,121.5568051,568,22722.77
Brown,25.0046999,121.5568293,569,22739.78
Brown,25.0044386,121.5569174,570,22770.16
Brown,25.0036830,121.5571796,571,22858.23
Brown,25.0033383,121.5573109,572,22898.78
Brown,25.0032003,121.5573186,573,22914.16
Brown,25.0030717,121.5573180,574,22928.46
Brown,25.0029185,121.5573007,575,22945.57
Brown,25.0027806,121.5572669,576,22961.28
Brown,25.0024183,121.5570536,577,23006.95
Brown,25.0021561,121.5568781,578,23041.05
Brown,25.0020315,121.5568215,579,23056.03
Brown,25.0018708,121.5567917,580,23074.15
Brown,25.0016836,121.5567950,581,23094.97
Brown,25.0014299,121.5568624,582,23123.98
Brown,25.0006916,121.5570479,583,23208.17
Brown,25.0002733,121.5571560,584,23255.95
Brown,25.0001235,121.5572425,585,23274.75
Brown,25.0000477,121.5573044,586,23285.24
Brown,24.9999636,121.5573564,587,23295.95
Brown,24.9991320,121.5585934,588,23451.17
Brown,24.9990253,121.5587564,589,23471.43
Brown,24.9988804,121.5588749,590,23491.48
Brown,24.9988171,121.5589195,591,23499.84
Brown,24.9986995,121.5589812,592,23514.32
Brown,24.9981615,121.5591883,593,23577.68
Brown,24.9980575,121.5592318,594,23590.04
Brown,24.9979965,121.5592619,595,23597.48
Brown,24.9979105,121.5593123,596,23608.30
Brown,24.9978426,121.5593584,597,23617.16
Brown,24.9977498,121.5594304,598,23629.78
Brown,24.9976592,121.5595136,599,23642.89
Brown,24.9975504,121.5596407,600,23660.50
Brown,24.9975209,121.5596842,601,23665.98
Brown,24.9974778,121.5597456,602,23673.81
Brown,24.9974187,121.5598472,603,23685.97
Brown,24.9973733,121.5599336,604,23696.05
Brown,24.9973323,121.5600279,605,23706.58
Brown,24.9972706,121.5602310,606,23728.17
Brown,24.9972499,121.5603318,607,23738.59
Brown,24.9972336,121.5604515,608,23750.79
Brown,24.9971304,121.5614971,609,23856.79
Brown,24.9971279,121.5615615,610,23863.28
Brown,24.9971298,121.5616513,611,23872.33
Brown,24.9971383,121.5617959,612,23886.94
Brown,24.9971648,121.5619431,613,23902.06
Brown,24.9971871,121.5620308,614,23911.24
Brown,24.9972250,121.5621505,615,23924.01
Brown,24.9975181,121.5628276,616,23999.64
Brown,24.9977864,121.5635034,617,24073.99
Brown,24.9978735,121.5637363,618,24099.38
Brown,24.9979471,121.5639809,619,24125.36
Brown,24.9980049,121.5642214,620,24150.43
Brown,24.9985039,121.5665412,621,24390.71
Brown,24.9985238,121.5666639,622,24403.27
Brown,24.9985544,121.5669105,623,24428.35
Brown,24.9985630,121.5670368,624,24441.12
Brown,24.9986165,121.5683902,625,24577.65
Brown,24.9986857,121.5703505,626,24775.34
Brown,24.9986845,121.5706650,627,24807.04
Brown,24.9986700,121.5709182,628,24832.61
Brown,24.9986328,121.5712189,629,24863.20
Brown,24.9985751,121.5715487,630,24897.05
Brown,24.9981954,121.5734481,631,25093.06
Brown,24.9981931,121.5734558,632,25093.88
Brown,24.9980042,121.5744558,633,25196.83
Brown,24.9979076,121.5749203,634,25244.85
Brown,24.9974794,121.5770875,635,25468.39
Brown,24.9974446,121.5773195,636,25492.09
Brown,24.9974375,121.5774130,637,25501.54
Brown,24.9974366,121.5776526,638,25525.69
Brown,24.9974608,121.5778127,639,25542.06
Brown,24.9974785,121.5778970,640,25550.78
Brown,24.9975275,121.5780632,641,25568.39
Brown,24.9975834,121.5781978,642,25583.31
Brown,24.9976439,121.5783250,643,25597.78
Brown,24.9977739,121.5785498,644,25624.66
Brown,24.9985207,121.5797860,645,25774.38
Brown,24.9985297,121.5798037,646,25776.42
Brown,24.9995029,121.5814215,647,25972.11
Brown,25.0001935,121.5825817,648,26111.99
Brown,25.0002428,121.5826897,649,26124.18
Brown,25.0002651,121.5827536,650,26131.07
Brown,25.0003328,121.5830513,651,26162.01
Brown,25.0003584,121.5831762,652,26174.91
Brown,25.0003700,121.5832225,653,26179.76
Brown,25.0003799,121.5832544,654,26183.15
Brown,25.0003879,121.5832774,655,26185.64
Brown,25.0003982,121.5833049,656,26188.63
Brown,25.0004097,121.5833326,657,26191.71
Brown,25.0004196,121.5833539,658,26194.12
Brown,25.0004303,121.5833741,659,26196.48
Brown,25.0004431,121.5833989,660,26199.36
Brown,25.0004546,121.5834185,661,26201.71
Brown,25.0004674,121.5834390,662,26204.21
Brown,25.0004820,121.5834627,663,26207.10
Brown,25.0005153,121.5835089,664,26213.05
Brown,25.0005662,121.5835749,665,26221.79
Brown,25.0006389,121.5836655,666,26233.98
Brown,25.0007960,121.5838419,667,26258.90
Brown,25.0010756,121.5841960,668,26306.23
Brown,25.0014693,121.5846590,669,26370.21
Brown,25.0014993,121.5847008,670,26375.58
Brown,25.0015247,121.5847794,671,26383.99
Brown,25.0015344,121.5848592,672,26392.10
Brown,25.0015283,121.5849928,673,26405.59
Brown,25.0015179,121.5850774,674,26414.19
Brown,25.0014049,121.5854055,675,26449.57
Brown,25.0013711,121.5854777,676,26457.76
Brown,25.0013407,121.5855291,677,26463.94
Brown,25.0012776,121.5856184,678,26475.35
QX,24.9877335,121.5394518,1,0.00
QX,24.9877317,121.5394522,2,0.20
QX,24.9877317,121.5394522,3,0.21
QX,24.9876098,121.5394731,4,13.92
QX,24.9874607,121.5395106,5,30.92
QX,24.9872935,121.5395594,6,50.15
QX,24.9871444,121.5396092,7,67.48
QX,24.9869952,121.5396649,8,84.99
QX,24.9868799,121.5397130,9,98.70
QX,24.9866878,121.5398003,10,121.81
QX,24.9865815,121.5398537,11,134.79
QX,24.9849441,121.5407458,12,337.85
QX,24.9847700,121.5408395,13,359.39
QX,24.9845507,121.5409478,14,386.11
QX,24.9843721,121.5410225,15,407.35
QX,24.9841732,121.5410907,16,430.51
QX,24.9839609,121.5411470,17,454.79
QX,24.9837124,121.5411973,18,482.88
QX,24.9820389,121.5414850,19,671.22
QX,24.9817159,121.5415473,20,707.68
QX,24.9815126,121.5415963,21,730.82
QX,24.9812708,121.5416652,22,758.58
QX,24.9796054,121.5422057,23,951.62
QX,24.9792145,121.5423269,24,996.77
QX,24.9788891,121.5424208,25,1034.16
QX,24.9778815,121.5426928,26,1149.51
QX,24.9774387,121.5428072,27,1200.08
QX,24.9771992,121.5428560,28,1227.16
QX,24.9769869,121.5428857,29,1250.95
QX,24.9768334,121.5428987,30,1268.07
QX,24.9766393,121.5429077,31,1289.68
QX,24.9745627,121.5429293,32,1520.59
QX,24.9725991,121.5429141,33,1738.94
QX,24.9723395,121.5429065,34,1767.81
QX,24.9721613,121.5428940,35,1787.68
QX,24.9720259,121.5428794,36,1802.80
QX,24.9717124,121.5428310,37,1838.01
QX,24.9715793,121.5428032,38,1853.06
QX,24.9713808,121.5427544,39,1875.67
QX,24.9711847,121.5426969,40,1898.24
QX,24.9709705,121.5426250,41,1923.13
QX,24.9706960,121.5425290,42,1955.16
Green,25.0510830,121.5814547,1,0.00
Green,25.0505353,121.5800912,2,150.24
Green,25.0504639,121.5798899,3,172.02
Green,25.0502168,121.5790153,4,264.31
Green,25.0501968,121.5789152,5,274.64
Green,25.0500831,121.5779982,6,367.87
Green,25.0500765,121.5779292,7,374.87
Green,25.0500461,121.5770408,8,464.42
Green,25.0500406,121.5767205,9,496.69
Green,25.0499730,121.5731777,10,853.65
Green,25.0499717,121.5729510,11,876.49
Green,25.0499767,121.5728095,12,890.76
Green,25.0499862,121.5726801,13,903.84
Green,25.0500047,121.5725671,14,915.40
Green,25.0500416,121.5723740,15,935.28
Green,25.0500873,121.5722163,16,951.97
Green,25.0501535,121.5720422,17,970.98
Green,25.0501853,121.5719681,18,979.25
Green,25.0502513,121.5718352,19,994.51
Green,25.0503263,121.5717067,20,1009.91
Green,25.0503604,121.5716517,21,1016.62
Green,25.0503876,121.5716091,22,1021.87
Green,25.0503967,121.5715943,23,1023.67
Green,25.0504716,121.5714791,24,1037.96
Green,25.0505170,121.5714115,25,1046.44
Green,25.0507077,121.5711250,26,1082.25
Green,25.0508258,121.5709388,27,1105.15
Green,25.0509326,121.5707451,28,1127.99
Green,25.0510557,121.5704344,29,1162.15
Green,25.0511268,121.5701330,30,1193.52
Green,25.0511384,121.5700489,31,1202.10
Green,25.0511598,121.5697665,32,1230.64
Green,25.0511968,121.5683504,33,1373.35
Green,25.0512020,121.5681794,34,1390.58
Green,25.0512022,121.5681240,35,1396.17
Green,25.0512172,121.5677419,36,1434.69
Green,25.0512338,121.5675177,37,1457.35
Green,25.0512624,121.5671412,38,1495.41
Green,25.0513214,121.5664700,39,1563.34
Green,25.0513666,121.5658375,40,1627.25
Green,25.0513914,121.5652708,41,1684.40
Green,25.0515004,121.5597193,42,2243.76
Green,25.0515620,121.5577269,43,2444.58
Green,25.0517176,121.5498894,44,3234.28
Green,25.0518456,121.5457720,45,3649.29
Green,25.0518813,121.5440296,46,3824.85
Green,25.0518813,121.5440296,47,3824.85
Green,25.0519554,121.5404150,48,4189.07
Green,25.0519644,121.5398148,49,4249.53
Green,25.0519670,121.5391052,50,4321.01
Green,25.0519704,121.5387862,51,4353.15
Green,25.0520306,121.5358470,52,4649.30
Green,25.0520370,121.5353456,53,4699.82
Green,25.0520573,121.5330129,54,4934.81
Green,25.0520573,121.5330129,55,4934.81
Green,25.0520789,121.5305452,56,5183.40
Green,25.0520822,121.5289805,57,5341.02
Green,25.0521091,121.5258584,58,5655.54
Green,25.0521173,121.5254369,59,5698.01
Green,25.0521324,121.5250126,60,5740.77
Green,25.0522278,121.5228866,61,5955.20
Green,25.0522397,121.5227166,62,5972.38
Green,25.0523100,121.5219915,63,6045.84
Green,25.0524527,121.5211924,64,6127.88
Green,25.0526480,121.5203595,65,6214.55
Green,25.0526480,121.5203595,66,6214.55
Green,25.0537106,121.5158281,67,6686.06
Green,25.0537542,121.5156186,68,6707.71
Green,25.0537795,121.5154666,69,6723.27
Green,25.0537889,121.5153660,70,6733.46
Green,25.0537683,121.5147914,71,6791.39
Green,25.0536054,121.5142629,72,6847.62
Green,25.0535426,121.5141385,73,6861.97
Green,25.0534596,121.5139944,74,6879.17
Green,25.0533474,121.5138149,75,6901.14
Green,25.0519128,121.5115976,76,7175.62
Green,25.0517264,121.5113177,77,7210.61
Green,25.0515915,121.5111450,78,7233.58
Green,25.0512878,121.5108668,79,7277.46
Green,25.0512360,121.5108291,80,7284.36
Green,25.0509139,121.5106534,81,7324.31
Green,25.0508643,121.5106306,82,7330.29
Green,25.0507628,121.5105952,83,7342.12
Green,25.0506118,121.5105524,84,7359.46
Green,25.0504358,121.5105099,85,7379.48
Green,25.0498963,121.5103895,86,7440.69
Green,25.0498963,121.5103895,87,7440.69
Green,25.0482843,121.5100296,88,7623.57
Green,25.0479888,121.5099776,89,7656.85
Green,25.0477541,121.5099519,90,7683.07
Green,25.0474495,121.5099305,91,7717.01
Green,25.0471246,121.5099006,92,7753.26
Green,25.0469463,121.5098788,93,7773.20
Green,25.0467923,121.5098531,94,7790.52
Green,25.0467923,121.5098531,95,7790.52
Green,25.0466350,121.5098267,96,7808.21
Green,25.0464501,121.5097879,97,7829.15
Green,25.0461501,121.5097148,98,7863.30
Green,25.0456428,121.5095699,99,7921.57
Green,25.0456293,121.5095662,100,7923.12
Green,25.0447611,121.5093188,101,8022.82
Green,25.0444454,121.5092361,102,8058.90
Green,25.0441049,121.5091529,103,8097.68
Green,25.0436967,121.5090444,104,8144.36
Green,25.0436539,121.5090318,105,8149.29
Green,25.0421173,121.5085917,106,8325.81
Green,25.0421173,121.5085917,107,8325.81
Green,25.0403596,121.5080832,108,8527.87
Green,25.0403506,121.5080807,109,8528.90
Green,25.0402265,121.5080474,110,8543.09
Green,25.0400867,121.5080137,111,8559.01
Green,25.0399762,121.5079918,112,8571.49
Green,25.0398792,121.5079775,113,8582.38
Green,25.0397822,121.5079688,114,8593.20
Green,25.0396806,121.5079659,115,8604.50
Green,25.0395835,121.5079686,116,8615.29
Green,25.0394865,121.5079771,117,8626.12
Green,25.0393894,121.5079910,118,8637.01
Green,25.0392787,121.5080125,119,8649.51
Green,25.0390799,121.5080616,120,8672.16
Green,25.0376724,121.5084571,121,8833.66
Green,25.0375278,121.5085020,122,8850.36
Green,25.0373719,121.5085593,123,8868.63
Green,25.0372407,121.5086185,124,8884.39
Green,25.0371526,121.5086658,125,8895.29
Green,25.0370689,121.5087172,126,8905.94
Green,25.0369874,121.5087735,127,8916.63
Green,25.0369082,121.5088348,128,8927.38
Green,25.0367248,121.5090013,129,8953.79
Green,25.0366161,121.5091300,130,8971.52
Green,25.0365548,121.5092115,131,8982.18
Green,25.0364618,121.5093530,132,8999.79
Green,25.0364096,121.5094448,133,9010.71
Green,25.0363619,121.5095396,134,9021.64
Green,25.0362754,121.5097502,135,9044.93
Green,25.0362047,121.5099663,136,9068.09
Green,25.0357344,121.5115053,137,9231.72
Green,25.0356431,121.5118177,138,9264.79
Green,25.0355836,121.5120488,139,9288.99
Green,25.0355354,121.5122833,140,9313.22
Green,25.0355053,121.5124984,141,9335.15
Green,25.0354914,121.5126080,142,9346.29
Green,25.0354656,121.5129006,143,9375.91
Green,25.0353076,121.5148515,144,9573.24
Green,25.0353052,121.5148964,145,9577.77
Green,25.0352724,121.5152508,146,9613.66
Green,25.0352423,121.5154709,147,9636.09
Green,25.0352147,121.5156085,148,9650.29
Green,25.0351781,121.5157499,149,9665.11
Green,25.0351416,121.5158606,150,9676.97
Green,25.0351006,121.5159695,151,9688.85
Green,25.0350529,121.5160758,152,9700.81
Green,25.0349960,121.5161917,153,9714.08
Green,25.0349393,121.5162902,154,9725.85
Green,25.0348802,121.5163854,155,9737.46
Green,25.0347487,121.5165598,156,9760.32
Green,25.0346739,121.5166489,157,9772.57
Green,25.0345969,121.5167322,158,9784.56
Green,25.0345131,121.5168096,159,9796.71
Green,25.0344633,121.5168565,160,9803.98
Green,25.0344316,121.5168845,161,9808.50
Green,25.0343818,121.5169246,162,9815.35
Green,25.0343049,121.5169853,163,9825.87
Green,25.0342981,121.5169902,164,9826.77
Green,25.0341782,121.5170779,165,9842.77
Green,25.0336396,121.5174730,166,9914.68
Green,25.0333894,121.5176596,167,9948.25
Green,25.0312567,121.5192500,168,10234.46
Green,25.0309376,121.5194971,169,10277.80
Green,25.0306026,121.5197771,170,10324.53
Green,25.0301136,121.5201866,171,10392.78
Green,25.0297583,121.5204675,172,10441.38
Green,25.0293261,121.5207816,173,10498.92
Green,25.0290411,121.5209751,174,10536.14
Green,25.0283759,121.5214089,175,10622.04
Green,25.0281701,121.5215483,176,10648.90
Green,25.0280049,121.5216656,177,10670.74
Green,25.0278601,121.5217684,178,10689.89
Green,25.0277424,121.5218537,179,10705.54
Green,25.0253913,121.5235769,180,11019.37
Green,25.0253053,121.5236397,181,11030.84
Green,25.0251989,121.5237182,182,11045.07
Green,25.0248074,121.5240123,183,11097.73
Green,25.0244068,121.5243211,184,11152.07
Green,25.0241918,121.5244943,185,11181.66
Green,25.0239790,121.5246708,186,11211.26
Green,25.0237707,121.5248529,187,11240.81
Green,25.0235624,121.5250421,188,11270.81
Green,25.0234158,121.5251838,189,11292.48
Green,25.0234158,121.5251838,190,11292.48
Green,25.0232725,121.5253224,191,11313.67
Green,25.0231117,121.5254849,192,11337.91
Green,25.0227764,121.5258451,193,11389.95
Green,25.0219741,121.5267709,194,11519.02
Green,25.0215118,121.5272888,195,11592.27
Green,25.0196788,121.5292849,196,11878.62
Green,25.0189764,121.5300377,197,11987.49
Green,25.0185619,121.5304588,198,12050.14
Green,25.0165301,121.5324899,199,12354.98
Green,25.0161744,121.5328500,200,12408.65
Green,25.0156353,121.5334047,201,12490.62
Green,25.0135805,121.5355470,202,12804.95
Green,25.0133653,121.5357523,203,12836.58
Green,25.0132204,121.5358814,204,12857.29
Green,25.0130710,121.5360055,205,12878.08
Green,25.0129193,121.5361247,206,12898.78
Green,25.0127632,121.5362398,207,12919.66
Green,25.0126048,121.5363493,208,12940.45
Green,25.0124442,121.5364530,209,12961.14
Green,25.0122791,121.5365519,210,12982.03
Green,25.0121140,121.5366450,211,13002.65
Green,25.0119805,121.5367150,212,13019.08
Green,25.0117906,121.5368074,213,13042.15
Green,25.0114787,121.5369423,214,13079.41
Green,25.0111623,121.5370582,215,13116.48
Green,25.0109137,121.5371352,216,13145.19
Green,25.0107307,121.5371842,217,13166.13
Green,25.0101118,121.5373230,218,13236.36
Green,25.0098316,121.5373936,219,13268.31
Green,25.0095130,121.5374913,220,13305.08
Green,25.0093684,121.5375427,221,13321.97
Green,25.0091582,121.5376245,222,13346.76
Green,25.0088485,121.5377627,223,13383.91
Green,25.0086789,121.5378474,224,13404.61
Green,25.0085116,121.5379374,225,13425.31
Green,25.0083148,121.5380508,226,13449.99
Green,25.0075977,121.5384830,227,13540.84
Green,25.0072969,121.5386529,228,13578.42
Green,25.0070821,121.5387544,229,13604.40
Green,25.0069556,121.5388049,230,13619.36
Green,25.0068267,121.5388493,231,13634.37
Green,25.0066821,121.5388917,232,13651.01
Green,25.0065511,121.5389233,233,13665.92
Green,25.0064201,121.5389487,234,13680.71
Green,25.0063004,121.5389665,235,13694.14
Green,25.0061672,121.5389805,236,13709.02
Green,25.0060205,121.5389882,237,13725.35
Green,25.0058873,121.5389888,238,13740.16
Green,25.0057542,121.5389836,239,13754.98
Green,25.0055127,121.5389581,240,13781.94
Green,25.0052804,121.5389181,241,13808.09
Green,25.0041370,121.5386762,242,13937.55
Green,25.0039227,121.5386391,243,13961.67
Green,25.0037873,121.5386221,244,13976.82
Green,25.0036271,121.5386115,245,13994.67
Green,25.0035075,121.5386100,246,14007.97
Green,25.0033043,121.5386212,247,14030.59
Green,25.0031485,121.5386410,248,14048.03
Green,25.0030017,121.5386688,249,14064.59
Green,25.0028819,121.5386977,250,14078.22
Green,25.0027057,121.5387483,251,14098.47
Green,25.0010719,121.5392839,252,14287.99
Green,25.0007985,121.5393780,253,14319.84
Green,25.0005996,121.5394536,254,14343.23
Green,24.9974756,121.5407665,255,14714.95
Green,24.9972405,121.5408605,256,14742.75
Green,24.9970484,121.5409281,257,14765.17
Green,24.9967659,121.5410139,258,14797.75
Green,24.9966056,121.5410546,259,14816.05
Green,24.9964248,121.5410941,260,14836.53
Green,24.9962645,121.5411231,261,14854.60
Green,24.9959687,121.5411633,262,14887.74
Green,24.9958106,121.5411772,263,14905.37
Green,24.9956458,121.5411866,264,14923.72
Green,24.9954088,121.5411912,265,14950.08
Green,24.9948265,121.5411908,266,15014.83
Green,24.9946301,121.5411890,267,15036.67
Green,24.9944541,121.5411823,268,15056.25
Green,24.9942330,121.5411622,269,15080.92
Green,24.9940142,121.5411259,270,15105.53
Green,24.9938450,121.5410862,271,15124.75
Green,24.9937549,121.5410610,272,15135.10
Green,24.9935632,121.5410001,273,15157.27
Green,24.9934190,121.5409497,274,15174.10
Green,24.9915232,121.5402705,275,15395.73
Green,24.9910747,121.5400893,276,15448.84
Green,24.9902139,121.5397163,277,15551.68
Green,24.9900381,121.5396462,278,15572.47
Green,24.9898758,121.5395888,279,15591.42
Green,24.9897292,121.5395427,280,15608.36
Green,24.9895804,121.5395018,281,15625.42
Green,24.9894316,121.5394664,282,15642.34
Green,24.9892805,121.5394367,283,15659.41
Green,24.9891293,121.5394125,284,15676.40
Green,24.9889782,121.5393939,285,15693.31
Green,24.9888338,121.5393815,286,15709.41
Green,24.9886781,121.5393734,287,15726.75
Green,24.9885223,121.5393715,288,15744.06
Green,24.9883666,121.5393751,289,15761.39
Green,24.9882131,121.5393847,290,15778.48
Green,24.9880550,121.5394004,291,15796.13
Green,24.9879015,121.5394217,292,15813.34
Green,24.9877592,121.5394464,293,15829.36
Green,24.9877335,121.5394518,294,15832.26
Green,24.9706960,121.5425290,295,17751.97
Green,24.9691626,121.5419928,296,17930.83
Green,24.9683782,121.5417127,297,18022.52
Green,24.9670865,121.5412604,298,18173.20
Green,24.9663697,121.5410091,299,18256.84
Green,24.9660361,121.5408832,300,18296.05
Green,24.9639244,121.5400105,301,18546.80
Green,24.9632731,121.5397310,302,18624.51
Green,24.9605779,121.5385584,303,18946.67
Green,24.9601069,121.5383539,304,19002.95
Green,24.9598837,121.5382623,305,19029.43
Green,24.9595614,121.5381374,306,19067.42
Green,24.9591715,121.5379936,307,19113.13
Green,24.9587950,121.5378673,308,19156.89
Green,24.9569959,121.5372962,309,19365.06
Green,24.9706960,121.5425290,310,20977.18
Green,24.9706958,121.5425289,311,20977.20
Green,24.9706822,121.5425189,312,20979.02
Green,24.9706636,121.5425048,313,20981.53
Green,24.9706452,121.5424905,314,20984.04
Green,24.9706269,121.5424760,315,20986.54
Green,24.9706088,121.5424611,316,20989.04
Green,24.9705909,121.5424461,317,20991.55
Green,24.9705731,121.5424308,318,20994.05
Green,24.9705556,121.5424153,319,20996.56
Green,24.9705382,121.5423995,320,20999.06
Green,24.9705210,121.5423835,321,21001.57
Green,24.9705039,121.5423672,322,21004.07
Green,24.9704871,121.5423507,323,21006.57
Green,24.9704704,121.5423340,324,21009.08
Green,24.9704540,121.5423171,325,21011.58
Green,24.9704377,121.5422999,326,21014.08
Green,24.9704217,121.5422825,327,21016.59
Green,24.9704058,121.5422649,328,21019.09
Green,24.9703901,121.5422471,329,21021.59
Green,24.9703746,121.5422290,330,21024.10
Green,24.9703594,121.5422108,331,21026.60
Green,24.9703443,121.5421923,332,21029.10
Green,24.9703295,121.5421737,333,21031.60
Green,24.9703149,121.5421548,334,21034.10
Green,24.9703005,121.5421358,335,21036.60
Green,24.9702863,121.5421165,336,21039.11
Green,24.9702723,121.5420971,337,21041.61
Green,24.9702586,121.5420774,338,21044.11
Green,24.9702451,121.5420576,339,21046.61
Green,24.9702324,121.5420385,340,21048.99
Green,24.9702318,121.5420376,341,21049.11
Green,24.9702187,121.5420174,342,21051.61
Green,24.9702058,121.5419970,343,21054.11
Green,24.9701932,121.5419765,344,21056.61
Green,24.9701808,121.5419558,345,21059.11
Green,24.9701686,121.5419350,346,21061.61
Green,24.9701565,121.5419141,347,21064.11
Green,24.9701447,121.5418930,348,21066.61
Green,24.9701330,121.5418718,349,21069.11
Green,24.9701215,121.5418505,350,21071.61
Green,24.9701101,121.5418292,351,21074.11
Green,24.9700989,121.5418077,352,21076.61
Green,24.9700878,121.5417861,353,21079.11
Green,24.9700768,121.5417645,354,21081.61
Green,24.9700660,121.5417427,355,21084.11
Green,24.9700552,121.5417210,356,21086.60
Green,24.9700446,121.5416991,357,21089.10
Green,24.9700341,121.5416772,358,21091.60
Green,24.9700236,121.5416553,359,21094.10
Green,24.9700170,121.5416415,360,21095.67
Green,24.9698493,121.5412840,361,21136.25
Green,24.9698479,121.5412811,362,21136.58
Green,24.9698419,121.5412691,363,21137.96
Green,24.9698371,121.5412594,364,21139.08
Green,24.9698262,121.5412377,365,21141.58
Green,24.9698153,121.5412160,366,21144.08
Green,24.9698042,121.5411944,367,21146.58
Green,24.9697930,121.5411729,368,21149.08
Green,24.9697818,121.5411515,369,21151.58
Green,24.9697704,121.5411301,370,21154.07
Green,24.9697589,121.5411088,371,21156.57
Green,24.9697473,121.5410875,372,21159.07
Green,24.9697356,121.5410663,373,21161.57
Green,24.9697239,121.5410452,374,21164.07
Green,24.9697120,121.5410241,375,21166.57
Green,24.9697000,121.5410032,376,21169.07
Green,24.9696879,121.5409822,377,21171.57
Green,24.9696798,121.5409684,378,21173.24
Green,24.9696757,121.5409614,379,21174.07
Green,24.9696635,121.5409406,380,21176.57
Green,24.9696511,121.5409199,381,21179.07
Green,24.9696387,121.5408992,382,21181.57
Green,24.9696262,121.5408786,383,21184.07
Green,24.9696136,121.5408581,384,21186.57
Green,24.9696010,121.5408375,385,21189.07
Green,24.9695883,121.5408170,386,21191.57
Green,24.9695757,121.5407965,387,21194.07
Green,24.9695630,121.5407761,388,21196.57
Green,24.9695502,121.5407556,389,21199.07
Green,24.9695443,121.5407461,390,21200.24
Green,24.9695375,121.5407352,391,21201.58
Green,24.9695248,121.5407147,392,21204.08
Green,24.9695121,121.5406943,393,21206.58
Green,24.9694993,121.5406738,394,21209.08
Green,24.9694866,121.5406534,395,21211.58
Green,24.9694739,121.5406329,396,21214.08
Green,24.9694612,121.5406125,397,21216.58
Green,24.9694484,121.5405920,398,21219.08
Green,24.9694357,121.5405716,399,21221.58
Green,24.9694230,121.5405511,400,21224.08
Green,24.9694103,121.5405307,401,21226.58
Green,24.9693975,121.5405102,402,21229.08
Green,24.9693848,121.5404898,403,21231.58
Green,24.9693721,121.5404693,404,21234.08
Green,24.9693594,121.5404488,405,21236.58
Green,24.9693467,121.5404284,406,21239.08
Green,24.9693339,121.5404079,407,21241.58
Green,24.9693212,121.5403875,408,21244.08
Green,24.9693085,121.5403670,409,21246.58
Green,24.9692958,121.5403466,410,21249.08
Green,24.9692830,121.5403261,411,21251.58
Green,24.9692703,121.5403057,412,21254.08
Green,24.9692576,121.5402852,413,21256.58
Green,24.9692449,121.5402648,414,21259.08
Green,24.9692321,121.5402443,415,21261.58
Green,24.9692194,121.5402239,416,21264.08
Green,24.9692067,121.5402034,417,21266.58
Green,24.9691940,121.5401830,418,21269.08
Green,24.9691812,121.5401625,419,21271.58
Green,24.9691685,121.5401421,420,21274.08
Green,24.9691558,121.5401216,421,21276.58
Green,24.9691431,121.5401012,422,21279.08
Green,24.9691303,121.5400807,423,21281.58
Green,24.9691176,121.5400603,424,21284.09
Green,24.9691049,121.5400398,425,21286.59
Green,24.9690922,121.5400194,426,21289.09
Green,24.9690795,121.5399989,427,21291.59
Green,24.9690667,121.5399785,428,21294.09
Green,24.9690540,121.5399580,429,21296.59
Green,24.9690413,121.5399376,430,21299.09
Green,24.9690286,121.5399171,431,21301.59
Green,24.9690158,121.5398967,432,21304.09
Green,24.9690031,121.5398762,433,21306.59
Green,24.9689904,121.5398558,434,21309.09
Green,24.9689777,121.5398353,435,21311.59
Green,24.9689649,121.5398149,436,21314.09
Green,24.9689522,121.5397944,437,21316.59
Green,24.9688328,121.5396024,438,21340.06
Green,24.9686614,121.5393270,439,21373.74
Green,24.9686571,121.5393201,440,21374.58
Green,24.9686529,121.5393132,441,21375.41
Green,24.9686486,121.5393064,442,21376.25
Green,24.9686443,121.5392995,443,21377.09
Green,24.9686401,121.5392927,444,21377.93
Green,24.9686358,121.5392858,445,21378.77
Green,24.9686316,121.5392790,446,21379.60
Green,24.9686273,121.5392721,447,21380.44
Green,24.9686231,121.5392652,448,21381.28
Green,24.9686188,121.5392584,449,21382.12
Green,24.9686146,121.5392515,450,21382.96
Green,24.9686103,121.5392446,451,21383.79
Green,24.9686061,121.5392378,452,21384.63
Green,24.9686019,121.5392309,453,21385.47
Green,24.9685976,121.5392240,454,21386.31
Green,24.9685934,121.5392171,455,21387.15
Green,24.9685892,121.5392102,456,21387.98
Green,24.9685850,121.5392033,457,21388.82
Green,24.9685808,121.5391964,458,21389.66
Green,24.9685766,121.5391895,459,21390.50
Green,24.9685724,121.5391826,460,21391.34
Green,24.9685682,121.5391757,461,21392.17
Green,24.9685640,121.5391688,462,21393.01
Green,24.9685599,121.5391619,463,21393.85
Green,24.9685557,121.5391549,464,21394.69
Green,24.9685516,121.5391480,465,21395.52
Green,24.9685474,121.5391410,466,21396.36
Green,24.9685433,121.5391341,467,21397.20
Green,24.9685392,121.5391271,468,21398.04
Green,24.9685351,121.5391202,469,21398.88
Green,24.9685310,121.5391132,470,21399.71
Green,24.9685269,121.5391062,471,21400.55
Green,24.9685228,121.5390992,472,21401.39
Green,24.9685187,121.5390922,473,21402.23
Green,24.9685147,121.5390852,474,21403.07
Green,24.9685107,121.5390782,475,21403.90
Green,24.9685066,121.5390712,476,21404.74
Green,24.9685026,121.5390641,477,21405.58
Green,24.9684986,121.5390571,478,21406.42
Green,24.9684946,121.5390500,479,21407.25
Green,24.9684907,121.5390430,480,21408.09
Green,24.9684867,121.5390359,481,21408.93
Green,24.9684828,121.5390288,482,21409.77
Green,24.9684788,121.5390217,483,21410.61
Green,24.9684749,121.5390146,484,21411.44
Green,24.9684710,121.5390075,485,21412.28
Green,24.9684672,121.5390004,486,21413.12
Green,24.9684633,121.5389932,487,21413.96
Green,24.9684595,121.5389861,488,21414.79
Green,24.9684557,121.5389789,489,21415.63
Green,24.9684519,121.5389718,490,21416.47
Green,24.9684481,121.5389646,491,21417.31
Green,24.9684443,121.5389574,492,21418.14
Green,24.9684406,121.5389502,493,21418.98
Green,24.9684368,121.5389429,494,21419.82
Green,24.9684331,121.5389357,495,21420.66
Green,24.9684294,121.5389284,496,21421.49
Green,24.9684258,121.5389212,497,21422.33
Green,24.9684221,121.5389139,498,21423.17
Green,24.9684185,121.5389066,499,21424.01
Green,24.9684149,121.5388993,500,21424.84
Green,24.9684114,121.5388920,501,21425.68
Green,24.9684078,121.5388847,502,21426.52
Green,24.9684043,121.5388773,503,21427.36
Green,24.9684008,121.5388700,504,21428.19
Green,24.9683973,121.5388626,505,21429.03
Green,24.9683939,121.5388552,506,21429.87
Green,24.9683904,121.5388478,507,21430.71
Green,24.9683870,121.5388404,508,21431.54
Green,24.9683837,121.5388330,509,21432.38
Green,24.9683803,121.5388255,510,21433.22
Green,24.9683770,121.5388181,511,21434.06
Green,24.9683737,121.5388106,512,21434.89
Green,24.9683704,121.5388031,513,21435.73
Green,24.9683298,121.5387021,514,21446.87
Green,24.9682943,121.5385988,515,21458.01
Green,24.9682641,121.5384935,516,21469.14
Green,24.9682393,121.5383865,517,21480.27
Green,24.9682200,121.5382782,518,21491.40
Green,24.9682062,121.5381688,519,21502.53
Green,24.9681980,121.5380588,520,21513.66
Green,24.9681954,121.5379484,521,21524.79
Green,24.9681985,121.5378381,522,21535.92
Green,24.9682071,121.5377281,523,21547.05
Green,24.9682212,121.5376188,524,21558.18
Green,24.9682409,121.5375105,525,21569.31
Green,24.9682661,121.5374036,526,21580.44
Green,24.9682967,121.5372984,527,21591.57
Green,24.9683325,121.5371953,528,21602.71
Green,24.9683618,121.5371219,529,21610.80
Green,24.9683938,121.5370497,530,21618.89
Green,24.9683982,121.5370403,531,21619.96
Green,24.9684027,121.5370309,532,21621.03
Green,24.9684063,121.5370236,533,21621.87
Green,24.9684098,121.5370163,534,21622.71
Green,24.9684134,121.5370090,535,21623.54
Green,24.9684170,121.5370017,536,21624.38
Green,24.9684207,121.5369944,537,21625.22
Green,24.9684243,121.5369871,538,21626.06
Green,24.9684280,121.5369799,539,21626.89
Green,24.9684317,121.5369727,540,21627.73
Green,24.9684355,121.5369655,541,21628.57
Green,24.9684392,121.5369583,542,21629.41
Green,24.9684430,121.5369511,543,21630.24
Green,24.9684468,121.5369439,544,21631.08
Green,24.9684507,121.5369368,545,21631.92
Green,24.9684545,121.5369296,546,21632.76
Green,24.9684584,121.5369225,547,21633.59
Green,24.9684623,121.5369154,548,21634.43
Green,24.9684662,121.5369083,549,21635.27
Green,24.9684702,121.5369012,550,21636.11
Green,24.9684742,121.5368942,551,21636.94
Green,24.9684781,121.5368871,552,21637.78
Green,24.9684821,121.5368801,553,21638.62
Green,24.9684862,121.5368730,554,21639.46
Green,24.9684902,121.5368660,555,21640.30
Green,24.9684943,121.5368590,556,21641.13
Green,24.9684983,121.5368520,557,21641.97
Green,24.9685024,121.5368451,558,21642.81
Green,24.9685066,121.5368381,559,21643.65
Green,24.9685107,121.5368311,560,21644.48
Green,24.9685148,121.5368242,561,21645.32
Green,24.9685190,121.5368173,562,21646.16
Green,24.9685232,121.5368104,563,21647.00
Green,24.9685274,121.5368034,564,21647.84
Green,24.9685316,121.5367966,565,21648.67
Green,24.9685358,121.5367897,566,21649.51
Green,24.9685400,121.5367828,567,21650.35
Green,24.9685443,121.5367759,568,21651.19
Green,24.9685486,121.5367691,569,21652.03
Green,24.9685528,121.5367622,570,21652.86
Green,24.9685571,121.5367554,571,21653.70
Green,24.9685614,121.5367486,572,21654.54
Green,24.9685657,121.5367418,573,21655.38
Green,24.9685701,121.5367350,574,21656.22
Green,24.9685744,121.5367282,575,21657.05
Green,24.9685788,121.5367214,576,21657.89
Green,24.9685831,121.5367146,577,21658.73
Green,24.9685875,121.5367078,578,21659.57
Green,24.9685919,121.5367011,579,21660.41
Green,24.9685963,121.5366943,580,21661.24
Green,24.9686007,121.5366875,581,21662.08
Green,24.9686051,121.5366808,582,21662.92
Green,24.9686095,121.5366741,583,21663.76
Green,24.9686139,121.5366673,584,21664.60
Green,24.9686183,121.5366606,585,21665.43
Green,24.9686228,121.5366539,586,21666.27
Green,24.9686272,121.5366472,587,21667.11
Green,24.9686317,121.5366405,588,21667.95
Green,24.9686361,121.5366338,589,21668.79
Green,24.9686406,121.5366271,590,21669.62
Green,24.9686450,121.5366204,591,21670.46
Green,24.9686495,121.5366137,592,21671.30
Green,24.9686540,121.5366070,593,21672.14
Green,24.9686585,121.5366003,594,21672.98
Green,24.9686630,121.5365936,595,21673.81
Green,24.9686675,121.5365869,596,21674.65
Green,24.9686720,121.5365803,597,21675.49
Green,24.9686765,121.5365736,598,21676.33
Green,24.9686810,121.5365669,599,21677.17
Green,24.9686855,121.5365603,600,21678.01
Green,24.9686900,121.5365536,601,21678.84
Green,24.9686945,121.5365469,602,21679.68
Green,24.9686990,121.5365403,603,21680.52
Green,24.9687035,121.5365336,604,21681.36
Green,24.9687080,121.5365269,605,21682.20
Green,24.9687125,121.5365203,606,21683.03
Green,24.9698451,121.5348474,607,21893.50
Green,24.9698480,121.5348433,608,21894.02
Green,24.9698508,121.5348391,609,21894.55
Green,24.9698536,121.5348350,610,21895.07
Green,24.9698564,121.5348308,611,21895.59
Green,24.9698592,121.5348267,612,21896.12
Green,24.9698620,121.5348225,613,21896.64
Green,24.9698649,121.5348183,614,21897.16
Green,24.9698677,121.5348142,615,21897.69
Green,24.9698705,121.5348100,616,21898.21
Green,24.9698733,121.5348059,617,21898.73
Green,24.9698761,121.5348017,618,21899.26
Green,24.9698789,121.5347975,619,21899.78
Green,24.9698817,121.5347934,620,21900.30
Green,24.9698845,121.5347892,621,21900.83
Green,24.9698874,121.5347850,622,21901.35
Green,24.9698902,121.5347809,623,21901.87
Green,24.9698930,121.5347767,624,21902.40
Green,24.9698958,121.5347725,625,21902.92
Green,24.9698986,121.5347684,626,21903.44
Green,24.9699014,121.5347642,627,21903.96
Green,24.9699042,121.5347600,628,21904.49
Green,24.9699050,121.5347588,629,21904.64
Green,24.9699070,121.5347559,630,21905.01
Green,24.9699098,121.5347517,631,21905.54
Green,24.9699126,121.5347475,632,21906.06
Green,24.9699154,121.5347434,633,21906.58
Green,24.9699182,121.5347392,634,21907.11
Green,24.9699210,121.5347350,635,21907.63
Green,24.9699238,121.5347309,636,21908.15
Green,24.9699266,121.5347267,637,21908.67
Green,24.9699294,121.5347225,638,21909.20
Green,24.9699322,121.5347183,639,21909.72
Green,24.9699350,121.5347141,640,21910.24
Green,24.9699378,121.5347100,641,21910.77
Green,24.9699406,121.5347058,642,21911.29
Green,24.9699433,121.5347016,643,21911.81
Green,24.9699461,121.5346974,644,21912.34
Green,24.9699485,121.5346939,645,21912.77
Green,24.9699489,121.5346932,646,21912.86
Green,24.9699517,121.5346890,647,21913.38
Green,24.9699545,121.5346849,648,21913.91
Green,24.9699572,121.5346807,649,21914.43
Green,24.9699600,121.5346765,650,21914.95
Green,24.9699628,121.5346723,651,21915.48
Green,24.9699656,121.5346681,652,21916.00
Green,24.9699683,121.5346639,653,21916.52
Green,24.9699711,121.5346597,654,21917.05
Green,24.9699738,121.5346555,655,21917.57
Green,24.9699766,121.5346513,656,21918.09
Green,24.9699794,121.5346471,657,21918.62
Green,24.9699821,121.5346429,658,21919.14
Green,24.9699849,121.5346387,659,21919.66
Green,24.9699876,121.5346344,660,21920.19
Green,24.9699904,121.5346302,661,21920.71
Green,24.9699931,121.5346260,662,21921.23
Green,24.9699959,121.5346218,663,21921.75
Green,24.9699986,121.5346176,664,21922.28
Green,24.9700013,121.5346134,665,21922.80
Green,24.9700041,121.5346091,666,21923.32
Green,24.9700068,121.5346049,667,21923.85
Green,24.9700095,121.5346007,668,21924.37
Green,24.9700123,121.5345964,669,21924.89
Green,24.9700150,121.5345922,670,21925.42
Green,24.9700177,121.5345880,671,21925.94
Green,24.9700204,121.5345837,672,21926.46
Green,24.9700231,121.5345795,673,21926.99
Green,24.9700258,121.5345753,674,21927.51
Green,24.9700910,121.5344707,675,21940.30
Green,24.9701542,121.5343646,676,21953.09
Green,24.9701567,121.5343603,677,21953.61
Green,24.9701592,121.5343559,678,21954.14
Green,24.9701618,121.5343515,679,21954.66
Green,24.9701643,121.5343472,680,21955.18
Green,24.9701668,121.5343428,681,21955.70
Green,24.9701693,121.5343384,682,21956.23
Green,24.9701718,121.5343340,683,21956.75
Green,24.9701744,121.5343296,684,21957.27
Green,24.9701769,121.5343252,685,21957.80
Green,24.9701794,121.5343209,686,21958.32
Green,24.9701819,121.5343165,687,21958.84
Green,24.9701844,121.5343121,688,21959.37
Green,24.9701869,121.5343077,689,21959.89
Green,24.9701894,121.5343033,690,21960.41
Green,24.9701919,121.5342989,691,21960.94
Green,24.9701944,121.5342945,692,21961.46
Green,24.9701969,121.5342901,693,21961.98
Green,24.9701994,121.5342857,694,21962.50
Green,24.9702018,121.5342813,695,21963.03
Green,24.9702043,121.5342769,696,21963.55
Green,24.9702068,121.5342724,697,21964.07
Green,24.9702093,121.5342680,698,21964.60
Green,24.9702118,121.5342636,699,21965.12
Green,24.9702142,121.5342592,700,21965.64
Green,24.9702167,121.5342548,701,21966.17
Green,24.9702192,121.5342504,702,21966.69
Green,24.9702216,121.5342460,703,21967.21
Green,24.9702241,121.5342415,704,21967.73
Green,24.9702266,121.5342371,705,21968.26
Green,24.9702290,121.5342327,706,21968.78
Green,24.9702315,121.5342283,707,21969.30
Green,24.9702339,121.5342239,708,21969.83
Green,24.9702364,121.5342194,709,21970.35
Green,24.9702388,121.5342150,710,21970.87
Green,24.9702413,121.5342106,711,21971.40
Green,24.9702438,121.5342061,712,21971.92
Green,24.9702462,121.5342017,713,21972.44
Green,24.9702486,121.5341973,714,21972.96
Green,24.9702511,121.5341929,715,21973.49
Green,24.9702535,121.5341884,716,21974.01
Green,24.9702560,121.5341840,717,21974.53
Green,24.9702584,121.5341795,718,21975.06
Green,24.9702609,121.5341751,719,21975.58
Green,24.9702633,121.5341707,720,21976.10
Green,24.9702657,121.5341662,721,21976.63
Green,24.9702682,121.5341618,722,21977.15
Green,24.9702706,121.5341574,723,21977.67
Green,24.9702730,121.5341529,724,21978.19
Green,24.9702755,121.5341485,725,21978.72
Green,24.9702779,121.5341440,726,21979.24
Green,24.9702803,121.5341396,727,21979.76
Green,24.9702828,121.5341352,728,21980.29
Green,24.9702852,121.5341307,729,21980.81
Green,24.9702876,121.5341263,730,21981.33
Green,24.9702901,121.5341218,731,21981.86
Green,24.9702925,121.5341174,732,21982.38
Green,24.9702949,121.5341130,733,21982.90
Green,24.9702973,121.5341085,734,21983.42
Green,24.9702998,121.5341041,735,21983.95
Green,24.9703022,121.5340996,736,21984.47
Green,24.9703046,121.5340952,737,21984.99
Green,24.9703070,121.5340907,738,21985.52
Green,24.9703095,121.5340863,739,21986.04
Green,24.9703119,121.5340818,740,21986.56
Green,24.9703143,121.5340774,741,21987.09
Green,24.9705549,121.5336367,742,22038.94
Green,24.9705575,121.5336319,743,22039.51
Green,24.9705601,121.5336271,744,22040.07
Green,24.9705627,121.5336223,745,22040.64
Green,24.9705654,121.5336175,746,22041.20
Green,24.9705680,121.5336127,747,22041.76
Green,24.9705706,121.5336079,748,22042.33
Green,24.9705732,121.5336031,749,22042.89
Green,24.9705758,121.5335983,750,22043.46
Green,24.9705784,121.5335935,751,22044.02
Green,24.9705811,121.5335887,752,22044.59
Green,24.9705837,121.5335839,753,22045.15
Green,24.9705863,121.5335791,754,22045.72
Green,24.9705889,121.5335743,755,22046.28
Green,24.9705915,121.5335694,756,22046.85
Green,24.9705941,121.5335646,757,22047.41
Green,24.9705967,121.5335598,758,22047.98
Green,24.9705993,121.5335550,759,22048.54
Green,24.9706019,121.5335502,760,22049.11
Green,24.9706045,121.5335454,761,22049.67
Green,24.9706071,121.5335406,762,22050.24
Green,24.9706097,121.5335358,763,22050.80
Green,24.9706123,121.5335309,764,22051.37
Green,24.9706149,121.5335261,765,22051.93
Green,24.9706175,121.5335213,766,22052.49
Green,24.9706201,121.5335165,767,22053.06
Green,24.9706226,121.5335117,768,22053.62
Green,24.9706252,121.5335068,769,22054.19
Green,24.9706278,121.5335020,770,22054.75
Green,24.9706304,121.5334972,771,22055.32
Green,24.9706329,121.5334923,772,22055.88
Green,24.9706355,121.5334875,773,22056.45
Green,24.9706380,121.5334827,774,22057.01
Green,24.9706406,121.5334778,775,22057.58
Green,24.9706431,121.5334730,776,22058.14
Green,24.9706457,121.5334681,777,22058.71
Green,24.9706482,121.5334633,778,22059.27
Green,24.9706508,121.5334584,779,22059.84
Green,24.9706533,121.5334536,780,22060.40
Green,24.9706558,121.5334487,781,22060.97
Green,24.9706584,121.5334438,782,22061.53
Green,24.9706609,121.5334390,783,22062.10
Green,24.9706634,121.5334341,784,22062.66
Green,24.9706659,121.5334292,785,22063.22
Green,24.9706684,121.5334244,786,22063.79
Green,24.9706709,121.5334195,787,22064.35
Green,24.9706734,121.5334146,788,22064.92
Green,24.9706759,121.5334097,789,22065.48
Green,24.9706783,121.5334048,790,22066.05
Green,24.9706808,121.5333999,791,22066.61
Green,24.9706833,121.5333950,792,22067.18
Green,24.9706857,121.5333901,793,22067.74
Green,24.9706882,121.5333852,794,22068.31
Green,24.9706906,121.5333803,795,22068.87
Green,24.9706931,121.5333754,796,22069.44
Green,24.9706955,121.5333705,797,22070.00
Green,24.9706980,121.5333656,798,22070.57
Green,24.9707004,121.5333607,799,22071.13
Green,24.9707028,121.5333557,800,22071.69
Green,24.9707052,121.5333508,801,22072.26
Green,24.9707076,121.5333458,802,22072.82
Green,24.9707100,121.5333409,803,22073.39
Green,24.9707124,121.5333360,804,22073.95
Green,24.9707147,121.5333310,805,22074.52
Green,24.9707171,121.5333260,806,22075.08
Green,24.9707195,121.5333211,807,22075.65
Green,24.9707218,121.5333161,808,22076.21
Green,24.9707241,121.5333112,809,22076.78
Green,24.9707265,121.5333062,810,22077.34
Green,24.9707288,121.5333012,811,22077.91
Green,24.9707311,121.5332962,812,22078.47
Green,24.9707334,121.5332912,813,22079.03
Green,24.9707357,121.5332862,814,22079.60
Green,24.9707380,121.5332812,815,22080.16
Green,24.9707403,121.5332762,816,22080.73
Green,24.9707863,121.5331690,817,22092.69
Green,24.9708279,121.5330597,818,22104.64
Green,24.9708651,121.5329484,819,22116.60
Green,24.9708978,121.5328354,820,22128.55
Green,24.9708992,121.5328300,821,22129.11
Green,24.9709006,121.5328247,822,22129.68
Green,24.9709020,121.5328193,823,22130.24
Green,24.9709034,121.5328139,824,22130.80
Green,24.9709048,121.5328085,825,22131.37
Green,24.9709062,121.5328031,826,22131.93
Green,24.9709076,121.5327977,827,22132.50
Green,24.9709089,121.5327924,828,22133.06
Green,24.9709103,121.5327870,829,22133.62
Green,24.9709116,121.5327816,830,22134.19
Green,24.9709129,121.5327762,831,22134.75
Green,24.9709143,121.5327708,832,22135.32
Green,24.9709156,121.5327654,833,22135.88
Green,24.9709169,121.5327599,834,22136.45
Green,24.9709182,121.5327545,835,22137.01
Green,24.9709195,121.5327491,836,22137.57
Green,24.9709208,121.5327437,837,22138.14
Green,24.9709220,121.5327383,838,22138.70
Green,24.9709233,121.5327329,839,22139.27
Green,24.9709246,121.5327275,840,22139.83
Green,24.9709258,121.5327220,841,22140.39
Green,24.9709270,121.5327166,842,22140.96
Green,24.9709283,121.5327112,843,22141.52
Green,24.9709295,121.5327057,844,22142.09
Green,24.9709307,121.5327003,845,22142.65
Green,24.9709319,121.5326949,846,22143.22
Green,24.9709332,121.5326894,847,22143.78
Green,24.9709344,121.5326840,848,22144.34
Green,24.9709356,121.5326786,849,22144.91
Green,24.9709368,121.5326731,850,22145.47
Green,24.9709379,121.5326677,851,22146.04
Green,24.9709391,121.5326622,852,22146.60
Green,24.9709403,121.5326568,853,22147.16
Green,24.9709415,121.5326513,854,22147.73
Green,24.9709426,121.5326459,855,22148.29
Green,24.9709438,121.5326405,856,22148.86
Green,24.9709449,121.5326350,857,22149.42
Green,24.9709461,121.5326296,858,22149.98
Green,24.9709472,121.5326241,859,22150.55
Green,24.9709483,121.5326186,860,22151.11
Green,24.9709495,121.5326132,861,22151.68
Green,24.9709506,121.5326077,862,22152.24
Green,24.9709517,121.5326023,863,22152.81
Green,24.9709528,121.5325968,864,22153.37
Green,24.9709539,121.5325914,865,22153.93
Green,24.9709550,121.5325859,866,22154.50
Green,24.9709561,121.5325804,867,22155.06
Green,24.9709572,121.5325750,868,22155.63
Green,24.9709583,121.5325695,869,22156.19
Green,24.9709594,121.5325640,870,22156.75
Green,24.9709605,121.5325586,871,22157.32
Green,24.9709616,121.5325531,872,22157.88
Green,24.9709627,121.5325476,873,22158.45
Green,24.9709638,121.5325422,874,22159.01
Green,24.9709648,121.5325367,875,22159.57
Green,24.9709659,121.5325312,876,22160.14
Green,24.9709670,121.5325258,877,22160.70
Green,24.9709681,121.5325203,878,22161.27
Green,24.9709691,121.5325148,879,22161.83
Green,24.9709702,121.5325094,880,22162.39
Green,24.9709713,121.5325039,881,22162.96
Green,24.9709723,121.5324984,882,22163.52
Green,24.9709734,121.5324929,883,22164.09
Green,24.9709744,121.5324875,884,22164.65
Green,24.9709755,121.5324820,885,22165.22
Green,24.9709765,121.5324765,886,22165.78
Green,24.9709776,121.5324710,887,22166.34
Green,24.9709787,121.5324656,888,22166.91
Green,24.9709797,121.5324601,889,22167.47
Green,24.9709808,121.5324546,890,22168.04
Green,24.9709818,121.5324491,891,22168.60
Green,24.9709829,121.5324437,892,22169.16
Green,24.9709839,121.5324382,893,22169.73
Green,24.9709850,121.5324327,894,22170.29
Green,24.9709860,121.5324273,895,22170.86
Green,24.9709871,121.5324218,896,22171.42
Green,24.9709881,121.5324163,897,22171.98
Green,24.9709892,121.5324108,898,22172.55
Green,24.9709902,121.5324054,899,22173.11
Green,24.9709913,121.5323999,900,22173.68
Green,24.9709923,121.5323944,901,22174.24
Green,24.9709934,121.5323889,902,22174.80
Green,24.9709944,121.5323835,903,22175.37
Green,24.9709955,121.5323780,904,22175.93
Green,24.9709965,121.5323725,905,22176.50
Green,24.9709976,121.5323670,906,22177.06
Green,24.9709987,121.5323616,907,22177.62
Green,24.9709997,121.5323561,908,22178.19
Green,24.9710008,121.5323506,909,22178.75
Green,24.9710019,121.5323451,910,22179.32
Green,24.9710029,121.5323397,911,22179.88
Green,24.9710040,121.5323342,912,22180.44
Green,24.9710051,121.5323287,913,22181.01
Green,24.9710062,121.5323233,914,22181.57
Green,24.9710072,121.5323178,915,22182.14
Green,24.9710083,121.5323123,916,22182.70
Green,24.9710094,121.5323069,917,22183.27
Green,24.9710105,121.5323014,918,22183.83
Green,24.9710116,121.5322959,919,22184.39
Green,24.9710127,121.5322905,920,22184.96
Green,24.9710138,121.5322850,921,22185.52
Green,24.9710149,121.5322796,922,22186.09
Green,24.9710160,121.5322741,923,22186.65
Green,24.9710171,121.5322686,924,22187.21
Green,24.9710182,121.5322632,925,22187.78
Green,24.9710193,121.5322577,926,22188.34
Green,24.9710205,121.5322523,927,22188.91
Green,24.9710216,121.5322468,928,22189.47
Green,24.9710227,121.5322414,929,22190.03
Green,24.9710239,121.5322359,930,22190.60
Green,24.9710250,121.5322304,931,22191.16
Green,24.9710262,121.5322250,932,22191.73
Green,24.9710273,121.5322195,933,22192.29
Green,24.9710285,121.5322141,934,22192.85
Green,24.9710296,121.5322087,935,22193.42
Green,24.9710308,121.5322032,936,22193.98
Green,24.9710320,121.5321978,937,22194.55
Green,24.9710332,121.5321923,938,22195.11
Green,24.9710344,121.5321869,939,22195.68
Green,24.9710356,121.5321814,940,22196.24
Green,24.9710368,121.5321760,941,22196.80
Green,24.9710380,121.5321706,942,22197.37
Green,24.9710392,121.5321651,943,22197.93
Green,24.9710404,121.5321597,944,22198.50
Green,24.9710416,121.5321543,945,22199.06
Green,24.9710429,121.5321488,946,22199.62
Green,24.9710441,121.5321434,947,22200.19
Green,24.9710454,121.5321380,948,22200.75
Green,24.9710466,121.5321326,949,22201.32
Green,24.9710479,121.5321272,950,22201.88
Green,24.9710492,121.5321217,951,22202.44
Green,24.9710505,121.5321163,952,22203.01
Green,24.9710517,121.5321109,953,22203.57
Green,24.9710530,121.5321055,954,22204.14
Green,24.9710543,121.5321001,955,22204.70
Green,24.9710557,121.5320947,956,22205.27
Green,24.9710570,121.5320893,957,22205.83
Green,24.9710583,121.5320839,958,22206.39
Green,24.9710597,121.5320785,959,22206.96
Green,24.9710610,121.5320731,960,22207.52
Green,24.9710624,121.5320677,961,22208.09
Green,24.9710637,121.5320623,962,22208.65
Green,24.9710651,121.5320569,963,22209.21
Green,24.9710659,121.5320538,964,22209.55
Green,24.9710665,121.5320515,965,22209.78
Green,24.9710679,121.5320462,966,22210.34
Green,24.9710693,121.5320408,967,22210.91
Green,24.9710707,121.5320354,968,22211.47
Green,24.9710722,121.5320300,969,22212.03
Green,24.9710860,121.5319800,970,22217.31
Green,24.9711007,121.5319303,971,22222.58
Green,24.9711389,121.5318145,972,22235.00
Green,24.9711819,121.5317007,973,22247.43
Green,24.9712296,121.5315892,974,22259.86
Green,24.9712319,121.5315842,975,22260.42
Green,24.9712342,121.5315792,976,22260.98
Green,24.9712365,121.5315742,977,22261.55
Green,24.9712388,121.5315692,978,22262.11
Green,24.9712411,121.5315642,979,22262.68
Green,24.9712434,121.5315593,980,22263.24
Green,24.9712458,121.5315543,981,22263.81
Green,24.9712481,121.5315493,982,22264.37
Green,24.9712505,121.5315444,983,22264.94
Green,24.9712528,121.5315394,984,22265.50
Green,24.9712552,121.5315344,985,22266.07
Green,24.9712576,121.5315295,986,22266.63
Green,24.9712599,121.5315245,987,22267.20
Green,24.9712623,121.5315196,988,22267.76
Green,24.9712647,121.5315147,989,22268.32
Green,24.9712671,121.5315097,990,22268.89
Green,24.9712695,121.5315048,991,22269.45
Green,24.9712720,121.5314999,992,22270.02
Green,24.9712744,121.5314950,993,22270.58
Green,24.9712768,121.5314900,994,22271.15
Green,24.9712793,121.5314851,995,22271.71
Green,24.9712817,121.5314802,996,22272.28
Green,24.9712842,121.5314753,997,22272.84
Green,24.9712866,121.5314704,998,22273.41
Green,24.9712891,121.5314655,999,22273.97
Green,24.9712916,121.5314606,1000,22274.54
Green,24.9712940,121.5314557,1001,22275.10
Green,24.9712965,121.5314508,1002,22275.67
Green,24.9712990,121.5314460,1003,22276.23
Green,24.9713015,121.5314411,1004,22276.79
Green,24.9713040,121.5314362,1005,22277.36
Green,24.9713065,121.5314313,1006,22277.92
Green,24.9713090,121.5314265,1007,22278.49
Green,24.9713116,121.5314216,1008,22279.05
Green,24.9713141,121.5314167,1009,22279.62
Green,24.9713166,121.5314119,1010,22280.18
Green,24.9713191,121.5314070,1011,22280.75
Green,24.9713217,121.5314022,1012,22281.31
Green,24.9713242,121.5313973,1013,22281.88
Green,24.9713268,121.5313925,1014,22282.44
Green,24.9713293,121.5313876,1015,22283.01
Green,24.9713319,121.5313828,1016,22283.57
Green,24.9713344,121.5313779,1017,22284.14
Green,24.9713370,121.5313731,1018,22284.70
Green,24.9713396,121.5313683,1019,22285.26
Green,24.9713421,121.5313634,1020,22285.83
Green,24.9713447,121.5313586,1021,22286.39
Green,24.9713473,121.5313538,1022,22286.96
Green,24.9713499,121.5313490,1023,22287.52
Green,24.9713524,121.5313441,1024,22288.09
Green,24.9713550,121.5313393,1025,22288.65
Green,24.9713576,121.5313345,1026,22289.22
Green,24.9713602,121.5313297,1027,22289.78
Green,24.9713628,121.5313249,1028,22290.35
Green,24.9713654,121.5313200,1029,22290.91
Green,24.9713680,121.5313152,1030,22291.48
Green,24.9713706,121.5313104,1031,22292.04
Green,24.9713732,121.5313056,1032,22292.61
Green,24.9713758,121.5313008,1033,22293.17
Green,24.9713784,121.5312960,1034,22293.74
Green,24.9713810,121.5312912,1035,22294.30
Green,24.9713836,121.5312864,1036,22294.87
Green,24.9713862,121.5312816,1037,22295.43
Green,24.9713889,121.5312768,1038,22295.99
Green,24.9713915,121.5312720,1039,22296.56
Green,24.9713941,121.5312672,1040,22297.13
Green,24.9713967,121.5312624,1041,22297.69
Green,24.9713993,121.5312576,1042,22298.25
Green,24.9714019,121.5312528,1043,22298.82
Green,24.9714046,121.5312480,1044,22299.38
Green,24.9714072,121.5312432,1045,22299.95
Green,24.9714098,121.5312384,1046,22300.51
Green,24.9714124,121.5312336,1047,22301.08
Green,24.9714150,121.5312288,1048,22301.64
Green,24.9722081,121.5297758,1049,22472.60
Orange,25.0983540,121.4640114,1,0.00
Orange,25.0984020,121.4638080,2,21.16
Orange,25.0984296,121.4636674,3,35.65
Orange,25.0984503,121.4635253,4,50.14
Orange,25.0984597,121.4634076,5,62.04
Orange,25.0984626,121.4632000,6,82.95
Orange,25.0984497,121.4630122,7,101.91
Orange,25.0984320,121.4628907,8,114.31
Orange,25.0984097,121.4627893,9,124.81
Orange,25.0983651,121.4626234,10,142.24
Orange,25.0983204,121.4624940,11,156.19
Orange,25.0982599,121.4623565,12,171.58
Orange,25.0981925,121.4622239,13,186.88
Orange,25.0981342,121.4621308,14,198.29
Orange,25.0980600,121.4620224,15,211.97
Orange,25.0979476,121.4618803,16,230.96
Orange,25.0978013,121.4617379,17,252.65
Orange,25.0976798,121.4616361,18,269.61
Orange,25.0974793,121.4614935,19,296.13
Orange,25.0962810,121.4607116,20,450.90
Orange,25.0960692,121.4605832,21,477.76
Orange,25.0959318,121.4605120,22,494.65
Orange,25.0958687,121.4604845,23,502.19
Orange,25.0957605,121.4604432,24,514.92
Orange,25.0956703,121.4604147,25,525.35
Orange,25.0955620,121.4603882,26,537.68
Orange,25.0954379,121.4603670,27,551.64
Orange,25.0953274,121.4603564,28,563.98
Orange,25.0952010,121.4603531,29,578.04
Orange,25.0950904,121.4603583,30,590.35
Orange,25.0949662,121.4603733,31,604.24
Orange,25.0948104,121.4604056,32,621.87
Orange,25.0947042,121.4604365,33,634.08
Orange,25.0945980,121.4604757,34,646.53
Orange,25.0944985,121.4605190,35,658.42
Orange,25.0943855,121.4605790,36,672.37
Orange,25.0942769,121.4606471,37,686.25
Orange,25.0941887,121.4607100,38,697.92
Orange,25.0941073,121.4607760,39,709.16
Orange,25.0939058,121.4609629,40,738.42
Orange,25.0931790,121.4617047,41,848.47
Orange,25.0930182,121.4618947,42,874.66
Orange,25.0928935,121.4620658,43,896.78
Orange,25.0927960,121.4622197,44,915.69
Orange,25.0927029,121.4623833,45,935.14
Orange,25.0925394,121.4626913,46,971.09
Orange,25.0900484,121.4675218,47,1530.87
Orange,25.0899485,121.4676995,48,1551.94
Orange,25.0898441,121.4678711,49,1572.75
Orange,25.0897353,121.4680386,50,1593.51
Orange,25.0895313,121.4683191,51,1629.74
Orange,25.0894021,121.4684853,52,1651.79
Orange,25.0863498,121.4722969,53,2164.17
Orange,25.0860892,121.4726119,54,2207.13
Orange,25.0846098,121.4743640,55,2448.37
Orange,25.0844331,121.4745647,56,2476.56
Orange,25.0842429,121.4747489,57,2504.69
Orange,25.0841207,121.4748553,58,2522.00
Orange,25.0839759,121.4749675,59,2541.67
Orange,25.0837768,121.4751025,60,2567.64
Orange,25.0836819,121.4751597,61,2579.67
Orange,25.0835824,121.4752135,62,2591.99
Orange,25.0834151,121.4752962,63,2612.37
Orange,25.0826738,121.4756124,64,2700.74
Orange,25.0825517,121.4756690,65,2715.46
Orange,25.0824613,121.4757154,66,2726.55
Orange,25.0823324,121.4757923,67,2742.84
Orange,25.0822532,121.4758469,68,2753.22
Orange,25.0821288,121.4759458,69,2770.27
Orange,25.0819907,121.4760742,70,2790.34
Orange,25.0818955,121.4761853,71,2805.75
Orange,25.0818252,121.4762799,72,2818.06
Orange,25.0817254,121.4764356,73,2837.28
Orange,25.0816618,121.4765540,74,2851.14
Orange,25.0816005,121.4766929,75,2866.70
Orange,25.0815367,121.4768689,76,2885.79
Orange,25.0815024,121.4770004,77,2899.58
Orange,25.0814657,121.4771880,78,2918.90
Orange,25.0814264,121.4774729,79,2947.92
Orange,25.0813614,121.4780513,80,3006.63
Orange,25.0813383,121.4781978,81,3021.59
Orange,25.0813177,121.4782984,82,3031.98
Orange,25.0812811,121.4784451,83,3047.31
Orange,25.0812492,121.4785425,84,3057.74
Orange,25.0812037,121.4786644,85,3071.02
Orange,25.0811127,121.4788623,86,3093.37
Orange,25.0809674,121.4791257,87,3124.43
Orange,25.0800140,121.4808085,88,3324.33
Orange,25.0798620,121.4810690,89,3355.55
Orange,25.0797281,121.4812863,90,3382.01
Orange,25.0793696,121.4818577,91,3452.01
Orange,25.0790837,121.4823407,92,3510.13
Orange,25.0757848,121.4882910,93,4212.76
Orange,25.0756327,121.4885575,94,4244.48
Orange,25.0755147,121.4887559,95,4268.39
Orange,25.0754148,121.4889085,96,4287.35
Orange,25.0749498,121.4896083,97,4374.76
Orange,25.0748818,121.4897158,98,4387.97
Orange,25.0747796,121.4898929,99,4409.12
Orange,25.0746979,121.4900490,100,4427.28
Orange,25.0746229,121.4902049,101,4445.05
Orange,25.0742977,121.4909461,102,4528.00
Orange,25.0741795,121.4912003,103,4556.78
Orange,25.0740750,121.4913925,104,4579.36
Orange,25.0739229,121.4916431,105,4609.74
Orange,25.0737029,121.4919700,106,4650.75
Orange,25.0690104,121.4987684,107,5511.63
Orange,25.0688721,121.4989606,108,5536.35
Orange,25.0687134,121.4991684,109,5563.73
Orange,25.0685344,121.4993817,110,5593.01
Orange,25.0683803,121.4995539,111,5617.39
Orange,25.0673881,121.5006226,112,5771.53
Orange,25.0668467,121.5012238,113,5856.92
Orange,25.0662893,121.5018500,114,5945.35
Orange,25.0660197,121.5021463,115,5987.64
Orange,25.0652382,121.5030042,116,6110.20
Orange,25.0650614,121.5032104,117,6138.79
Orange,25.0649412,121.5033694,118,6159.65
Orange,25.0648028,121.5035922,119,6186.86
Orange,25.0647233,121.5037492,120,6204.98
Orange,25.0646528,121.5039118,121,6223.15
Orange,25.0645935,121.5040795,122,6241.27
Orange,25.0645810,121.5041244,123,6246.01
Orange,25.0645455,121.5042512,124,6259.37
Orange,25.0645295,121.5043196,125,6266.49
Orange,25.0644767,121.5045972,126,6295.06
Orange,25.0643865,121.5052238,127,6358.96
Orange,25.0643865,121.5052238,128,6358.96
Orange,25.0644213,121.5049380,129,6388.00
Orange,25.0644686,121.5043103,130,6451.44
Orange,25.0644760,121.5041103,131,6471.61
Orange,25.0644700,121.5038903,132,6493.78
Orange,25.0644482,121.5036756,133,6515.54
Orange,25.0644083,121.5034638,134,6537.32
Orange,25.0643391,121.5032161,135,6563.44
Orange,25.0642496,121.5029846,136,6588.78
Orange,25.0641376,121.5027478,137,6615.69
Orange,25.0637407,121.5019762,138,6705.07
Orange,25.0636041,121.5016643,139,6739.97
Orange,25.0635146,121.5014301,140,6765.57
Orange,25.0628034,121.4994684,141,6978.40
Orange,25.0626648,121.4990797,142,7020.48
Orange,25.0619447,121.4970901,143,7236.29
Orange,25.0618642,121.4968395,144,7263.07
Orange,25.0617839,121.4965635,145,7292.27
Orange,25.0617461,121.4964066,146,7308.62
Orange,25.0616639,121.4960024,147,7350.35
Orange,25.0613275,121.4939942,148,7556.06
Orange,25.0612964,121.4938541,149,7570.59
Orange,25.0612540,121.4937046,150,7586.36
Orange,25.0612048,121.4935684,151,7601.13
Orange,25.0611578,121.4934546,152,7613.74
Orange,25.0610658,121.4932761,153,7634.42
Orange,25.0609334,121.4930643,154,7660.34
Orange,25.0583838,121.4893540,155,8129.43
Orange,25.0577414,121.4884052,156,8248.74
Orange,25.0568024,121.4870414,157,8421.29
Orange,25.0566475,121.4868098,158,8450.30
Orange,25.0564746,121.4865189,159,8485.34
Orange,25.0563759,121.4863224,160,8507.97
Orange,25.0562841,121.4861037,161,8532.25
Orange,25.0562126,121.4859040,162,8553.89
Orange,25.0561590,121.4857216,163,8573.20
Orange,25.0554080,121.4827385,164,8885.08
Orange,25.0553478,121.4825183,165,8908.25
Orange,25.0553357,121.4824777,166,8912.56
Orange,25.0553357,121.4824777,167,8912.56
Orange,25.0553352,121.4824760,168,8912.73
Orange,25.0553352,121.4824760,169,8912.73
Orange,25.0552965,121.4823459,170,8926.53
Orange,25.0552271,121.4821586,171,8946.92
Orange,25.0551845,121.4820618,172,8957.75
Orange,25.0550724,121.4818365,173,8983.65
Orange,25.0549400,121.4816145,174,9010.42
Orange,25.0548591,121.4815014,175,9024.94
Orange,25.0547220,121.4813231,176,9048.49
Orange,25.0545150,121.4811114,177,9079.87
Orange,25.0543147,121.4809402,178,9108.04
Orange,25.0540962,121.4807864,179,9136.85
Orange,25.0539092,121.4806772,180,9160.37
Orange,25.0497204,121.4784988,181,9675.26
Orange,25.0493869,121.4783163,182,9716.64
Orange,25.0491955,121.4781945,183,9741.22
Orange,25.0489928,121.4780428,184,9768.44
Orange,25.0488127,121.4778867,185,9793.90
Orange,25.0485968,121.4776662,186,9826.61
Orange,25.0484664,121.4775093,187,9848.06
Orange,25.0483585,121.4773674,188,9866.73
Orange,25.0482282,121.4771687,189,9891.44
Orange,25.0480846,121.4769157,190,9921.51
Orange,25.0479971,121.4767332,191,9942.30
Orange,25.0479075,121.4765189,192,9966.09
Orange,25.0477978,121.4762320,193,9997.46
Orange,25.0477040,121.4759374,194,10028.91
Orange,25.0475925,121.4755182,195,10072.92
Orange,25.0473673,121.4746443,196,10164.45
Orange,25.0471731,121.4739764,197,10235.11
Orange,25.0470256,121.4735169,198,10284.23
Orange,25.0459166,121.4701790,199,10642.38
Orange,25.0458562,121.4700189,200,10659.85
Orange,25.0457621,121.4698015,201,10684.13
Orange,25.0456791,121.4696367,202,10703.12
Orange,25.0455893,121.4694768,203,10722.06
Orange,25.0454590,121.4692716,204,10747.30
Orange,25.0453130,121.4690772,205,10772.75
Orange,25.0451465,121.4688818,206,10799.77
Orange,25.0426403,121.4662779,207,11182.48
Orange,25.0424402,121.4660390,208,11215.27
Orange,25.0422716,121.4658132,209,11244.74
Orange,25.0421346,121.4656083,210,11270.40
Orange,25.0409533,121.4636949,211,11503.66
Orange,25.0402682,121.4626304,212,11635.20
Orange,25.0390847,121.4607105,213,11869.14
Orange,25.0383931,121.4595484,214,12009.21
Orange,25.0374665,121.4580461,215,12192.31
Orange,25.0373510,121.4578590,216,12215.12
Orange,25.0372163,121.4576259,217,12242.97
Orange,25.0370952,121.4573854,218,12270.69
Orange,25.0369854,121.4571209,219,12300.01
Orange,25.0369116,121.4568992,220,12323.80
Orange,25.0368425,121.4566153,221,12353.42
Orange,25.0367981,121.4563717,222,12378.45
Orange,25.0367630,121.4560272,223,12413.38
Orange,25.0366980,121.4551601,224,12501.03
Orange,25.0366606,121.4548528,225,12532.27
Orange,25.0366051,121.4545237,226,12565.99
Orange,25.0365339,121.4541831,227,12601.21
Orange,25.0354607,121.4493281,228,13104.68
Orange,25.0348664,121.4465681,229,13390.50
Orange,25.0338804,121.4418966,230,13873.74
Orange,25.0334912,121.4399193,231,14077.60
Orange,25.0333913,121.4393668,232,14134.36
Orange,25.0326181,121.4346583,233,14616.47
Orange,25.0325841,121.4344515,234,14637.65
Orange,25.0325019,121.4340152,235,14682.55
Orange,25.0324528,121.4338069,236,14704.23
Orange,25.0323880,121.4335738,237,14728.79
Orange,25.0323031,121.4332979,238,14758.15
Orange,25.0322231,121.4330509,239,14784.58
Orange,25.0322217,121.4330466,240,14785.04
Orange,25.0311688,121.4297963,241,15132.81
Orange,25.0301356,121.4264548,242,15488.53
Orange,25.0300907,121.4263061,243,15504.33
Orange,25.0296168,121.4247381,244,15670.86
Orange,25.0294893,121.4243295,245,15714.40
Orange,25.0286771,121.4218265,246,15982.27
Orange,25.0285362,121.4213684,247,16031.01
Orange,25.0279304,121.4192588,248,16253.98
Orange,25.0278566,121.4190449,249,16277.05
Orange,25.0278311,121.4189835,250,16283.84
Orange,25.0278095,121.4189317,251,16289.59
Orange,25.0277466,121.4188048,252,16304.16
Orange,25.0276770,121.4186835,253,16318.63
Orange,25.0276006,121.4185677,254,16333.06
Orange,25.0274409,121.4183628,255,16360.29
Orange,25.0272496,121.4181851,256,16388.10
Orange,25.0271595,121.4181132,257,16400.46
Orange,25.0270063,121.4180105,258,16420.39
Orange,25.0269049,121.4179523,259,16433.10
Orange,25.0266254,121.4178185,260,16466.98
Orange,25.0254487,121.4172999,261,16607.87
Orange,25.0253044,121.4172319,262,16625.31
Orange,25.0251782,121.4171649,263,16640.88
Orange,25.0250453,121.4170821,264,16657.86
Orange,25.0249349,121.4170009,265,16672.61
Orange,25.0248021,121.4168847,266,16691.46
Orange,25.0246783,121.4167592,267,16710.15
Orange,25.0245186,121.4165447,268,16738.12
Orange,25.0244288,121.4164016,269,16755.66
Orange,25.0243344,121.4162366,270,16775.32
Orange,25.0241352,121.4158774,271,16817.75
Orange,25.0233377,121.4144393,272,16987.63
Orange,25.0233356,121.4144356,273,16988.07
Orange,25.0229420,121.4137259,274,17071.91
Orange,25.0227423,121.4133239,275,17118.10
Orange,25.0225651,121.4128951,276,17165.59
Orange,25.0216081,121.4104546,277,17433.52
Orange,25.0215298,121.4102132,278,17459.37
Orange,25.0214784,121.4100142,279,17480.21
Orange,25.0214584,121.4099132,280,17490.63
Orange,25.0214406,121.4098041,281,17501.79
Orange,25.0214163,121.4096062,282,17521.92
Orange,25.0212657,121.4080927,283,17675.33
Orange,25.0212655,121.4080916,284,17675.45
Orange,25.0212655,121.4080916,285,17675.45
Orange,25.0212591,121.4080510,286,17679.60
Orange,25.0211155,121.4066081,287,17825.86
Orange,25.0210846,121.4063516,288,17851.93
Orange,25.0210469,121.4061208,289,17875.57
Orange,24.9895671,121.5098143,290,28895.72
Orange,24.9903673,121.5081388,291,29086.59
Orange,24.9905468,121.5077724,292,29128.57
Orange,24.9911695,121.5065234,293,29272.23
Orange,24.9913717,121.5061400,294,29316.93
Orange,24.9914716,121.5059612,295,29338.11
Orange,24.9915669,121.5058062,296,29356.98
Orange,24.9916577,121.5056797,297,29373.25
Orange,24.9918005,121.5055032,298,29397.09
Orange,24.9919363,121.5053771,299,29416.83
Orange,24.9920449,121.5052875,300,29431.91
Orange,24.9922282,121.5051653,301,29455.72
Orange,24.9923571,121.5050977,302,29471.58
Orange,24.9924882,121.5050413,303,29487.23
Orange,24.9926938,121.5049775,304,29510.98
Orange,24.9929061,121.5049399,305,29534.89
Orange,24.9930483,121.5049303,306,29550.73
Orange,24.9931860,121.5049324,307,29566.05
Orange,24.9934071,121.5049590,308,29590.78
Orange,24.9936664,121.5050192,309,29620.25
Orange,24.9938874,121.5050820,310,29645.62
Orange,24.9954117,121.5055198,311,29820.76
Orange,24.9961717,121.5057235,312,29907.72
Orange,24.9964129,121.5058004,313,29935.65
Orange,24.9966090,121.5058786,314,29958.83
Orange,24.9967690,121.5059535,315,29978.16
Orange,24.9969245,121.5060380,316,29997.43
Orange,24.9971474,121.5061820,317,30026.15
Orange,24.9973298,121.5063186,318,30050.67
Orange,24.9975458,121.5065028,319,30081.02
Orange,24.9994945,121.5082491,320,30360.17
Orange,25.0017067,121.5101700,321,30673.19
Orange,25.0040671,121.5122754,322,31010.69
Orange,25.0043957,121.5125641,323,31057.39
Orange,25.0044992,121.5126481,324,31071.68
Orange,25.0046658,121.5127776,325,31094.34
Orange,25.0048166,121.5128803,326,31114.05
Orange,25.0049473,121.5129592,327,31130.61
Orange,25.0051771,121.5130763,328,31158.76
Orange,25.0053371,121.5131423,329,31177.76
Orange,25.0054679,121.5131883,330,31193.02
Orange,25.0057182,121.5132631,331,31221.85
Orange,25.0069584,121.5135936,332,31363.72
Orange,25.0095876,121.5143241,333,31665.20
Orange,25.0102573,121.5145133,334,31742.07
Orange,25.0113396,121.5148333,335,31866.66
Orange,25.0166026,121.5162814,336,32469.80
Orange,25.0167266,121.5163206,337,32484.14
Orange,25.0169340,121.5163958,338,32508.42
Orange,25.0170760,121.5164574,339,32525.38
Orange,25.0172157,121.5165270,340,32542.42
Orange,25.0173689,121.5166134,341,32561.55
Orange,25.0175198,121.5167100,342,32580.95
Orange,25.0176639,121.5168147,343,32600.13
Orange,25.0178034,121.5169277,344,32619.38
Orange,25.0179361,121.5170483,345,32638.50
Orange,25.0181004,121.5172116,346,32663.08
Orange,25.0183161,121.5174785,347,32699.12
Orange,25.0184262,121.5176331,348,32718.93
Orange,25.0185317,121.5178011,349,32739.52
Orange,25.0186281,121.5179755,350,32760.11
Orange,25.0186707,121.5180649,351,32770.28
Orange,25.0187536,121.5182485,352,32790.95
Orange,25.0188274,121.5184368,353,32811.62
Orange,25.0188721,121.5185707,354,32826.01
Orange,25.0189256,121.5187639,355,32846.35
Orange,25.0189700,121.5189597,356,32866.70
Orange,25.0190010,121.5191354,357,32884.74
Orange,25.0190274,121.5193427,358,32905.82
Orange,25.0190360,121.5194468,359,32916.36
Orange,25.0190483,121.5198029,360,32952.27
Orange,25.0190481,121.5198775,361,32959.78
Orange,25.0190450,121.5200143,362,32973.57
Orange,25.0190450,121.5200143,363,32973.57
Orange,25.0190449,121.5200168,364,32973.82
Orange,25.0190449,121.5200168,365,32973.83
Orange,25.0190347,121.5211973,366,33092.77
Orange,25.0190427,121.5214945,367,33122.74
Orange,25.0190579,121.5216723,368,33140.74
Orange,25.0190888,121.5218787,369,33161.81
Orange,25.0191443,121.5221412,370,33188.97
Orange,25.0191755,121.5222531,371,33200.77
Orange,25.0192291,121.5224128,372,33217.93
Orange,25.0193275,121.5226584,373,33244.99
Orange,25.0193902,121.5228011,374,33260.97
Orange,25.0197263,121.5235166,375,33342.17
Orange,25.0198675,121.5237913,376,33373.99
Orange,25.0199707,121.5239700,377,33395.35
Orange,25.0200829,121.5241430,378,33416.78
Orange,25.0201413,121.5242296,379,33427.66
Orange,25.0203121,121.5244474,380,33456.68
Orange,25.0205010,121.5246470,381,33485.76
Orange,25.0207147,121.5248424,382,33516.62
Orange,25.0208655,121.5249613,383,33537.23
Orange,25.0211019,121.5251218,384,33568.09
Orange,25.0213227,121.5252462,385,33595.66
Orange,25.0215007,121.5253275,386,33617.08
Orange,25.0217351,121.5254106,387,33644.46
Orange,25.0219562,121.5254623,388,33669.58
Orange,25.0221885,121.5254905,389,33695.58
Orange,25.0223804,121.5254941,390,33716.91
Orange,25.0225791,121.5254789,391,33739.06
Orange,25.0227801,121.5254438,392,33761.68
Orange,25.0229563,121.5253953,393,33781.88
Orange,25.0231687,121.5253148,394,33806.86
Orange,25.0233541,121.5252218,395,33829.50
Orange,25.0234158,121.5251838,396,33837.36
Orange,25.0234158,121.5251838,397,33837.36
Orange,25.0235487,121.5251021,398,33854.27
Orange,25.0237025,121.5249953,399,33874.48
Orange,25.0237274,121.5249781,400,33877.74
Orange,25.0238813,121.5248648,401,33898.31
Orange,25.0238994,121.5248525,402,33900.68
Orange,25.0267690,121.5227504,403,34283.67
Orange,25.0276852,121.5220792,404,34405.94
Orange,25.0278187,121.5219856,405,34423.52
Orange,25.0279567,121.5218992,406,34441.17
Orange,25.0280901,121.5218295,407,34457.58
Orange,25.0282076,121.5217795,408,34471.59
Orange,25.0283003,121.5217474,409,34482.39
Orange,25.0284539,121.5217068,410,34499.95
Orange,25.0286413,121.5216776,411,34521.00
Orange,25.0288310,121.5216700,412,34542.10
Orange,25.0289348,121.5216754,413,34553.65
Orange,25.0290183,121.5216845,414,34562.98
Orange,25.0291017,121.5216975,415,34572.35
Orange,25.0291829,121.5217152,416,34581.55
Orange,25.0292280,121.5217259,417,34586.69
Orange,25.0292889,121.5217432,418,34593.68
Orange,25.0293633,121.5217670,419,34602.29
Orange,25.0294332,121.5217906,420,34610.41
Orange,25.0301702,121.5220745,421,34697.22
Orange,25.0304453,121.5221633,422,34729.09
Orange,25.0308016,121.5222528,423,34769.72
Orange,25.0315842,121.5224230,424,34858.42
Orange,25.0317782,121.5224585,425,34880.28
Orange,25.0320061,121.5224849,426,34905.76
Orange,25.0320499,121.5224859,427,34910.64
Orange,25.0320499,121.5224859,428,34910.64
Orange,25.0322498,121.5224903,429,34932.87
Orange,25.0325072,121.5224756,430,34961.52
Orange,25.0331664,121.5224099,431,35035.13
Orange,25.0333470,121.5223983,432,35055.24
Orange,25.0335885,121.5224018,433,35082.10
Orange,25.0337893,121.5224293,434,35104.60
Orange,25.0339156,121.5224595,435,35118.97
Orange,25.0340306,121.5224956,436,35132.26
Orange,25.0341613,121.5225485,437,35147.74
Orange,25.0342988,121.5226176,438,35164.53
Orange,25.0343844,121.5226690,439,35175.37
Orange,25.0344992,121.5227485,440,35190.44
Orange,25.0346005,121.5228300,441,35204.38
Orange,25.0347939,121.5230085,442,35232.42
Orange,25.0349691,121.5232555,443,35264.02
Orange,25.0350230,121.5233452,444,35274.86
Orange,25.0350925,121.5234749,445,35290.04
Orange,25.0351708,121.5236617,446,35310.78
Orange,25.0352266,121.5238279,447,35328.64
Orange,25.0352666,121.5240071,448,35347.23
Orange,25.0352866,121.5241190,449,35358.72
Orange,25.0353018,121.5242714,450,35374.17
Orange,25.0353080,121.5244427,451,35391.44
Orange,25.0352937,121.5246538,452,35412.77
Orange,25.0352798,121.5247690,453,35424.47
Orange,25.0352499,121.5249128,454,35439.34
Orange,25.0351905,121.5251250,455,35461.72
Orange,25.0350812,121.5254008,456,35492.04
Orange,25.0350016,121.5255627,457,35510.60
Orange,25.0348948,121.5257617,458,35533.90
Orange,25.0348335,121.5258745,459,35547.15
Orange,25.0345404,121.5264207,460,35611.11
Orange,25.0344131,121.5266670,461,35639.68
Orange,25.0343540,121.5267934,462,35654.01
Orange,25.0342788,121.5269816,463,35674.73
Orange,25.0342012,121.5272377,464,35701.94
Orange,25.0341645,121.5274060,465,35719.38
Orange,25.0341299,121.5276152,466,35740.81
Orange,25.0338053,121.5300494,467,35988.69
Orange,25.0337681,121.5303456,468,36018.82
Orange,25.0337494,121.5305356,469,36038.08
Orange,25.0337484,121.5307942,470,36064.13
Orange,25.0337680,121.5310101,471,36085.99
Orange,25.0337879,121.5311301,472,36098.27
Orange,25.0338212,121.5312720,473,36113.05
Orange,25.0338927,121.5314941,474,36136.79
Orange,25.0339755,121.5316873,475,36158.33
Orange,25.0340405,121.5318072,476,36172.40
Orange,25.0341370,121.5319596,477,36191.14
Orange,25.0342741,121.5321373,478,36214.65
Orange,25.0344405,121.5323034,479,36239.60
Orange,25.0345845,121.5324208,480,36259.50
Orange,25.0347129,121.5325074,481,36276.23
Orange,25.0348908,121.5326036,482,36298.27
Orange,25.0350621,121.5326737,483,36318.58
Orange,25.0352357,121.5327249,484,36338.56
Orange,25.0354320,121.5327604,485,36360.67
Orange,25.0356193,121.5327739,486,36381.54
Orange,25.0358156,121.5327729,487,36403.38
Orange,25.0364725,121.5327470,488,36476.47
Orange,25.0367795,121.5327440,489,36510.60
Orange,25.0423810,121.5328537,490,37133.56
Orange,25.0423810,121.5328537,491,37133.56
Orange,25.0426610,121.5328592,492,37164.70
Orange,25.0445546,121.5328612,493,37375.26
Orange,25.0496506,121.5329746,494,37942.03
Orange,25.0520573,121.5330129,495,38209.67
Orange,25.0520573,121.5330129,496,38209.67
Orange,25.0536589,121.5330384,497,38387.78
Orange,25.0550897,121.5330904,498,38546.96
Orange,25.0560963,121.5331035,499,38658.90
Orange,25.0604341,121.5331916,500,39141.31
Orange,25.0607004,121.5331850,501,39170.94
Orange,25.0609465,121.5331570,502,39198.45
Orange,25.0611386,121.5331129,503,39220.26
Orange,25.0613216,121.5330480,504,39241.64
Orange,25.0614369,121.5329934,505,39255.59
Orange,25.0615794,121.5329119,506,39273.43
Orange,25.0619935,121.5326173,507,39328.21
Orange,25.0622090,121.5323283,508,39365.91
Orange,25.0622816,121.5322134,509,39380.03
Orange,25.0623702,121.5320530,510,39398.95
Orange,25.0624749,121.5318122,511,39425.85
Orange,25.0625456,121.5315944,512,39449.16
Orange,25.0625800,121.5314570,513,39463.51
Orange,25.0626099,121.5312893,514,39480.73
Orange,25.0626333,121.5310630,515,39503.68
Orange,25.0626413,121.5307099,516,39539.25
Orange,25.0626042,121.5297251,517,39638.53
Orange,25.0626038,121.5292131,518,39690.11
Orange,25.0627342,121.5242435,519,40190.88
Orange,25.0627571,121.5235039,520,40265.41
Orange,25.0628600,121.5211825,521,40499.52
Orange,25.0629072,121.5193376,522,40685.43
Orange,25.0629072,121.5193376,523,40685.43
Orange,25.0629646,121.5170922,524,40911.69
Orange,25.0629747,121.5167831,525,40942.84
Orange,25.0630006,121.5164632,526,40975.18
Orange,25.0630354,121.5162019,527,41001.78
Orange,25.0632499,121.5148818,528,41136.88
Orange,25.0632732,121.5146753,529,41157.84
Orange,25.0632874,121.5144629,530,41179.29
Orange,25.0632882,121.5142364,531,41202.10
Orange,25.0632823,121.5139886,532,41227.07
Orange,25.0631858,121.5118683,533,41440.91
Orange,25.0631755,121.5115663,534,41471.35
Orange,25.0631761,121.5114157,535,41486.51
Orange,25.0631880,121.5112265,536,41505.62
Orange,25.0632019,121.5111132,537,41517.14
Orange,25.0632204,121.5110012,538,41528.61
Orange,25.0632730,121.5107951,539,41550.17
Orange,25.0633710,121.5105173,540,41580.20
Orange,25.0637557,121.5095513,541,41686.49
Orange,25.0638264,121.5093416,542,41709.03
Orange,25.0639041,121.5090501,543,41739.63
Orange,25.0639594,121.5087313,544,41772.33
Orange,25.0639988,121.5084316,545,41802.83
Orange,25.0641940,121.5066545,546,41983.14
Orange,25.0641947,121.5066491,547,41983.69
Orange,25.0641947,121.5066491,548,41983.69
Orange,25.0642245,121.5063918,549,42009.82
Orange,25.0642640,121.5060744,550,42042.08
Orange,25.0643056,121.5057915,551,42070.95
Orange,25.0643865,121.5052238,552,42128.84
BX,25.1369589,121.5034357,1,0.00
BX,25.1369166,121.5005898,2,286.52
BX,25.1368885,121.4995588,3,390.35
BX,25.1368822,121.4994150,4,404.85
BX,25.1368669,121.4992693,5,419.61
BX,25.1368382,121.4990603,6,440.89
BX,25.1368049,121.4989222,7,455.28
BX,25.1367513,121.4987376,8,474.79
BX,25.1367223,121.4986463,9,484.53
BX,25.1366820,121.4985445,10,495.72
BX,25.1365856,121.4983399,11,518.93
BX,25.1364869,121.4981672,12,539.50
BX,25.1363813,121.4980130,13,558.95
BX,25.1362914,121.4978989,14,574.18
BX,25.1361452,121.4977393,15,597.04
BX,25.1360395,121.4976357,16,612.75
BX,25.1358459,121.4974855,17,639.06
BX,25.1357356,121.4974110,18,653.44
BX,25.1356319,121.4973495,19,666.52
BX,25.1354336,121.4972548,20,690.54
BX,25.1353097,121.4972075,21,705.13
BX,25.1351383,121.4971547,22,724.91
BX,25.1349962,121.4971241,23,741.01
BX,25.1348451,121.4971015,24,757.97
BX,25.1346894,121.4970900,25,775.32
BX,25.1345494,121.4970904,26,790.88
BX,25.1343756,121.4971030,27,810.25
BX,25.1342582,121.4971211,28,823.43
BX,25.1341023,121.4971543,29,841.08
BX,25.1338673,121.4972336,30,868.40
BX,25.1337363,121.4972851,31,883.87
BX,25.1336119,121.4973404,32,898.78
BX,25.1334491,121.4974268,33,918.86
BX,25.1331641,121.4976097,34,955.51
BX,25.1328021,121.4978695,35,1003.51
BX,25.1318312,121.4986327,36,1136.02
BX,25.1318014,121.4986561,37,1140.09
BX,25.0526480,121.5203595,1,0.00
BX,25.0531281,121.5203893,2,53.47
BX,25.0560279,121.5205608,3,376.36
BX,25.0569350,121.5206036,4,477.33
BX,25.0587065,121.5206951,5,674.52
BX,25.0589706,121.5207011,6,703.89
BX,25.0591105,121.5206980,7,719.46
BX,25.0592279,121.5206880,8,732.55
BX,25.0594199,121.5206624,9,754.05
BX,25.0596277,121.5206206,10,777.54
BX,25.0597632,121.5205855,11,793.02
BX,25.0599395,121.5205243,12,813.56
BX,25.0602468,121.5204061,13,849.76
BX,25.0608209,121.5201774,14,917.62
BX,25.0623489,121.5195601,15,1098.54
BX,25.0629072,121.5193376,16,1164.55
Red,25.0629072,121.5193376,1,0.00
Red,25.0632710,121.5191926,2,43.01
Red,25.0634676,121.5191315,3,65.72
Red,25.0635896,121.5191001,4,79.64
Red,25.0637476,121.5190667,5,97.54
Red,25.0639215,121.5190423,6,117.03
Red,25.0640502,121.5190314,7,131.38
Red,25.0641473,121.5190278,8,142.18
Red,25.0643955,121.5190298,9,169.78
Red,25.0646144,121.5190577,10,194.28
Red,25.0657827,121.5192868,11,326.23
Red,25.0657963,121.5192894,12,327.76
Red,25.0657963,121.5192894,13,327.76
Red,25.0664459,121.5194120,14,401.04
Red,25.0669241,121.5194967,15,454.89
Red,25.0685348,121.5197297,16,635.52
Red,25.0689972,121.5198007,17,687.44
Red,25.0701027,121.5199444,18,811.21
Red,25.0713817,121.5201530,19,954.98
Red,25.0719795,121.5202367,20,1021.98
Red,25.0727782,121.5203402,21,1111.40
Red,25.0730015,121.5203808,22,1136.56
Red,25.0731639,121.5204168,23,1154.98
Red,25.0733442,121.5204674,24,1175.68
Red,25.0735291,121.5205283,25,1197.13
Red,25.0736643,121.5205843,26,1213.19
Red,25.0740384,121.5207587,27,1258.34
Red,25.0754106,121.5214346,28,1425.41
Red,25.0760099,121.5217351,29,1498.61
Red,25.0766745,121.5220957,30,1580.95
Red,25.0793937,121.5235490,31,1916.87
Red,25.0796032,121.5236540,32,1942.45
Red,25.0798128,121.5237438,33,1967.45
Red,25.0800472,121.5238269,34,1994.83
Red,25.0802749,121.5238926,35,2021.00
Red,25.0817271,121.5242866,36,2187.28
Red,25.0821397,121.5244039,37,2234.66
Red,25.0828252,121.5246067,38,2313.56
Red,25.0832062,121.5247133,39,2357.28
Red,25.0834408,121.5247756,40,2384.10
Red,25.0852448,121.5252137,41,2589.50
Red,25.0855492,121.5252980,42,2624.39
Red,25.0857521,121.5253673,43,2648.01
Red,25.0858716,121.5254143,44,2662.11
Red,25.0860316,121.5254896,45,2681.45
Red,25.0862343,121.5255996,46,2706.57
Red,25.0863897,121.5256991,47,2726.54
Red,25.0865315,121.5258007,48,2745.34
Red,25.0867386,121.5259623,49,2773.54
Red,25.0876299,121.5266821,50,2896.32
Red,25.0878122,121.5268148,51,2920.61
Red,25.0880442,121.5269596,52,2950.23
Red,25.0881681,121.5270249,53,2965.50
Red,25.0883934,121.5271244,54,2992.49
Red,25.0885422,121.5271777,55,3009.88
Red,25.0886955,121.5272236,56,3027.54
Red,25.0889143,121.5272734,57,3052.38
Red,25.0891421,121.5273036,58,3077.90
Red,25.0892662,121.5273128,59,3091.73
Red,25.0894536,121.5273157,60,3112.56
Red,25.0895822,121.5273104,61,3126.88
Red,25.0897222,121.5272977,62,3142.49
Red,25.0898938,121.5272718,63,3161.76
Red,25.0900203,121.5272463,64,3176.05
Red,25.0903366,121.5271668,65,3212.12
Red,25.0907613,121.5270561,66,3260.64
Red,25.0919226,121.5267299,67,3393.88
Red,25.0921101,121.5266728,68,3415.52
Red,25.0949009,121.5257336,69,3739.93
Red,25.0958207,121.5254070,70,3847.36
Red,25.0973757,121.5247874,71,4031.18
Red,25.0976628,121.5246635,72,4065.46
Red,25.0979273,121.5245314,73,4097.74
Red,25.1007221,121.5230824,74,4441.05
Red,25.1010183,121.5229452,75,4476.77
Red,25.1011132,121.5229056,76,4488.05
Red,25.1012488,121.5228560,77,4503.93
Red,25.1014002,121.5228090,78,4521.42
Red,25.1015267,121.5227748,79,4535.90
Red,25.1017232,121.5227316,80,4558.18
Red,25.1019491,121.5226883,81,4583.67
Red,25.1040652,121.5223168,82,4821.93
Red,25.1042843,121.5222722,83,4846.70
Red,25.1045079,121.5222177,84,4872.17
Red,25.1046932,121.5221608,85,4893.55
Red,25.1049011,121.5220852,86,4917.89
Red,25.1050209,121.5220330,87,4932.21
Red,25.1051408,121.5219753,88,4946.75
Red,25.1053217,121.5218744,89,4969.29
Red,25.1055094,121.5217581,90,4993.23
Red,25.1080841,121.5199762,91,5331.09
Red,25.1082335,121.5198761,92,5350.52
Red,25.1087833,121.5194923,93,5422.84
Red,25.1104258,121.5183605,94,5638.12
Red,25.1113875,121.5176745,95,5765.42
Red,25.1127086,121.5168118,96,5936.08
Red,25.1135570,121.5162167,97,6047.84
Red,25.1156453,121.5147697,98,6321.96
Red,25.1171951,121.5137068,99,6524.81
Red,25.1182697,121.5129623,100,6665.87
Red,25.1185910,121.5127322,101,6708.45
Red,25.1187223,121.5126270,102,6726.48
Red,25.1188875,121.5124830,103,6749.89
Red,25.1190914,121.5122821,104,6780.27
Red,25.1192659,121.5120721,105,6808.97
Red,25.1193815,121.5119183,106,6829.10
Red,25.1195176,121.5117205,107,6854.10
Red,25.1196402,121.5115178,108,6878.65
Red,25.1197242,121.5113604,109,6897.05
Red,25.1198630,121.5110542,110,6931.52
Red,25.1199040,121.5109496,111,6942.99
Red,25.1199359,121.5108568,112,6952.99
Red,25.1200249,121.5105761,113,6982.93
Red,25.1200913,121.5102937,114,7012.30
Red,25.1201326,121.5100860,115,7033.72
Red,25.1209880,121.5054657,116,7508.50
Red,25.1212043,121.5042533,117,7632.90
Red,25.1212364,121.5040991,118,7648.83
Red,25.1212776,121.5039462,119,7664.89
Red,25.1213187,121.5037921,120,7681.07
Red,25.1213712,121.5036184,121,7699.50
Red,25.1214714,121.5033576,122,7728.03
Red,25.1215351,121.5032138,123,7744.15
Red,25.1216668,121.5029670,124,7772.99
Red,25.1217667,121.5028112,125,7792.20
Red,25.1219118,121.5026104,126,7818.07
Red,25.1220704,121.5024254,127,7843.72
Red,25.1221859,121.5023075,128,7861.21
Red,25.1223738,121.5021379,129,7888.20
Red,25.1225119,121.5020315,130,7906.91
Red,25.1226408,121.5019437,131,7923.76
Red,25.1227539,121.5018745,132,7938.14
Red,25.1229280,121.5017828,133,7959.58
Red,25.1230704,121.5017186,134,7976.68
Red,25.1232218,121.5016579,135,7994.60
Red,25.1234704,121.5015749,136,8023.47
Red,25.1237076,121.5015074,137,8050.71
Red,25.1241775,121.5013900,138,8104.28
Red,25.1243604,121.5013493,139,8125.03
Red,25.1248325,121.5012505,140,8178.45
Red,25.1269262,121.5008267,141,8415.14
Red,25.1273169,121.5007573,142,8459.14
Red,25.1275337,121.5007234,143,8483.49
Red,25.1279559,121.5006712,144,8530.73
Red,25.1285453,121.5005763,145,8596.96
Red,25.1289180,121.5005044,146,8639.03
Red,25.1291280,121.5004526,147,8662.96
Red,25.1293156,121.5003917,148,8684.70
Red,25.1294467,121.5003426,149,8700.09
Red,25.1296004,121.5002741,150,8718.52
Red,25.1297405,121.5002028,151,8735.68
Red,25.1298875,121.5001210,152,8753.98
Red,25.1299735,121.5000687,153,8764.90
Red,25.1301137,121.4999750,154,8783.12
Red,25.1303535,121.4998031,155,8814.91
Red,25.1308197,121.4994430,156,8878.16
Red,25.1313764,121.4990014,157,8954.37
Red,25.1318014,121.4986561,158,9013.03
Red,25.1318014,121.4986561,159,9013.03
Red,25.1328747,121.4977840,160,9161.19
Red,25.1329154,121.4977448,161,9167.20
Red,25.1336603,121.4970570,162,9275.16
Red,25.1338233,121.4969157,163,9298.19
Red,25.1344230,121.4964269,164,9381.07
Red,25.1346629,121.4962233,165,9414.71
Red,25.1351452,121.4957716,166,9485.02
Red,25.1353604,121.4955251,167,9519.50
Red,25.1356052,121.4952183,168,9560.66
Red,25.1358615,121.4948574,169,9606.83
Red,25.1360520,121.4945786,170,9642.00
Red,25.1361563,121.4944247,171,9661.35
Red,25.1362697,121.4942587,172,9682.29
Red,25.1364058,121.4940553,173,9707.75
Red,25.1365646,121.4938012,174,9738.83
Red,25.1366850,121.4935860,175,9764.30
Red,25.1367736,121.4934183,176,9783.83
Red,25.1376688,121.4916435,177,9988.36
Red,25.1377665,121.4914369,178,10011.83
Red,25.1378370,121.4912713,179,10030.24
Red,25.1378849,121.4911299,180,10045.44
Red,25.1379556,121.4909052,181,10069.39
Red,25.1380037,121.4907092,182,10089.83
Red,25.1380381,121.4905305,183,10108.22
Red,25.1380612,121.4903747,184,10124.12
Red,25.1380776,121.4901993,185,10141.86
Red,25.1380897,121.4899362,186,10168.38
Red,25.1380905,121.4896957,187,10192.59
Red,25.1380697,121.4891687,188,10245.69
Red,25.1380503,121.4888944,189,10273.39
Red,25.1380087,121.4885031,190,10313.05
Red,25.1379536,121.4880888,191,10355.20
Red,25.1376990,121.4865846,192,10509.24
Red,25.1374928,121.4854243,193,10628.27
Red,25.1372535,121.4840457,194,10769.57
Red,25.1371936,121.4837479,195,10800.28
Red,25.1371602,121.4836062,196,10815.03
Red,25.1370933,121.4833589,197,10841.01
Red,25.1369883,121.4830284,198,10876.26
Red,25.1369301,121.4828751,199,10893.00
Red,25.1368360,121.4826388,200,10918.98
Red,25.1362738,121.4813312,201,11064.71
Red,25.1362648,121.4813122,202,11066.86
Red,25.1353710,121.4792331,203,11298.55
Red,25.1352813,121.4790307,204,11321.23
Red,25.1352006,121.4788581,205,11340.79
Red,25.1351132,121.4786919,206,11360.14
Red,25.1349156,121.4783682,207,11399.44
Red,25.1347740,121.4781619,208,11425.50
Red,25.1345515,121.4778694,209,11463.96
Red,25.1314448,121.4739756,210,11986.45
Red,25.1302668,121.4724871,211,12185.46
Red,25.1301657,121.4723513,212,12203.17
Red,25.1299949,121.4721074,213,12234.21
Red,25.1291345,121.4708297,214,12394.51
Red,25.1289255,121.4705416,215,12431.67
Red,25.1284670,121.4699548,216,12509.72
Red,25.1273519,121.4685627,217,12696.84
Red,25.1270776,121.4682282,218,12742.27
Red,25.1269381,121.4680802,219,12763.78
Red,25.1267693,121.4679196,220,12788.55
Red,25.1266950,121.4678545,221,12799.09
Red,25.1265284,121.4677216,222,12821.94
Red,25.1264271,121.4676453,223,12835.58
Red,25.1250579,121.4666632,224,13017.11
Red,25.1248283,121.4664870,225,13048.21
Red,25.1247517,121.4664203,226,13059.04
Red,25.1246370,121.4663108,227,13075.91
Red,25.1244772,121.4661413,228,13100.54
Red,25.1244008,121.4660471,229,13113.27
Red,25.1242480,121.4658278,230,13141.14
Red,25.1241402,121.4656470,231,13162.93
Red,25.1240438,121.4654573,232,13184.83
Red,25.1239922,121.4653393,233,13198.02
Red,25.1239094,121.4651177,234,13222.15
Red,25.1238313,121.4648407,235,13251.37
Red,25.1237979,121.4646801,236,13267.96
Red,25.1237735,121.4645476,237,13281.56
Red,25.1237581,121.4644100,238,13295.53
Red,25.1237473,121.4642668,239,13310.00
Red,25.1237409,121.4641378,240,13323.00
Red,25.1237414,121.4640024,241,13336.63
Red,25.1237581,121.4637112,242,13366.01
Red,25.1237881,121.4634996,243,13387.57
Red,25.1238247,121.4633268,244,13405.43
Red,25.1238365,121.4632783,245,13410.49
Red,25.1238365,121.4632782,246,13410.50
Red,25.1238365,121.4632782,247,13410.50
Red,25.1238382,121.4632719,248,13411.16
Red,25.1238382,121.4632719,249,13411.16
Red,25.1238589,121.4631906,250,13419.66
Red,25.1239113,121.4630172,251,13438.06
Red,25.1239546,121.4628978,252,13451.02
Red,25.1240228,121.4627329,253,13469.27
Red,25.1240683,121.4626382,254,13480.06
Red,25.1241772,121.4624310,255,13504.18
Red,25.1242725,121.4622810,256,13522.63
Red,25.1243496,121.4621682,257,13536.86
Red,25.1244244,121.4620706,258,13549.73
Red,25.1245671,121.4619016,259,13573.00
Red,25.1247550,121.4617170,260,13600.96
Red,25.1248750,121.4616142,261,13617.84
Red,25.1250311,121.4614958,262,13638.90
Red,25.1252278,121.4613673,263,13664.31
Red,25.1252957,121.4613276,264,13672.85
Red,25.1263560,121.4607446,265,13804.56
Red,25.1274593,121.4601457,266,13941.25
Red,25.1293766,121.4590908,267,14179.43
Red,25.1297428,121.4588833,268,14225.20
Red,25.1304529,121.4584598,269,14314.93
Red,25.1306179,121.4583712,270,14335.33
Red,25.1307467,121.4583078,271,14351.02
Red,25.1309208,121.4582347,272,14371.72
Red,25.1309885,121.4582102,273,14379.65
Red,25.1311264,121.4581655,274,14395.62
Red,25.1312709,121.4581269,275,14412.16
Red,25.1313522,121.4581093,276,14421.37
Red,25.1315306,121.4580799,277,14441.43
Red,25.1317045,121.4580619,278,14460.84
Red,25.1318399,121.4580565,279,14475.91
Red,25.1319505,121.4580567,280,14488.21
Red,25.1321198,121.4580675,281,14507.06
Red,25.1322822,121.4580883,282,14525.25
Red,25.1324311,121.4581152,283,14542.02
Red,25.1325957,121.4581545,284,14560.75
Red,25.1327626,121.4582029,285,14579.94
Red,25.1329430,121.4582720,286,14601.16
Red,25.1330602,121.4583252,287,14615.25
Red,25.1331886,121.4583904,288,14630.97
Red,25.1337136,121.4586735,289,14695.93
Red,25.1340944,121.4588872,290,14743.43
Red,25.1344775,121.4590957,291,14790.91
Red,25.1346465,121.4591843,292,14811.71
Red,25.1347929,121.4592549,293,14829.49
Red,25.1350003,121.4593425,294,14854.17
Red,25.1351875,121.4594052,295,14875.92
Red,25.1353002,121.4594347,296,14888.80
Red,25.1355100,121.4594792,297,14912.56
Red,25.1357424,121.4595095,298,14938.57
Red,25.1358778,121.4595196,299,14953.66
Red,25.1362095,121.4595203,300,14990.56
Red,25.1371034,121.4594874,301,15090.01
Red,25.1377355,121.4594572,302,15160.36
Red,25.1385549,121.4594277,303,15251.52
Red,25.1389950,121.4594185,304,15300.47
Red,25.1404283,121.4594245,305,15459.83
Red,25.1431865,121.4593822,306,15766.56
Red,25.1458092,121.4593846,307,16058.19
Red,25.1479060,121.4593680,308,16291.36
Red,25.1483376,121.4593533,309,16339.37
Red,25.1483800,121.4593518,310,16344.09
Red,25.1488902,121.4593218,311,16400.90
Red,25.1513780,121.4591582,312,16678.02
Red,25.1517031,121.4591260,313,16714.31
Red,25.1518295,121.4591091,314,16728.47
Red,25.1528547,121.4589443,315,16843.67
Red,25.1531686,121.4589049,316,16878.80
Red,25.1535162,121.4588736,317,16917.58
Red,25.1556608,121.4587354,318,17156.46
Red,25.1558505,121.4587188,319,17177.61
Red,25.1560379,121.4586922,320,17198.62
Red,25.1562254,121.4586548,321,17219.80
Red,25.1564106,121.4586068,322,17240.96
Red,25.1566071,121.4585443,323,17263.70
Red,25.1567902,121.4584743,324,17285.24
Red,25.1569416,121.4584054,325,17303.45
Red,25.1571021,121.4583217,326,17323.18
Red,25.1572807,121.4582145,327,17345.79
Red,25.1574142,121.4581251,328,17363.14
Red,25.1575182,121.4580466,329,17377.15
Red,25.1575612,121.4580141,330,17382.95
Red,25.1577310,121.4578709,331,17406.69
Red,25.1578419,121.4577672,332,17422.85
Red,25.1579619,121.4576445,333,17441.03
Red,25.1581340,121.4574421,334,17468.98
Red,25.1582428,121.4572972,335,17487.94
Red,25.1583199,121.4571887,336,17501.82
Red,25.1584265,121.4570148,337,17522.95
Red,25.1585218,121.4568459,338,17542.98
Red,25.1585899,121.4567141,339,17558.26
Red,25.1586877,121.4564975,340,17582.62
Red,25.1587878,121.4562387,341,17610.94
Red,25.1591360,121.4552905,342,17713.93
Red,25.1594775,121.4543435,343,17816.53
Red,25.1595434,121.4541761,344,17834.91
Red,25.1596003,121.4540418,345,17849.83
Red,25.1596775,121.4538840,346,17867.89
Red,25.1597456,121.4537583,347,17882.62
Red,25.1598227,121.4536315,348,17898.00
Red,25.1598862,121.4535360,349,17909.93
Red,25.1599814,121.4534024,350,17927.04
Red,25.1600720,121.4532890,351,17942.27
Red,25.1601649,121.4531811,352,17957.25
Red,25.1603279,121.4530187,353,17981.66
Red,25.1604411,121.4529202,354,17997.67
Red,25.1605700,121.4528172,355,18015.37
Red,25.1607487,121.4526926,356,18038.87
Red,25.1609228,121.4525916,357,18060.73
Red,25.1610923,121.4525073,358,18081.41
Red,25.1612867,121.4524261,359,18104.51
Red,25.1621024,121.4521356,360,18199.80
Red,25.1622651,121.4520683,361,18219.12
Red,25.1624866,121.4519616,362,18245.99
Red,25.1626743,121.4518544,363,18269.48
Red,25.1628755,121.4517181,364,18295.73
Red,25.1630430,121.4515861,365,18318.61
Red,25.1632014,121.4514419,366,18341.43
Red,25.1633644,121.4512732,367,18366.27
Red,25.1637880,121.4507853,368,18434.31
Red,25.1642727,121.4502161,369,18512.96
Red,25.1644925,121.4499416,370,18549.84
Red,25.1666022,121.4471385,371,18916.75
Red,25.1668402,121.4468117,372,18958.96
Red,25.1674657,121.4459735,373,19068.29
Red,25.1682951,121.4448661,374,19212.95
Red,25.0328668,121.5708771,375,38904.87
Red,25.0328668,121.5708732,376,38905.27
Red,25.0328686,121.5698147,377,39011.91
Red,25.0328740,121.5678078,378,39214.10
Red,25.0328755,121.5674114,379,39254.04
Red,25.0328795,121.5669432,380,39301.21
Red,25.0328804,121.5667166,381,39324.05
Red,25.0328833,121.5665469,382,39341.15
Red,25.0328864,121.5663202,383,39363.99
Red,25.0328950,121.5658517,384,39411.20
Red,25.0329032,121.5654557,385,39451.11
Red,25.0329087,121.5652117,386,39475.70
Red,25.0330636,121.5582393,387,40178.38
Red,25.0330777,121.5574977,388,40253.11
Red,25.0333044,121.5468684,389,41324.31
Red,25.0333124,121.5465346,390,41357.95
Red,25.0333375,121.5458478,391,41427.19
Red,25.0333839,121.5435963,392,41654.10
Red,25.0333839,121.5435963,393,41654.10
Red,25.0334582,121.5399814,394,42018.39
Red,25.0334875,121.5387604,395,42141.44
Red,25.0335997,121.5332666,396,42695.08
Red,25.0336041,121.5326596,397,42756.23
Red,25.0335931,121.5319424,398,42828.50
Red,25.0335755,121.5311991,399,42903.41
Red,25.0335741,121.5309415,400,42929.37
Red,25.0335793,121.5307634,401,42947.32
Red,25.0335937,121.5305198,402,42971.92
Red,25.0336102,121.5303028,403,42993.86
Red,25.0336288,121.5301601,404,43008.38
Red,25.0336544,121.5299466,405,43030.08
Red,25.0336613,121.5298986,406,43034.98
Red,25.0339489,121.5277451,407,43254.28
Red,25.0339859,121.5274966,408,43279.65
Red,25.0340089,121.5273732,409,43292.35
Red,25.0340501,121.5272052,410,43309.88
Red,25.0340707,121.5271328,411,43317.53
Red,25.0341345,121.5269559,412,43336.71
Red,25.0341823,121.5268475,413,43348.86
Red,25.0342368,121.5267368,414,43361.55
Red,25.0343254,121.5265749,415,43380.60
Red,25.0346592,121.5260106,416,43448.50
Red,25.0347024,121.5259371,417,43457.33
Red,25.0347819,121.5257869,418,43474.85
Red,25.0348660,121.5256166,419,43494.39
Red,25.0349275,121.5254583,420,43511.74
Red,25.0349800,121.5252821,421,43530.44
Red,25.0350053,121.5251632,422,43542.73
Red,25.0350307,121.5250039,423,43559.04
Red,25.0350402,121.5248630,424,43573.27
Red,25.0350429,121.5247218,425,43587.50
Red,25.0350345,121.5245453,426,43605.31
Red,25.0350257,121.5244762,427,43612.34
Red,25.0350059,121.5243395,428,43626.28
Red,25.0349904,121.5242701,429,43633.49
Red,25.0349391,121.5240868,430,43652.81
Red,25.0348877,121.5239426,431,43668.42
Red,25.0348317,121.5238164,432,43682.58
Red,25.0347330,121.5236351,433,43703.89
Red,25.0346365,121.5234928,434,43721.80
Red,25.0345062,121.5233287,435,43743.78
Red,25.0343667,121.5231979,436,43764.14
Red,25.0342857,121.5231297,437,43775.46
Red,25.0341236,121.5230157,438,43796.84
Red,25.0340222,121.5229567,439,43809.58
Red,25.0339343,121.5229127,440,43820.31
Red,25.0338171,121.5228632,441,43834.26
Red,25.0337428,121.5228369,442,43842.95
Red,25.0335804,121.5227926,443,43861.54
Red,25.0334180,121.5227625,444,43879.86
Red,25.0332556,121.5227410,445,43898.05
Red,25.0327998,121.5226926,446,43948.96
Red,25.0325765,121.5226613,447,43973.99
Red,25.0323938,121.5226212,448,43994.70
Red,25.0323126,121.5225967,449,44004.06
Red,25.0321323,121.5225266,450,44025.32
Red,25.0320534,121.5224879,451,44034.92
Red,25.0320499,121.5224859,452,44035.36
Red,25.0320499,121.5224859,453,44035.36
Red,25.0319453,121.5224258,454,44048.47
Red,25.0318643,121.5223734,455,44058.91
Red,25.0317382,121.5222778,456,44075.92
Red,25.0316437,121.5221935,457,44089.43
Red,25.0315290,121.5220784,458,44106.67
Red,25.0314032,121.5219166,459,44128.16
Red,25.0313493,121.5218349,460,44138.34
Red,25.0312977,121.5217498,461,44148.65
Red,25.0312461,121.5216546,462,44159.83
Red,25.0312080,121.5215714,463,44169.22
Red,25.0311565,121.5214464,464,44183.05
Red,25.0311275,121.5213682,465,44191.57
Red,25.0310784,121.5211859,466,44210.72
Red,25.0310452,121.5210177,467,44228.08
Red,25.0310234,121.5207909,468,44251.05
Red,25.0310217,121.5206360,469,44266.66
Red,25.0310335,121.5204673,470,44283.70
Red,25.0310428,121.5203955,471,44291.01
Red,25.0310659,121.5202603,472,44304.88
Red,25.0311071,121.5200948,473,44322.17
Red,25.0311755,121.5198988,474,44343.33
Red,25.0312574,121.5197195,475,44363.56
Red,25.0313573,121.5195474,476,44384.15
Red,25.0314457,121.5194230,477,44400.08
Red,25.0315545,121.5192940,478,44417.84
Red,25.0316497,121.5191966,479,44432.27
Red,25.0317900,121.5190749,480,44452.12
Red,25.0318919,121.5189942,481,44466.06
Red,25.0319643,121.5189387,482,44475.86
Red,25.0319846,121.5189233,483,44478.60
Red,25.0334707,121.5178156,484,44678.00
Red,25.0351324,121.5165769,485,44900.97
Red,25.0356370,121.5162086,486,44968.24
Red,25.0360871,121.5159160,487,45026.33
Red,25.0362771,121.5158025,488,45050.35
Red,25.0364196,121.5157241,489,45068.05
Red,25.0365620,121.5156538,490,45085.40
Red,25.0368016,121.5155494,491,45114.04
Red,25.0369440,121.5154971,492,45130.73
Red,25.0370751,121.5154543,493,45145.93
Red,25.0372761,121.5153975,494,45169.01
Red,25.0374433,121.5153592,495,45187.99
Red,25.0376127,121.5153286,496,45207.08
Red,25.0377820,121.5153058,497,45226.05
Red,25.0379514,121.5152904,498,45244.94
Red,25.0381184,121.5152821,499,45263.53
Red,25.0382922,121.5152822,500,45282.86
Red,25.0384615,121.5152894,501,45301.69
Red,25.0386329,121.5153044,502,45320.82
Red,25.0387683,121.5153217,503,45335.97
Red,25.0389533,121.5153531,504,45356.78
Red,25.0392690,121.5154232,505,45392.60
Red,25.0395847,121.5155063,506,45428.68
Red,25.0426917,121.5164412,507,45786.78
Red,25.0431336,121.5165806,508,45837.88
Red,25.0431945,121.5166000,509,45844.93
Red,25.0435124,121.5167026,510,45881.75
Red,25.0437716,121.5167803,511,45911.62
Red,25.0454988,121.5172713,512,46109.95
Red,25.0457491,121.5173454,513,46138.76
Red,25.0460963,121.5174646,514,46179.19
Red,25.0461854,121.5174996,515,46189.71
Red,25.0461854,121.5174996,516,46189.71
Red,25.0462473,121.5175240,517,46197.02
Red,25.0464276,121.5176072,518,46218.74
Red,25.0466777,121.5177340,519,46249.34
Red,25.0468804,121.5178426,520,46274.40
Red,25.0474819,121.5181815,521,46349.49
Red,25.0477274,121.5183318,522,46380.71
Red,25.0480629,121.5185540,523,46424.22
Red,25.0483308,121.5187453,524,46459.70
Red,25.0486820,121.5190147,525,46507.25
Red,25.0489251,121.5192124,526,46540.82
Red,25.0492694,121.5195108,527,46589.50
Red,25.0494607,121.5196680,528,46616.02
Red,25.0495912,121.5197661,529,46633.58
Red,25.0497826,121.5198924,530,46658.38
Red,25.0498998,121.5199567,531,46672.92
Red,25.0500755,121.5200441,532,46694.36
Red,25.0501927,121.5200914,533,46708.24
Red,25.0503212,121.5201362,534,46723.22
Red,25.0504475,121.5201749,535,46737.79
Red,25.0505648,121.5202011,536,46751.09
Red,25.0508174,121.5202452,537,46779.54
Red,25.0510859,121.5202674,538,46809.48
Red,25.0517742,121.5203053,539,46886.10
Red,25.0526480,121.5203595,540,46983.43
Circular,24.9828990,121.5413510,1,0.00
Circular,24.9828988,121.5413416,2,0.94
Circular,24.9826279,121.5330555,3,836.66
Circular,24.9826278,121.5330521,4,836.99
Circular,24.9826041,121.5323272,5,910.11
Circular,24.9826041,121.5323272,6,910.11
Circular,24.9825516,121.5309698,7,1047.04
Circular,24.9825504,121.5306013,8,1084.19
Circular,24.9825689,121.5304277,9,1101.81
Circular,24.9825856,121.5303155,10,1113.27
Circular,24.9826016,121.5302265,11,1122.41
Circular,24.9826325,121.5301068,12,1134.96
Circular,24.9826769,121.5299642,13,1150.15
Circular,24.9827134,121.5298745,14,1160.06
Circular,24.9827597,121.5297842,15,1170.52
Circular,24.9828486,121.5296349,16,1188.52
Circular,24.9830133,121.5293928,17,1219.03
Circular,24.9835547,121.5287477,18,1307.64
Circular,24.9835547,121.5287477,19,1307.64
Circular,24.9837242,121.5285171,20,1337.57
Circular,24.9846990,121.5272833,21,1502.53
Circular,24.9849149,121.5270195,22,1538.35
Circular,24.9849149,121.5270195,23,1538.35
Circular,24.9850678,121.5267334,24,1571.83
Circular,24.9851262,121.5266571,25,1581.90
Circular,24.9851894,121.5265916,26,1591.53
Circular,24.9852495,121.5265357,27,1600.28
Circular,24.9852952,121.5264993,28,1606.55
Circular,24.9853254,121.5264771,29,1610.58
Circular,24.9854122,121.5264354,30,1621.11
Circular,24.9854837,121.5264064,31,1629.57
Circular,24.9855531,121.5263807,32,1637.71
Circular,24.9855987,121.5263668,33,1642.97
Circular,24.9856439,121.5263570,34,1648.09
Circular,24.9856852,121.5263510,35,1652.74
Circular,24.9857302,121.5263511,36,1657.73
Circular,24.9858095,121.5263510,37,1666.55
Circular,24.9859263,121.5263621,38,1679.58
Circular,24.9859782,121.5263745,39,1685.50
Circular,24.9860424,121.5263927,40,1692.87
Circular,24.9861258,121.5264352,41,1703.08
Circular,24.9864152,121.5265880,42,1738.75
Circular,24.9864152,121.5265880,43,1738.75
Circular,24.9872183,121.5268271,44,1831.25
Circular,24.9880974,121.5270947,45,1932.65
Circular,24.9889524,121.5273519,46,2031.20
Circular,24.9890859,121.5273608,47,2046.07
Circular,24.9892213,121.5273552,48,2061.13
Circular,24.9894038,121.5273149,49,2081.82
Circular,24.9895438,121.5272599,50,2098.36
Circular,24.9897093,121.5271632,51,2119.18
Circular,24.9898389,121.5270539,52,2137.32
Circular,24.9900060,121.5268351,53,2166.16
Circular,24.9900556,121.5267414,54,2177.09
Circular,24.9901015,121.5266375,55,2188.74
Circular,24.9901220,121.5265641,56,2196.48
Circular,24.9901581,121.5264323,57,2210.35
Circular,24.9901761,121.5263227,58,2221.59
Circular,24.9902287,121.5258309,59,2271.50
Circular,24.9903428,121.5248753,60,2368.64
Circular,24.9906607,121.5219819,61,2662.38
Circular,24.9907189,121.5217649,62,2685.18
Circular,24.9909414,121.5211294,63,2753.85
Circular,24.9915598,121.5193860,64,2942.53
Circular,24.9917427,121.5188715,65,2998.23
Circular,24.9918329,121.5185713,66,3030.10
Circular,24.9919078,121.5181917,67,3069.26
Circular,24.9919573,121.5178414,68,3104.99
Circular,24.9920267,121.5172818,69,3161.91
Circular,24.9922364,121.5154230,70,3350.69
Circular,24.9930750,121.5081199,71,4092.60
Circular,24.9930834,121.5080555,72,4099.16
Circular,24.9930839,121.5080521,73,4099.50
Circular,24.9934676,121.5051301,74,4397.07
Circular,24.9934823,121.5049816,75,4412.12
Circular,24.9934823,121.5049816,76,4412.12
Circular,24.9934985,121.5048163,77,4428.88
Circular,24.9935264,121.5042186,78,4489.20
Circular,24.9935660,121.5039731,79,4514.33
Circular,24.9936345,121.5037364,80,4539.37
Circular,24.9937231,121.5035492,81,4560.65
Circular,24.9939251,121.5032530,82,4598.01
Circular,24.9957110,121.5012929,83,4878.11
Circular,24.9959607,121.5010629,84,4914.28
Circular,24.9964759,121.5007776,85,4978.38
Circular,24.9973925,121.5004128,86,5086.73
Circular,24.9977275,121.5002728,87,5126.56
Circular,24.9979339,121.5001774,88,5151.45
Circular,24.9981334,121.5000446,89,5177.36
Circular,24.9982547,121.4999538,90,5193.65
Circular,24.9983338,121.4998907,91,5204.51
Circular,24.9983338,121.4998907,92,5204.51
Circular,24.9983342,121.4998903,93,5204.57
Circular,24.9983678,121.4998635,94,5209.17
Circular,24.9986217,121.4996052,95,5247.58
Circular,24.9992871,121.4988783,96,5351.70
Circular,25.0015212,121.4968164,97,5675.57
Circular,25.0011951,121.4969209,98,5713.33
Circular,25.0011143,121.4969564,99,5723.01
Circular,25.0009968,121.4970486,100,5739.04
Circular,25.0008462,121.4972005,101,5761.73
Circular,25.0008097,121.4972394,102,5767.37
Circular,25.0005142,121.4975679,103,5814.01
Circular,25.0000492,121.4980806,104,5887.11
Circular,24.9994217,121.4987683,105,5985.45
Circular,24.9992871,121.4988783,106,6004.08
Circular,24.9992871,121.4988783,107,6004.08
Circular,24.9993972,121.4987245,108,6023.83
Circular,24.9997029,121.4983895,109,6071.74
Circular,25.0000210,121.4980373,110,6121.85
Circular,25.0004864,121.4975284,111,6194.72
Circular,25.0007576,121.4972324,112,6237.12
Circular,25.0008170,121.4971688,113,6246.34
Circular,25.0008871,121.4970973,114,6256.95
Circular,25.0009523,121.4970435,115,6266.00
Circular,25.0009912,121.4970117,116,6271.38
Circular,25.0010334,121.4969772,117,6277.23
Circular,25.0010658,121.4969538,118,6281.52
Circular,25.0010946,121.4969352,119,6285.24
Circular,25.0011180,121.4969206,120,6288.23
Circular,25.0011405,121.4969082,121,6291.03
Circular,25.0011600,121.4968995,122,6293.37
Circular,25.0011815,121.4968896,123,6295.95
Circular,25.0012384,121.4968700,124,6302.58
Circular,25.0015212,121.4968164,125,6334.50
Circular,25.0015212,121.4968164,126,6334.50
Circular,25.0018482,121.4967763,127,6371.08
Circular,25.0020149,121.4967497,128,6389.81
Circular,25.0020866,121.4967291,129,6398.04
Circular,25.0021819,121.4966802,130,6409.73
Circular,25.0022411,121.4966230,131,6418.48
Circular,25.0022982,121.4965476,132,6428.38
Circular,25.0023390,121.4964459,133,6439.59
Circular,25.0023557,121.4963305,134,6451.37
Circular,25.0023622,121.4962231,135,6462.22
Circular,25.0023514,121.4961145,136,6473.22
Circular,25.0022274,121.4948172,137,6604.69
Circular,25.0021547,121.4940036,138,6687.08
Circular,25.0021535,121.4938578,139,6701.77
Circular,25.0021686,121.4936539,140,6722.38
Circular,25.0022033,121.4934931,141,6739.04
Circular,25.0022384,121.4933897,142,6750.16
Circular,25.0022901,121.4932677,143,6763.74
Circular,25.0024024,121.4930247,144,6791.23
Circular,25.0026970,121.4924072,145,6861.55
Circular,25.0032989,121.4910927,146,7009.97
Circular,25.0033749,121.4909760,147,7024.45
Circular,25.0034436,121.4908968,148,7035.50
Circular,25.0035388,121.4908271,149,7048.20
Circular,25.0037828,121.4906908,150,7078.61
Circular,25.0041117,121.4905095,151,7119.49
Circular,25.0047485,121.4901629,152,7198.45
Circular,25.0052527,121.4898531,153,7262.62
Circular,25.0053539,121.4897666,154,7276.86
Circular,25.0054567,121.4896513,155,7293.15
Circular,25.0055250,121.4895687,156,7304.42
Circular,25.0056491,121.4893953,157,7326.69
Circular,25.0057947,121.4891623,158,7355.20
Circular,25.0059364,121.4889191,159,7384.34
Circular,25.0060795,121.4886670,160,7414.32
Circular,25.0062273,121.4883932,161,7446.43
Circular,25.0065027,121.4878297,162,7510.95
Circular,25.0071429,121.4864759,163,7664.83
Circular,25.0075606,121.4855786,164,7766.49
Circular,25.0083226,121.4839524,165,7950.97
Circular,25.0085243,121.4835147,166,8000.45
Circular,25.0087504,121.4830555,167,8053.11
Circular,25.0087520,121.4830521,168,8053.49
Circular,25.0092598,121.4819725,169,8176.07
Circular,25.0096823,121.4811511,170,8271.24
Circular,25.0100208,121.4805370,171,8343.67
Circular,25.0107563,121.4790522,172,8514.19
Circular,25.0111371,121.4782377,173,8606.54
Circular,25.0116534,121.4771599,174,8729.38
Circular,25.0118631,121.4767282,175,8778.74
Circular,25.0121274,121.4762403,176,8836.02
Circular,25.0124464,121.4757070,177,8900.42
Circular,25.0129618,121.4748894,178,9000.77
Circular,25.0133805,121.4742228,179,9082.50
Circular,25.0138508,121.4734755,180,9174.18
Circular,25.0142245,121.4728931,181,9246.09
Circular,25.0147786,121.4719878,182,9356.17
Circular,25.0150277,121.4715800,183,9405.72
Circular,25.0151650,121.4713372,184,9434.57
Circular,25.0152070,121.4712499,185,9444.52
Circular,25.0152848,121.4710883,186,9462.96
Circular,25.0152936,121.4710682,187,9465.20
Circular,25.0153624,121.4709106,188,9482.84
Circular,25.0154962,121.4705030,189,9526.51
Circular,25.0156191,121.4701237,190,9567.11
Circular,25.0158545,121.4693683,191,9647.60
Circular,25.0158643,121.4693302,192,9651.59
Circular,25.0159060,121.4691840,193,9667.03
Circular,25.0159515,121.4689127,194,9694.84
Circular,25.0159709,121.4687495,195,9711.42
Circular,25.0159727,121.4686041,196,9726.07
Circular,25.0159722,121.4683533,197,9751.34
Circular,25.0159415,121.4677894,198,9808.27
Circular,25.0159152,121.4675504,199,9832.53
Circular,25.0158992,121.4674687,200,9840.95
Circular,25.0158792,121.4674019,201,9848.04
Circular,25.0158403,121.4672934,202,9859.80
Circular,25.0157960,121.4671997,203,9870.44
Circular,25.0156722,121.4670168,204,9893.45
Circular,25.0154486,121.4667207,205,9932.29
Circular,25.0148564,121.4659135,206,10036.94
Circular,25.0148078,121.4658473,207,10045.53
Circular,25.0147365,121.4657342,208,10059.40
Circular,25.0147029,121.4656554,209,10068.17
Circular,25.0146843,121.4655604,210,10077.97
Circular,25.0146860,121.4654655,211,10087.54
Circular,25.0146984,121.4653854,212,10095.73
Circular,25.0147256,121.4653113,213,10103.79
Circular,25.0147828,121.4652017,214,10116.53
Circular,25.0149526,121.4649471,215,10148.38
Circular,25.0155095,121.4641139,216,10252.71
Circular,25.0157303,121.4637881,217,10293.70
Circular,25.0157303,121.4637881,218,10293.70
Circular,25.0159197,121.4635085,219,10328.87
Circular,25.0159985,121.4633901,220,10343.68
Circular,25.0160664,121.4633132,221,10354.49
Circular,25.0161395,121.4632615,222,10364.15
Circular,25.0162018,121.4632336,223,10371.63
Circular,25.0162235,121.4632248,224,10374.19
Circular,25.0163141,121.4632073,225,10384.42
Circular,25.0163925,121.4632210,226,10393.25
Circular,25.0164857,121.4632436,227,10403.86
Circular,25.0166611,121.4633585,228,10426.54
Circular,25.0177184,121.4642186,229,10572.61
Circular,25.0177432,121.4642387,230,10576.03
Circular,25.0179721,121.4644246,231,10607.62
Circular,25.0179721,121.4644246,232,10607.62
Circular,25.0184143,121.4647836,233,10668.67
Circular,25.0193584,121.4655573,234,10799.42
Circular,25.0203321,121.4663474,235,10933.81
Circular,25.0208959,121.4667680,236,11009.49
Circular,25.0214113,121.4671023,237,11075.97
Circular,25.0217217,121.4673038,238,11116.01
Circular,25.0219160,121.4674099,239,11140.12
Circular,25.0219970,121.4674428,240,11149.72
Circular,25.0220803,121.4674753,241,11159.54
Circular,25.0220803,121.4674753,242,11159.54
Circular,25.0220970,121.4674818,243,11161.50
Circular,25.0221807,121.4675163,244,11171.44
Circular,25.0223888,121.4675630,245,11195.05
Circular,25.0224438,121.4675730,246,11201.25
Circular,25.0225725,121.4675964,247,11215.76
Circular,25.0229538,121.4675993,248,11258.16
Circular,25.0233149,121.4675710,249,11298.41
Circular,25.0233343,121.4675691,250,11300.57
Circular,25.0239465,121.4675081,251,11368.92
Circular,25.0241872,121.4674838,252,11395.80
Circular,25.0242927,121.4674723,253,11407.59
Circular,25.0244280,121.4674491,254,11422.81
Circular,25.0246107,121.4673964,255,11443.81
Circular,25.0248262,121.4673149,256,11469.14
Circular,25.0248868,121.4672920,257,11476.27
Circular,25.0252159,121.4671330,258,11516.21
Circular,25.0256288,121.4669126,259,11567.21
Circular,25.0274774,121.4659861,260,11792.97
Circular,25.0274774,121.4659861,261,11792.97
Circular,25.0278355,121.4657703,262,11838.34
Circular,25.0283122,121.4655228,263,11896.92
Circular,25.0284571,121.4654387,264,11915.12
Circular,25.0286102,121.4653295,265,11935.40
Circular,25.0288949,121.4650961,266,11974.83
Circular,25.0289911,121.4650327,267,11987.29
Circular,25.0290953,121.4649856,268,11999.81
Circular,25.0292361,121.4649268,269,12016.55
Circular,25.0294487,121.4648459,270,12041.55
Circular,25.0295854,121.4647871,271,12057.87
Circular,25.0299415,121.4646222,272,12100.81
Circular,25.0304453,121.4643555,273,12162.94
Circular,25.0310696,121.4640329,274,12239.59
Circular,25.0313526,121.4638930,275,12274.08
Circular,25.0318062,121.4636721,276,12329.21
Circular,25.0319836,121.4635971,277,12350.33
Circular,25.0321690,121.4635414,278,12371.69
Circular,25.0327427,121.4633877,279,12437.34
Circular,25.0331132,121.4632728,280,12480.14
Circular,25.0331132,121.4632728,281,12480.14
Circular,25.0334132,121.4631557,282,12515.51
Circular,25.0336424,121.4630577,283,12542.85
Circular,25.0344132,121.4627440,284,12634.20
Circular,25.0348951,121.4625479,285,12691.31
Circular,25.0354240,121.4623322,286,12754.00
Circular,25.0359619,121.4621126,287,12817.78
Circular,25.0366280,121.4618223,288,12897.41
Circular,25.0368085,121.4617379,289,12919.21
Circular,25.0370018,121.4616278,290,12943.39
Circular,25.0376429,121.4612443,291,13024.48
Circular,25.0379333,121.4610631,292,13061.58
Circular,25.0380992,121.4609655,293,13082.47
Circular,25.0382653,121.4608732,294,13103.15
Circular,25.0384440,121.4607927,295,13124.62
Circular,25.0386822,121.4607065,296,13152.49
Circular,25.0388172,121.4606617,297,13168.16
Circular,25.0390121,121.4605971,298,13190.79
Circular,25.0390121,121.4605971,299,13190.79
Circular,25.0391893,121.4605382,300,13211.37
Circular,25.0402702,121.4602039,301,13336.19
Circular,25.0403859,121.4601845,302,13349.20
Circular,25.0404668,121.4601710,303,13358.30
Circular,25.0405858,121.4601635,304,13371.56
Circular,25.0415883,121.4601099,305,13483.16
Circular,25.0427512,121.4600450,306,13612.64
Circular,25.0434187,121.4600392,307,13686.86
Circular,25.0443611,121.4600312,308,13791.65
Circular,25.0454440,121.4600240,309,13912.06
Circular,25.0468285,121.4600186,310,14066.02
Circular,25.0483340,121.4600043,311,14233.42
Circular,25.0486193,121.4600016,312,14265.15
Circular,25.0504941,121.4599874,313,14473.63
Circular,25.0508756,121.4599860,314,14516.04
Circular,25.0534530,121.4599761,315,14802.65
Circular,25.0565417,121.4599849,316,15146.09
Circular,25.0584213,121.4599761,317,15355.10
Circular,25.0596640,121.4599808,318,15493.28
Circular,25.0599164,121.4599817,319,15521.34
Circular,25.0600967,121.4599639,320,15541.47
Circular,25.0602026,121.4599326,321,15553.66
Circular,25.0604359,121.4598675,322,15580.42
Circular,25.0605946,121.4598391,323,15598.30
Circular,25.0608516,121.4598351,324,15626.87
Circular,25.0274774,121.4659861,325,19389.29
Circular,25.0279002,121.4657742,326,19440.93
Circular,25.0287661,121.4653682,327,19545.54
Circular,25.0295479,121.4649695,328,19641.31
Circular,25.0299606,121.4647414,329,19692.63
Circular,25.0301167,121.4646550,330,19712.05
Circular,25.0311838,121.4641070,331,19842.93
Circular,25.0317472,121.4638301,332,19911.49
Circular,25.0320524,121.4636871,333,19948.37
Circular,25.0326830,121.4634607,334,20022.11
Circular,25.0331132,121.4632728,335,20073.56
Circular,24.9864152,121.5265880,336,28299.73
Circular,24.9860682,121.5264823,337,28339.76
Circular,24.9859486,121.5264563,338,28353.31
Circular,24.9858066,121.5264423,339,28369.16
Circular,24.9857058,121.5264421,340,28380.37
Circular,24.9855975,121.5264645,341,28392.62
Circular,24.9854890,121.5264997,342,28405.20
Circular,24.9854382,121.5265249,343,28411.40
Circular,24.9853106,121.5265963,344,28427.30
Circular,24.9852807,121.5266164,345,28431.20
Circular,24.9851113,121.5267847,346,28456.55
Circular,24.9849149,121.5270195,347,28488.75
Circular,24.9849149,121.5270195,348,28488.75
Circular,24.9851830,121.5268062,349,28525.51
Circular,24.9852678,121.5267507,350,28536.47
Circular,24.9853094,121.5267225,351,28541.90
Circular,24.9853926,121.5266787,352,28552.16
Circular,24.9855151,121.5266241,353,28566.85
Circular,24.9856206,121.5265920,354,28579.02
Circular,24.9857266,121.5265669,355,28591.07
Circular,24.9857987,121.5265510,356,28599.24
Circular,24.9859837,121.5265332,357,28619.89
Circular,24.9864152,121.5265880,358,28668.19
