shape_id,shape_pt_lon,shape_pt_lat,shape_pt_sequence,shape_dist_traveled
B-CZ,120.5902535,24.1143870,1,0.00
B-CZ,120.5892042,24.1148926,2,120.42
B-CZ,120.5889869,24.1149665,3,143.95
B-CZ,120.5887277,24.1150607,4,172.27
B-CZ,120.5882592,24.1152242,5,223.18
B-CZ,120.5878188,24.1153800,6,271.11
B-CZ,120.5874949,24.1154945,7,306.37
B-CZ,120.5871928,24.1155994,8,339.17
B-CZ,120.5869604,24.1156809,9,364.44
B-CZ,120.5867470,24.1157525,10,387.52
B-CZ,120.5865919,24.1157988,11,404.07
B-CZ,120.5864231,24.1158435,12,421.91
B-CZ,120.5862584,24.1158847,13,439.24
B-CZ,120.5861084,24.1159160,14,454.85
B-CZ,120.5859627,24.1159446,15,469.98
B-CZ,120.5857993,24.1159715,16,486.83
B-CZ,120.5856305,24.1159958,17,504.18
B-CZ,120.5854625,24.1160147,18,521.35
B-CZ,120.5852958,24.1160297,19,538.35
B-CZ,120.5851078,24.1160409,20,557.48
B-CZ,120.5848491,24.1160484,21,583.74
B-CZ,120.5846225,24.1160452,22,606.75
B-CZ,120.5843975,24.1160343,23,629.62
B-CZ,120.5842170,24.1160204,24,648.00
B-CZ,120.5839866,24.1159960,25,671.54
B-CZ,120.5837269,24.1159561,26,698.27
B-CZ,120.5833606,24.1158859,27,736.26
B-CZ,120.5832897,24.1158717,28,743.62
B-CZ,120.5830535,24.1158376,29,767.89
B-CZ,120.5830042,24.1158304,30,772.96
B-CZ,120.5827050,24.1157837,31,803.76
B-CZ,120.5825310,24.1157602,32,821.61
B-CZ,120.5823715,24.1157441,33,837.90
B-CZ,120.5821580,24.1157334,34,859.61
B-CZ,120.5818531,24.1157285,35,890.55
B-CZ,120.5815278,24.1157415,36,923.60
B-CZ,120.5811587,24.1157781,37,961.28
B-CZ,120.5808214,24.1158291,38,995.98
B-CZ,120.5805161,24.1159006,39,1027.97
B-CZ,120.5800416,24.1160383,40,1078.50
B-CZ,120.5797652,24.1161424,41,1108.84
B-CZ,120.5794487,24.1162829,42,1144.57
B-CZ,120.5790885,24.1164746,43,1186.88
B-CZ,120.5785825,24.1168062,44,1250.11
B-CZ,120.5783394,24.1169866,45,1281.90
B-CZ,120.5779321,24.1172975,46,1335.78
B-CZ,120.5774929,24.1176473,47,1394.94
B-CZ,120.5772160,24.1178534,48,1431.21
B-CZ,120.5770759,24.1179438,49,1448.62
B-CZ,120.5761791,24.1184764,50,1557.21
B-CZ,120.5758225,24.1186390,51,1597.66
B-CZ,120.5754254,24.1187844,52,1641.08
B-CZ,120.5750526,24.1189001,53,1681.05
B-CZ,120.5747264,24.1189901,54,1715.63
B-CZ,120.5738000,24.1193148,55,1816.34
B-CZ,120.5700729,24.1201978,56,2207.13
B-JJ,120.6160641,23.8147979,1,0.00
B-JJ,120.6171440,23.8143296,2,121.57
B-JJ,120.6199026,23.8123931,3,475.30
B-JJ,120.6208457,23.8116631,4,600.97
B-JJ,120.6229760,23.8101951,5,872.28
B-JJ,120.6247203,23.8090670,6,1089.59
B-JJ,120.6262843,23.8079797,7,1289.42
B-JJ,120.6275136,23.8071388,8,1445.57
B-JJ,120.6285644,23.8064402,9,1577.72
B-JJ,120.6295752,23.8058589,10,1699.18
B-JJ,120.6310795,23.8050807,11,1874.99
B-JJ,120.6313928,23.8049152,12,1911.79
B-JJ,120.6331360,23.8039588,13,2118.58
B-JJ,120.6344191,23.8029602,14,2289.96
B-JJ,120.6353998,23.8022840,15,2414.88
B-JJ,120.6368442,23.8011853,16,2606.00
B-JJ,120.6393284,23.7993315,17,2932.13
B-JJ,120.6400219,23.7988759,18,3019.00
B-JJ,120.6404018,23.7986755,19,3063.60
B-JJ,120.6408370,23.7985677,20,3109.48
B-JJ,120.6413520,23.7984791,21,3162.80
B-JJ,120.6419289,23.7984804,22,3221.48
B-JJ,120.6420031,23.7984866,23,3229.07
B-JJ,120.6420294,23.7984887,24,3231.76
B-JJ,120.6424509,23.7985237,25,3274.81
B-JJ,120.6428001,23.7985528,26,3310.48
B-JJ,120.6440098,23.7986254,27,3433.83
B-JJ,120.6470079,23.7988024,28,3739.48
B-JJ,120.6488390,23.7989689,29,3926.70
B-JJ,120.6492211,23.7990927,30,3967.94
B-JJ,120.6496481,23.7992649,31,4015.41
B-JJ,120.6513778,23.8001814,32,4218.77
B-JJ,120.6516179,23.8002974,33,4246.40
B-JJ,120.6520404,23.8003951,34,4290.73
B-JJ,120.6523759,23.8004180,35,4324.96
B-JJ,120.6527724,23.8004026,36,4365.33
B-JJ,120.6537069,23.8002305,37,4462.32
B-JJ,120.6542258,23.8001680,38,4515.57
B-JJ,120.6544690,23.8001276,39,4540.71
B-JJ,120.6548261,23.8001431,40,4577.08
B-JJ,120.6554392,23.8002155,41,4639.98
B-JJ,120.6562640,23.8003996,42,4726.35
B-JJ,120.6573855,23.8007033,43,4845.35
B-JJ,120.6581375,23.8008427,44,4923.41
B-JJ,120.6585251,23.8009744,45,4965.48
B-JJ,120.6590456,23.8012668,46,5027.61
B-JJ,120.6591595,23.8013438,47,5042.02
B-JJ,120.6595601,23.8017771,48,5105.12
B-JJ,120.6598878,23.8021803,49,5161.00
B-JJ,120.6601460,23.8024914,50,5204.44
B-JJ,120.6603849,23.8027643,51,5243.31
B-JJ,120.6606803,23.8029472,52,5279.61
B-JJ,120.6609183,23.8031141,53,5310.10
B-JJ,120.6613422,23.8033407,54,5360.05
B-JJ,120.6617730,23.8035641,55,5410.43
B-JJ,120.6622151,23.8039083,56,5469.49
B-JJ,120.6626192,23.8042494,57,5525.42
B-JJ,120.6630584,23.8046732,58,5590.36
B-JJ,120.6634799,23.8050460,59,5650.01
B-JJ,120.6645035,23.8059826,60,5797.29
B-JJ,120.6656105,23.8070253,61,5958.92
B-JJ,120.6667797,23.8079397,62,6115.40
B-JJ,120.6681640,23.8089986,63,6298.97
B-JJ,120.6709757,23.8111582,64,6672.44
B-JJ,120.6733144,23.8130531,65,6990.24
B-JJ,120.6760023,23.8151321,66,7348.31
B-JJ,120.6778964,23.8165854,67,7599.78
B-JJ,120.6781319,23.8167598,68,7630.60
B-JJ,120.6783270,23.8169044,69,7656.15
B-JJ,120.6783276,23.8169049,70,7656.23
B-JJ,120.6783277,23.8169049,71,7656.24
B-JJ,120.6785502,23.8170698,72,7685.36
B-JJ,120.6802503,23.8184979,73,7920.15
B-JJ,120.6819935,23.8200912,74,8170.82
B-JJ,120.6872808,23.8246114,75,8906.95
B-JJ,120.6902190,23.8272327,76,9324.42
B-JJ,120.6928754,23.8296152,77,9702.82
B-JJ,120.6952015,23.8316565,78,10030.70
B-JJ,120.6964586,23.8327401,79,10206.39
B-JJ,120.6968865,23.8330157,80,10259.62
B-JJ,120.6978335,23.8334476,81,10367.25
B-JJ,120.6989232,23.8339216,82,10489.98
B-JJ,120.6994618,23.8340540,83,10546.71
B-JJ,120.6999417,23.8340672,84,10595.53
B-JJ,120.7026788,23.8340535,85,10873.94
B-JJ,120.7036935,23.8341834,86,10978.15
B-JJ,120.7042497,23.8342932,87,11036.03
B-JJ,120.7047572,23.8344466,88,11090.39
B-JJ,120.7047624,23.8344482,89,11090.95
B-JJ,120.7047939,23.8344577,90,11094.33
B-JJ,120.7052197,23.8345864,91,11139.93
B-JJ,120.7062128,23.8348315,92,11244.56
B-JJ,120.7068812,23.8350060,93,11315.25
B-JJ,120.7074332,23.8349772,94,11371.49
B-JJ,120.7080568,23.8348478,95,11436.53
B-JJ,120.7085721,23.8346663,96,11492.70
B-JJ,120.7090880,23.8343951,97,11553.21
B-JJ,120.7107154,23.8335141,98,11745.56
B-JJ,120.7120806,23.8327462,99,11908.57
B-JJ,120.7123991,23.8325795,100,11945.90
B-JJ,120.7126850,23.8325144,101,11975.86
B-JJ,120.7130292,23.8324672,102,12011.26
B-JJ,120.7133733,23.8324738,103,12046.27
B-JJ,120.7140787,23.8326460,104,12120.53
B-JJ,120.7158578,23.8335356,105,12326.76
B-JJ,120.7175638,23.8343092,106,12520.43
B-JJ,120.7185240,23.8346574,107,12625.49
B-JJ,120.7199709,23.8351618,108,12782.98
B-JJ,120.7221963,23.8359602,109,13026.11
B-JJ,120.7228742,23.8361520,110,13098.29
B-JJ,120.7232578,23.8362407,111,13138.53
B-JJ,120.7240647,23.8364576,112,13224.07
B-JJ,120.7251430,23.8365269,113,13334.01
B-JJ,120.7263956,23.8367859,114,13464.64
B-JJ,120.7281219,23.8371832,115,13645.69
B-JJ,120.7292515,23.8373226,116,13761.62
B-JJ,120.7308941,23.8373852,117,13928.84
B-JJ,120.7320109,23.8374110,118,14042.46
B-JJ,120.7325175,23.8373522,119,14094.40
B-JJ,120.7331999,23.8370248,120,14172.77
B-JJ,120.7338630,23.8366497,121,14252.07
B-JJ,120.7347730,23.8361854,122,14358.05
B-JJ,120.7354490,23.8358222,123,14437.79
B-JJ,120.7359950,23.8355365,124,14501.78
B-JJ,120.7364108,23.8353998,125,14546.72
B-JJ,120.7369133,23.8353442,126,14598.19
B-JJ,120.7384628,23.8353197,127,14755.82
B-JJ,120.7398719,23.8352922,128,14899.17
B-JJ,120.7416900,23.8352534,129,15084.15
B-JJ,120.7424565,23.8352904,130,15162.22
B-JJ,120.7427791,23.8353487,131,15195.66
B-JJ,120.7434425,23.8355670,132,15267.37
B-JJ,120.7454541,23.8362512,133,15485.65
B-JJ,120.7461118,23.8363289,134,15553.11
B-JJ,120.7467455,23.8363570,135,15617.64
B-JJ,120.7470830,23.8363222,136,15652.18
B-JJ,120.7481552,23.8359402,137,15769.21
B-JJ,120.7499827,23.8352327,138,15971.06
B-JJ,120.7500664,23.8351934,139,15980.63
B-JJ,120.7503357,23.8350668,140,16011.42
B-JJ,120.7506071,23.8349393,141,16042.45
B-JJ,120.7507562,23.8348693,142,16059.50
B-JJ,120.7517959,23.8343806,143,16178.40
B-JJ,120.7522516,23.8341574,144,16230.98
B-JJ,120.7528492,23.8339886,145,16294.59
B-JJ,120.7532891,23.8338940,146,16340.55
B-JJ,120.7541107,23.8337144,147,16426.47
B-JJ,120.7546893,23.8336086,148,16486.49
B-JJ,120.7551408,23.8334816,149,16534.53
B-JJ,120.7558355,23.8331422,150,16614.63
B-JJ,120.7565432,23.8326269,151,16706.64
B-JJ,120.7570907,23.8321966,152,16780.06
B-JJ,120.7577087,23.8317090,153,16863.07
B-JJ,120.7584539,23.8309653,154,16975.25
B-JJ,120.7587063,23.8307130,155,17013.28
B-JJ,120.7589824,23.8305932,156,17044.36
B-JJ,120.7595490,23.8303849,157,17106.47
B-JJ,120.7598903,23.8302519,158,17144.21
B-JJ,120.7604257,23.8299101,159,17210.62
B-JJ,120.7608159,23.8295835,160,17264.42
B-JJ,120.7610923,23.8292256,161,17313.14
B-JJ,120.7611897,23.8289721,162,17343.02
B-JJ,120.7612237,23.8288137,163,17360.97
B-JJ,120.7613449,23.8283720,164,17411.60
B-JJ,120.7614171,23.8272657,165,17534.84
B-JJ,120.7614100,23.8268848,166,17577.20
B-JJ,120.7614419,23.8265256,167,17617.27
B-JJ,120.7615601,23.8260660,168,17669.77
B-JJ,120.7618262,23.8257431,169,17714.74
B-JJ,120.7622488,23.8253055,170,17779.66
B-JJ,120.7626728,23.8249101,171,17841.26
B-JJ,120.7634044,23.8244040,172,17934.55
B-JJ,120.7637606,23.8241664,173,17979.40
B-JJ,120.7640705,23.8240622,174,18012.98
B-JJ,120.7644116,23.8240338,175,18047.82
B-JJ,120.7648156,23.8240477,176,18088.95
B-JJ,120.7652702,23.8241241,177,18135.96
B-JJ,120.7658385,23.8242584,178,18195.67
B-JJ,120.7663507,23.8244462,179,18251.79
B-JJ,120.7666725,23.8245434,180,18286.26
B-JJ,120.7675640,23.8248840,181,18384.54
B-JJ,120.7679207,23.8250877,182,18427.31
B-JJ,120.7681994,23.8253748,183,18470.01
B-JJ,120.7687693,23.8262058,184,18579.09
B-JJ,120.7690202,23.8264652,185,18617.61
B-JJ,120.7697032,23.8267687,186,18694.84
B-JJ,120.7717209,23.8276198,187,18920.85
B-JJ,120.7722596,23.8277640,188,18977.94
B-JJ,120.7727531,23.8277348,189,19028.24
B-JJ,120.7730778,23.8276696,190,19062.06
B-JJ,120.7735456,23.8274911,191,19113.61
B-JJ,120.7740850,23.8271933,192,19177.70
B-JJ,120.7746892,23.8269672,193,19244.10
B-JJ,120.7751049,23.8268842,194,19287.38
B-JJ,120.7759520,23.8268074,195,19373.97
B-JJ,120.7770997,23.8266783,196,19491.59
B-JJ,120.7780527,23.8266020,197,19588.89
B-JJ,120.7797392,23.8264843,198,19760.94
B-JJ,120.7815539,23.8263689,199,19945.98
B-JJ,120.7834362,23.8262667,200,20137.78
B-JJ,120.7846580,23.8263287,201,20262.24
B-JJ,120.7848889,23.8263255,202,20285.74
B-JJ,120.7848979,23.8263253,203,20286.65
B-JJ,120.7849664,23.8263244,204,20293.62
B-JJ,120.7867016,23.8263930,205,20470.29
B-JJ,120.7886168,23.8264792,206,20665.34
B-JJ,120.7906879,23.8265597,207,20876.19
B-JJ,120.7921291,23.8266214,208,21022.95
B-JJ,120.7937878,23.8266524,209,21191.70
B-JJ,120.7955077,23.8267150,210,21366.79
B-JJ,120.7967705,23.8267767,211,21495.42
B-JJ,120.7982460,23.8268541,212,21645.75
B-JJ,120.7990107,23.8268651,213,21723.54
B-JJ,120.7998098,23.8267092,214,21806.66
B-JJ,120.8004984,23.8264771,215,21881.30
B-JJ,120.8022263,23.8259358,216,22067.08
B-JJ,120.8035968,23.8255255,217,22213.77
B-JJ,120.8043375,23.8251860,218,22298.04
B-JJ,120.8051497,23.8248047,219,22390.89
B-JJ,120.8056499,23.8245724,220,22447.96
B-JJ,120.8070940,23.8239118,221,22612.19
B-JJ,120.8083332,23.8233334,222,22753.70
B-JJ,120.8098080,23.8226603,223,22921.35
B-JJ,120.8108150,23.8221479,224,23038.57
B-JJ,120.8113542,23.8219634,225,23097.13
B-JJ,120.8118866,23.8219222,226,23151.48
B-JJ,120.8122786,23.8219644,227,23191.63
B-JJ,120.8127962,23.8220251,228,23244.71
B-JJ,120.8134964,23.8221691,229,23317.71
B-JJ,120.8148811,23.8224901,230,23463.02
B-JJ,120.8173990,23.8228959,231,23723.08
B-JJ,120.8205117,23.8234069,232,24044.77
B-JJ,120.8215662,23.8236307,233,24154.88
B-JJ,120.8228456,23.8238855,234,24288.07
B-JJ,120.8238396,23.8241117,235,24392.26
B-JJ,120.8253633,23.8243203,236,24548.98
B-JJ,120.8262560,23.8243970,237,24640.19
B-JJ,120.8267254,23.8244418,238,24688.19
B-JJ,120.8272937,23.8245470,239,24747.17
B-JJ,120.8278936,23.8246523,240,24809.30
B-JJ,120.8284597,23.8246819,241,24866.98
B-JJ,120.8291081,23.8246225,242,24933.26
B-JJ,120.8298073,23.8245343,243,25005.06
B-JJ,120.8301147,23.8244611,244,25037.37
B-JJ,120.8306980,23.8242081,245,25103.03
B-JJ,120.8315621,23.8238215,246,25200.88
B-JJ,120.8321116,23.8236263,247,25260.84
B-JJ,120.8328739,23.8233889,248,25342.76
B-JJ,120.8333603,23.8232718,249,25393.92
B-JJ,120.8338976,23.8231677,250,25449.78
B-JJ,120.8344637,23.8231239,251,25507.57
B-JJ,120.8359226,23.8230052,252,25656.56
B-JJ,120.8369946,23.8228726,253,25766.60
B-JJ,120.8374810,23.8227840,254,25817.04
B-JJ,120.8380634,23.8225731,255,25880.75
B-JJ,120.8383556,23.8224838,256,25912.10
B-JJ,120.8389299,23.8222625,257,25975.48
B-JJ,120.8393998,23.8219866,258,26032.28
B-JJ,120.8400384,23.8215120,259,26115.98
B-JJ,120.8406104,23.8209571,260,26200.78
B-JJ,120.8412474,23.8203247,261,26296.41
B-JJ,120.8418778,23.8197818,262,26384.48
B-JJ,120.8424041,23.8194718,263,26448.16
B-JJ,120.8427620,23.8193321,264,26487.74
B-JJ,120.8431685,23.8191680,265,26532.94
B-JJ,120.8442228,23.8187808,266,26648.50
B-JJ,120.8455107,23.8184578,267,26784.35
B-JJ,120.8463699,23.8182805,268,26873.94
B-JJ,120.8482749,23.8179605,269,27070.97
B-JJ,120.8500803,23.8174905,270,27261.92
B-JJ,120.8508529,23.8174673,271,27340.55
B-JJ,120.8511429,23.8174850,272,27370.12
B-JJ,120.8514749,23.8176217,273,27407.15
B-JJ,120.8518302,23.8178623,274,27452.12
B-JJ,120.8526725,23.8183315,275,27552.44
B-JJ,120.8531703,23.8186549,276,27614.54
B-JJ,120.8531711,23.8186555,277,27614.65
B-JJ,120.8533187,23.8187513,278,27633.06
B-JJ,120.8536129,23.8189424,279,27669.76
B-JJ,120.8545613,23.8195798,280,27789.48
B-JJ,120.8551794,23.8200507,281,27871.30
B-JJ,120.8559010,23.8207554,282,27978.67
B-JJ,120.8562957,23.8212354,283,28045.46
B-JJ,120.8565291,23.8215760,284,28090.16
B-JJ,120.8566326,23.8218628,285,28123.75
B-JJ,120.8566712,23.8222272,286,28164.45
B-JJ,120.8565856,23.8227526,287,28223.51
B-JJ,120.8564883,23.8231946,288,28273.66
B-JJ,120.8565139,23.8235232,289,28310.28
B-JJ,120.8567082,23.8239713,290,28363.89
B-JJ,120.8572094,23.8247864,291,28467.88
B-JJ,120.8574532,23.8253074,292,28530.89
B-JJ,120.8579252,23.8261455,293,28635.72
B-JJ,120.8582601,23.8265123,294,28688.87
B-JJ,120.8585567,23.8267856,295,28731.69
B-JJ,120.8587908,23.8269583,296,28762.27
B-JJ,120.8590951,23.8271598,297,28800.49
B-JJ,120.8594855,23.8272966,298,28843.01
B-JJ,120.8604540,23.8272688,299,28941.58
B-JJ,120.8616726,23.8271979,300,29065.78
B-JJ,120.8620084,23.8272845,301,29101.27
B-JJ,120.8623127,23.8274860,302,29139.48
B-JJ,120.8626484,23.8277449,303,29184.14
B-JJ,120.8628717,23.8282116,304,29240.79
B-JJ,120.8630011,23.8286418,305,29290.40
B-JJ,120.8631370,23.8290600,306,29338.91
B-JJ,120.8633313,23.8295022,307,29391.90
B-JJ,120.8636166,23.8299504,308,29449.57
B-JJ,120.8640964,23.8305063,309,29528.33
B-JJ,120.8648281,23.8312126,310,29636.54
B-JJ,120.8655095,23.8320034,311,29748.49
B-JJ,120.8657849,23.8322571,312,29788.25
B-JJ,120.8659371,23.8323973,313,29810.22
B-JJ,120.8659473,23.8324066,314,29811.68
B-JJ,120.8659856,23.8324480,315,29817.71
B-JJ,120.8664330,23.8329301,316,29888.03
B-JJ,120.8673561,23.8340193,317,30041.27
B-LJ,121.0307130,24.7816323,1,0.00
B-LJ,121.0309327,24.7816029,2,22.42
B-LJ,121.0322530,24.7815466,3,155.86
B-LJ,121.0327381,24.7816189,4,205.49
B-LJ,121.0331366,24.7817337,5,247.70
B-LJ,121.0335295,24.7819894,6,296.50
B-LJ,121.0338465,24.7823215,7,345.37
B-LJ,121.0340690,24.7826728,8,390.43
B-LJ,121.0342145,24.7831179,9,442.05
B-LJ,121.0343687,24.7838909,10,529.40
B-LJ,121.0349854,24.7873419,11,918.16
B-LJ,121.0352254,24.7890129,12,1105.53
B-LJ,121.0356451,24.7911054,13,1342.03
B-LJ,121.0361334,24.7936585,14,1630.18
B-LJ,121.0361848,24.7941036,15,1679.94
B-LJ,121.0362791,24.7949234,16,1771.60
B-LJ,121.0363906,24.7958057,17,1870.35
B-LJ,121.0365276,24.7963757,18,1935.22
B-LJ,121.0369385,24.7974922,19,2066.11
B-LJ,121.0374864,24.7989600,20,2238.44
B-LJ,121.0377519,24.7998657,21,2342.65
B-LJ,121.0378974,24.8003966,22,2403.48
B-LJ,121.0388309,24.8038866,23,2802.83
B-LJ,121.0393191,24.8057136,24,3011.88
B-LJ,121.0394562,24.8063617,25,3085.25
B-LJ,121.0394563,24.8067911,26,3133.00
B-LJ,121.0394223,24.8074236,27,3203.42
B-NW,121.1834435,24.7037757,1,0.00
B-NW,121.1831315,24.7043171,2,67.95
B-NW,121.1827980,24.7050534,3,156.48
B-NW,121.1826751,24.7053399,4,190.67
B-NW,121.1826734,24.7053439,5,191.15
B-NW,121.1825917,24.7055358,6,214.04
B-NW,121.1823883,24.7059518,7,264.64
B-NW,121.1819242,24.7068935,8,379.38
B-NW,121.1816373,24.7074290,9,445.60
B-NW,121.1814618,24.7077159,10,482.10
B-NW,121.1813072,24.7078420,11,503.08
B-NW,121.1810461,24.7079828,12,533.76
B-NW,121.1806234,24.7081121,13,578.81
B-NW,121.1802839,24.7081903,14,614.19
B-NW,121.1798916,24.7081907,15,653.82
B-NW,121.1793529,24.7080590,16,710.18
B-NW,121.1789263,24.7079542,17,754.81
B-NW,121.1786032,24.7078598,18,789.09
B-NW,121.1781314,24.7077461,19,838.41
B-NW,121.1775868,24.7075081,20,899.46
B-NW,121.1768855,24.7071405,21,981.24
B-NW,121.1763993,24.7069255,22,1035.86
B-NW,121.1758858,24.7067492,23,1091.31
B-NW,121.1753706,24.7066481,24,1144.56
B-NW,121.1748633,24.7066296,25,1195.85
B-NW,121.1745182,24.7067064,26,1231.74
B-NW,121.1742777,24.7067832,27,1257.48
B-NW,121.1741209,24.7068598,28,1275.47
B-NW,121.1737860,24.7070737,29,1316.82
B-NW,121.1736898,24.7071188,30,1327.76
B-NW,121.1734104,24.7074387,31,1373.17
B-NW,121.1732174,24.7078020,32,1418.03
B-NW,121.1729044,24.7083948,33,1491.13
B-NW,121.1723932,24.7093271,34,1606.95
B-NW,121.1715688,24.7107709,35,1787.80
B-NW,121.1710849,24.7116489,36,1896.98
B-NW,121.1707257,24.7121068,37,1959.50
B-NW,121.1694854,24.7132486,38,2137.88
B-NW,121.1690462,24.7136634,39,2201.87
B-NW,121.1687635,24.7140037,40,2249.27
B-NW,121.1683692,24.7145274,41,2319.83
B-NW,121.1681495,24.7147777,42,2355.43
B-NW,121.1679748,24.7149767,43,2383.72
B-NW,121.1677292,24.7151876,44,2417.86
B-NW,121.1674611,24.7154025,45,2453.98
B-NW,121.1673259,24.7154732,46,2469.74
B-NW,121.1672917,24.7154910,47,2473.72
B-NW,121.1671319,24.7155745,48,2492.34
B-NW,121.1668278,24.7157113,49,2526.62
B-NW,121.1664180,24.7158065,50,2569.35
B-NW,121.1658960,24.7157718,51,2622.21
B-NW,121.1654039,24.7156901,52,2672.74
B-NW,121.1649940,24.7156698,53,2714.21
B-NW,121.1646276,24.7156864,54,2751.26
B-NW,121.1642047,24.7157224,55,2794.16
B-NW,121.1638630,24.7158159,56,2830.21
B-NW,121.1635106,24.7159494,57,2868.78
B-NW,121.1630194,24.7163369,58,2934.49
B-NW,121.1626380,24.7166670,59,2987.70
B-NW,121.1623089,24.7169683,60,3034.90
B-NW,121.1617447,24.7174897,61,3116.20
B-NW,121.1613058,24.7178915,62,3179.13
B-NW,121.1609221,24.7182455,63,3234.38
B-NW,121.1607363,24.7183842,64,3258.66
B-NW,121.1605324,24.7185970,65,3290.04
B-NW,121.1603015,24.7187289,66,3317.58
B-NW,121.1600878,24.7188281,67,3341.82
B-NW,121.1597218,24.7189747,68,3382.23
B-NW,121.1594106,24.7190383,69,3414.45
B-NW,121.1590647,24.7190177,70,3449.47
B-NW,121.1588486,24.7189812,71,3471.67
B-NW,121.1584757,24.7188791,72,3511.00
B-NW,121.1581475,24.7187092,73,3549.16
B-NW,121.1574760,24.7183551,74,3627.58
B-NW,121.1564313,24.7177352,75,3753.62
B-NW,121.1553010,24.7170216,76,3892.66
B-NW,121.1549091,24.7167754,77,3940.79
B-NW,121.1546857,24.7166053,78,3970.24
B-NW,121.1545520,24.7165132,79,3987.18
B-NW,121.1542902,24.7163329,80,4020.37
B-NW,121.1539247,24.7161831,81,4060.87
B-NW,121.1536191,24.7161762,82,4091.75
B-NW,121.1532844,24.7162296,83,4126.07
B-NW,121.1521183,24.7166883,84,4254.43
B-NW,121.1513934,24.7169487,85,4333.16
B-NW,121.1510012,24.7169849,86,4372.98
B-NW,121.1505382,24.7169424,87,4419.98
B-NW,121.1491334,24.7165281,88,4569.18
B-NW,121.1482608,24.7163440,89,4659.65
B-NW,121.1477571,24.7163445,90,4710.54
B-NW,121.1471333,24.7164191,91,4774.09
B-NW,121.1462907,24.7165679,92,4860.79
B-NW,121.1455245,24.7166678,93,4938.97
B-NW,121.1451243,24.7166395,94,4979.52
B-NW,121.1442062,24.7165124,95,5073.32
B-NW,121.1438238,24.7165400,96,5112.08
B-NW,121.1437194,24.7165399,97,5122.62
B-NW,121.1436077,24.7165603,98,5134.12
B-NW,121.1433543,24.7166351,99,5161.04
B-NW,121.1429588,24.7167904,100,5204.56
B-NW,121.1419968,24.7172871,101,5316.33
B-NW,121.1405754,24.7180016,102,5480.42
B-NW,121.1400314,24.7182605,103,5542.45
B-NW,121.1390385,24.7188526,104,5662.42
B-NW,121.1381917,24.7193049,105,5761.64
B-NW,121.1377605,24.7195919,106,5815.64
B-NW,121.1372067,24.7199156,107,5882.15
B-NW,121.1368869,24.7200671,108,5918.58
B-NW,121.1364353,24.7203313,109,5972.84
B-NW,121.1361244,24.7204917,110,6008.95
B-NW,121.1358786,24.7206185,111,6037.50
B-NW,121.1348122,24.7212071,112,6163.54
B-NW,121.1340673,24.7216306,113,6252.30
B-NW,121.1332596,24.7220971,114,6348.98
B-NW,121.1326401,24.7224130,115,6420.73
B-NW,121.1321068,24.7226285,116,6479.69
B-NW,121.1315813,24.7227364,117,6534.11
B-NW,121.1310634,24.7227440,118,6586.42
B-NW,121.1305769,24.7226871,119,6635.97
B-NW,121.1300275,24.7225228,120,6694.39
B-NW,121.1295879,24.7223153,121,6744.42
B-NW,121.1285358,24.7215494,122,6880.61
B-NW,121.1265099,24.7200175,123,7146.85
B-NW,121.1259290,24.7196883,124,7216.01
B-NW,121.1250736,24.7194382,125,7306.78
B-NW,121.1241948,24.7194604,126,7395.57
B-NW,121.1223119,24.7197361,127,7588.21
B-NW,121.1197077,24.7201306,128,7854.89
B-NW,121.1178799,24.7204545,129,8042.99
B-NW,121.1166326,24.7206777,130,8171.39
B-NW,121.1165718,24.7206881,131,8177.63
B-NW,121.1158324,24.7208144,132,8253.63
B-NW,121.1134005,24.7211890,133,8502.77
B-NW,121.1121141,24.7215339,134,8638.24
B-NW,121.1106631,24.7221800,135,8801.45
B-NW,121.1091728,24.7227042,136,8962.87
B-NW,121.1044913,24.7242707,137,9466.79
B-NW,121.1025684,24.7249301,138,9674.38
B-NW,121.1015920,24.7252698,139,9779.98
B-NW,121.1010480,24.7255007,140,9840.63
B-NW,121.1005150,24.7258945,141,9910.02
B-NW,121.1002768,24.7261696,142,9948.94
B-NW,121.1000203,24.7265885,143,10002.24
B-NW,121.0999013,24.7268675,144,10035.51
B-NW,121.0998345,24.7271532,145,10067.99
B-NW,121.0998125,24.7275207,146,10108.91
B-NW,121.0998885,24.7289562,147,10268.71
B-NW,121.0999634,24.7296234,148,10343.29
B-NW,121.1000989,24.7308753,149,10483.17
B-NW,121.1001894,24.7316238,150,10566.89
B-NW,121.1001528,24.7322906,151,10641.13
B-NW,121.1001157,24.7325422,152,10669.36
B-NW,121.1000266,24.7328551,153,10705.29
B-NW,121.0996545,24.7336032,154,10796.58
B-NW,121.0978876,24.7354621,155,11069.65
B-NW,121.0954928,24.7378359,156,11427.65
B-NW,121.0949522,24.7383735,157,11508.60
B-NW,121.0949315,24.7383940,158,11511.70
B-NW,121.0948149,24.7385099,159,11529.16
B-NW,121.0934731,24.7398437,160,11730.05
B-NW,121.0914180,24.7418821,161,12037.37
B-NW,121.0900597,24.7432145,162,12239.28
B-NW,121.0891004,24.7441623,163,12382.43
B-NW,121.0881620,24.7449844,164,12514.10
B-NW,121.0872444,24.7457318,165,12638.57
B-NW,121.0861450,24.7465164,166,12779.77
B-NW,121.0849859,24.7472847,167,12924.68
B-NW,121.0837672,24.7480850,168,13076.56
B-NW,121.0833159,24.7483770,169,13132.51
B-NW,121.0830525,24.7485475,170,13165.17
B-NW,121.0825979,24.7488417,171,13221.55
B-NW,121.0810404,24.7499152,172,13418.99
B-NW,121.0792806,24.7509805,173,13632.56
B-NW,121.0780276,24.7517905,174,13787.87
B-NW,121.0771326,24.7524315,175,13902.97
B-NW,121.0755365,24.7534666,176,14101.02
B-NW,121.0745294,24.7541884,177,14230.57
B-NW,121.0739029,24.7546106,178,14309.35
B-NW,121.0734106,24.7549987,179,14375.17
B-NW,121.0728958,24.7555365,180,14454.41
B-NW,121.0723586,24.7563600,181,14560.84
B-NW,121.0719410,24.7570407,182,14647.49
B-NW,121.0716200,24.7576260,183,14720.19
B-NW,121.0711125,24.7585038,184,14830.44
B-NW,121.0705230,24.7594838,185,14954.60
B-NW,121.0702171,24.7598989,186,15010.14
B-NW,121.0700157,24.7601508,187,15044.76
B-NW,121.0696799,24.7604707,188,15093.90
B-NW,121.0692845,24.7607430,189,15144.01
B-NW,121.0682851,24.7612537,190,15259.80
B-NW,121.0672409,24.7616969,191,15376.18
B-NW,121.0668456,24.7618673,192,15420.37
B-NW,121.0664279,24.7620852,193,15469.01
B-NW,121.0660474,24.7623507,194,15517.46
B-NW,121.0657713,24.7625822,195,15555.40
B-NW,121.0654805,24.7628885,196,15600.38
B-NW,121.0652192,24.7632900,197,15652.23
B-NW,121.0649952,24.7637187,198,15705.00
B-NW,121.0646669,24.7644331,199,15791.08
B-NW,121.0641220,24.7657192,200,15944.30
B-NW,121.0637712,24.7664950,201,16037.55
B-NW,121.0631513,24.7678694,202,16202.70
B-NW,121.0625896,24.7691954,203,16360.67
B-NW,121.0624423,24.7695432,204,16402.11
B-NW,121.0619943,24.7705639,205,16524.28
B-NW,121.0615539,24.7715369,206,16641.26
B-NW,121.0610167,24.7727819,207,16789.94
B-NW,121.0603543,24.7741278,208,16953.86
B-NW,121.0600346,24.7746515,209,17020.43
B-NW,121.0596622,24.7751069,210,17083.51
B-NW,121.0591779,24.7755691,211,17154.45
B-NW,121.0582078,24.7762440,212,17277.83
B-NW,121.0578425,24.7764562,213,17321.62
B-NW,121.0569713,24.7770310,214,17430.34
B-NW,121.0555708,24.7779527,215,17604.97
B-NW,121.0555504,24.7779662,216,17607.52
B-NW,121.0553181,24.7781191,217,17636.49
B-NW,121.0543425,24.7787212,218,17755.58
B-NW,121.0534192,24.7793645,219,17873.08
B-NW,121.0514458,24.7806374,220,18117.47
B-NW,121.0506783,24.7810072,221,18205.19
B-NW,121.0501715,24.7811647,222,18259.27
B-NW,121.0496124,24.7813087,223,18317.94
B-NW,121.0489785,24.7814118,224,18382.94
B-NW,121.0481507,24.7814602,225,18466.70
B-NW,121.0475818,24.7814152,226,18524.34
B-NW,121.0454564,24.7809121,227,18746.08
B-NW,121.0439226,24.7805228,228,18906.87
B-NW,121.0429787,24.7802755,229,19006.05
B-NW,121.0423819,24.7801801,230,19067.23
B-NW,121.0416954,24.7801123,231,19136.94
B-NW,121.0409272,24.7801129,232,19214.50
B-NW,121.0395178,24.7802849,233,19358.07
B-NW,121.0373481,24.7806214,234,19580.28
B-NW,121.0360731,24.7808274,235,19711.03
B-NW,121.0344847,24.7810746,236,19873.72
B-NW,121.0341493,24.7811364,237,19908.28
B-NW,121.0326224,24.7813610,238,20064.43
B-NW,121.0326071,24.7813633,239,20065.99
B-NW,121.0322771,24.7814118,240,20099.74
B-NW,121.0312926,24.7815549,241,20200.40
B-NW,121.0309327,24.7816029,242,20237.13
B-NW,121.0307130,24.7816323,243,20259.55
B-NW,121.0303231,24.7816843,244,20299.33
B-NW,121.0286748,24.7819161,245,20467.72
B-NW,121.0274964,24.7821068,246,20588.56
B-NW,121.0273178,24.7821359,247,20606.88
B-NW,121.0272923,24.7821401,248,20609.49
B-NW,121.0272922,24.7821401,249,20609.50
B-NW,121.0264990,24.7822953,250,20691.42
B-NW,121.0255072,24.7824280,251,20792.63
B-NW,121.0251173,24.7825772,252,20835.35
B-NW,121.0246902,24.7827455,253,20882.35
B-NW,121.0243609,24.7829515,254,20922.72
B-NW,121.0240134,24.7831937,255,20966.95
B-NW,121.0236659,24.7835835,256,21022.70
B-NW,121.0233184,24.7840707,257,21087.25
B-NW,121.0230303,24.7845663,258,21149.56
B-NW,121.0228218,24.7850997,259,21212.49
B-NW,121.0226803,24.7855921,260,21269.08
B-NW,121.0223827,24.7867273,261,21398.84
B-NW,121.0222309,24.7873260,262,21467.15
B-NW,121.0221225,24.7877531,263,21515.89
B-NW,121.0219998,24.7881919,264,21566.22
B-NW,121.0211626,24.7911860,265,21909.71
B-NW,121.0209617,24.7918904,266,21990.63
B-NW,121.0206270,24.7931484,267,22134.53
B-NW,121.0204996,24.7936807,268,22195.10
B-NW,121.0203166,24.7943710,269,22274.05
B-NW,121.0200912,24.7951532,270,22363.95
B-NW,121.0198678,24.7956240,271,22420.95
B-NW,121.0196741,24.7960138,272,22468.51
B-NW,121.0193778,24.7965147,273,22531.72
B-NW,121.0188657,24.7971298,274,22617.46
B-NW,121.0176613,24.7982488,275,22791.41
B-NW,121.0151271,24.8006362,276,23160.07
B-NW,121.0146824,24.8010389,277,23223.48
B-NW,121.0140866,24.8015663,278,23307.47
B-NW,121.0136797,24.8019506,279,23366.74
B-NW,121.0133380,24.8022502,280,23414.70
B-NW,121.0126441,24.8027265,281,23502.51
B-NW,121.0119032,24.8031227,282,23589.31
B-NW,121.0106866,24.8036508,283,23725.43
B-NW,121.0096694,24.8040697,284,23838.17
B-NW,121.0089841,24.8042977,285,23911.84
B-NW,121.0082318,24.8046035,286,23995.03
B-NW,121.0072530,24.8050123,287,24103.79
B-NW,121.0066431,24.8052671,288,24171.56
B-NW,121.0027070,24.8068656,289,24606.80
B-NW,121.0022844,24.8070372,290,24653.53
B-NW,121.0004761,24.8077973,291,24854.67
B-NW,120.9996502,24.8081150,292,24945.21
B-NW,120.9979958,24.8087994,293,25128.71
B-NW,120.9948238,24.8100964,294,25479.86
B-NW,120.9922699,24.8111658,295,25763.73
B-NW,120.9916550,24.8113503,296,25829.09
B-NW,120.9908722,24.8114434,297,25908.78
B-NW,120.9901883,24.8114049,298,25977.93
B-NW,120.9890449,24.8111066,299,26098.01
B-NW,120.9877102,24.8104687,300,26250.26
B-NW,120.9861817,24.8096665,301,26428.46
B-NW,120.9850276,24.8092077,302,26555.63
B-NW,120.9839001,24.8086398,303,26685.78
B-PX,121.7224105,25.0234089,1,0.00
B-PX,121.7229861,25.0236640,2,64.57
B-PX,121.7233448,25.0238092,3,104.15
B-PX,121.7236403,25.0238973,4,135.49
B-PX,121.7237157,25.0239111,5,143.25
B-PX,121.7238883,25.0239427,6,160.98
B-PX,121.7242266,25.0239733,7,195.24
B-PX,121.7246673,25.0240106,8,239.83
B-PX,121.7250485,25.0239836,9,278.37
B-PX,121.7255316,25.0238810,10,328.36
B-PX,121.7259244,25.0238110,11,368.70
B-PX,121.7264004,25.0238373,12,416.75
B-PX,121.7268809,25.0239675,13,467.28
B-PX,121.7272749,25.0240946,14,509.42
B-PX,121.7278226,25.0242710,15,567.98
B-PX,121.7281566,25.0244746,16,608.54
B-PX,121.7284874,25.0247264,17,652.07
B-PX,121.7290653,25.0253129,18,739.50
B-PX,121.7295249,25.0255454,19,792.54
B-PX,121.7303506,25.0258071,20,880.67
B-PX,121.7308646,25.0259789,21,935.86
B-PX,121.7312584,25.0260815,22,977.15
B-PX,121.7317912,25.0261978,23,1032.38
B-PX,121.7323475,25.0261779,24,1088.47
B-PX,121.7327796,25.0261192,25,1132.49
B-PX,121.7331205,25.0260072,26,1169.02
B-PX,121.7334798,25.0257689,27,1213.89
B-PX,121.7336959,25.0256156,28,1241.54
B-PX,121.7342769,25.0251637,29,1318.69
B-PX,121.7346614,25.0250113,30,1360.97
B-PX,121.7349717,25.0249525,31,1392.92
B-PX,121.7358836,25.0248835,32,1485.12
B-PX,121.7365326,25.0249125,33,1550.59
B-PX,121.7370008,25.0249460,34,1597.90
B-PX,121.7376361,25.0250449,35,1662.85
B-PX,121.7381387,25.0251947,36,1716.17
B-PX,121.7385996,25.0253322,37,1765.06
B-PX,121.7390603,25.0254302,38,1812.74
B-PX,121.7395288,25.0255210,39,1861.01
B-PX,121.7399541,25.0256157,40,1905.13
B-PX,121.7400066,25.0256243,41,1910.51
B-PX,121.7402296,25.0256609,42,1933.34
B-PX,121.7407847,25.0257584,43,1990.31
B-PX,121.7414186,25.0258950,44,2055.96
B-PX,121.7417341,25.0260475,45,2091.99
B-PX,121.7419910,25.0262576,46,2126.86
B-PX,121.7422211,25.0266004,47,2171.48
B-PX,121.7425520,25.0273369,48,2259.89
B-PX,121.7427659,25.0276009,49,2296.31
B-PX,121.7430230,25.0278433,50,2333.69
B-PX,121.7433823,25.0280923,51,2379.27
B-PX,121.7437337,25.0283234,52,2423.02
B-PX,121.7440926,25.0284972,53,2464.02
B-PX,121.7445262,25.0286634,54,2511.45
B-PX,121.7450819,25.0288684,55,2571.91
B-PX,121.7454054,25.0290352,56,2609.40
B-PX,121.7456465,25.0292311,57,2642.03
B-PX,121.7463582,25.0298724,58,2743.16
B-PX,121.7466309,25.0300896,59,2779.74
B-PX,121.7469934,25.0302132,60,2818.76
B-PX,121.7474103,25.0302290,61,2860.81
B-PX,121.7477678,25.0301663,62,2897.49
B-PX,121.7480070,25.0300540,63,2924.64
B-PX,121.7480351,25.0300308,64,2928.47
B-PX,121.7481526,25.0299337,65,2944.49
B-PX,121.7482495,25.0298575,66,2957.41
B-PX,121.7484664,25.0295770,67,2995.50
B-PX,121.7487351,25.0288537,68,3080.37
B-PX,121.7488901,25.0285853,69,3114.04
B-PX,121.7493095,25.0282488,70,3170.48
B-PX,121.7496757,25.0280421,71,3213.95
B-PX,121.7500550,25.0279656,72,3253.10
B-PX,121.7505613,25.0278018,73,3307.27
B-PX,121.7511499,25.0276054,74,3370.47
B-PX,121.7515389,25.0275389,75,3410.35
B-PX,121.7518813,25.0275873,76,3445.27
B-PX,121.7522083,25.0276932,77,3480.25
B-PX,121.7525513,25.0278383,78,3518.40
B-PX,121.7527961,25.0280019,79,3549.04
B-PX,121.7530215,25.0282050,80,3581.07
B-PX,121.7531567,25.0284479,81,3611.33
B-PX,121.7532490,25.0287484,82,3646.01
B-PX,121.7533846,25.0297008,83,3752.79
B-PX,121.7534895,25.0301302,84,3801.69
B-PX,121.7536959,25.0304552,85,3843.39
B-PX,121.7539728,25.0307190,86,3883.86
B-PX,121.7543240,25.0309143,87,3925.38
B-PX,121.7548877,25.0311264,88,3986.87
B-PX,121.7558505,25.0313908,89,4088.23
B-PX,121.7563174,25.0314810,90,4136.33
B-PX,121.7568171,25.0315286,91,4186.95
B-PX,121.7573483,25.0315832,92,4240.82
B-PX,121.7576044,25.0316643,93,4268.15
B-PX,121.7579238,25.0318060,94,4303.99
B-PX,121.7580453,25.0318834,95,4318.94
B-PX,121.7582295,25.0320523,96,4345.34
B-PX,121.7592059,25.0330579,97,4494.27
B-PX,121.7592794,25.0331324,98,4505.39
B-PX,121.7593940,25.0332209,99,4520.56
B-PX,121.7595265,25.0332996,100,4536.52
B-PX,121.7596979,25.0333507,101,4554.70
B-PX,121.7602230,25.0334710,102,4609.27
B-PX,121.7603343,25.0335035,103,4621.05
B-PX,121.7605134,25.0335430,104,4639.62
B-PX,121.7606804,25.0335854,105,4657.10
B-PX,121.7616689,25.0338864,106,4762.16
B-PX,121.7626579,25.0342200,107,4868.48
B-PX,121.7633899,25.0344594,108,4946.89
B-PX,121.7633961,25.0344614,109,4947.55
B-PX,121.7637124,25.0345804,110,4982.06
B-PX,121.7642896,25.0347974,111,5045.01
B-PX,121.7646958,25.0349780,112,5090.60
B-PX,121.7648927,25.0350236,113,5111.07
B-PX,121.7650776,25.0350406,114,5129.80
B-PX,121.7652939,25.0350430,115,5151.60
B-PX,121.7655100,25.0350097,116,5173.68
B-PX,121.7657496,25.0349547,117,5198.58
B-PX,121.7659990,25.0348148,118,5228.12
B-PX,121.7661527,25.0347332,119,5246.08
B-PX,121.7662511,25.0346788,120,5257.69
B-PX,121.7666956,25.0344008,121,5312.10
B-PX,121.7667984,25.0343492,122,5323.94
B-PX,121.7668811,25.0343068,123,5333.52
B-PX,121.7670042,25.0342713,124,5346.54
B-PX,121.7671229,25.0342584,125,5358.58
B-PX,121.7672629,25.0342618,126,5372.69
B-PX,121.7674639,25.0342751,127,5393.00
B-PX,121.7676460,25.0343110,128,5411.77
B-PX,121.7678971,25.0343800,129,5438.21
B-PX,121.7681015,25.0344621,130,5460.73
B-PX,121.7682808,25.0345540,131,5481.48
B-PX,121.7684457,25.0346653,132,5502.20
B-PX,121.7685030,25.0347178,133,5510.41
B-PX,121.7686532,25.0348685,134,5532.99
B-PX,121.7687927,25.0350487,135,5557.46
B-PX,121.7688784,25.0351928,136,5575.67
B-PX,121.7689568,25.0353859,137,5598.54
B-PX,121.7690213,25.0355397,138,5616.84
B-PX,121.7690700,25.0357759,139,5643.56
B-PX,121.7689491,25.0376680,140,5854.31
B-PX,121.7689568,25.0377682,141,5865.47
B-PX,121.7689707,25.0379024,142,5880.46
B-PX,121.7690062,25.0380170,143,5893.69
B-PX,121.7690704,25.0381577,144,5910.62
B-PX,121.7691524,25.0382888,145,5927.38
B-PX,121.7692222,25.0383638,146,5938.29
B-PX,121.7693604,25.0384762,147,5957.00
B-PX,121.7694451,25.0385364,148,5967.84
B-PX,121.7695873,25.0386432,149,5986.45
B-PX,121.7697216,25.0387428,150,6003.94
B-PX,121.7698480,25.0388281,151,6019.82
B-PX,121.7700416,25.0389740,152,6045.19
B-PX,121.7702471,25.0391235,153,6071.73
B-PX,121.7704406,25.0392550,154,6096.11
B-PX,121.7706182,25.0393473,155,6116.73
B-PX,121.7707365,25.0393968,156,6129.85
B-PX,121.7708980,25.0394390,157,6146.79
B-PX,121.7710436,25.0394597,158,6161.64
B-PX,121.7711852,25.0394661,159,6175.93
B-PX,121.7713976,25.0394650,160,6197.32
B-PX,121.7716530,25.0394350,161,6223.27
B-PX,121.7718025,25.0394013,162,6238.79
B-PX,121.7720833,25.0392992,163,6269.27
B-PX,121.7723280,25.0391986,164,6296.34
B-PX,121.7725204,25.0391475,165,6316.54
B-PX,121.7727641,25.0391319,166,6341.16
B-PX,121.7730002,25.0391414,167,6364.96
B-PX,121.7732955,25.0391972,168,6395.35
B-PX,121.7735517,25.0392926,169,6423.26
B-PX,121.7737609,25.0394133,170,6448.25
B-PX,121.7739269,25.0395450,171,6470.48
B-PX,121.7741128,25.0397196,172,6497.45
B-PX,121.7745272,25.0402736,173,6571.86
B-PX,121.7748012,25.0406155,174,6618.84
B-PX,121.7749137,25.0407402,175,6636.75
B-PX,121.7750443,25.0408649,176,6655.87
B-PX,121.7752420,25.0410430,177,6683.96
B-PX,121.7752677,25.0410698,178,6687.91
B-PX,121.7753172,25.0411214,179,6695.51
B-PX,121.7757914,25.0415565,180,6763.50
B-PX,121.7762952,25.0421625,181,6847.86
B-PX,121.7767471,25.0427227,182,6925.01
B-PX,121.7768267,25.0428763,183,6943.89
B-PX,121.7768809,25.0430101,184,6959.72
B-PX,121.7773369,25.0439521,185,7074.11
B-PX,121.7774206,25.0441273,186,7095.33
B-PX,121.7775109,25.0443130,187,7117.89
B-PX,121.7775958,25.0444667,188,7137.01
B-PX,121.7777109,25.0446345,189,7158.98
B-PX,121.7779956,25.0448802,190,7198.59
B-PX,121.7782246,25.0450152,191,7226.11
B-PX,121.7784652,25.0451250,192,7253.25
B-PX,121.7786898,25.0451955,193,7277.20
B-PX,121.7790050,25.0452727,194,7310.08
B-PX,121.7795265,25.0453492,195,7363.31
B-PX,121.7799421,25.0454397,196,7406.37
B-PX,121.7801747,25.0455245,197,7431.62
B-PX,121.7803246,25.0456061,198,7449.25
B-PX,121.7804668,25.0457021,199,7467.11
B-PX,121.7806210,25.0458303,200,7488.19
B-PX,121.7807524,25.0460174,201,7512.85
B-PX,121.7809989,25.0464499,202,7566.97
B-PX,121.7811669,25.0469155,203,7621.45
B-PX,121.7812993,25.0473590,204,7672.53
B-PX,121.7815006,25.0476780,205,7713.39
B-PX,121.7817908,25.0479536,206,7755.74
B-PX,121.7822470,25.0481995,207,7809.21
B-PX,121.7826879,25.0484048,208,7859.15
B-PX,121.7830216,25.0485402,209,7895.99
B-PX,121.7834019,25.0486715,210,7936.99
B-PX,121.7837176,25.0487766,211,7970.87
B-PX,121.7840264,25.0488031,212,8002.11
B-PX,121.7842771,25.0487989,213,8027.37
B-PX,121.7853208,25.0486171,214,8134.43
B-PX,121.7866089,25.0484202,215,8266.03
B-PX,121.7870501,25.0484178,216,8310.47
B-PX,121.7875498,25.0484787,217,8361.27
B-PX,121.7892271,25.0487932,218,8533.82
B-PX,121.7900305,25.0489610,219,8616.87
B-PX,121.7905147,25.0492259,220,8673.85
B-PX,121.7909209,25.0496059,221,8732.67
B-PX,121.7912411,25.0503574,222,8822.25
B-PX,121.7915526,25.0507969,223,8880.32
B-PX,121.7919849,25.0511481,224,8938.81
B-PX,121.7925826,25.0512919,225,9001.11
B-PX,121.7932117,25.0513937,226,9065.48
B-PX,121.7938108,25.0513573,227,9125.97
B-PX,121.7941285,25.0512192,228,9161.46
B-PX,121.7947117,25.0509100,229,9229.53
B-PX,121.7962285,25.0501936,230,9401.85
B-PX,121.7967129,25.0499810,231,9456.07
B-PX,121.7971161,25.0498881,232,9497.98
B-PX,121.7973887,25.0498627,233,9525.58
B-PX,121.7975427,25.0498619,234,9541.09
B-PX,121.7978554,25.0498602,235,9572.59
B-PX,121.7984062,25.0498859,236,9628.15
B-PX,121.7990837,25.0500352,237,9698.39
B-PX,121.7995627,25.0503091,238,9755.45
B-PX,121.7999363,25.0506139,239,9806.10
B-PX,121.8013295,25.0526553,240,10072.98
B-PX,121.8017940,25.0531162,241,10142.37
B-PX,121.8031444,25.0543271,242,10333.77
B-PX,121.8038085,25.0548346,243,10421.29
B-PX,121.8043560,25.0551470,244,10486.47
B-PX,121.8050525,25.0552519,245,10557.59
B-PX,121.8056995,25.0550658,246,10625.97
B-PX,121.8061781,25.0546976,247,10689.22
B-PX,121.8067952,25.0544410,248,10757.62
B-PX,121.8073350,25.0543808,249,10812.41
B-PX,121.8078600,25.0544687,250,10866.19
B-PX,121.8083384,25.0546429,251,10918.12
B-PX,121.8094672,25.0554927,252,11065.97
B-PX,121.8102433,25.0560519,253,11165.86
B-PX,121.8109852,25.0565581,254,11259.42
B-PX,121.8117676,25.0569911,255,11351.77
B-PX,121.8126963,25.0573910,256,11455.35
B-PX,121.8134058,25.0575767,257,11529.74
B-PX,121.8140572,25.0577213,258,11597.30
B-PX,121.8147661,25.0578125,259,11669.42
B-PX,121.8157794,25.0577929,260,11771.51
B-PX,121.8167982,25.0577384,261,11874.32
B-PX,121.8187005,25.0576793,262,12066.05
B-PX,121.8189996,25.0576992,263,12096.25
B-PX,121.8192714,25.0577693,264,12124.73
B-PX,121.8195954,25.0579825,265,12165.06
B-PX,121.8207202,25.0590355,266,12327.98
B-PX,121.8210448,25.0594043,267,12380.44
B-PX,121.8215091,25.0600715,268,12468.14
B-PX,121.8219142,25.0606533,269,12544.62
B-PX,121.8222419,25.0611859,270,12612.43
B-PX,121.8224097,25.0615229,271,12653.53
B-PX,121.8225107,25.0619711,272,12704.40
B-PX,121.8225731,25.0624243,273,12755.19
B-PX,121.8225760,25.0635672,274,12882.27
B-PX,121.8225681,25.0638448,275,12913.15
B-PX,121.8225686,25.0641412,276,12946.10
B-PX,121.8225445,25.0645745,277,12994.35
B-PX,121.8225193,25.0653354,278,13078.99
B-PX,121.8225095,25.0655424,279,13102.03
B-SA,121.8143138,25.1249832,1,0.00
B-SA,121.8135721,25.1261929,2,153.85
B-SA,121.8133173,25.1266573,3,211.51
B-SA,121.8132222,25.1269124,4,241.45
B-SA,121.8131919,25.1271744,5,270.74
B-SA,121.8132263,25.1274365,6,300.08
B-SA,121.8133092,25.1276605,7,326.36
B-SA,121.8136292,25.1281016,8,385.03
B-SA,121.8138401,25.1283948,9,423.94
B-SA,121.8139539,25.1286441,10,453.93
B-SA,121.8139810,25.1288600,11,478.10
B-SA,121.8140059,25.1291686,12,512.50
B-SA,121.8139664,25.1293305,13,530.94
B-SA,121.8138933,25.1294835,14,549.47
B-SA,121.8137913,25.1296583,15,571.46
B-SA,121.8136265,25.1298591,16,599.27
B-SA,121.8133794,25.1301254,17,637.94
B-SA,121.8120721,25.1315055,18,840.11
B-SA,121.8115736,25.1319768,19,912.67
B-SA,121.8113138,25.1321596,20,945.79
B-SA,121.8110195,25.1322902,21,978.78
B-SA,121.8107494,25.1323392,22,1006.51
B-SA,121.8104341,25.1322997,23,1038.55
B-SA,121.8102557,25.1322818,24,1056.63
B-SA,121.8097092,25.1322014,25,1112.36
B-SA,121.8093951,25.1321914,26,1144.00
B-SA,121.8090572,25.1322469,27,1178.57
B-SA,121.8086356,25.1323490,28,1222.51
B-SA,121.8083424,25.1324165,29,1252.96
B-SA,121.8080505,25.1324935,30,1283.57
B-SA,121.8072282,25.1328006,31,1373.12
B-SA,121.8069217,25.1329765,32,1409.65
B-SA,121.8046192,25.1345787,33,1701.99
B-SA,121.8043038,25.1347345,34,1738.16
B-SA,121.8038280,25.1349458,35,1791.51
B-SA,121.8029534,25.1352703,36,1886.66
B-SA,121.8029533,25.1352703,37,1886.66
B-SA,121.8029518,25.1352709,38,1886.83
B-SA,121.8027519,25.1353450,39,1908.58
B-SA,121.8022978,25.1355577,40,1960.04
B-SA,121.8020461,25.1357320,41,1991.94
B-SA,121.8017653,25.1359892,42,2032.15
B-SA,121.8014305,25.1363862,43,2087.70
B-SA,121.8010171,25.1367065,44,2142.47
B-SA,121.8005715,25.1370586,45,2202.01
B-SA,121.8000791,25.1373825,46,2263.28
B-SA,121.7999017,25.1374898,47,2284.75
B-SA,121.7993151,25.1378449,48,2355.79
B-SA,121.7989357,25.1379924,49,2397.36
B-SA,121.7985712,25.1380229,50,2434.20
B-SA,121.7983266,25.1380269,51,2458.83
B-SA,121.7980100,25.1379781,52,2491.15
B-SA,121.7976607,25.1378720,53,2528.25
B-SA,121.7973158,25.1377010,54,2567.83
B-SA,121.7971154,25.1375321,55,2595.39
B-SA,121.7968674,25.1372916,56,2631.98
B-SA,121.7967019,25.1370536,57,2663.25
B-SA,121.7966256,25.1368520,58,2686.95
B-SA,121.7965730,25.1366882,59,2705.91
B-SA,121.7965363,25.1365196,60,2725.02
B-SA,121.7965101,25.1362981,61,2749.79
B-SA,121.7965105,25.1360334,62,2779.22
B-SA,121.7965319,25.1358024,63,2805.00
B-SA,121.7966007,25.1355571,64,2833.14
B-SA,121.7966642,25.1354032,65,2851.41
B-SA,121.7967592,25.1352546,66,2870.50
B-SA,121.7969089,25.1350939,67,2893.88
B-SA,121.7971992,25.1347536,68,2941.69
B-SA,121.7974513,25.1344857,69,2980.82
B-SA,121.7976151,25.1342935,70,3007.81
B-SA,121.7978303,25.1340499,71,3042.50
B-SA,121.7979374,25.1338702,72,3065.21
B-SA,121.7979857,25.1337326,73,3081.26
B-SA,121.7980754,25.1332948,74,3130.77
B-SA,121.7982025,25.1329618,75,3169.94
B-SA,121.7984787,25.1323774,76,3240.63
B-SA,121.7986668,25.1320539,77,3281.28
B-SA,121.7988360,25.1318380,78,3310.71
B-SA,121.7990213,25.1315832,79,3344.63
B-SA,121.7992649,25.1312599,80,3388.15
B-SA,121.7994499,25.1310243,81,3420.29
B-SA,121.7996516,25.1307530,82,3456.66
B-SA,121.7998544,25.1303663,83,3504.25
B-SA,121.7999396,25.1300675,84,3538.57
B-SA,121.7999512,25.1298435,85,3563.50
B-SA,121.7999433,25.1296256,86,3587.75
B-SA,121.7999123,25.1294229,87,3610.50
B-SA,121.7997831,25.1290450,88,3654.49
B-SA,121.7996541,25.1286872,89,3696.34
B-SA,121.7995841,25.1284585,90,3722.73
B-SA,121.7995468,25.1282548,91,3745.69
B-SA,121.7995367,25.1280462,92,3768.91
B-SA,121.7995814,25.1277335,93,3803.97
B-SA,121.7996640,25.1274755,94,3833.84
B-SA,121.7997630,25.1272127,95,3864.71
B-SA,121.7999440,25.1268409,96,3909.89
B-SA,121.8000701,25.1266129,97,3938.25
B-SA,121.8002076,25.1262211,98,3983.96
B-SA,121.8002522,25.1259332,99,4016.28
B-SA,121.8002481,25.1255856,100,4054.94
B-SA,121.8002001,25.1253023,101,4086.81
B-SA,121.8000327,25.1249342,102,4131.07
B-SA,121.7997836,25.1246006,103,4175.85
B-SA,121.7996207,25.1243913,104,4204.32
B-SA,121.7996205,25.1243910,105,4204.36
B-SA,121.7996201,25.1243905,106,4204.43
B-SA,121.7995240,25.1242672,107,4221.21
B-SA,121.7990794,25.1237540,108,4293.73
B-SA,121.7985427,25.1231463,109,4380.25
B-SA,121.7983163,25.1228365,110,4421.56
B-SA,121.7982268,25.1226907,111,4440.11
B-SA,121.7981567,25.1225000,112,4462.46
B-SA,121.7981094,25.1222853,113,4486.80
B-SA,121.7980566,25.1212286,114,4604.42
B-SA,121.7980229,25.1205809,115,4676.52
B-SA,121.7980403,25.1202225,116,4716.41
B-SA,121.7981107,25.1199534,117,4747.16
B-SA,121.7982074,25.1197051,118,4776.44
B-SA,121.7982197,25.1196750,119,4780.01
B-SA,121.7982817,25.1195225,120,4798.07
B-SA,121.7983522,25.1192773,121,4826.25
B-SA,121.7983936,25.1190771,122,4848.90
B-SA,121.7983986,25.1188471,123,4874.47
B-SA,121.7983708,25.1186054,124,4901.49
B-SA,121.7983002,25.1183341,125,4932.49
B-SA,121.7982732,25.1182119,126,4946.35
B-SA,121.7982363,25.1180867,127,4960.76
B-SA,121.7982038,25.1179827,128,4972.78
B-SA,121.7982028,25.1179793,129,4973.16
B-SA,121.7981154,25.1176544,130,5010.35
B-SA,121.7980682,25.1174456,131,5034.05
B-SA,121.7980367,25.1171472,132,5067.38
B-SA,121.7980153,25.1168876,133,5096.33
B-SA,121.7980124,25.1168519,134,5100.30
B-SA,121.7979797,25.1164548,135,5144.58
B-SA,121.7979221,25.1161655,136,5177.27
B-SA,121.7978612,25.1158763,137,5210.02
B-SA,121.7977480,25.1156111,138,5241.62
B-SA,121.7976449,25.1153848,139,5268.85
B-SA,121.7972721,25.1145388,140,5370.13
B-SA,121.7972216,25.1143480,141,5391.94
B-SA,121.7972077,25.1142197,142,5406.28
B-SA,121.7972074,25.1141783,143,5410.88
B-SA,121.7972070,25.1141122,144,5418.23
B-SA,121.7972061,25.1139749,145,5433.50
B-SA,121.7972213,25.1137837,146,5454.81
B-SA,121.7973047,25.1135026,147,5487.18
B-SA,121.7973952,25.1132991,148,5511.58
B-SA,121.7975706,25.1130324,149,5546.09
B-SA,121.7977561,25.1128224,150,5575.99
B-SA,121.7981347,25.1125457,151,5624.98
B-SA,121.7985287,25.1123185,152,5672.01
B-SA,121.7986647,25.1122721,153,5686.64
B-SA,121.7991699,25.1120301,154,5744.19
B-SA,121.7998726,25.1116094,155,5829.00
B-SA,121.8016165,25.1105643,156,6039.57
B-SA,121.8019555,25.1103671,157,6080.13
B-SA,121.8023186,25.1101536,158,6123.73
B-SA,121.8027259,25.1099567,159,6170.21
B-SA,121.8033371,25.1097706,160,6235.14
B-SA,121.8038243,25.1096130,161,6287.23
B-SA,121.8060249,25.1090469,162,6517.57
B-SA,121.8061231,25.1090306,163,6527.62
B-SA,121.8061705,25.1090214,164,6532.50
E-EL,121.7289405,25.1085466,1,0.00
E-EL,121.7290163,25.1085803,2,8.50
E-EL,121.7303308,25.1090900,3,152.48
E-EL,121.7308212,25.1092501,4,204.96
E-EL,121.7312713,25.1093234,5,251.01
E-EL,121.7315825,25.1093298,6,282.35
E-EL,121.7321174,25.1092842,7,336.45
E-EL,121.7327616,25.1091019,8,404.41
E-EL,121.7332129,25.1088846,9,455.86
E-EL,121.7336870,25.1085383,10,517.19
E-EL,121.7341246,25.1080238,11,589.41
E-EL,121.7345554,25.1072983,12,681.00
E-EL,121.7348175,25.1067556,13,746.86
E-EL,121.7355097,25.1053871,14,914.24
E-EL,121.7362333,25.1039898,15,1085.85
E-EL,121.7365335,25.1035404,16,1144.25
E-EL,121.7369988,25.1030472,17,1216.38
E-EL,121.7375083,25.1026972,18,1280.77
E-EL,121.7381087,25.1024326,19,1348.01
E-EL,121.7388238,25.1022762,20,1422.09
E-EL,121.7391045,25.1022398,21,1450.64
E-EL,121.7396774,25.1021994,22,1508.49
E-EL,121.7401253,25.1022073,23,1553.61
E-EL,121.7401486,25.1022077,24,1555.95
E-EL,121.7403306,25.1022109,25,1574.28
E-EL,121.7404353,25.1022128,26,1584.82
E-EL,121.7424879,25.1021430,27,1791.65
E-EL,121.7433951,25.1020862,28,1883.22
E-EL,121.7442127,25.1019836,29,1966.33
E-EL,121.7450655,25.1017768,30,2055.23
E-EL,121.7459179,25.1015325,31,2145.26
E-EL,121.7471101,25.1011885,32,2271.25
E-EL,121.7486675,25.1007483,33,2435.53
E-EL,121.7495555,25.1005467,34,2527.72
E-EL,121.7502372,25.1004908,35,2596.64
E-EL,121.7510367,25.1005941,36,2677.96
E-EL,121.7517400,25.1007324,37,2750.43
E-EL,121.7525694,25.1009483,38,2837.33
E-EL,121.7534567,25.1012734,39,2933.71
E-EL,121.7543197,25.1018239,40,3040.00
E-EL,121.7552015,25.1024518,41,3152.95
E-EL,121.7558394,25.1028247,42,3229.41
E-EL,121.7565113,25.1030298,43,3300.81
E-EL,121.7569763,25.1030800,44,3347.96
E-EL,121.7575638,25.1030475,45,3407.23
E-EL,121.7576330,25.1030407,46,3414.23
E-EL,121.7576778,25.1030362,47,3418.78
E-EL,121.7578981,25.1030207,48,3441.02
E-EL,121.7583250,25.1029824,49,3484.22
E-EL,121.7595779,25.1028172,50,3611.71
E-EL,121.7616920,25.1025956,51,3826.01
E-EL,121.7618737,25.1025838,52,3844.35
E-EL,121.7618967,25.1025823,53,3846.67
E-EL,121.7636825,25.1024178,54,4027.41
E-EL,121.7642196,25.1024168,55,4081.50
E-EL,121.7659677,25.1025798,56,4258.45
E-EL,121.7688969,25.1028379,57,4554.79
E-EL,121.7703436,25.1029757,58,4701.26
E-EL,121.7732760,25.1031982,59,4997.56
E-EL,121.7751328,25.1033347,60,5185.15
E-EL,121.7767677,25.1034901,61,5350.67
E-EL,121.7798019,25.1037115,62,5657.18
E-EL,121.7806367,25.1038075,63,5741.91
E-EL,121.7814249,25.1039896,64,5823.82
E-EL,121.7822059,25.1042865,65,5909.10
E-EL,121.7828455,25.1046271,66,5983.82
E-EL,121.7833435,25.1049684,67,6046.70
E-EL,121.7837155,25.1053104,68,6100.08
E-EL,121.7841352,25.1057166,69,6161.94
E-EL,121.7845134,25.1061528,70,6223.60
E-EL,121.7848394,25.1066778,71,6290.57
E-EL,121.7850825,25.1071530,72,6348.81
E-EL,121.7857545,25.1085939,73,6522.73
E-EL,121.7861469,25.1093150,74,6612.12
E-EL,121.7864411,25.1097720,75,6670.94
E-EL,121.7869768,25.1103613,76,6755.81
E-EL,121.7873479,25.1106665,77,6806.29
E-EL,121.7881624,25.1112749,78,6912.60
E-EL,121.7891390,25.1119898,79,7039.05
E-EL,121.7896293,25.1123527,80,7102.80
E-EL,121.7897400,25.1124273,81,7116.69
E-EL,121.7898616,25.1125055,82,7131.71
E-EL,121.7899612,25.1125695,83,7144.01
E-EL,121.7901784,25.1126901,84,7169.67
E-EL,121.7904508,25.1128141,85,7200.36
E-EL,121.7907033,25.1129202,86,7228.39
E-EL,121.7909675,25.1130012,87,7256.47
E-EL,121.7912709,25.1130605,88,7287.72
E-EL,121.7923902,25.1132232,89,7401.86
E-EL,121.7934485,25.1133053,90,7508.81
E-EL,121.7942593,25.1133204,91,7590.46
E-EL,121.7949074,25.1132583,92,7656.07
E-EL,121.7952723,25.1131917,93,7693.55
E-EL,121.7952730,25.1131916,94,7693.62
E-EL,121.7952732,25.1131915,95,7693.65
E-EL,121.7953623,25.1131753,96,7702.79
E-EL,121.7955444,25.1131297,97,7721.82
E-EL,121.7963922,25.1129168,98,7810.40
E-EL,121.7974382,25.1126227,99,7920.68
E-EL,121.7985287,25.1123185,100,8035.56
E-EL,121.7986647,25.1122721,101,8050.20
E-EL,121.7991699,25.1120301,102,8107.74
E-EL,121.7998726,25.1116094,103,8192.56
E-EL,121.8016165,25.1105643,104,8403.12
E-EL,121.8019555,25.1103671,105,8443.69
E-EL,121.8023186,25.1101536,106,8487.28
E-EL,121.8027259,25.1099567,107,8533.76
E-EL,121.8033371,25.1097706,108,8598.69
E-EL,121.8038243,25.1096130,109,8650.78
E-EL,121.8060249,25.1090469,110,8881.12
E-EL,121.8061231,25.1090306,111,8891.17
E-EL,121.8061705,25.1090214,112,8896.05
E-EL,121.8081698,25.1086344,113,9101.91
E-EL,121.8091250,25.1084680,114,9199.85
E-EL,121.8096320,25.1083828,115,9251.77
E-EL,121.8101902,25.1082973,116,9308.77
E-EL,121.8106186,25.1082197,117,9352.76
E-EL,121.8111048,25.1081415,118,9402.48
E-EL,121.8116446,25.1080529,119,9457.72
E-EL,121.8120969,25.1080325,120,9503.32
E-EL,121.8125260,25.1080552,121,9546.60
E-EL,121.8130341,25.1081277,122,9598.39
E-EL,121.8133338,25.1082192,123,9630.23
E-EL,121.8141833,25.1086166,124,9726.51
E-EL,121.8147969,25.1088463,125,9793.36
E-EL,121.8152573,25.1089442,126,9840.98
E-EL,121.8156289,25.1089988,127,9878.88
E-EL,121.8159951,25.1090107,128,9915.78
E-EL,121.8164549,25.1089079,129,9963.46
E-EL,121.8170104,25.1087222,130,10023.09
E-EL,121.8175935,25.1084893,131,10087.25
E-EL,121.8180407,25.1082466,132,10139.75
E-EL,121.8186070,25.1079859,133,10203.72
E-EL,121.8195390,25.1075939,134,10307.19
E-EL,121.8203395,25.1072527,135,10396.27
E-EL,121.8217141,25.1067426,136,10545.85
E-EL,121.8228011,25.1064635,137,10659.61
E-EL,121.8233919,25.1063197,138,10721.21
E-EL,121.8248202,25.1059057,139,10872.22
E-EL,121.8255303,25.1056970,140,10947.39
E-EL,121.8266100,25.1053869,141,11061.44
E-EL,121.8271434,25.1051583,142,11120.86
E-EL,121.8278490,25.1047722,143,11203.88
E-EL,121.8281218,25.1044165,144,11252.03
E-EL,121.8283671,25.1041687,145,11289.03
E-EL,121.8285748,25.1039588,146,11320.37
E-EL,121.8288667,25.1036638,147,11364.41
E-EL,121.8295017,25.1030221,148,11460.22
E-EL,121.8300713,25.1024464,149,11546.17
E-EL,121.8305981,25.1018428,150,11631.72
E-EL,121.8312915,25.1010044,151,11748.20
E-EL,121.8320253,25.1001084,152,11872.24
E-EL,121.8324140,25.0996112,153,11939.97
E-EL,121.8326256,25.0990797,154,12002.80
E-EL,121.8327588,25.0985957,155,12058.26
E-EL,121.8328185,25.0982230,156,12100.14
E-EL,121.8328164,25.0979206,157,12133.76
E-EL,121.8327034,25.0972485,158,12209.36
E-EL,121.8323983,25.0962476,159,12324.81
E-EL,121.8322150,25.0957571,160,12382.40
E-EL,121.8318282,25.0944552,161,12532.31
E-EL,121.8315929,25.0937877,162,12610.22
E-EL,121.8312515,25.0929441,163,12710.13
E-EL,121.8308629,25.0921198,164,12809.79
E-EL,121.8302903,25.0912249,165,12924.80
E-EL,121.8297239,25.0904637,166,13026.86
E-EL,121.8292373,25.0898693,167,13109.15
E-EL,121.8278243,25.0880332,168,13358.00
E-EL,121.8276230,25.0877525,169,13395.22
E-EL,121.8273422,25.0873384,170,13449.25
E-EL,121.8272015,25.0871407,171,13475.41
E-EL,121.8271357,25.0870482,172,13487.65
E-EL,121.8261462,25.0856302,173,13674.17
E-EL,121.8258078,25.0852356,174,13729.73
E-EL,121.8253414,25.0846600,175,13809.11
E-EL,121.8248440,25.0840227,176,13895.90
E-EL,121.8245490,25.0835621,177,13955.10
E-EL,121.8243760,25.0831617,178,14002.91
E-EL,121.8242913,25.0827894,179,14045.18
E-EL,121.8242318,25.0824702,180,14081.18
E-EL,121.8241798,25.0818695,181,14148.17
E-EL,121.8241889,25.0814666,182,14192.99
E-EL,121.8242444,25.0811620,183,14227.32
E-EL,121.8243422,25.0808041,184,14268.32
E-EL,121.8244663,25.0803928,185,14315.72
E-EL,121.8246176,25.0799825,186,14363.83
E-EL,121.8246473,25.0795402,187,14413.09
E-EL,121.8246716,25.0792891,188,14441.13
E-EL,121.8246561,25.0790841,189,14463.97
E-EL,121.8245603,25.0784827,190,14531.53
E-EL,121.8243414,25.0778964,191,14600.36
E-EL,121.8238318,25.0765332,192,14760.40
E-EL,121.8236797,25.0759710,193,14824.76
E-EL,121.8235864,25.0756027,194,14866.77
E-EL,121.8235823,25.0750346,195,14929.94
E-EL,121.8236127,25.0746583,196,14971.90
E-EL,121.8237056,25.0738107,197,15066.62
E-EL,121.8237284,25.0733041,198,15122.98
E-EL,121.8236607,25.0727140,199,15188.96
E-EL,121.8235323,25.0716123,200,15312.15
E-EL,121.8234900,25.0712931,201,15347.90
E-EL,121.8233807,25.0709362,202,15389.07
E-EL,121.8232299,25.0706629,203,15423.04
E-EL,121.8230264,25.0702984,204,15468.46
E-EL,121.8226670,25.0698896,205,15526.58
E-EL,121.8224660,25.0696375,206,15561.15
E-EL,121.8223122,25.0693980,207,15591.97
E-EL,121.8221373,25.0691091,208,15628.60
E-EL,121.8219755,25.0684412,209,15704.64
E-EL,121.8219454,25.0679301,210,15761.55
E-EL,121.8220393,25.0673304,211,15828.89
E-EL,121.8222777,25.0665668,212,15917.13
E-EL,121.8224057,25.0660932,213,15971.35
E-EL,121.8225090,25.0655540,214,16032.20
E-EL,121.8225095,25.0655424,215,16033.50
E-EL,121.8225193,25.0653354,216,16056.53
E-EL,121.8225445,25.0645745,217,16141.18
E-EL,121.8225686,25.0641412,218,16189.43
E-EL,121.8225681,25.0638448,219,16222.38
E-EL,121.8225760,25.0635672,220,16253.26
E-EL,121.8226320,25.0628992,221,16327.75
E-EL,121.8227472,25.0624686,222,16377.02
E-EL,121.8231843,25.0617123,223,16471.94
E-EL,121.8248260,25.0612271,224,16645.88
E-EL,121.8267418,25.0606730,225,16848.45
E-EL,121.8281246,25.0602730,226,16994.67
E-EL,121.8305587,25.0595688,227,17252.05
E-EL,121.8315052,25.0592950,228,17352.13
E-EL,121.8330506,25.0588478,229,17515.55
E-EL,121.8352384,25.0582089,230,17747.08
E-EL,121.8364265,25.0578655,231,17872.70
E-EL,121.8393698,25.0569911,232,18184.72
E-EL,121.8407909,25.0565932,233,18334.55
E-EL,121.8426977,25.0563829,234,18528.05
E-EL,121.8444005,25.0571254,235,18718.40
E-EL,121.8448170,25.0573177,236,18765.49
E-EL,121.8452609,25.0574957,237,18814.39
E-EL,121.8457924,25.0576858,238,18871.95
E-EL,121.8462949,25.0578491,239,18925.73
E-EL,121.8467328,25.0579995,240,18972.90
E-EL,121.8470917,25.0581172,241,19011.35
E-EL,121.8475800,25.0582936,242,19064.30
E-EL,121.8481856,25.0584762,243,19128.58
E-EL,121.8489942,25.0587707,244,19216.37
E-EL,121.8496278,25.0589516,245,19283.29
E-EL,121.8501003,25.0590265,246,19331.61
E-EL,121.8504216,25.0590307,247,19363.98
E-EL,121.8508043,25.0589870,248,19402.83
E-EL,121.8512777,25.0589047,249,19451.38
E-EL,121.8517031,25.0587544,250,19497.38
E-EL,121.8518982,25.0586442,251,19520.54
E-EL,121.8519010,25.0586426,252,19520.88
E-EL,121.8522723,25.0583885,253,19567.75
E-EL,121.8525502,25.0581096,254,19609.52
E-EL,121.8528001,25.0578454,255,19648.21
E-EL,121.8534766,25.0570132,256,19763.12
E-EL,121.8537885,25.0566932,257,19810.60
E-EL,121.8541747,25.0564092,258,19860.70
E-EL,121.8552157,25.0558137,259,19984.72
E-EL,121.8566211,25.0550676,260,20148.81
E-EL,121.8570937,25.0547670,261,20206.98
E-EL,121.8573137,25.0545662,262,20238.44
E-EL,121.8575428,25.0543212,263,20274.13
E-EL,121.8577247,25.0540813,264,20306.50
E-EL,121.8579109,25.0537172,265,20351.12
E-EL,121.8584274,25.0525677,266,20489.12
E-EL,121.8593942,25.0505891,267,20729.72
E-EL,121.8600044,25.0493436,268,20881.25
E-EL,121.8602498,25.0490005,269,20926.70
E-EL,121.8605870,25.0486666,270,20977.03
E-EL,121.8608059,25.0484743,271,21007.75
E-EL,121.8609677,25.0483634,272,21028.18
E-EL,121.8611139,25.0482718,273,21046.09
E-EL,121.8613959,25.0481078,274,21079.85
E-EL,121.8617190,25.0479617,275,21116.23
E-EL,121.8621647,25.0478071,276,21164.30
E-EL,121.8626673,25.0476991,277,21216.34
E-EL,121.8633366,25.0476482,278,21284.00
E-EL,121.8648782,25.0478446,279,21440.82
E-EL,121.8659124,25.0479538,280,21545.72
E-EL,121.8662201,25.0479560,281,21576.71
E-EL,121.8665720,25.0479063,282,21612.59
E-EL,121.8668305,25.0478623,283,21639.09
E-EL,121.8671689,25.0477608,284,21675.00
E-EL,121.8673058,25.0476921,285,21690.77
E-EL,121.8675077,25.0475689,286,21715.28
E-EL,121.8677742,25.0474050,287,21747.73
E-EL,121.8679984,25.0472460,288,21776.41
E-EL,121.8682381,25.0470248,289,21810.88
E-EL,121.8684209,25.0467632,290,21845.31
E-EL,121.8685084,25.0466343,291,21862.14
E-EL,121.8686740,25.0463822,292,21894.76
E-EL,121.8688561,25.0459802,293,21943.08
E-EL,121.8689050,25.0456179,294,21983.66
E-EL,121.8689377,25.0452255,295,22027.41
E-EL,121.8688970,25.0447103,296,22084.85
E-EL,121.8687807,25.0442590,297,22136.38
E-EL,121.8686753,25.0440051,298,22166.55
E-EL,121.8683731,25.0435435,299,22226.22
E-EL,121.8681754,25.0432037,300,22268.94
E-EL,121.8680528,25.0430193,301,22292.87
E-EL,121.8679149,25.0428060,302,22320.36
E-EL,121.8676681,25.0423736,303,22374.48
E-EL,121.8675449,25.0420937,304,22408.00
E-EL,121.8674703,25.0417709,305,22444.67
E-EL,121.8673618,25.0411373,306,22515.96
E-EL,121.8671981,25.0402843,307,22612.23
E-EL,121.8670536,25.0393626,308,22715.76
E-EL,121.8669925,25.0390207,309,22754.26
E-EL,121.8669021,25.0385135,310,22811.39
E-EL,121.8669003,25.0385031,311,22812.56
E-EL,121.8668520,25.0382320,312,22843.10
E-EL,121.8666696,25.0372454,313,22954.34
E-EL,121.8665374,25.0363188,314,23058.22
E-EL,121.8664353,25.0355355,315,23145.93
E-EL,121.8664113,25.0352834,316,23174.06
E-EL,121.8663576,25.0347955,317,23228.59
E-EL,121.8663394,25.0346607,318,23243.68
E-EL,121.8662888,25.0341809,319,23297.28
E-EL,121.8661965,25.0333574,320,23389.32
E-EL,121.8661872,25.0331496,321,23412.44
E-EL,121.8662245,25.0325829,322,23475.57
E-EL,121.8663246,25.0320351,323,23537.32
E-EL,121.8664944,25.0314985,324,23599.38
E-EL,121.8668744,25.0306967,325,23696.41
E-EL,121.8670538,25.0304173,326,23732.35
E-EL,121.8674699,25.0299436,327,23799.68
E-EL,121.8680714,25.0293545,328,23888.92
E-EL,121.8689134,25.0286495,329,24004.43
E-EL,121.8693714,25.0283899,330,24058.85
E-EL,121.8697349,25.0282215,331,24099.99
E-EL,121.8701470,25.0280890,332,24144.04
E-EL,121.8706963,25.0279138,333,24202.72
E-EL,121.8713086,25.0277526,334,24266.96
E-EL,121.8722980,25.0275318,335,24369.63
E-EL,121.8738926,25.0272501,336,24533.31
E-EL,121.8769929,25.0263792,337,24860.36
E-EL,121.8800689,25.0254008,338,25188.82
E-EL,121.8812540,25.0250498,339,25314.44
E-EL,121.8818269,25.0248887,340,25374.88
E-EL,121.8822822,25.0247714,341,25422.57
E-EL,121.8827268,25.0246728,342,25468.69
E-EL,121.8829996,25.0246486,343,25496.31
E-EL,121.8833900,25.0246072,344,25535.91
E-EL,121.8845149,25.0246506,345,25649.35
E-EL,121.8884577,25.0250141,346,26048.66
E-EL,121.8898832,25.0250488,347,26192.35
E-EL,121.8911069,25.0248549,348,26317.51
E-EL,121.8916876,25.0246794,349,26379.19
E-EL,121.8921425,25.0245119,350,26428.67
E-EL,121.8927305,25.0242576,351,26494.32
E-EL,121.8936477,25.0238436,352,26597.56
E-EL,121.8943495,25.0235400,353,26675.91
E-EL,121.8951382,25.0233259,354,26758.87
E-EL,121.8959551,25.0231920,355,26842.52
E-EL,121.8968043,25.0231654,356,26928.13
E-EL,121.8984106,25.0234423,357,27092.89
E-EL,121.9001204,25.0238834,358,27272.01
E-EL,121.9012488,25.0240224,359,27386.74
E-EL,121.9027884,25.0238912,360,27542.55
E-EL,121.9039931,25.0236784,361,27666.22
E-EL,121.9049690,25.0233595,362,27770.75
E-EL,121.9064744,25.0227341,363,27937.61
E-EL,121.9082835,25.0219397,364,28140.17
E-EL,121.9085967,25.0218360,365,28173.77
E-EL,121.9086656,25.0218132,366,28181.16
E-EL,121.9086786,25.0218089,367,28182.55
E-EL,121.9090203,25.0216958,368,28219.21
E-EL,121.9094382,25.0216036,369,28262.54
E-EL,121.9099549,25.0215039,370,28315.77
E-EL,121.9104514,25.0214629,371,28366.01
E-EL,121.9110042,25.0214263,372,28421.86
E-EL,121.9127720,25.0214344,373,28599.98
E-EL,121.9140304,25.0214410,374,28726.78
E-EL,121.9147378,25.0213936,375,28798.25
E-EL,121.9163798,25.0210723,376,28967.51
E-EL,121.9184600,25.0206541,377,29182.21
E-EL,121.9198579,25.0203947,378,29325.98
E-EL,121.9212477,25.0201066,379,29469.64
E-EL,121.9226528,25.0197611,380,29616.34
E-EL,121.9240244,25.0191435,381,29770.66
E-EL,121.9256938,25.0183879,382,29958.69
E-EL,121.9273172,25.0177902,383,30135.25
E-EL,121.9282515,25.0175909,384,30231.97
E-EL,121.9290800,25.0175494,385,30315.58
E-EL,121.9299154,25.0175970,386,30399.92
E-EL,121.9310443,25.0177311,387,30514.65
E-EL,121.9318392,25.0178121,388,30595.25
E-EL,121.9330193,25.0178835,389,30714.42
E-EL,121.9347809,25.0179992,390,30892.38
E-EL,121.9357493,25.0180090,391,30989.97
E-EL,121.9372222,25.0181285,392,31138.97
E-EL,121.9383759,25.0180289,393,31255.75
E-EL,121.9394592,25.0177663,394,31368.74
E-EL,121.9403686,25.0174073,395,31468.70
E-EL,121.9414417,25.0168319,396,31594.33
E-EL,121.9423388,25.0164767,397,31692.99
E-EL,121.9428151,25.0163007,398,31744.82
E-EL,121.9434615,25.0160771,399,31814.53
E-EL,121.9439902,25.0158867,400,31871.86
E-EL,121.9446176,25.0156677,401,31939.60
E-EL,121.9446730,25.0156495,402,31945.54
E-EL,121.9451510,25.0154924,403,31996.78
E-EL,121.9459589,25.0152221,404,32083.56
E-EL,121.9465943,25.0150174,405,32151.51
E-EL,121.9471820,25.0148401,406,32213.93
E-EL,121.9483280,25.0144690,407,32336.55
E-EL,121.9495987,25.0140452,408,32472.99
E-EL,121.9506255,25.0136087,409,32587.27
E-EL,121.9515971,25.0129870,410,32707.13
E-EL,121.9523105,25.0121911,411,32821.14
E-EL,121.9533747,25.0108348,412,33006.20
E-EL,121.9544658,25.0095618,413,33185.43
E-EL,121.9568030,25.0067403,414,33577.74
E-EL,121.9574890,25.0056371,415,33718.54
E-EL,121.9578335,25.0047655,416,33821.49
E-EL,121.9579747,25.0040528,417,33902.01
E-EL,121.9579234,25.0027598,418,34045.87
E-EL,121.9577913,25.0017346,419,34160.65
E-EL,121.9575294,24.9997834,420,34379.21
E-EL,121.9573351,24.9983361,421,34541.33
E-EL,121.9567402,24.9939040,422,35037.79
E-EL,121.9563987,24.9913591,423,35322.86
E-EL,121.9562291,24.9879894,424,35697.94
E-EL,121.9562291,24.9879890,425,35697.98
E-EL,121.9562291,24.9879888,426,35698.01
E-EL,121.9562274,24.9879770,427,35699.33
E-EL,121.9561345,24.9873601,428,35768.56
E-EL,121.9559349,24.9860325,429,35917.55
E-EL,121.9554067,24.9842300,430,36124.93
E-EL,121.9551391,24.9837755,431,36182.22
E-EL,121.9545743,24.9829185,432,36293.21
E-EL,121.9534431,24.9819197,433,36452.38
E-EL,121.9524029,24.9812695,434,36579.73
E-EL,121.9513301,24.9807500,435,36702.32
E-EL,121.9479742,24.9793114,436,37076.50
E-EL,121.9456702,24.9783996,437,37329.89
E-EL,121.9452545,24.9782156,438,37376.52
E-EL,121.9451851,24.9781849,439,37384.31
E-EL,121.9442920,24.9778040,440,37483.79
E-EL,121.9435946,24.9774144,441,37566.37
E-EL,121.9419949,24.9763264,442,37767.95
E-EL,121.9398948,24.9750432,443,38023.23
E-EL,121.9390756,24.9746855,444,38114.89
E-EL,121.9377215,24.9743941,445,38255.17
E-EL,121.9354596,24.9740475,446,38486.39
E-EL,121.9342538,24.9736839,447,38614.49
E-EL,121.9304800,24.9723197,448,39024.01
E-EL,121.9293362,24.9717894,449,39153.51
E-EL,121.9277502,24.9708260,450,39345.96
E-EL,121.9258747,24.9697031,451,39572.52
E-EL,121.9250843,24.9691228,452,39675.04
E-EL,121.9246420,24.9686657,453,39742.65
E-EL,121.9240014,24.9679770,454,39842.82
E-EL,121.9230701,24.9669438,455,39991.20
E-EL,121.9227649,24.9665998,456,40040.28
E-EL,121.9226539,24.9664746,457,40058.14
E-EL,121.9221784,24.9659640,458,40132.44
E-EL,121.9217947,24.9654783,459,40198.87
E-EL,121.9213323,24.9647726,460,40290.14
E-EL,121.9209581,24.9639472,461,40389.37
E-EL,121.9202564,24.9623529,462,40580.24
E-EL,121.9196803,24.9612441,463,40716.53
E-EL,121.9186363,24.9599087,464,40898.53
E-EL,121.9181782,24.9593329,465,40977.48
E-EL,121.9177271,24.9584436,466,41086.32
E-EL,121.9171975,24.9572405,467,41230.36
E-EL,121.9170079,24.9568258,468,41280.27
E-EL,121.9161793,24.9549980,469,41500.01
E-EL,121.9156794,24.9543538,470,41587.59
E-EL,121.9147957,24.9535352,471,41714.97
E-EL,121.9140585,24.9530500,472,41806.80
E-EL,121.9132039,24.9526313,473,41904.73
E-EL,121.9114801,24.9521020,474,42088.21
E-EL,121.9102102,24.9516882,475,42224.26
E-EL,121.9093359,24.9512577,476,42324.57
E-EL,121.9086906,24.9507958,477,42407.45
E-EL,121.9078785,24.9500788,478,42521.73
E-EL,121.9072284,24.9495058,479,42613.14
E-EL,121.9062173,24.9487211,480,42747.31
E-EL,121.9053638,24.9481827,481,42852.14
E-EL,121.9041409,24.9473464,482,43006.57
E-EL,121.9031279,24.9466708,483,43133.36
E-EL,121.9026124,24.9463632,484,43195.57
E-EL,121.9007372,24.9452972,485,43418.71
E-EL,121.8989447,24.9442864,486,43631.55
E-EL,121.8969442,24.9431582,487,43869.07
E-EL,121.8956685,24.9425146,488,44016.26
E-EL,121.8949326,24.9421846,489,44099.03
E-EL,121.8941098,24.9416103,490,44203.72
E-EL,121.8932407,24.9409706,491,44316.59
E-EL,121.8921147,24.9401354,492,44463.27
E-EL,121.8912851,24.9395313,493,44570.54
E-EL,121.8902645,24.9387670,494,44704.00
E-EL,121.8897725,24.9384280,495,44766.31
E-EL,121.8896458,24.9383408,496,44782.35
E-EL,121.8888624,24.9377722,497,44883.52
E-EL,121.8876840,24.9369193,498,45035.55
E-EL,121.8859657,24.9356636,499,45258.07
E-EL,121.8851429,24.9350833,500,45363.17
E-EL,121.8843317,24.9342879,501,45483.63
E-EL,121.8838223,24.9335684,502,45578.71
E-EL,121.8835537,24.9329886,503,45648.64
E-EL,121.8832506,24.9321847,504,45743.10
E-EL,121.8829782,24.9277408,505,46238.01
E-EL,121.8829092,24.9230759,506,46756.77
E-EL,121.8828299,24.9194905,507,47155.53
E-EL,121.8825155,24.9185071,508,47269.38
E-EL,121.8824821,24.9184177,509,47279.87
E-EL,121.8821622,24.9174850,510,47388.49
E-EL,121.8812573,24.9163796,511,47541.57
E-EL,121.8804144,24.9157158,512,47654.15
E-EL,121.8793290,24.9150116,513,47788.73
E-EL,121.8786044,24.9143948,514,47888.95
E-EL,121.8780959,24.9137887,515,47973.64
E-EL,121.8775337,24.9129978,516,48078.27
E-EL,121.8766005,24.9115881,517,48261.11
E-EL,121.8760128,24.9108869,518,48359.05
E-EL,121.8751754,24.9100677,519,48483.26
E-EL,121.8736716,24.9085120,520,48713.32
E-EL,121.8726568,24.9075924,521,48858.00
E-EL,121.8702253,24.9059316,522,49164.98
E-EL,121.8692752,24.9052951,523,49284.10
E-EL,121.8687486,24.9050655,524,49343.03
E-EL,121.8687106,24.9050489,525,49347.28
E-EL,121.8686650,24.9050187,526,49352.98
E-EL,121.8678883,24.9047072,527,49438.63
E-EL,121.8666765,24.9044631,528,49563.82
E-EL,121.8655725,24.9043642,529,49675.71
E-EL,121.8644711,24.9042600,530,49787.39
E-EL,121.8634331,24.9040989,531,49893.60
E-EL,121.8626983,24.9038882,532,49971.33
E-EL,121.8620344,24.9036378,533,50043.84
E-EL,121.8615363,24.9033478,534,50103.53
E-EL,121.8608584,24.9028378,535,50192.37
E-EL,121.8599658,24.9019118,536,50329.14
E-EL,121.8593451,24.9008742,537,50460.40
E-EL,121.8589307,24.8997060,538,50596.86
E-EL,121.8585368,24.8986035,539,50725.73
E-EL,121.8582172,24.8978290,540,50817.68
E-EL,121.8578444,24.8968806,541,50929.64
E-EL,121.8572354,24.8959813,542,51047.00
E-EL,121.8566743,24.8953060,543,51141.03
E-EL,121.8560649,24.8948227,544,51222.68
E-EL,121.8550170,24.8942227,545,51347.66
E-EL,121.8520812,24.8928541,546,51680.60
E-EL,121.8508003,24.8922344,547,51827.03
E-EL,121.8498455,24.8914336,548,51958.18
E-EL,121.8491983,24.8906192,549,52069.82
E-EL,121.8488598,24.8899404,550,52152.66
E-EL,121.8483767,24.8885800,551,52311.58
E-EL,121.8477238,24.8865550,552,52546.19
E-EL,121.8475577,24.8862096,553,52588.09
E-EL,121.8472120,24.8856507,554,52659.36
E-EL,121.8468037,24.8850733,555,52735.63
E-EL,121.8463091,24.8845446,556,52812.74
E-EL,121.8455881,24.8838495,557,52918.87
E-EL,121.8455579,24.8838204,558,52923.32
E-EL,121.8436002,24.8818489,559,53218.36
E-EL,121.8421614,24.8801252,560,53458.78
E-EL,121.8389347,24.8763275,561,53991.95
E-EL,121.8364203,24.8733021,562,54413.27
E-EL,121.8350593,24.8718192,563,54627.84
E-EL,121.8337853,24.8708148,564,54798.12
E-EL,121.8310219,24.8686923,565,55163.38
E-EL,121.8286930,24.8669317,566,55469.20
E-EL,121.8259215,24.8648208,567,55834.28
E-EL,121.8252493,24.8642409,568,55927.85
E-EL,121.8247045,24.8636276,569,56015.44
E-EL,121.8243541,24.8631100,570,56082.98
E-EL,121.8238699,24.8621453,571,56200.85
E-EL,121.8230998,24.8605073,572,56398.87
E-EL,121.8226883,24.8596317,573,56504.71
E-EL,121.8224080,24.8590334,574,56577.00
E-EL,121.8223563,24.8589230,575,56590.34
E-EL,121.8217256,24.8575704,576,56753.65
E-EL,121.8206633,24.8552896,577,57028.98
E-EL,121.8201523,24.8542175,578,57158.87
E-EL,121.8191174,24.8521092,579,57415.50
E-EL,121.8188946,24.8517257,580,57463.71
E-EL,121.8185164,24.8512824,581,57526.04
E-EL,121.8177370,24.8505477,582,57639.44
E-EL,121.8159286,24.8491641,583,57878.11
E-EL,121.8145626,24.8481689,584,58054.86
E-EL,121.8099061,24.8446411,585,58666.94
E-EL,121.8091511,24.8440588,586,58766.92
E-EL,121.8090890,24.8440109,587,58775.15
E-EL,121.8069399,24.8423760,588,59058.12
E-EL,121.8066046,24.8421389,589,59101.01
E-EL,121.8058222,24.8415639,590,59202.61
E-EL,121.8045595,24.8406093,591,59368.45
E-EL,121.8014687,24.8382790,592,59773.92
E-EL,121.8006641,24.8378256,593,59869.49
E-EL,121.7998128,24.8374730,594,59963.92
E-EL,121.7994128,24.8373637,595,60006.08
E-EL,121.7990494,24.8372991,596,60043.45
E-EL,121.7981111,24.8371743,597,60139.14
E-EL,121.7957620,24.8369189,598,60377.89
E-EL,121.7907178,24.8363597,599,60890.69
E-EL,121.7882358,24.8360901,600,61142.93
E-EL,121.7854401,24.8358186,601,61426.65
E-EL,121.7844245,24.8356464,602,61530.91
E-EL,121.7839644,24.8355250,603,61579.27
E-EL,121.7837730,24.8354514,604,61600.25
E-EL,121.7834933,24.8353347,605,61631.30
E-EL,121.7829880,24.8350985,606,61688.67
E-EL,121.7823085,24.8347105,607,61769.68
E-EL,121.7817728,24.8342537,608,61843.86
E-EL,121.7813462,24.8337836,609,61911.58
E-EL,121.7807639,24.8331455,610,62003.71
E-EL,121.7802891,24.8325627,611,62084.29
E-EL,121.7770485,24.8287494,612,62619.78
E-EL,121.7762547,24.8278183,613,62750.68
E-EL,121.7758460,24.8273308,614,62818.80
E-EL,121.7755362,24.8269741,615,62869.30
E-EL,121.7754993,24.8269309,616,62875.38
E-EL,121.7744952,24.8257549,617,63040.81
E-EL,121.7727283,24.8236863,618,63331.86
E-EL,121.7721015,24.8228475,619,63444.55
E-EL,121.7717442,24.8222104,620,63524.04
E-EL,121.7715118,24.8216622,621,63589.36
E-EL,121.7711972,24.8205232,622,63719.93
E-EL,121.7708747,24.8191693,623,63873.95
E-EL,121.7700492,24.8158174,624,64255.86
E-EL,121.7694051,24.8132171,625,64552.22
E-EL,121.7687332,24.8103720,626,64875.76
E-EL,121.7682271,24.8089331,627,65043.72
E-EL,121.7678553,24.8078441,628,65170.49
E-EL,121.7671829,24.8050950,629,65483.62
E-EL,121.7664512,24.8020831,630,65826.58
E-EL,121.7650823,24.7964826,631,66464.47
E-EL,121.7642299,24.7929696,632,66864.46
E-EL,121.7635924,24.7903453,633,67163.28
E-EL,121.7627445,24.7867984,634,67566.87
E-EL,121.7627398,24.7867786,635,67569.12
E-EL,121.7626726,24.7864803,636,67602.97
E-EL,121.7620418,24.7838799,637,67899.06
E-EL,121.7606738,24.7783749,638,68526.57
E-EL,121.7605473,24.7774559,639,68629.55
E-EL,121.7604681,24.7768173,640,68701.01
E-EL,121.7604777,24.7762380,641,68765.43
E-EL,121.7605190,24.7755033,642,68847.24
E-EL,121.7614707,24.7706852,643,69391.53
E-EL,121.7619210,24.7683778,644,69652.10
E-EL,121.7621490,24.7671584,645,69789.63
E-EL,121.7622160,24.7663519,646,69879.56
E-EL,121.7621149,24.7654617,647,69979.08
E-EL,121.7619461,24.7649857,648,70034.68
E-EL,121.7608152,24.7618623,649,70400.28
E-EL,121.7597850,24.7591563,650,70718.64
E-EL,121.7593131,24.7578987,651,70866.38
E-EL,121.7589875,24.7570643,652,70964.81
E-EL,121.7585233,24.7559977,653,71092.34
E-EL,121.7580779,24.7548116,654,71231.69
E-EL,121.7580181,24.7546626,655,71249.32
E-EL,121.7579634,24.7545190,656,71266.21
E-EL,121.7577523,24.7539652,657,71331.37
E-EL,121.7568811,24.7517765,658,71590.16
E-EL,121.7566558,24.7510572,659,71673.31
E-EL,121.7565016,24.7504542,660,71742.15
E-EL,121.7564669,24.7501382,661,71777.47
E-EL,121.7564376,24.7499329,662,71800.49
E-EL,121.7564372,24.7495396,663,71844.21
E-EL,121.7565109,24.7487414,664,71933.28
E-EL,121.7566897,24.7480382,665,72013.53
E-EL,121.7577850,24.7457682,666,72289.11
E-EL,121.7589534,24.7434787,667,72569.71
E-EL,121.7607837,24.7399246,668,73006.00
E-EL,121.7638545,24.7339563,669,73738.53
E-EL,121.7663565,24.7291088,670,74333.84
E-EL,121.7672559,24.7273461,671,74549.87
E-EL,121.7685923,24.7252181,672,74822.28
E-EL,121.7710327,24.7206097,673,75390.92
E-EL,121.7713298,24.7195953,674,75507.63
E-EL,121.7727775,24.7134823,675,76202.91
E-EL,121.7738017,24.7082445,676,76794.46
E-EL,121.7739997,24.7075571,677,76873.45
E-EL,121.7743000,24.7063588,678,77010.11
E-EL,121.7745367,24.7053516,679,77124.63
E-EL,121.7745386,24.7053433,680,77125.57
E-EL,121.7746182,24.7049881,681,77165.88
E-EL,121.7746894,24.7046629,682,77202.75
E-EL,121.7748113,24.7040794,683,77268.79
E-EL,121.7751075,24.7029408,684,77398.88
E-EL,121.7755246,24.7010468,685,77613.66
E-EL,121.7754582,24.6987635,686,77867.64
E-EL,121.7753511,24.6966716,687,78100.51
E-EL,121.7753113,24.6953054,688,78252.47
E-EL,121.7752653,24.6946273,689,78328.02
E-EL,121.7752509,24.6941660,690,78379.33
E-EL,121.7752261,24.6933662,691,78468.30
E-EL,121.7751007,24.6899940,692,78843.48
E-EL,121.7749240,24.6851028,693,79387.65
E-EL,121.7747511,24.6808136,694,79864.91
E-EL,121.7746875,24.6789794,695,80068.97
E-EL,121.7746406,24.6779281,696,80185.96
E-EL,121.7746389,24.6778904,697,80190.16
E-EL,121.7745661,24.6762664,698,80370.89
E-EL,121.7745613,24.6754829,699,80458.01
E-EL,121.7745889,24.6748808,700,80525.02
E-EL,121.7752816,24.6719057,701,80863.16
E-EL,121.7764322,24.6668930,702,81432.54
E-EL,121.7770631,24.6640901,703,81750.66
E-EL,121.7773894,24.6627507,704,81903.20
E-EL,121.7776666,24.6619276,705,81998.92
E-EL,121.7779652,24.6611903,706,82086.28
E-EL,121.7806423,24.6562079,707,82702.82
E-EL,121.7827602,24.6521456,708,83202.68
E-EL,121.7862484,24.6456594,709,84005.45
E-EL,121.7875072,24.6432091,710,84306.14
E-EL,121.7881937,24.6420410,711,84453.40
E-EL,121.7894521,24.6401605,712,84698.15
E-EL,121.7903805,24.6388048,713,84875.72
E-EL,121.7909714,24.6380241,714,84981.08
E-EL,121.7915236,24.6373690,715,85072.85
E-EL,121.7922989,24.6365517,716,85192.86
E-EL,121.7923510,24.6364993,717,85200.71
E-EL,121.7929527,24.6358945,718,85291.37
E-EL,121.7955666,24.6332180,719,85689.34
E-EL,121.7968208,24.6319501,720,85878.94
E-EL,121.7977872,24.6310349,721,86019.99
E-EL,121.8024913,24.6261655,722,86740.59
E-EL,121.8039685,24.6246107,723,86969.04
E-EL,121.8051630,24.6233281,724,87155.90
E-EL,121.8065879,24.6213628,725,87417.63
E-EL,121.8081417,24.6192274,726,87702.32
E-EL,121.8088206,24.6183304,727,87823.39
E-EL,121.8094537,24.6176438,728,87923.02
E-EL,121.8102346,24.6169704,729,88031.81
E-EL,121.8109860,24.6164820,730,88125.19
E-EL,121.8117742,24.6160404,731,88218.78
E-EL,121.8125061,24.6157354,732,88300.18
E-EL,121.8136476,24.6154348,733,88420.32
E-EL,121.8144865,24.6152422,734,88507.78
E-EL,121.8153075,24.6151753,735,88591.11
E-EL,121.8159773,24.6151717,736,88658.82
E-EL,121.8170628,24.6152283,737,88768.73
E-EL,121.8198697,24.6156183,738,89055.77
E-EL,121.8212398,24.6157756,739,89195.38
E-EL,121.8221322,24.6158621,740,89286.10
E-EL,121.8228979,24.6157626,741,89364.29
E-EL,121.8230314,24.6157098,742,89379.02
E-EL,121.8230460,24.6157041,743,89380.62
E-EL,121.8233477,24.6155849,744,89413.88
E-EL,121.8240634,24.6152427,745,89495.62
E-EL,121.8244313,24.6148989,746,89548.95
E-EL,121.8249794,24.6141478,747,89649.19
E-EL,121.8255627,24.6132422,748,89765.87
E-EL,121.8259081,24.6125189,749,89853.55
E-EL,121.8261598,24.6118583,750,89931.29
E-EL,121.8263503,24.6114273,751,89982.95
E-EL,121.8266696,24.6107137,752,90068.61
E-EL,121.8271448,24.6098654,753,90174.45
E-EL,121.8277599,24.6090584,754,90283.63
E-EL,121.8278002,24.6090056,755,90290.78
E-EL,121.8290608,24.6075055,756,90500.70
E-EL,121.8293416,24.6071643,757,90548.08
E-EL,121.8294890,24.6069787,758,90573.54
E-EL,121.8298260,24.6065651,759,90630.77
E-EL,121.8302499,24.6060127,760,90705.67
E-EL,121.8306222,24.6054821,761,90775.65
E-EL,121.8308942,24.6050761,762,90828.51
E-EL,121.8315811,24.6043046,763,90938.88
E-EL,121.8321452,24.6034921,764,91045.72
E-EL,121.8325398,24.6026856,765,91143.88
E-EL,121.8327532,24.6021003,766,91212.44
E-EL,121.8328703,24.6015383,767,91276.04
E-EL,121.8329029,24.6010335,768,91332.27
E-EL,121.8328655,24.6003201,769,91411.69
E-EL,121.8327363,24.5995475,770,91498.59
E-EL,121.8324060,24.5986195,771,91607.05
E-EL,121.8321363,24.5976995,772,91712.91
E-EL,121.8320678,24.5972311,773,91765.46
E-EL,121.8320533,24.5967303,774,91821.16
E-EL,121.8320989,24.5963557,775,91863.07
E-EL,121.8322042,24.5959285,776,91911.75
E-EL,121.8324247,24.5954338,777,91971.10
E-EL,121.8326575,24.5950227,778,92022.52
E-EL,121.8330781,24.5945358,779,92091.36
E-EL,121.8335411,24.5940791,780,92160.43
E-EL,121.8339982,24.5936705,781,92225.24
E-EL,121.8349277,24.5928054,782,92359.73
E-EL,121.8360026,24.5918057,783,92515.19
E-EL,121.8384538,24.5895467,784,92868.06
E-EL,121.8406840,24.5874799,785,93190.03
E-EL,121.8423128,24.5858887,786,93431.75
E-EL,121.8429059,24.5851457,787,93533.85
E-EL,121.8433396,24.5845699,788,93611.44
E-EL,121.8441926,24.5832275,789,93783.85
E-EL,121.8444955,24.5826226,790,93857.75
E-EL,121.8448936,24.5816111,791,93977.21
E-EL,121.8453094,24.5803129,792,94127.56
E-EL,121.8455771,24.5792024,793,94253.98
E-EL,121.8457552,24.5776470,794,94427.87
E-EL,121.8457894,24.5769123,795,94509.64
E-EL,121.8455706,24.5744710,796,94781.99
E-EL,121.8454202,24.5725012,797,95001.56
E-EL,121.8453616,24.5715460,798,95107.93
E-EL,121.8453185,24.5709670,799,95172.46
E-EL,121.8452419,24.5702508,800,95252.48
E-EL,121.8450478,24.5695532,801,95332.49
E-EL,121.8447559,24.5688621,802,95414.81
E-EL,121.8445295,24.5684324,803,95467.79
E-EL,121.8445112,24.5683976,804,95472.08
E-EL,121.8439699,24.5673442,805,95601.38
E-EL,121.8434655,24.5663074,806,95727.45
E-EL,121.8431942,24.5656445,807,95806.10
E-EL,121.8430195,24.5649919,808,95880.78
E-EL,121.8426775,24.5636442,809,96034.58
E-EL,121.8414299,24.5598638,810,96473.47
E-EL,121.8402346,24.5560867,811,96910.51
E-EL,121.8395080,24.5536447,812,97191.82
E-EL,121.8385732,24.5512542,813,97473.94
E-EL,121.8376609,24.5486746,814,97775.25
E-EL,121.8360149,24.5436300,815,98360.38
E-EL,121.8350786,24.5407561,816,98693.68
E-EL,121.8338145,24.5369337,817,99137.53
E-EL,121.8324198,24.5323846,818,99662.67
E-EL,121.8312038,24.5285622,819,100105.14
E-EL,121.8304917,24.5262607,820,100371.00
E-EL,121.8303754,24.5257818,821,100425.54
E-EL,121.8302908,24.5253238,822,100477.18
E-EL,121.8302596,24.5248413,823,100530.93
E-EL,121.8302099,24.5236328,824,100665.40
E-EL,121.8302010,24.5230883,825,100725.96
E-EL,121.8301094,24.5218562,826,100863.27
E-EL,121.8300531,24.5208991,827,100969.85
E-EL,121.8299941,24.5202038,828,101047.39
E-EL,121.8300066,24.5197164,829,101101.60
E-EL,121.8300920,24.5192047,830,101159.15
E-EL,121.8302623,24.5186608,831,101222.04
E-EL,121.8304672,24.5181915,832,101278.19
E-EL,121.8304769,24.5181692,833,101280.86
E-EL,121.8315875,24.5159564,834,101551.35
E-EL,121.8323592,24.5145153,835,101729.60
E-EL,121.8328184,24.5136245,836,101839.00
E-EL,121.8330978,24.5129669,837,101917.40
E-EL,121.8333280,24.5122610,838,101999.28
E-EL,121.8334747,24.5118005,839,102052.59
E-EL,121.8336217,24.5110576,840,102136.53
E-EL,121.8337394,24.5104628,841,102203.72
E-EL,121.8338042,24.5090584,842,102360.03
E-EL,121.8325645,24.5051490,843,102812.46
E-EL,121.8318667,24.5041008,844,102948.73
E-EL,121.8300989,24.4983374,845,103614.09
E-EL,121.8290393,24.4954081,846,103957.00
E-EL,121.8285417,24.4940341,847,104117.87
E-EL,121.8245092,24.4828775,848,105423.82
E-EL,121.8237941,24.4808973,849,105655.59
E-EL,121.8232398,24.4793655,850,105834.91
E-EL,121.8227785,24.4780925,851,105983.97
E-EL,121.8222343,24.4765904,852,106159.84
E-EL,121.8208608,24.4727776,853,106606.01
E-EL,121.8200909,24.4706559,854,106854.47
E-EL,121.8194149,24.4687977,855,107072.12
E-EL,121.8187769,24.4674832,856,107231.91
E-EL,121.8176991,24.4659311,857,107436.08
E-EL,121.8167642,24.4652504,858,107557.26
E-EL,121.8159624,24.4647531,859,107655.46
E-EL,121.8150271,24.4641991,860,107768.40
E-EL,121.8141709,24.4637485,861,107868.50
E-EL,121.8131889,24.4632487,862,107982.37
E-EL,121.8125140,24.4629107,863,108060.34
E-EL,121.8114961,24.4625369,864,108171.43
E-EL,121.8108186,24.4623442,865,108243.27
E-EL,121.8100030,24.4621837,866,108327.72
E-EL,121.8091571,24.4620843,867,108414.05
E-EL,121.8081077,24.4620434,868,108520.36
E-EL,121.8070206,24.4621068,869,108630.62
E-EL,121.8058814,24.4623060,870,108748.03
E-EL,121.8032426,24.4627895,871,109020.47
E-EL,121.8026950,24.4628641,872,109076.51
E-EL,121.8016782,24.4630272,873,109181.00
E-EL,121.8009352,24.4631386,874,109257.23
E-EL,121.8008748,24.4631491,875,109263.45
E-EL,121.7998566,24.4633267,876,109368.38
E-EL,121.7984714,24.4635289,877,109510.37
E-EL,121.7953979,24.4640851,878,109827.54
E-EL,121.7932938,24.4644091,879,110043.52
E-EL,121.7920022,24.4644637,880,110174.38
E-EL,121.7912004,24.4644231,881,110255.66
E-EL,121.7901216,24.4642107,882,110367.37
E-EL,121.7869566,24.4631814,883,110707.55
E-EL,121.7822506,24.4617196,884,111210.82
E-EL,121.7814254,24.4612102,885,111311.74
E-EL,121.7805917,24.4605658,886,111422.44
E-EL,121.7799950,24.4599038,887,111517.66
E-EL,121.7796793,24.4594993,888,111572.82
E-EL,121.7793977,24.4591308,889,111622.74
E-EL,121.7788863,24.4584533,890,111714.15
E-EL,121.7785081,24.4578810,891,111788.41
E-EL,121.7780999,24.4572859,892,111866.42
E-EL,121.7777036,24.4564996,893,111962.61
E-EL,121.7771883,24.4554512,894,112090.33
E-EL,121.7766992,24.4544265,895,112214.56
E-EL,121.7763277,24.4534252,896,112332.08
E-EL,121.7758102,24.4516593,897,112535.31
E-EL,121.7757760,24.4503786,898,112677.76
E-EL,121.7757618,24.4496399,899,112759.90
E-EL,121.7757784,24.4489418,900,112837.55
E-EL,121.7757876,24.4487507,901,112858.82
E-EL,121.7758021,24.4486463,902,112870.52
E-EL,121.7758626,24.4482104,903,112919.37
E-EL,121.7762732,24.4470760,904,113052.18
E-EL,121.7770107,24.4456784,905,113224.60
E-EL,121.7773242,24.4451611,906,113290.29
E-EL,121.7789147,24.4429489,907,113584.28
E-EL,121.7794321,24.4422177,908,113681.00
E-EL,121.7802319,24.4407325,909,113864.92
E-EL,121.7807641,24.4392734,910,114035.88
E-EL,121.7810826,24.4376091,911,114223.72
E-EL,121.7812787,24.4364042,912,114359.17
E-EL,121.7820939,24.4298077,913,115097.29
E-EL,121.7823301,24.4258052,914,115542.99
E-EL,121.7823887,24.4247300,915,115662.70
E-EL,121.7825063,24.4226392,916,115895.49
E-EL,121.7825556,24.4200709,917,116181.11
E-EL,121.7825394,24.4174433,918,116473.29
E-EL,121.7825251,24.4151143,919,116732.27
E-EL,121.7825089,24.4124867,920,117024.45
E-EL,121.7825011,24.4112326,921,117163.90
E-EL,121.7824919,24.4097397,922,117329.91
E-EL,121.7824824,24.4081870,923,117502.56
E-EL,121.7824069,24.4065152,924,117688.61
E-EL,121.7823302,24.4046643,925,117894.57
E-EL,121.7822547,24.4029925,926,118080.62
E-EL,121.7821788,24.4012610,927,118273.31
E-EL,121.7821682,24.3995292,928,118465.88
E-EL,121.7821605,24.3982751,929,118605.33
E-EL,121.7821516,24.3968419,930,118764.70
E-EL,121.7821443,24.3956475,931,118897.51
E-EL,121.7821377,24.3945726,932,119017.04
E-EL,121.7821959,24.3934376,933,119143.38
E-EL,121.7821885,24.3922432,934,119276.19
E-EL,121.7820471,24.3904524,935,119475.84
E-EL,121.7819031,24.3882435,936,119721.89
E-EL,121.7818943,24.3868102,937,119881.27
E-EL,121.7818191,24.3851982,938,120060.68
E-EL,121.7810697,24.3807366,939,120562.55
E-EL,121.7806234,24.3789839,940,120762.63
E-EL,121.7798295,24.3758424,941,121121.08
E-EL,121.7792112,24.3733810,942,121401.84
E-EL,121.7787810,24.3717195,943,121591.66
E-EL,121.7743799,24.3519256,944,123837.34
E-EL,121.7738387,24.3506154,945,123993.00
E-EL,121.7730937,24.3481378,946,124278.65
E-EL,121.7725365,24.3465461,947,124464.42
E-EL,121.7717902,24.3438576,948,124772.78
E-EL,121.7705398,24.3403939,949,125178.22
E-EL,121.7695982,24.3378962,950,125471.88
E-EL,121.7693513,24.3372315,951,125549.91
E-EL,121.7689931,24.3362085,952,125669.31
E-EL,121.7686746,24.3353307,953,125772.11
E-EL,121.7686193,24.3351784,954,125789.95
E-EL,121.7683486,24.3343915,955,125881.65
E-EL,121.7680145,24.3334615,956,125990.46
E-EL,121.7676963,24.3325745,957,126094.23
E-EL,121.7669711,24.3306942,958,126315.84
E-EL,121.7662196,24.3286167,959,126559.08
E-EL,121.7658761,24.3277319,960,126663.43
E-EL,121.7654847,24.3269428,961,126759.72
E-EL,121.7645549,24.3252232,962,126972.88
E-EL,121.7638980,24.3239222,963,127132.13
E-EL,121.7633916,24.3225542,964,127292.66
E-EL,121.7616147,24.3174408,965,127889.07
E-EL,121.7610657,24.3158741,966,128071.95
E-EL,121.7607871,24.3150513,967,128167.69
E-EL,121.7605881,24.3144646,968,128235.97
E-EL,121.7604430,24.3140192,969,128287.63
E-EL,121.7603968,24.3138773,970,128304.10
E-EL,121.7597525,24.3120674,971,128515.67
E-EL,121.7587339,24.3090984,972,128861.57
E-EL,121.7568380,24.3035483,973,129507.93
E-EL,121.7558349,24.3007465,974,129835.64
E-EL,121.7552023,24.2988971,975,130051.04
E-EL,121.7548602,24.2979347,976,130163.54
E-EL,121.7548397,24.2978735,977,130170.65
E-EL,121.7544688,24.2967661,978,130299.40
E-EL,121.7541642,24.2959494,979,130395.31
E-EL,121.7535278,24.2941072,980,130610.07
E-EL,121.7530636,24.2929690,981,130745.10
E-EL,121.7523114,24.2910949,982,130966.99
E-EL,121.7516802,24.2897722,983,131127.38
E-EL,121.7511628,24.2887560,984,131251.96
E-EL,121.7507265,24.2879828,985,131348.63
E-EL,121.7495346,24.2859603,986,131603.92
E-EL,121.7476383,24.2825727,987,132026.81
E-EL,121.7469022,24.2812576,988,132190.97
E-EL,121.7461720,24.2799329,989,132355.82
E-EL,121.7458254,24.2791643,990,132448.22
E-EL,121.7453592,24.2778766,991,132599.00
E-EL,121.7442655,24.2744420,992,132996.68
E-EL,121.7435546,24.2722859,993,133247.02
E-EL,121.7433210,24.2714919,994,133338.43
E-EL,121.7427898,24.2698339,995,133530.49
E-EL,121.7422547,24.2681765,996,133722.61
E-EL,121.7407283,24.2637836,997,134234.99
E-EL,121.7396703,24.2619685,998,134463.55
E-EL,121.7376882,24.2598711,999,134771.39
E-EL,121.7344786,24.2570093,1000,135226.52
E-EL,121.7314027,24.2545158,1001,135643.78
E-EL,121.7279528,24.2518193,1002,136104.47
E-EL,121.7252539,24.2499765,1003,136446.31
E-EL,121.7219859,24.2479914,1004,136844.43
E-EL,121.7191154,24.2462718,1005,137192.64
E-EL,121.7172884,24.2452198,1006,137411.73
E-EL,121.7150456,24.2439045,1007,137682.09
E-EL,121.7143093,24.2433940,1008,137775.87
E-EL,121.7135229,24.2427650,1009,137881.93
E-EL,121.7126375,24.2417311,1010,138027.80
E-EL,121.7123749,24.2413332,1011,138079.43
E-EL,121.7114955,24.2399578,1012,138256.46
E-EL,121.7109133,24.2389759,1013,138380.59
E-EL,121.7105469,24.2383077,1014,138463.65
E-EL,121.7098753,24.2371380,1015,138610.46
E-EL,121.7093741,24.2362617,1016,138720.36
E-EL,121.7087005,24.2351962,1017,138857.12
E-EL,121.7081198,24.2344454,1018,138959.28
E-EL,121.7072080,24.2335036,1019,139098.97
E-EL,121.7036825,24.2302050,1020,139611.14
E-EL,121.7019733,24.2289305,1021,139835.02
E-EL,121.6994917,24.2267259,1022,140186.32
E-EL,121.6987713,24.2260874,1023,140288.20
E-EL,121.6970237,24.2245386,1024,140535.31
E-EL,121.6919900,24.2203363,1025,141227.33
E-EL,121.6910988,24.2196539,1026,141345.34
E-EL,121.6896964,24.2183419,1027,141549.07
E-EL,121.6890369,24.2177715,1028,141641.24
E-EL,121.6884486,24.2173585,1029,141716.53
E-EL,121.6880100,24.2171742,1030,141765.50
E-EL,121.6871515,24.2166931,1031,141867.68
E-EL,121.6856524,24.2159164,1032,142042.53
E-EL,121.6830542,24.2145701,1033,142345.57
E-EL,121.6816975,24.2138670,1034,142503.82
E-EL,121.6798804,24.2129254,1035,142715.76
E-EL,121.6773715,24.2116252,1036,143008.41
E-EL,121.6753182,24.2105610,1037,143247.91
E-EL,121.6723432,24.2089376,1038,143599.51
E-EL,121.6706707,24.2071524,1039,143860.61
E-EL,121.6691747,24.2049672,1040,144147.07
E-EL,121.6654302,24.1998713,1041,144829.20
E-EL,121.6631927,24.1969628,1042,145224.29
E-EL,121.6619121,24.1950099,1043,145477.32
E-EL,121.6610833,24.1932308,1044,145692.28
E-EL,121.6601916,24.1913184,1045,145923.35
E-EL,121.6594368,24.1891938,1046,146171.69
E-EL,121.6585432,24.1865305,1047,146481.41
E-EL,121.6581182,24.1851594,1048,146639.84
E-EL,121.6580066,24.1845500,1049,146708.54
E-EL,121.6579637,24.1836494,1050,146808.77
E-EL,121.6579956,24.1822637,1051,146962.89
E-EL,121.6579784,24.1814396,1052,147054.55
E-EL,121.6578962,24.1806576,1053,147141.90
E-EL,121.6577559,24.1799475,1054,147222.13
E-EL,121.6574711,24.1789991,1055,147331.47
E-EL,121.6569743,24.1773350,1056,147523.25
E-EL,121.6567385,24.1765113,1057,147617.92
E-EL,121.6564894,24.1754498,1058,147738.62
E-EL,121.6562552,24.1742086,1059,147878.67
E-EL,121.6559485,24.1727885,1060,148039.61
E-EL,121.6558105,24.1720824,1061,148119.36
E-EL,121.6557747,24.1718994,1062,148140.04
E-EL,121.6548658,24.1672628,1063,148663.78
E-EL,121.6544589,24.1653534,1064,148880.07
E-EL,121.6540773,24.1633909,1065,149101.70
E-EL,121.6539926,24.1627419,1066,149174.37
E-EL,121.6539642,24.1622830,1067,149225.48
E-EL,121.6539742,24.1617452,1068,149285.29
E-EL,121.6540933,24.1608548,1069,149385.03
E-EL,121.6543020,24.1599863,1070,149483.91
E-EL,121.6546383,24.1589808,1071,149600.80
E-EL,121.6548379,24.1582883,1072,149680.42
E-EL,121.6551214,24.1572193,1073,149802.72
E-EL,121.6552505,24.1564913,1074,149884.73
E-EL,121.6552510,24.1558212,1075,149959.24
E-EL,121.6551147,24.1551230,1076,150038.09
E-EL,121.6548780,24.1543860,1077,150123.49
E-EL,121.6547231,24.1540030,1078,150168.88
E-EL,121.6543836,24.1533965,1079,150244.61
E-EL,121.6516070,24.1483248,1080,150875.01
E-EL,121.6511145,24.1474633,1081,150983.05
E-EL,121.6506421,24.1467128,1082,151079.29
E-EL,121.6492036,24.1441102,1083,151403.41
E-EL,121.6456761,24.1376392,1084,152207.07
E-EL,121.6447969,24.1359552,1085,152414.49
E-EL,121.6438889,24.1339845,1086,152652.20
E-EL,121.6435020,24.1332159,1087,152746.25
E-EL,121.6429386,24.1321287,1088,152879.98
E-EL,121.6419426,24.1305025,1089,153087.14
E-EL,121.6414934,24.1296838,1090,153188.95
E-EL,121.6404525,24.1277073,1091,153432.79
E-EL,121.6404370,24.1276779,1092,153436.42
E-EL,121.6400288,24.1269220,1093,153530.13
E-EL,121.6395368,24.1260002,1094,153644.14
E-EL,121.6383416,24.1238484,1095,153912.40
E-EL,121.6379706,24.1232054,1096,153993.20
E-EL,121.6371991,24.1222882,1097,154121.78
E-EL,121.6364033,24.1216070,1098,154232.50
E-EL,121.6347378,24.1204250,1099,154446.61
E-EL,121.6329208,24.1191927,1100,154676.35
E-EL,121.6311514,24.1179912,1101,154900.17
E-EL,121.6291922,24.1165551,1102,155155.19
E-EL,121.6260576,24.1142352,1103,155564.77
E-EL,121.6225785,24.1117088,1104,156015.99
E-EL,121.6197774,24.1096776,1105,156379.08
E-EL,121.6188480,24.1088321,1106,156512.26
E-EL,121.6183928,24.1083394,1107,156583.92
E-EL,121.6178753,24.1076343,1108,156678.29
E-EL,121.6174136,24.1068563,1109,156776.68
E-EL,121.6166959,24.1053541,1110,156958.91
E-EL,121.6151896,24.1022104,1111,157340.45
E-EL,121.6145274,24.1008656,1112,157504.39
E-EL,121.6139237,24.0995135,1113,157666.75
E-EL,121.6131944,24.0978592,1114,157865.04
E-EL,121.6123622,24.0953473,1115,158156.84
E-EL,121.6107694,24.0904208,1116,158728.01
E-EL,121.6107693,24.0904206,1117,158728.02
E-EL,121.6106664,24.0901272,1118,158762.28
E-EL,121.6096412,24.0871069,1119,159113.88
E-EL,121.6090862,24.0853066,1120,159321.84
E-EL,121.6087132,24.0840216,1121,159469.65
E-EL,121.6081674,24.0811875,1122,159789.63
E-EL,121.6079255,24.0796792,1123,159959.13
E-EL,121.6077753,24.0788115,1124,160056.82
E-EL,121.6072375,24.0756709,1125,160410.27
E-EL,121.6063236,24.0704436,1126,160998.89
E-EL,121.6060319,24.0689173,1127,161171.17
E-EL,121.6048795,24.0622244,1128,161924.53
E-EL,121.6037520,24.0556245,1129,162667.27
E-EL,121.6036280,24.0549621,1130,162742.00
E-EL,121.6033307,24.0533010,1131,162929.15
E-EL,121.6031188,24.0520686,1132,163067.87
E-EL,121.6029224,24.0509406,1133,163194.87
E-EL,121.6027982,24.0502531,1134,163272.36
E-EL,121.6026380,24.0492809,1135,163381.67
E-EL,121.6023365,24.0474741,1136,163584.90
E-EL,121.6015510,24.0432610,1137,164060.12
E-EL,121.6011201,24.0407024,1138,164347.96
E-EL,121.6010503,24.0402657,1139,164397.04
E-EL,121.6010265,24.0398494,1140,164443.39
E-EL,121.6010068,24.0392876,1141,164505.90
E-EL,121.6010849,24.0376317,1142,164690.20
E-EL,121.6011610,24.0363962,1143,164827.79
E-EL,121.6013196,24.0342419,1144,165067.88
E-EL,121.6014025,24.0325935,1145,165251.37
E-EL,121.6014060,24.0324976,1146,165262.04
E-EL,121.6014064,24.0324869,1147,165263.23
E-EL,121.6014516,24.0312337,1148,165402.65
E-EL,121.6014655,24.0309551,1149,165433.66
E-EL,121.6015919,24.0296285,1150,165581.74
E-EL,121.6016429,24.0289652,1151,165655.67
E-EL,121.6016853,24.0283087,1152,165728.79
E-EL,121.6017720,24.0276562,1153,165801.88
E-EL,121.6019980,24.0267666,1154,165903.43
E-EL,121.6026068,24.0248946,1155,166120.57
E-EL,121.6028902,24.0239823,1156,166226.02
E-EL,121.6031252,24.0230603,1157,166331.29
E-EL,121.6035018,24.0212622,1158,166534.85
E-EL,121.6039323,24.0188330,1159,166808.48
E-EL,121.6046760,24.0145830,1160,167287.06
E-EL,121.6050527,24.0125461,1161,167516.76
E-EL,121.6056873,24.0089422,1162,167922.65
E-EL,121.6060053,24.0073067,1163,168107.35
E-EL,121.6061693,24.0063325,1164,168216.96
E-EL,121.6062456,24.0057148,1165,168286.07
E-EL,121.6062778,24.0050912,1166,168355.49
E-EL,121.6062836,24.0046719,1167,168402.12
E-EL,121.6062326,24.0041858,1168,168456.42
E-EL,121.6061457,24.0038004,1169,168500.17
E-EL,121.6059608,24.0032039,1170,168569.11
E-EL,121.6056992,24.0025588,1171,168645.60
E-EL,121.6052956,24.0016946,1172,168750.08
E-EL,121.6039926,23.9990819,1173,169069.33
E-EL,121.6035498,23.9981321,1174,169184.12
E-EL,121.6027816,23.9965082,1175,169380.83
E-EL,121.6026321,23.9962221,1176,169416.09
E-EL,121.6025062,23.9959825,1177,169445.64
E-EL,121.6023369,23.9956606,1178,169485.34
E-EL,121.6020260,23.9950670,1179,169558.52
E-EL,121.6016638,23.9943445,1180,169646.88
E-EL,121.6012512,23.9935005,1181,169749.66
E-EL,121.6011637,23.9933216,1182,169771.45
E-EL,121.6009865,23.9929604,1183,169815.47
E-EL,121.6009499,23.9928855,1184,169824.59
E-EL,121.6009235,23.9928316,1185,169831.15
E-EL,121.6007502,23.9924668,1186,169875.37
E-EL,121.6002540,23.9914403,1187,170000.15
E-EL,121.5996230,23.9902014,1188,170152.09
E-EL,121.5991555,23.9892228,1189,170270.82
E-EL,121.5989066,23.9887116,1190,170333.04
E-EL,121.5980573,23.9869213,1191,170550.01
E-EL,121.5972219,23.9852097,1192,170758.39
E-EL,121.5961943,23.9831101,1193,171014.13
E-EL,121.5944424,23.9795657,1194,171446.58
E-EL,121.5926709,23.9759675,1195,171885.29
E-EL,121.5919192,23.9744761,1196,172067.87
E-EL,121.5916955,23.9741616,1197,172109.58
E-EL,121.5911920,23.9736174,1198,172188.82
E-EL,121.5902937,23.9729480,1199,172306.60
E-EL,121.5873795,23.9709710,1200,172675.38
E-EL,121.5837728,23.9685193,1201,173132.12
E-EL,121.5831195,23.9680631,1202,173215.66
E-EL,121.5828657,23.9678980,1203,173247.31
E-EL,121.5827909,23.9678493,1204,173256.64
E-EL,121.5821804,23.9674459,1205,173333.19
E-EL,121.5811417,23.9667250,1206,173465.73
E-EL,121.5802953,23.9661459,1207,173573.17
E-EL,121.5781402,23.9647011,1208,173844.75
E-EL,121.5766086,23.9636325,1209,174040.56
E-EL,121.5756882,23.9630152,1210,174156.56
E-EL,121.5747276,23.9623646,1211,174278.06
E-EL,121.5726869,23.9609363,1212,174539.25
E-EL,121.5718329,23.9603537,1213,174647.55
E-EL,121.5701287,23.9591991,1214,174863.11
E-EL,121.5683341,23.9579449,1215,175092.68
E-EL,121.5673642,23.9572856,1216,175215.52
E-EL,121.5666759,23.9568223,1217,175302.39
E-EL,121.5657919,23.9561912,1218,175416.37
E-EL,121.5642243,23.9551562,1219,175612.90
E-EL,121.5635822,23.9546943,1220,175695.93
E-EL,121.5622408,23.9537818,1221,175865.86
E-EL,121.5601760,23.9524025,1222,176125.76
E-EL,121.5589988,23.9515898,1223,176275.68
E-EL,121.5571840,23.9502920,1224,176509.85
E-EL,121.5549276,23.9487628,1225,176795.32
E-EL,121.5515401,23.9464508,1226,177224.97
E-EL,121.5490033,23.9447168,1227,177546.90
E-EL,121.5478771,23.9439432,1228,177690.07
E-EL,121.5462778,23.9428559,1229,177892.64
E-EL,121.5450356,23.9419888,1230,178051.49
E-EL,121.5448896,23.9418842,1231,178070.34
E-EL,121.5434319,23.9408898,1232,178255.20
E-EL,121.5423609,23.9401513,1233,178391.54
E-EL,121.5418477,23.9397286,1234,178461.75
E-EL,121.5415104,23.9393374,1235,178517.13
E-EL,121.5413198,23.9390281,1236,178556.61
E-EL,121.5403911,23.9369863,1237,178802.48
E-EL,121.5392684,23.9345248,1238,179099.02
E-EL,121.5387604,23.9336092,1239,179213.18
E-EL,121.5379480,23.9319923,1240,179411.02
E-EL,121.5347636,23.9249366,1241,180259.71
E-EL,121.5342811,23.9239015,1242,180384.83
E-EL,121.5339030,23.9229663,1243,180495.69
E-EL,121.5334024,23.9212957,1244,180688.29
E-EL,121.5326854,23.9188470,1245,180970.16
E-EL,121.5321320,23.9169855,1246,181184.66
E-EL,121.5311096,23.9135393,1247,181581.70
E-EL,121.5307617,23.9123364,1248,181720.05
E-EL,121.5301505,23.9103030,1249,181954.53
E-EL,121.5295917,23.9083651,1250,182177.39
E-EL,121.5293650,23.9075870,1251,182266.92
E-EL,121.5293434,23.9075184,1252,182274.86
E-EL,121.5291123,23.9067852,1253,182359.71
E-EL,121.5288139,23.9057297,1254,182480.93
E-EL,121.5277260,23.9020119,1255,182908.87
E-EL,121.5272258,23.9004034,1256,183094.81
E-EL,121.5258768,23.8958210,1257,183622.48
E-EL,121.5253078,23.8938974,1258,183844.06
E-EL,121.5242414,23.8902470,1259,184264.20
E-EL,121.5235575,23.8880030,1260,184523.23
E-EL,121.5230937,23.8863800,1261,184709.75
E-EL,121.5228365,23.8857550,1262,184784.01
E-EL,121.5224702,23.8851159,1263,184864.23
E-EL,121.5215452,23.8837955,1264,185038.60
E-EL,121.5207101,23.8826354,1265,185193.03
E-EL,121.5206360,23.8825324,1266,185206.74
E-EL,121.5194343,23.8808833,1267,185427.10
E-EL,121.5182377,23.8792150,1268,185648.94
E-EL,121.5139898,23.8732900,1269,186436.72
E-EL,121.5118485,23.8702044,1270,186843.09
E-EL,121.5112885,23.8694431,1271,186945.11
E-EL,121.5108706,23.8688854,1272,187020.28
E-EL,121.5108656,23.8688782,1273,187021.23
E-EL,121.5102698,23.8680274,1274,187133.58
E-EL,121.5085361,23.8656349,1275,187452.72
E-EL,121.5078828,23.8648100,1276,187565.97
E-EL,121.5070314,23.8636517,1277,187721.16
E-EL,121.5055392,23.8615576,1278,187999.10
E-EL,121.5035004,23.8587705,1279,188371.96
E-EL,121.5012177,23.8555671,1280,188797.13
E-EL,121.4990607,23.8525925,1281,189194.02
E-EL,121.4980475,23.8512006,1282,189379.95
E-EL,121.4974080,23.8503132,1283,189498.13
E-EL,121.4966569,23.8494052,1284,189624.74
E-EL,121.4961125,23.8486719,1285,189723.30
E-EL,121.4960319,23.8485531,1286,189738.85
E-EL,121.4960211,23.8485371,1287,189740.94
E-EL,121.4954770,23.8477354,1288,189845.86
E-EL,121.4950367,23.8470640,1289,189932.92
E-EL,121.4947000,23.8465766,1290,189997.03
E-EL,121.4939375,23.8454992,1291,190139.74
E-EL,121.4930184,23.8442264,1292,190309.35
E-EL,121.4922286,23.8430989,1293,190458.24
E-EL,121.4906894,23.8409990,1294,190739.36
E-EL,121.4897232,23.8396307,1295,190920.48
E-EL,121.4879845,23.8372376,1296,191239.99
E-EL,121.4869193,23.8357502,1297,191437.71
E-EL,121.4849925,23.8330614,1298,191795.19
E-EL,121.4833271,23.8307827,1299,192099.98
E-EL,121.4819226,23.8288233,1300,192360.52
E-EL,121.4810663,23.8276027,1301,192521.78
E-EL,121.4797924,23.8258101,1302,192759.53
E-EL,121.4788527,23.8245325,1303,192930.75
E-EL,121.4783570,23.8238938,1304,193017.86
E-EL,121.4780383,23.8233978,1305,193081.83
E-EL,121.4776883,23.8228494,1306,193152.44
E-EL,121.4773188,23.8221571,1307,193238.11
E-EL,121.4766056,23.8207599,1308,193409.57
E-EL,121.4757425,23.8190998,1309,193613.98
E-EL,121.4752664,23.8181265,1310,193732.55
E-EL,121.4747959,23.8172870,1311,193837.45
E-EL,121.4746078,23.8169913,1312,193875.49
E-EL,121.4740859,23.8162810,1313,193970.66
E-EL,121.4736218,23.8157568,1314,194045.67
E-EL,121.4732778,23.8154282,1315,194096.27
E-EL,121.4728947,23.8150423,1316,194154.23
E-EL,121.4724568,23.8145993,1317,194220.65
E-EL,121.4718234,23.8139562,1318,194316.90
E-EL,121.4713150,23.8133917,1319,194398.24
E-EL,121.4695160,23.8115543,1320,194672.53
E-EL,121.4667832,23.8086280,1321,195100.51
E-EL,121.4657714,23.8075513,1322,195258.40
E-EL,121.4644632,23.8061533,1323,195463.03
E-EL,121.4635993,23.8051168,1324,195607.97
E-EL,121.4627569,23.8040691,1325,195752.60
E-EL,121.4621999,23.8030548,1326,195878.82
E-EL,121.4617366,23.8020082,1327,196004.38
E-EL,121.4615280,23.8013803,1328,196077.36
E-EL,121.4611676,23.7999368,1329,196242.00
E-EL,121.4610437,23.7991432,1330,196331.14
E-EL,121.4606887,23.7971832,1331,196552.06
E-EL,121.4604226,23.7955346,1332,196737.36
E-EL,121.4597417,23.7922522,1333,197108.87
E-EL,121.4595940,23.7913486,1334,197210.45
E-EL,121.4593960,23.7901554,1335,197344.66
E-EL,121.4591135,23.7884504,1336,197536.41
E-EL,121.4587074,23.7859359,1337,197819.04
E-EL,121.4584532,23.7845032,1338,197980.44
E-EL,121.4580915,23.7823020,1339,198227.95
E-EL,121.4580871,23.7822752,1340,198230.96
E-EL,121.4580115,23.7818096,1341,198283.31
E-EL,121.4579399,23.7813762,1342,198332.05
E-EL,121.4577764,23.7803016,1343,198452.69
E-EL,121.4575058,23.7786216,1344,198641.51
E-EL,121.4570721,23.7759961,1345,198936.77
E-EL,121.4566466,23.7734458,1346,199223.64
E-EL,121.4559859,23.7693445,1347,199684.61
E-EL,121.4557390,23.7677863,1348,199859.69
E-EL,121.4553364,23.7650854,1349,200162.79
E-EL,121.4550572,23.7631977,1350,200374.62
E-EL,121.4548203,23.7622523,1351,200482.47
E-EL,121.4544553,23.7614040,1352,200583.84
E-EL,121.4540122,23.7605202,1353,200691.97
E-EL,121.4536712,23.7598582,1354,200773.35
E-EL,121.4533381,23.7592428,1355,200849.72
E-EL,121.4528488,23.7582991,1356,200965.87
E-EL,121.4524396,23.7575100,1357,201063.00
E-EL,121.4521126,23.7569128,1358,201137.27
E-EL,121.4509001,23.7545410,1359,201428.44
E-EL,121.4502022,23.7531024,1360,201603.47
E-EL,121.4497200,23.7521398,1361,201721.22
E-EL,121.4492496,23.7512202,1362,201834.13
E-EL,121.4487441,23.7502469,1363,201953.97
E-EL,121.4482122,23.7491650,1364,202085.89
E-EL,121.4478299,23.7483807,1365,202181.39
E-EL,121.4476614,23.7480379,1366,202223.18
E-EL,121.4474846,23.7476861,1367,202266.23
E-EL,121.4468317,23.7464338,1368,202420.53
E-EL,121.4468265,23.7464233,1369,202421.81
E-EL,121.4468220,23.7464141,1370,202422.94
E-EL,121.4457776,23.7443153,1371,202679.38
E-EL,121.4453933,23.7435940,1372,202768.61
E-EL,121.4412614,23.7352776,1373,203784.50
E-EL,121.4405425,23.7337321,1374,203971.28
E-EL,121.4400493,23.7329308,1375,204073.56
E-EL,121.4396897,23.7324946,1376,204134.32
E-EL,121.4389628,23.7316365,1377,204255.06
E-EL,121.4386503,23.7313221,1378,204302.33
E-EL,121.4384082,23.7310862,1379,204338.32
E-EL,121.4381974,23.7309148,1380,204367.02
E-EL,121.4377218,23.7305094,1381,204433.17
E-EL,121.4368400,23.7299027,1382,204545.46
E-EL,121.4359349,23.7293299,1383,204657.46
E-EL,121.4355681,23.7290787,1384,204704.10
E-EL,121.4348269,23.7285708,1385,204798.34
E-EL,121.4343012,23.7282107,1386,204865.18
E-EL,121.4336349,23.7277542,1387,204949.89
E-EL,121.4324422,23.7268692,1388,205106.17
E-EL,121.4308276,23.7255995,1389,205322.85
E-EL,121.4299840,23.7250785,1390,205426.44
E-EL,121.4293556,23.7246384,1391,205506.98
E-EL,121.4287675,23.7241384,1392,205588.68
E-EL,121.4281998,23.7235900,1393,205672.70
E-EL,121.4279083,23.7232472,1394,205721.00
E-EL,121.4276425,23.7229278,1395,205765.65
E-EL,121.4272516,23.7224224,1396,205834.51
E-EL,121.4247871,23.7194189,1397,206252.23
E-EL,121.4230087,23.7171273,1398,206564.81
E-EL,121.4207799,23.7143649,1399,206946.69
E-EL,121.4198630,23.7132540,1400,207101.52
E-EL,121.4189669,23.7121575,1401,207253.80
E-EL,121.4189090,23.7120853,1402,207263.76
E-EL,121.4187376,23.7118714,1403,207293.26
E-EL,121.4184719,23.7115472,1404,207338.33
E-EL,121.4176980,23.7106108,1405,207468.91
E-EL,121.4171926,23.7099950,1406,207554.55
E-EL,121.4161187,23.7086945,1407,207735.84
E-EL,121.4155707,23.7080247,1408,207828.90
E-EL,121.4133046,23.7052510,1409,208214.06
E-EL,121.4111787,23.7026529,1410,208575.05
E-EL,121.4104900,23.7018568,1411,208687.98
E-EL,121.4100105,23.7011986,1412,208775.95
E-EL,121.4095824,23.7003683,1413,208878.05
E-EL,121.4090580,23.6991629,1414,209022.33
E-EL,121.4089648,23.6986689,1415,209078.07
E-EL,121.4089890,23.6979501,1416,209158.04
E-EL,121.4092817,23.6971199,1417,209255.04
E-EL,121.4096091,23.6962742,1418,209354.82
E-EL,121.4116310,23.6923193,1419,209840.38
E-EL,121.4142146,23.6872000,1420,210467.47
E-EL,121.4163281,23.6832542,1421,210956.17
E-EL,121.4174678,23.6807659,1422,211256.21
E-EL,121.4176400,23.6804644,1423,211294.04
E-EL,121.4177792,23.6801917,1424,211327.52
E-EL,121.4180524,23.6796367,1425,211395.21
E-EL,121.4186918,23.6783831,1426,211549.07
E-EL,121.4196532,23.6763847,1427,211791.88
E-EL,121.4201196,23.6754692,1428,211904.22
E-EL,121.4204547,23.6747994,1429,211986.15
E-EL,121.4207471,23.6742172,1430,212057.40
E-EL,121.4215013,23.6727466,1431,212238.06
E-EL,121.4217737,23.6719527,1432,212330.60
E-EL,121.4218761,23.6715463,1433,212376.98
E-EL,121.4219474,23.6711112,1434,212425.89
E-EL,121.4219665,23.6706190,1435,212480.66
E-EL,121.4219024,23.6700363,1436,212545.79
E-EL,121.4218298,23.6695308,1437,212602.48
E-EL,121.4216916,23.6690143,1438,212661.61
E-EL,121.4213399,23.6677108,1439,212810.92
E-EL,121.4210672,23.6668036,1440,212915.54
E-EL,121.4209465,23.6663739,1441,212964.88
E-EL,121.4209388,23.6663454,1442,212968.14
E-EL,121.4207522,23.6656529,1443,213047.45
E-EL,121.4192622,23.6604104,1444,213649.82
E-EL,121.4189842,23.6594459,1445,213760.74
E-EL,121.4182284,23.6566814,1446,214077.64
E-EL,121.4176304,23.6545710,1447,214320.08
E-EL,121.4170901,23.6526754,1448,214537.92
E-EL,121.4166127,23.6509804,1449,214732.57
E-EL,121.4149549,23.6450646,1450,215411.71
E-EL,121.4141838,23.6423334,1451,215725.39
E-EL,121.4136644,23.6404426,1452,215942.19
E-EL,121.4131870,23.6387333,1453,216138.38
E-EL,121.4129774,23.6380266,1454,216219.81
E-EL,121.4126951,23.6373441,1455,216300.97
E-EL,121.4123995,23.6367056,1456,216378.09
E-EL,121.4119232,23.6359262,1457,216477.41
E-EL,121.4115482,23.6354454,1458,216543.12
E-EL,121.4110693,23.6348971,1459,216621.20
E-EL,121.4105958,23.6343966,1460,216694.84
E-EL,121.4100133,23.6338726,1461,216778.01
E-EL,121.4086042,23.6327486,1462,216968.33
E-EL,121.4064362,23.6310341,1463,217260.09
E-EL,121.4049648,23.6298386,1464,217460.44
E-EL,121.4031555,23.6283764,1465,217706.22
E-EL,121.4018767,23.6273813,1466,217877.15
E-EL,121.4010140,23.6266327,1467,217998.20
E-EL,121.4004266,23.6260945,1468,218082.83
E-EL,121.3993907,23.6250843,1469,218236.95
E-EL,121.3987194,23.6243406,1470,218344.26
E-EL,121.3975277,23.6229819,1471,218538.08
E-EL,121.3965331,23.6216130,1472,218720.94
E-EL,121.3956682,23.6202773,1473,218893.63
E-EL,121.3950322,23.6191752,1474,219032.26
E-EL,121.3944897,23.6181062,1475,219163.35
E-EL,121.3936708,23.6165362,1476,219356.83
E-EL,121.3928363,23.6149185,1477,219555.80
E-EL,121.3917567,23.6128617,1478,219809.57
E-EL,121.3906641,23.6107525,1479,220069.19
E-EL,121.3903432,23.6100939,1480,220149.39
E-EL,121.3901357,23.6096213,1481,220206.03
E-EL,121.3899241,23.6090879,1482,220269.14
E-EL,121.3897709,23.6085615,1483,220329.72
E-EL,121.3896329,23.6079203,1484,220402.39
E-EL,121.3895338,23.6072611,1485,220476.38
E-EL,121.3894149,23.6057093,1486,220649.35
E-EL,121.3894143,23.6056995,1487,220650.45
E-EL,121.3894084,23.6056080,1488,220660.64
E-EL,121.3892851,23.6039013,1489,220850.83
E-EL,121.3892035,23.6025649,1490,220999.66
E-EL,121.3891021,23.6012395,1491,221147.41
E-EL,121.3890672,23.6006667,1492,221211.19
E-EL,121.3889775,23.5998058,1493,221307.36
E-EL,121.3889257,23.5991464,1494,221380.87
E-EL,121.3887321,23.5982214,1495,221485.60
E-EL,121.3884996,23.5973888,1496,221581.17
E-EL,121.3881388,23.5964558,1497,221691.23
E-EL,121.3877569,23.5956385,1498,221790.09
E-EL,121.3865795,23.5937152,1499,222035.31
E-EL,121.3844933,23.5904305,1500,222457.92
E-EL,121.3831131,23.5883176,1501,222731.74
E-EL,121.3822122,23.5869025,1502,222913.91
E-EL,121.3818273,23.5863014,1503,222991.41
E-EL,121.3814301,23.5854058,1504,223098.91
E-EL,121.3812184,23.5847726,1505,223172.55
E-EL,121.3810535,23.5842283,1506,223235.36
E-EL,121.3809153,23.5834975,1507,223317.83
E-EL,121.3805406,23.5816707,1508,223524.52
E-EL,121.3803197,23.5805639,1509,223649.64
E-EL,121.3802524,23.5802452,1510,223685.74
E-EL,121.3802448,23.5802093,1511,223689.80
E-EL,121.3798897,23.5784147,1512,223892.60
E-EL,121.3784576,23.5712148,1513,224706.39
E-EL,121.3782762,23.5703193,1514,224807.67
E-EL,121.3781030,23.5695492,1515,224895.10
E-EL,121.3780296,23.5689433,1516,224962.89
E-EL,121.3780019,23.5682163,1517,225043.77
E-EL,121.3779515,23.5611779,1518,225826.42
E-EL,121.3779544,23.5603881,1519,225914.25
E-EL,121.3779440,23.5599210,1520,225966.20
E-EL,121.3779353,23.5591147,1521,226055.86
E-EL,121.3778933,23.5580277,1522,226176.80
E-EL,121.3777796,23.5568035,1523,226313.42
E-EL,121.3776538,23.5558661,1524,226418.44
E-EL,121.3775416,23.5551317,1525,226500.90
E-EL,121.3773961,23.5541047,1526,226616.06
E-EL,121.3772045,23.5528090,1527,226761.45
E-EL,121.3769533,23.5510596,1528,226957.66
E-EL,121.3768342,23.5501938,1529,227054.69
E-EL,121.3767801,23.5493816,1530,227145.17
E-EL,121.3767691,23.5482227,1531,227274.03
E-EL,121.3768885,23.5447775,1532,227657.31
E-EL,121.3771015,23.5390358,1533,228296.13
E-EL,121.3771845,23.5367907,1534,228545.92
E-EL,121.3774311,23.5294358,1535,229364.13
E-EL,121.3774779,23.5284194,1536,229477.25
E-EL,121.3775379,23.5271164,1537,229622.27
E-EL,121.3775124,23.5263788,1538,229704.33
E-EL,121.3774655,23.5258204,1539,229766.60
E-EL,121.3773440,23.5248543,1540,229874.74
E-EL,121.3764776,23.5187122,1541,230563.40
E-EL,121.3758906,23.5144368,1542,231042.56
E-EL,121.3756471,23.5125977,1543,231248.56
E-EL,121.3755725,23.5118568,1544,231331.29
E-EL,121.3755597,23.5110832,1545,231417.33
E-EL,121.3755881,23.5104567,1546,231487.04
E-EL,121.3757298,23.5084623,1547,231709.28
E-EL,121.3760194,23.5045787,1548,232142.13
E-EL,121.3765337,23.4986652,1549,232801.77
E-EL,121.3765902,23.4979562,1550,232880.81
E-EL,121.3766375,23.4973831,1551,232944.72
E-EL,121.3766389,23.4973638,1552,232946.87
E-EL,121.3768280,23.4946577,1553,233248.39
E-EL,121.3768261,23.4939983,1554,233321.71
E-EL,121.3767233,23.4933678,1555,233392.60
E-EL,121.3765195,23.4927519,1556,233464.17
E-EL,121.3762398,23.4921287,1557,233539.11
E-EL,121.3759188,23.4915861,1558,233607.76
E-EL,121.3723329,23.4861290,1559,234316.23
E-EL,121.3718129,23.4854809,1560,234405.70
E-EL,121.3713764,23.4850017,1561,234475.14
E-EL,121.3709011,23.4845298,1562,234546.58
E-EL,121.3703559,23.4841082,1563,234619.30
E-EL,121.3697486,23.4836867,1564,234696.97
E-EL,121.3689224,23.4832036,1565,234796.89
E-EL,121.3671369,23.4824517,1566,234997.27
E-EL,121.3617456,23.4801994,1567,235601.46
E-EL,121.3606615,23.4796802,1568,235726.19
E-EL,121.3598614,23.4792443,1569,235821.10
E-EL,121.3591746,23.4787228,1570,235912.04
E-EL,121.3586308,23.4781899,1571,235993.20
E-EL,121.3582382,23.4777261,1572,236058.49
E-EL,121.3560057,23.4740574,1573,236525.67
E-EL,121.3540268,23.4704493,1574,236974.78
E-EL,121.3535982,23.4696976,1575,237069.11
E-EL,121.3533966,23.4692372,1576,237124.29
E-EL,121.3531672,23.4683009,1577,237230.99
E-EL,121.3527817,23.4665099,1578,237433.99
E-EL,121.3515048,23.4601926,1579,238148.41
E-EL,121.3513655,23.4594483,1580,238232.39
E-EL,121.3513351,23.4589570,1581,238287.10
E-EL,121.3513861,23.4582687,1582,238363.82
E-EL,121.3513628,23.4573794,1583,238462.73
E-EL,121.3513297,23.4565910,1584,238550.46
E-EL,121.3511882,23.4539056,1585,238849.41
E-EL,121.3508494,23.4473739,1586,239576.53
E-EL,121.3508476,23.4467724,1587,239643.41
E-EL,121.3507041,23.4449898,1588,239842.16
E-EL,121.3505096,23.4433726,1589,240023.08
E-EL,121.3501128,23.4414986,1590,240235.35
E-EL,121.3496530,23.4394282,1591,240470.30
E-EL,121.3489219,23.4361399,1592,240843.48
E-EL,121.3481710,23.4327154,1593,241231.89
E-EL,121.3479706,23.4318127,1594,241334.33
E-EL,121.3477701,23.4309029,1595,241437.54
E-EL,121.3475467,23.4301042,1596,241529.24
E-EL,121.3471011,23.4290193,1597,241658.15
E-EL,121.3466516,23.4279200,1598,241788.70
E-EL,121.3455066,23.4252311,1599,242109.71
E-EL,121.3452838,23.4246618,1600,242176.98
E-EL,121.3452393,23.4245553,1601,242189.66
E-EL,121.3430141,23.4192337,1602,242823.46
E-EL,121.3419596,23.4167024,1603,243124.78
E-EL,121.3412993,23.4151365,1604,243311.48
E-EL,121.3388328,23.4092448,1605,244013.30
E-EL,121.3384813,23.4084601,1606,244107.63
E-EL,121.3382275,23.4079022,1607,244174.86
E-EL,121.3379707,23.4074607,1608,244230.51
E-EL,121.3376739,23.4070435,1609,244285.91
E-EL,121.3372953,23.4065363,1610,244354.27
E-EL,121.3366616,23.4058861,1611,244451.27
E-EL,121.3345345,23.4042817,1612,244732.24
E-EL,121.3334712,23.4035146,1613,244870.26
E-EL,121.3277241,23.3992787,1614,245622.46
E-EL,121.3261287,23.3981774,1615,245826.19
E-EL,121.3254785,23.3976969,1616,245911.37
E-EL,121.3248477,23.3971437,1617,246000.42
E-EL,121.3246118,23.3968386,1618,246042.01
E-EL,121.3242559,23.3961759,1619,246124.17
E-EL,121.3236698,23.3948145,1620,246286.94
E-EL,121.3235444,23.3943273,1621,246342.60
E-EL,121.3235069,23.3937874,1622,246402.75
E-EL,121.3235571,23.3931709,1623,246471.50
E-EL,121.3237625,23.3924872,1624,246550.37
E-EL,121.3239788,23.3920089,1625,246607.95
E-EL,121.3256610,23.3897547,1626,246911.76
E-EL,121.3266107,23.3885724,1627,247075.08
E-EL,121.3270906,23.3879741,1628,247157.70
E-EL,121.3275260,23.3872155,1629,247253.04
E-EL,121.3276366,23.3865473,1630,247328.20
E-EL,121.3276820,23.3854453,1631,247450.83
E-EL,121.3274824,23.3844147,1632,247567.21
E-EL,121.3269988,23.3821923,1633,247819.21
E-EL,121.3266634,23.3805254,1634,248007.71
E-EL,121.3265690,23.3800286,1635,248063.78
E-EL,121.3264485,23.3794363,1636,248130.78
E-EL,121.3260077,23.3770050,1637,248404.84
E-EL,121.3259239,23.3765942,1638,248451.32
E-EL,121.3253470,23.3735228,1639,248797.88
E-EL,121.3245236,23.3691188,1640,249294.74
E-EL,121.3239297,23.3660101,1641,249645.69
E-EL,121.3229729,23.3609276,1642,250219.21
E-EL,121.3223325,23.3573433,1643,250623.10
E-EL,121.3221632,23.3564707,1644,250721.66
E-EL,121.3219672,23.3556898,1645,250810.76
E-EL,121.3216665,23.3549557,1646,250897.97
E-EL,121.3213233,23.3542934,1647,250979.52
E-EL,121.3208675,23.3535847,1648,251071.04
E-EL,121.3204120,23.3530158,1649,251149.55
E-EL,121.3192740,23.3516224,1650,251343.20
E-EL,121.3188742,23.3511267,1651,251411.79
E-EL,121.3183526,23.3504826,1652,251501.04
E-EL,121.3179866,23.3500354,1653,251563.24
E-EL,121.3176982,23.3495450,1654,251625.21
E-EL,121.3173269,23.3487299,1655,251723.45
E-EL,121.3163560,23.3465982,1656,251980.38
E-EL,121.3156015,23.3449281,1657,252181.42
E-EL,121.3152322,23.3440702,1658,252283.99
E-EL,121.3147172,23.3429387,1659,252420.35
E-EL,121.3133985,23.3400599,1660,252767.62
E-EL,121.3130318,23.3392686,1661,252863.24
E-EL,121.3127429,23.3385453,1662,252948.91
E-EL,121.3125828,23.3381083,1663,253000.18
E-EL,121.3123302,23.3371936,1664,253105.11
E-EL,121.3121615,23.3359987,1665,253239.09
E-EL,121.3118990,23.3338129,1666,253483.61
E-EL,121.3117607,23.3327619,1667,253601.32
E-EL,121.3115963,23.3316035,1668,253731.23
E-EL,121.3115853,23.3315377,1669,253738.62
E-EL,121.3114455,23.3307078,1670,253832.01
E-EL,121.3113536,23.3301584,1671,253893.81
E-EL,121.3111145,23.3286623,1672,254061.95
E-EL,121.3110575,23.3281993,1673,254113.76
E-EL,121.3107920,23.3261862,1674,254339.24
E-EL,121.3105788,23.3246240,1675,254514.31
E-EL,121.3104747,23.3232480,1676,254667.68
E-EL,121.3104723,23.3222087,1677,254783.25
E-EL,121.3108226,23.3193051,1678,255108.09
E-EL,121.3109823,23.3179285,1679,255262.03
E-EL,121.3111040,23.3168603,1680,255381.46
E-EL,121.3112181,23.3158566,1681,255493.67
E-EL,121.3113091,23.3149389,1682,255596.13
E-EL,121.3114235,23.3140499,1683,255695.68
E-EL,121.3115529,23.3129673,1684,255816.78
E-EL,121.3116135,23.3123364,1685,255887.20
E-EL,121.3117427,23.3111821,1686,256016.23
E-EL,121.3119032,23.3100851,1687,256139.30
E-EL,121.3120248,23.3090025,1688,256260.32
E-EL,121.3121923,23.3076045,1689,256416.72
E-EL,121.3122904,23.3064359,1690,256547.04
E-EL,121.3123036,23.3054181,1691,256660.23
E-EL,121.3122392,23.3044362,1692,256769.60
E-EL,121.3120820,23.3035692,1693,256867.34
E-EL,121.3118935,23.3026163,1694,256975.03
E-EL,121.3116736,23.3014985,1695,257101.33
E-EL,121.3114538,23.3004310,1696,257222.14
E-EL,121.3112183,23.2992702,1697,257353.43
E-EL,121.3109986,23.2982027,1698,257474.24
E-EL,121.3108179,23.2972712,1699,257579.45
E-EL,121.3106843,23.2965404,1700,257661.85
E-EL,121.3105116,23.2956949,1701,257757.50
E-EL,121.3102606,23.2945342,1702,257889.09
E-EL,121.3098524,23.2925065,1703,258118.38
E-EL,121.3096404,23.2914461,1704,258238.26
E-EL,121.3093971,23.2902567,1705,258372.83
E-EL,121.3090675,23.2886446,1706,258555.22
E-EL,121.3087064,23.2868175,1707,258761.70
E-EL,121.3085731,23.2862085,1708,258830.78
E-EL,121.3082826,23.2847612,1709,258994.42
E-EL,121.3075291,23.2810067,1710,259418.94
E-EL,121.3072236,23.2797243,1711,259564.91
E-EL,121.3070202,23.2790007,1712,259648.01
E-EL,121.3068170,23.2783847,1713,259719.58
E-EL,121.3053902,23.2753531,1714,260086.84
E-EL,121.3049292,23.2743476,1715,260208.16
E-EL,121.3045365,23.2735055,1716,260310.03
E-EL,121.3039480,23.2723382,1717,260453.06
E-EL,121.3032698,23.2709203,1718,260625.27
E-EL,121.3026296,23.2696349,1719,260782.45
E-EL,121.3025470,23.2694642,1720,260803.23
E-EL,121.3023178,23.2689904,1721,260860.88
E-EL,121.3016787,23.2676823,1722,261020.31
E-EL,121.3008784,23.2660161,1723,261222.82
E-EL,121.2997834,23.2637699,1724,261496.49
E-EL,121.2977503,23.2594820,1725,262016.55
E-EL,121.2957631,23.2554121,1726,262512.56
E-EL,121.2937466,23.2512077,1727,263023.44
E-EL,121.2932231,23.2500696,1728,263160.83
E-EL,121.2927564,23.2491966,1729,263268.99
E-EL,121.2922701,23.2485315,1730,263358.08
E-EL,121.2919719,23.2481677,1731,263408.72
E-EL,121.2916837,23.2478904,1732,263451.36
E-EL,121.2913534,23.2476282,1733,263495.95
E-EL,121.2898710,23.2466484,1734,263682.52
E-EL,121.2877162,23.2453001,1735,263948.88
E-EL,121.2864469,23.2444867,1736,264106.98
E-EL,121.2857126,23.2440115,1737,264198.74
E-EL,121.2837837,23.2427905,1738,264438.06
E-EL,121.2834524,23.2425608,1739,264480.46
E-EL,121.2829826,23.2421513,1740,264546.63
E-EL,121.2825451,23.2416146,1741,264621.19
E-EL,121.2821152,23.2409924,1742,264703.14
E-EL,121.2819571,23.2406890,1743,264740.54
E-EL,121.2817843,23.2403003,1744,264787.23
E-EL,121.2816632,23.2399221,1745,264831.08
E-EL,121.2815376,23.2394760,1746,264882.30
E-EL,121.2814567,23.2391058,1747,264924.29
E-EL,121.2812851,23.2382305,1748,265023.18
E-EL,121.2811011,23.2371671,1749,265142.92
E-EL,121.2809284,23.2362396,1750,265247.55
E-EL,121.2806049,23.2348663,1751,265403.78
E-EL,121.2803909,23.2339289,1752,265510.29
E-EL,121.2802805,23.2333703,1753,265573.43
E-EL,121.2801008,23.2324087,1754,265681.92
E-EL,121.2798513,23.2311160,1755,265827.89
E-EL,121.2795637,23.2296320,1756,265995.50
E-EL,121.2794440,23.2289802,1757,266069.01
E-EL,121.2793939,23.2287839,1758,266091.43
E-EL,121.2793565,23.2286671,1759,266104.97
E-EL,121.2790537,23.2278704,1760,266198.81
E-EL,121.2788350,23.2273178,1761,266264.19
E-EL,121.2786662,23.2269239,1762,266311.26
E-EL,121.2785467,23.2266469,1763,266344.39
E-EL,121.2784453,23.2264058,1764,266373.14
E-EL,121.2783284,23.2261026,1765,266408.91
E-EL,121.2783200,23.2260831,1766,266411.23
E-EL,121.2781017,23.2255787,1767,266471.59
E-EL,121.2778008,23.2248525,1768,266558.00
E-EL,121.2775578,23.2240531,1769,266650.30
E-EL,121.2771402,23.2224511,1770,266833.46
E-EL,121.2769429,23.2218527,1771,266902.99
E-EL,121.2766798,23.2209433,1772,267007.63
E-EL,121.2765853,23.2205373,1773,267053.80
E-EL,121.2764808,23.2200297,1774,267111.24
E-EL,121.2763357,23.2191335,1775,267211.99
E-EL,121.2761602,23.2181368,1776,267324.26
E-EL,121.2760653,23.2175515,1777,267390.05
E-EL,121.2759729,23.2170330,1778,267448.48
E-EL,121.2757521,23.2161095,1779,267553.61
E-EL,121.2754369,23.2152559,1780,267653.85
E-EL,121.2743841,23.2126171,1781,267966.38
E-EL,121.2718467,23.2064519,1782,268699.32
E-EL,121.2713114,23.2050728,1783,268862.14
E-EL,121.2708718,23.2040179,1784,268987.75
E-EL,121.2694680,23.2006814,1785,269385.52
E-EL,121.2690806,23.1997494,1786,269496.46
E-EL,121.2685536,23.1984274,1787,269653.01
E-EL,121.2681075,23.1976254,1788,269753.18
E-EL,121.2678016,23.1971719,1789,269812.50
E-EL,121.2674855,23.1968093,1790,269864.17
E-EL,121.2670660,23.1964468,1791,269923.01
E-EL,121.2660306,23.1956697,1792,270059.64
E-EL,121.2652127,23.1950881,1793,270165.33
E-EL,121.2639116,23.1941130,1794,270336.92
E-EL,121.2632915,23.1936507,1795,270418.52
E-EL,121.2623455,23.1930048,1796,270538.97
E-EL,121.2619314,23.1927140,1797,270592.23
E-EL,121.2611789,23.1921463,1798,270691.73
E-EL,121.2605388,23.1916769,1799,270775.42
E-EL,121.2599545,23.1912528,1800,270851.51
E-EL,121.2595137,23.1908471,1801,270915.27
E-EL,121.2581623,23.1896881,1802,271104.18
E-EL,121.2553943,23.1873054,1803,271491.79
E-EL,121.2519350,23.1843474,1804,271974.71
E-EL,121.2512172,23.1836346,1805,272082.72
E-EL,121.2508577,23.1831901,1806,272144.30
E-EL,121.2505630,23.1827754,1807,272199.38
E-EL,121.2503005,23.1823458,1808,272254.18
E-EL,121.2497333,23.1813581,1809,272378.37
E-EL,121.2486475,23.1794364,1810,272619.15
E-EL,121.2485251,23.1792082,1811,272647.45
E-EL,121.2485211,23.1792007,1812,272648.38
E-EL,121.2478988,23.1780817,1813,272788.12
E-EL,121.2469791,23.1765183,1814,272985.75
E-EL,121.2466213,23.1759072,1815,273062.92
E-EL,121.2462480,23.1752531,1816,273145.06
E-EL,121.2458073,23.1744892,1817,273241.21
E-EL,121.2452702,23.1735821,1818,273356.05
E-EL,121.2450740,23.1732615,1819,273396.95
E-EL,121.2441591,23.1715929,1820,273604.73
E-EL,121.2418278,23.1675865,1821,274109.97
E-EL,121.2396123,23.1636825,1822,274599.60
E-EL,121.2391944,23.1628162,1823,274704.98
E-EL,121.2389080,23.1621268,1824,274787.04
E-EL,121.2386533,23.1613339,1825,274878.96
E-EL,121.2384918,23.1606030,1826,274961.90
E-EL,121.2384184,23.1599867,1827,275030.84
E-EL,121.2383810,23.1593369,1828,275103.20
E-EL,121.2383853,23.1587969,1829,275163.25
E-EL,121.2384256,23.1582281,1830,275226.62
E-EL,121.2386661,23.1568754,1831,275379.03
E-EL,121.2389039,23.1547533,1832,275616.24
E-EL,121.2388806,23.1536068,1833,275743.75
E-EL,121.2387903,23.1529103,1834,275821.75
E-EL,121.2386737,23.1520520,1835,275917.93
E-EL,121.2383346,23.1506296,1836,276079.85
E-EL,121.2376844,23.1482353,1837,276354.26
E-EL,121.2371119,23.1458857,1838,276622.00
E-EL,121.2361958,23.1421217,1839,277050.89
E-EL,121.2360282,23.1414517,1840,277127.34
E-EL,121.2358978,23.1410659,1841,277172.26
E-EL,121.2357486,23.1407181,1842,277213.84
E-EL,121.2354763,23.1401642,1843,277281.43
E-EL,121.2346672,23.1384427,1844,277489.96
E-EL,121.2341190,23.1373142,1845,277627.39
E-EL,121.2338662,23.1369075,1846,277679.48
E-EL,121.2335568,23.1364815,1847,277736.45
E-EL,121.2333987,23.1362900,1848,277763.18
E-EL,121.2332849,23.1361521,1849,277782.43
E-EL,121.2329472,23.1358014,1850,277834.52
E-EL,121.2325474,23.1354400,1851,277891.84
E-EL,121.2321880,23.1351496,1852,277940.76
E-EL,121.2304669,23.1339540,1853,278161.32
E-EL,121.2272974,23.1317471,1854,278567.84
E-EL,121.2215443,23.1277610,1855,279304.42
E-EL,121.2193407,23.1262186,1856,279587.59
E-EL,121.2193268,23.1262092,1857,279589.37
E-EL,121.2193127,23.1261997,1858,279591.15
E-EL,121.2186832,23.1257739,1859,279671.06
E-EL,121.2162991,23.1241294,1860,279975.81
E-EL,121.2154660,23.1235356,1861,280083.60
E-EL,121.2150260,23.1232395,1862,280139.36
E-EL,121.2144087,23.1228034,1863,280218.95
E-EL,121.2137572,23.1224459,1864,280296.54
E-EL,121.2130093,23.1221955,1865,280377.93
E-EL,121.2122275,23.1220407,1866,280459.72
E-EL,121.2112609,23.1219720,1867,280558.85
E-EL,121.2093975,23.1219059,1868,280749.55
E-EL,121.2027354,23.1216003,1869,281431.68
E-EL,121.2013403,23.1214826,1870,281574.95
E-EL,121.2000587,23.1213074,1871,281707.45
E-EL,121.1989476,23.1210938,1872,281823.53
E-EL,121.1979397,23.1208466,1873,281930.20
E-EL,121.1967457,23.1204753,1874,282059.10
E-EL,121.1948900,23.1198182,1875,282262.46
E-EL,121.1918815,23.1187515,1876,282592.19
E-EL,121.1910647,23.1184084,1877,282684.02
E-EL,121.1902322,23.1179363,1878,282784.03
E-EL,121.1853779,23.1146340,1879,283401.52
E-EL,121.1813222,23.1117918,1880,283922.98
E-EL,121.1808074,23.1114420,1881,283988.43
E-EL,121.1803279,23.1110817,1882,284051.76
E-EL,121.1796776,23.1105178,1883,284143.16
E-EL,121.1792172,23.1100596,1884,284212.54
E-EL,121.1787877,23.1095153,1885,284287.32
E-EL,121.1784461,23.1090330,1886,284351.32
E-EL,121.1781302,23.1085030,1887,284418.54
E-EL,121.1778557,23.1079250,1888,284488.66
E-EL,121.1776016,23.1072324,1889,284569.94
E-EL,121.1774511,23.1067165,1890,284629.34
E-EL,121.1773524,23.1062435,1891,284682.90
E-EL,121.1772428,23.1054074,1892,284776.54
E-EL,121.1772367,23.1047192,1893,284853.06
E-EL,121.1772769,23.1038686,1894,284947.74
E-EL,121.1773068,23.1030514,1895,285038.66
E-EL,121.1773110,23.1029498,1896,285049.97
E-EL,121.1773269,23.1025592,1897,285093.43
E-EL,121.1773732,23.1019174,1898,285164.95
E-EL,121.1774114,23.1012648,1899,285237.62
E-EL,121.1774735,23.1001696,1900,285359.56
E-EL,121.1775390,23.0989223,1901,285498.42
E-EL,121.1777020,23.0971206,1902,285699.46
E-EL,121.1779016,23.0939517,1903,286052.41
E-EL,121.1779389,23.0926857,1904,286193.24
E-EL,121.1779432,23.0920405,1905,286264.97
E-EL,121.1778854,23.0912665,1906,286351.25
E-EL,121.1777812,23.0905641,1907,286430.07
E-EL,121.1776069,23.0895989,1908,286538.87
E-EL,121.1774220,23.0884705,1909,286665.76
E-EL,121.1770079,23.0861717,1910,286924.86
E-EL,121.1767949,23.0842975,1911,287134.40
E-EL,121.1766773,23.0832331,1912,287253.36
E-EL,121.1766460,23.0829644,1913,287283.42
E-EL,121.1766028,23.0825487,1914,287329.85
E-EL,121.1765596,23.0821366,1915,287375.89
E-EL,121.1765009,23.0816277,1916,287432.79
E-EL,121.1764147,23.0808865,1917,287515.68
E-EL,121.1763298,23.0801548,1918,287597.49
E-EL,121.1762057,23.0794978,1919,287671.65
E-EL,121.1761387,23.0791971,1920,287705.78
E-EL,121.1760642,23.0789638,1921,287732.82
E-EL,121.1758908,23.0784981,1922,287787.55
E-EL,121.1754783,23.0774001,1923,287916.73
E-EL,121.1750637,23.0763148,1924,288044.66
E-EL,121.1743194,23.0743637,1925,288274.57
E-EL,121.1741095,23.0737977,1926,288341.08
E-EL,121.1732972,23.0716947,1927,288589.24
E-EL,121.1722594,23.0690097,1928,288906.12
E-EL,121.1715446,23.0671951,1929,289120.74
E-EL,121.1710658,23.0657437,1930,289289.40
E-EL,121.1703935,23.0636231,1931,289535.02
E-EL,121.1699814,23.0623655,1932,289681.08
E-EL,121.1696158,23.0611903,1933,289817.00
E-EL,121.1692465,23.0600582,1934,289948.44
E-EL,121.1687799,23.0586143,1935,290115.93
E-EL,121.1683484,23.0573281,1936,290265.61
E-EL,121.1678041,23.0556657,1937,290458.67
E-EL,121.1669837,23.0530824,1938,290757.93
E-EL,121.1656113,23.0488045,1939,291253.90
E-EL,121.1649859,23.0469008,1940,291475.04
E-EL,121.1645482,23.0456144,1941,291624.94
E-EL,121.1645268,23.0455513,1942,291632.28
E-EL,121.1640059,23.0439498,1943,291818.17
E-EL,121.1636056,23.0427711,1944,291955.49
E-EL,121.1630188,23.0408955,1945,292172.51
E-EL,121.1628208,23.0403277,1946,292238.82
E-EL,121.1626545,23.0398588,1947,292293.67
E-EL,121.1625255,23.0394949,1948,292336.23
E-EL,121.1623023,23.0387930,1949,292417.55
E-EL,121.1621608,23.0383480,1950,292469.11
E-EL,121.1619904,23.0377992,1951,292532.57
E-EL,121.1617287,23.0369638,1952,292629.25
E-EL,121.1615889,23.0365293,1953,292679.64
E-EL,121.1613701,23.0358414,1954,292759.33
E-EL,121.1611185,23.0350330,1955,292852.84
E-EL,121.1608822,23.0342943,1956,292938.46
E-EL,121.1605077,23.0331040,1957,293076.26
E-EL,121.1602865,23.0323943,1958,293158.35
E-EL,121.1599808,23.0314116,1959,293272.02
E-EL,121.1597443,23.0306931,1960,293355.49
E-EL,121.1595119,23.0299685,1961,293439.50
E-EL,121.1593050,23.0293041,1962,293516.36
E-EL,121.1591332,23.0287524,1963,293580.17
E-EL,121.1588750,23.0278806,1964,293680.65
E-EL,121.1584527,23.0265757,1965,293832.04
E-EL,121.1580555,23.0253401,1966,293975.32
E-EL,121.1579227,23.0249079,1967,294025.27
E-EL,121.1578124,23.0245490,1968,294066.74
E-EL,121.1576305,23.0239571,1969,294135.14
E-EL,121.1574367,23.0233325,1970,294207.37
E-EL,121.1571455,23.0224236,1971,294312.73
E-EL,121.1568395,23.0214558,1972,294424.81
E-EL,121.1565195,23.0204561,1973,294540.69
E-EL,121.1562808,23.0197231,1974,294625.78
E-EL,121.1560786,23.0190681,1975,294701.50
E-EL,121.1558087,23.0181937,1976,294802.57
E-EL,121.1554236,23.0169888,1977,294942.24
E-EL,121.1552177,23.0163417,1978,295017.20
E-EL,121.1549975,23.0156497,1979,295097.39
E-EL,121.1547790,23.0149631,1980,295176.94
E-EL,121.1545717,23.0143038,1981,295253.26
E-EL,121.1543436,23.0135785,1982,295337.22
E-EL,121.1540860,23.0127444,1983,295433.65
E-EL,121.1539107,23.0121946,1984,295497.36
E-EL,121.1536448,23.0113603,1985,295594.03
E-EL,121.1532266,23.0100419,1986,295746.76
E-EL,121.1522324,23.0068852,1987,296112.22
E-EL,121.1514043,23.0038073,1988,296464.80
E-EL,121.1513613,23.0022655,1989,296636.30
E-EL,121.1516872,22.9994194,1990,296954.52
E-EL,121.1517792,22.9985663,1991,297049.85
E-EL,121.1517902,22.9980502,1992,297107.25
E-EL,121.1517391,22.9973442,1993,297185.93
E-EL,121.1516419,22.9964463,1994,297286.26
E-EL,121.1515550,22.9953874,1995,297404.34
E-EL,121.1515352,22.9950649,1996,297440.26
E-EL,121.1515036,22.9945058,1997,297502.51
E-EL,121.1515060,22.9931654,1998,297651.56
E-EL,121.1515746,22.9921617,1999,297763.38
E-EL,121.1517004,22.9908345,2000,297911.53
E-EL,121.1522519,22.9885340,2001,298173.48
E-EL,121.1525026,22.9877775,2002,298261.43
E-EL,121.1528121,22.9869567,2003,298358.04
E-EL,121.1533442,22.9857374,2004,298504.16
E-EL,121.1542763,22.9838866,2005,298730.99
E-EL,121.1555655,22.9811989,2006,299057.70
E-EL,121.1560836,22.9801182,2007,299189.05
E-EL,121.1560974,22.9800892,2008,299192.57
E-EL,121.1565786,22.9790854,2009,299314.58
E-EL,121.1570082,22.9779490,2010,299448.37
E-EL,121.1577561,22.9748573,2011,299800.58
E-EL,121.1582220,22.9726292,2012,300052.88
E-EL,121.1592192,22.9680585,2013,300571.27
E-EL,121.1595311,22.9666675,2014,300729.20
E-EL,121.1597313,22.9657785,2015,300830.16
E-EL,121.1599241,22.9648102,2016,300939.62
E-EL,121.1600022,22.9642044,2017,301007.45
E-EL,121.1600188,22.9636805,2018,301065.74
E-EL,121.1600340,22.9631869,2019,301120.65
E-EL,121.1600100,22.9624952,2020,301197.60
E-EL,121.1599394,22.9617067,2021,301285.57
E-EL,121.1596934,22.9598934,2022,301488.76
E-EL,121.1594042,22.9575175,2023,301754.61
E-EL,121.1593103,22.9566001,2024,301857.08
E-EL,121.1592517,22.9561306,2025,301909.62
E-EL,121.1592356,22.9559687,2026,301927.70
E-EL,121.1592321,22.9559335,2027,301931.63
E-EL,121.1591700,22.9554403,2028,301986.84
E-EL,121.1589935,22.9538084,2029,302169.20
E-EL,121.1589064,22.9529602,2030,302263.93
E-EL,121.1588413,22.9524466,2031,302321.43
E-EL,121.1587762,22.9519508,2032,302376.96
E-EL,121.1587370,22.9514790,2033,302429.58
E-EL,121.1586911,22.9508936,2034,302494.84
E-EL,121.1586959,22.9494779,2035,302652.26
E-EL,121.1586851,22.9457445,2036,303067.40
E-EL,121.1586585,22.9450217,2037,303147.81
E-EL,121.1585674,22.9442990,2038,303228.72
E-EL,121.1584336,22.9435632,2039,303311.67
E-EL,121.1582975,22.9430066,2040,303375.11
E-EL,121.1581060,22.9424286,2041,303442.31
E-EL,121.1577637,22.9415538,2042,303545.70
E-EL,121.1574664,22.9409567,2043,303618.74
E-EL,121.1570948,22.9403269,2044,303698.45
E-EL,121.1564274,22.9393598,2045,303825.86
E-EL,121.1532859,22.9354156,2046,304369.77
E-EL,121.1521699,22.9340404,2047,304560.67
E-EL,121.1509376,22.9325055,2048,304772.94
E-EL,121.1499483,22.9312421,2049,304946.14
E-EL,121.1485533,22.9295040,2050,305186.48
E-EL,121.1477474,22.9284916,2051,305326.06
E-EL,121.1457945,22.9260228,2052,305665.71
E-EL,121.1452934,22.9253876,2053,305753.01
E-EL,121.1447413,22.9246951,2054,305848.54
E-EL,121.1440325,22.9239016,2055,305962.80
E-EL,121.1412541,22.9211850,2056,306377.79
E-EL,121.1404278,22.9203160,2057,306506.24
E-EL,121.1397924,22.9195280,2058,306615.38
E-EL,121.1392499,22.9187065,2059,306722.29
E-EL,121.1382639,22.9168196,2060,306955.15
E-EL,121.1377767,22.9158597,2061,307072.97
E-EL,121.1374665,22.9152291,2062,307149.95
E-EL,121.1372079,22.9145508,2063,307229.89
E-EL,121.1370937,22.9138197,2064,307312.02
E-EL,121.1371737,22.9125069,2065,307458.22
E-EL,121.1371750,22.9124775,2066,307461.51
E-EL,121.1371751,22.9124758,2067,307461.69
E-EL,121.1371989,22.9119315,2068,307522.26
E-EL,121.1373017,22.9107379,2069,307655.41
E-EL,121.1373328,22.9105317,2070,307678.55
E-EL,121.1373685,22.9100537,2071,307731.82
E-EL,121.1374092,22.9095376,2072,307789.37
E-EL,121.1374396,22.9089785,2073,307851.62
E-EL,121.1378321,22.9043283,2074,308370.25
E-EL,121.1380057,22.9025122,2075,308572.97
E-EL,121.1382357,22.8998438,2076,308870.62
E-EL,121.1383916,22.8990002,2077,308965.77
E-EL,121.1387468,22.8979421,2078,309088.92
E-EL,121.1403780,22.8944522,2079,309511.43
E-EL,121.1409173,22.8930229,2080,309679.69
E-EL,121.1413161,22.8914559,2081,309858.66
E-EL,121.1418241,22.8888940,2082,310148.24
E-EL,121.1423782,22.8861170,2083,310462.21
E-EL,121.1428557,22.8839709,2084,310705.80
E-EL,121.1429995,22.8834164,2085,310769.20
E-EL,121.1432947,22.8824616,2086,310879.58
E-EL,121.1437917,22.8814707,2087,311000.97
E-EL,121.1444096,22.8805335,2088,311122.90
E-EL,121.1454807,22.8789555,2089,311329.85
E-EL,121.1463561,22.8777026,2090,311495.53
E-EL,121.1466856,22.8771814,2091,311562.60
E-EL,121.1470458,22.8763735,2092,311659.72
E-EL,121.1471690,22.8759194,2093,311711.77
E-EL,121.1472354,22.8752694,2094,311784.37
E-EL,121.1471869,22.8744538,2095,311875.19
E-EL,121.1469692,22.8736343,2096,311969.00
E-EL,121.1466445,22.8726878,2097,312079.38
E-EL,121.1463135,22.8716335,2098,312201.42
E-EL,121.1459411,22.8706399,2099,312318.31
E-EL,121.1452383,22.8692833,2100,312485.46
E-EL,121.1447785,22.8684905,2101,312585.42
E-EL,121.1443187,22.8676641,2102,312688.67
E-EL,121.1439105,22.8669668,2103,312776.77
E-EL,121.1432495,22.8660403,2104,312900.06
E-EL,121.1422325,22.8649851,2105,313056.99
E-EL,121.1415615,22.8644600,2106,313147.18
E-EL,121.1403919,22.8635772,2107,313302.09
E-EL,121.1385507,22.8622364,2108,313542.54
E-EL,121.1381155,22.8619396,2109,313598.01
E-EL,121.1379022,22.8617942,2110,313625.20
E-EL,121.1371023,22.8612015,2111,313730.37
E-EL,121.1368835,22.8610346,2112,313759.46
E-EL,121.1365812,22.8608040,2113,313799.68
E-EL,121.1356268,22.8600925,2114,313925.46
E-EL,121.1343729,22.8591952,2115,314088.14
E-EL,121.1331937,22.8582800,2116,314246.11
E-EL,121.1324355,22.8575071,2117,314361.96
E-EL,121.1317486,22.8565827,2118,314486.53
E-EL,121.1313437,22.8557232,2119,314590.72
E-EL,121.1311603,22.8552023,2120,314651.61
E-EL,121.1306108,22.8535026,2121,314848.82
E-EL,121.1301455,22.8521828,2122,315003.13
E-EL,121.1297116,22.8508181,2123,315161.26
E-EL,121.1291791,22.8489206,2124,315379.18
E-EL,121.1283099,22.8463439,2125,315679.23
E-EL,121.1273319,22.8436277,2126,315997.45
E-EL,121.1261100,22.8400031,2127,316419.48
E-EL,121.1251663,22.8370290,2128,316764.04
E-EL,121.1247510,22.8358052,2129,316906.62
E-EL,121.1226314,22.8293649,2130,317654.97
E-EL,121.1212563,22.8251414,2131,318145.29
E-EL,121.1206775,22.8235362,2132,318333.39
E-EL,121.1204397,22.8228511,2133,318413.37
E-EL,121.1203363,22.8224640,2134,318457.69
E-EL,121.1202172,22.8218954,2135,318522.08
E-EL,121.1203121,22.8209376,2136,318629.03
E-EL,121.1217699,22.8148829,2137,319318.66
E-EL,121.1221612,22.8131683,2138,319513.49
E-EL,121.1227601,22.8104111,2139,319826.17
E-EL,121.1234117,22.8070606,2140,320204.67
E-EL,121.1236796,22.8054606,2141,320384.68
E-EL,121.1237379,22.8045368,2142,320487.58
E-EL,121.1236261,22.8033341,2143,320621.80
E-EL,121.1231202,22.7995651,2144,321044.09
E-EL,121.1226786,22.7957722,2145,321468.26
E-EL,121.1224026,22.7938028,2146,321689.07
E-EL,121.1223998,22.7937832,2147,321691.27
E-EL,121.1223480,22.7934428,2148,321729.50
E-EL,121.1222766,22.7928753,2149,321793.01
E-EL,121.1221922,22.7921466,2150,321874.50
E-EL,121.1221209,22.7916090,2151,321934.73
E-EL,121.1220106,22.7908266,2152,322022.46
E-EL,121.1218744,22.7897335,2153,322144.81
E-EL,121.1217965,22.7890645,2154,322219.62
E-EL,121.1216732,22.7880610,2155,322331.92
E-EL,121.1213854,22.7868719,2156,322467.40
E-EL,121.1209304,22.7858920,2157,322585.92
E-EL,121.1202724,22.7849033,2158,322714.91
E-EL,121.1189896,22.7835117,2159,322917.97
E-EL,121.1161462,22.7807242,2160,323343.47
E-EL,121.1152499,22.7797093,2161,323489.00
E-EL,121.1149789,22.7792017,2162,323551.91
E-EL,121.1147916,22.7785448,2163,323627.44
E-EL,121.1147682,22.7778408,2164,323705.76
E-EL,121.1148615,22.7773799,2165,323757.90
E-EL,121.1150222,22.7770512,2166,323797.99
E-EL,121.1151367,22.7768408,2167,323824.16
E-EL,121.1153025,22.7765623,2168,323859.49
E-EL,121.1159859,22.7755069,2169,323996.17
E-EL,121.1182032,22.7720030,2170,324447.25
E-EL,121.1182667,22.7719296,2171,324457.70
E-EL,121.1188277,22.7714394,2172,324536.93
E-EL,121.1194843,22.7710090,2173,324619.54
E-EL,121.1205089,22.7704147,2174,324743.65
E-EL,121.1247982,22.7678277,2175,325269.14
E-EL,121.1264579,22.7668225,2176,325472.75
E-EL,121.1286623,22.7655399,2177,325739.99
E-EL,121.1290253,22.7653167,2178,325784.74
E-EL,121.1291696,22.7652330,2179,325802.21
E-EL,121.1337038,22.7625501,2180,326354.61
E-EL,121.1375791,22.7602409,2181,326827.70
E-EL,121.1402162,22.7586845,2182,327148.74
E-EL,121.1427353,22.7572078,2183,327454.83
E-EL,121.1433047,22.7566308,2184,327541.57
E-EL,121.1438687,22.7557840,2185,327652.07
E-EL,121.1450214,22.7536634,2186,327915.84
E-EL,121.1455618,22.7531282,2187,327997.16
E-EL,121.1462890,22.7525272,2188,328097.29
E-EL,121.1471095,22.7518694,2189,328208.78
E-EL,121.1490241,22.7503348,2190,328468.90
E-EL,121.1500850,22.7494745,2191,328613.76
E-EL,121.1504664,22.7492142,2192,328662.42
E-EL,121.1507400,22.7491005,2193,328693.19
E-EL,121.1511135,22.7490523,2194,328731.87
E-EL,121.1514903,22.7490370,2195,328770.54
E-EL,121.1522891,22.7490099,2196,328852.51
E-EL,121.1530844,22.7491102,2197,328934.82
E-EL,121.1552167,22.7494905,2198,329157.53
E-EL,121.1559802,22.7497615,2199,329241.42
E-EL,121.1565188,22.7500164,2200,329303.50
E-EL,121.1570147,22.7504266,2201,329371.81
E-EL,121.1583527,22.7518111,2202,329578.03
E-NL,121.6009865,23.9929604,1,0.00
E-NL,121.6011637,23.9933216,2,44.02
E-NL,121.6016638,23.9943445,3,168.59
E-NL,121.6020260,23.9950670,4,256.95
E-NL,121.6023369,23.9956606,5,330.13
E-NL,121.6025062,23.9959825,6,369.83
E-NL,121.6026321,23.9962221,7,399.38
E-NL,121.6027816,23.9965082,8,434.64
E-NL,121.6035498,23.9981321,9,631.34
E-NL,121.6039926,23.9990819,10,746.14
E-NL,121.6052956,24.0016946,11,1065.39
E-NL,121.6056992,24.0025588,12,1169.87
E-NL,121.6059608,24.0032039,13,1246.36
E-NL,121.6061457,24.0038004,14,1315.30
E-NL,121.6062326,24.0041858,15,1359.05
E-NL,121.6062836,24.0046719,16,1413.35
E-NL,121.6062778,24.0050912,17,1459.97
E-NL,121.6062456,24.0057148,18,1529.40
E-NL,121.6061693,24.0063325,19,1598.51
E-NL,121.6060053,24.0073067,20,1708.11
E-NL,121.6056873,24.0089422,21,1892.82
E-NL,121.6050527,24.0125461,22,2298.70
E-NL,121.6046760,24.0145830,23,2528.41
E-NL,121.6039323,24.0188330,24,3006.99
E-NL,121.6035018,24.0212622,25,3280.61
E-NL,121.6031252,24.0230603,26,3484.18
E-NL,121.6028902,24.0239823,27,3589.45
E-NL,121.6026068,24.0248946,28,3694.89
E-NL,121.6019980,24.0267666,29,3912.04
E-NL,121.6017720,24.0276562,30,4013.58
E-NL,121.6016853,24.0283087,31,4086.67
E-NL,121.6016429,24.0289652,32,4159.79
E-NL,121.6015919,24.0296285,33,4233.73
E-NL,121.6014655,24.0309551,34,4381.81
E-NL,121.6014516,24.0312337,35,4412.82
E-NL,121.6014064,24.0324869,36,4552.24
E-NL,121.6014025,24.0325935,37,4564.10
E-NL,121.6013196,24.0342419,38,4747.59
E-NL,121.6011610,24.0363962,39,4987.68
E-NL,121.6010849,24.0376317,40,5125.27
E-NL,121.6010068,24.0392876,41,5309.57
E-NL,121.6010265,24.0398494,42,5372.08
E-NL,121.6010503,24.0402657,43,5418.42
E-NL,121.6011201,24.0407024,44,5467.51
E-NL,121.6015510,24.0432610,45,5755.35
E-NL,121.6023365,24.0474741,46,6230.57
E-NL,121.6026380,24.0492809,47,6433.80
E-NL,121.6027982,24.0502531,48,6543.11
E-NL,121.6029224,24.0509406,49,6620.60
E-NL,121.6031188,24.0520686,50,6747.60
E-NL,121.6033307,24.0533010,51,6886.32
E-NL,121.6036280,24.0549621,52,7073.47
E-NL,121.6037520,24.0556245,53,7148.20
E-NL,121.6048795,24.0622244,54,7890.94
E-NL,121.6060319,24.0689173,55,8644.30
E-NL,121.6063236,24.0704436,56,8816.58
E-NL,121.6072375,24.0756709,57,9405.19
E-NL,121.6077753,24.0788115,58,9758.65
E-NL,121.6079255,24.0796792,59,9856.33
E-NL,121.6081674,24.0811875,60,10025.83
E-NL,121.6087132,24.0840216,61,10345.81
E-NL,121.6090862,24.0853066,62,10493.63
E-NL,121.6096412,24.0871069,63,10701.58
E-NL,121.6106664,24.0901272,64,11053.19
E-NL,121.6107693,24.0904206,65,11087.45
E-NL,121.6123622,24.0953473,66,11658.63
E-NL,121.6131944,24.0978592,67,11950.43
E-NL,121.6139237,24.0995135,68,12148.72
E-NL,121.6145274,24.1008656,69,12311.08
E-NL,121.6151896,24.1022104,70,12475.02
E-NL,121.6166959,24.1053541,71,12856.56
E-NL,121.6174136,24.1068563,72,13038.78
E-NL,121.6178753,24.1076343,73,13137.18
E-NL,121.6183928,24.1083394,74,13231.55
E-NL,121.6188480,24.1088321,75,13303.21
E-NL,121.6197774,24.1096776,76,13436.39
E-NL,121.6225785,24.1117088,77,13799.48
E-NL,121.6260576,24.1142352,78,14250.70
E-NL,121.6291922,24.1165551,79,14660.28
E-NL,121.6311514,24.1179912,80,14915.29
E-NL,121.6329208,24.1191927,81,15139.12
E-NL,121.6347378,24.1204250,82,15368.86
E-NL,121.6364033,24.1216070,83,15582.97
E-NL,121.6371991,24.1222882,84,15693.69
E-NL,121.6379706,24.1232054,85,15822.27
E-NL,121.6383416,24.1238484,86,15903.07
E-NL,121.6395368,24.1260002,87,16171.33
E-NL,121.6400288,24.1269220,88,16285.34
E-NL,121.6404370,24.1276779,89,16379.05
E-NL,121.6414934,24.1296838,90,16626.52
E-NL,121.6419426,24.1305025,91,16728.33
E-NL,121.6429386,24.1321287,92,16935.49
E-NL,121.6435020,24.1332159,93,17069.22
E-NL,121.6438889,24.1339845,94,17163.27
E-NL,121.6447969,24.1359552,95,17400.97
E-NL,121.6456761,24.1376392,96,17608.40
E-NL,121.6492036,24.1441102,97,18412.05
E-NL,121.6506421,24.1467128,98,18736.17
E-NL,121.6511145,24.1474633,99,18832.41
E-NL,121.6516070,24.1483248,100,18940.46
E-NL,121.6543836,24.1533965,101,19570.85
E-NL,121.6547231,24.1540030,102,19646.58
E-NL,121.6548780,24.1543860,103,19691.98
E-NL,121.6551147,24.1551230,104,19777.37
E-NL,121.6552510,24.1558212,105,19856.23
E-NL,121.6552505,24.1564913,106,19930.74
E-NL,121.6551214,24.1572193,107,20012.74
E-NL,121.6548379,24.1582883,108,20135.05
E-NL,121.6546383,24.1589808,109,20214.66
E-NL,121.6543020,24.1599863,110,20331.56
E-NL,121.6540933,24.1608548,111,20430.43
E-NL,121.6539742,24.1617452,112,20530.18
E-NL,121.6539642,24.1622830,113,20589.98
E-NL,121.6539926,24.1627419,114,20641.09
E-NL,121.6540773,24.1633909,115,20713.77
E-NL,121.6544589,24.1653534,116,20935.40
E-NL,121.6548658,24.1672628,117,21151.68
E-NL,121.6557747,24.1718994,118,21675.43
E-NL,121.6559485,24.1727885,119,21775.86
E-NL,121.6562552,24.1742086,120,21936.80
E-NL,121.6564894,24.1754498,121,22076.85
E-NL,121.6567385,24.1765113,122,22197.55
E-NL,121.6569743,24.1773350,123,22292.21
E-NL,121.6574711,24.1789991,124,22484.00
E-NL,121.6577559,24.1799475,125,22593.34
E-NL,121.6578962,24.1806576,126,22673.57
E-NL,121.6579784,24.1814396,127,22760.92
E-NL,121.6579956,24.1822637,128,22852.57
E-NL,121.6579637,24.1836494,129,23006.69
E-NL,121.6580066,24.1845500,130,23106.93
E-NL,121.6581182,24.1851594,131,23175.63
E-NL,121.6585432,24.1865305,132,23334.06
E-NL,121.6594368,24.1891938,133,23643.78
E-NL,121.6601916,24.1913184,134,23892.11
E-NL,121.6610833,24.1932308,135,24123.19
E-NL,121.6619121,24.1950099,136,24338.15
E-NL,121.6631927,24.1969628,137,24591.18
E-NL,121.6654302,24.1998713,138,24986.26
E-NL,121.6691747,24.2049672,139,25668.39
E-NL,121.6706707,24.2071524,140,25954.86
E-NL,121.6722374,24.2091462,141,26227.62
E-NL,121.6747233,24.2113211,142,26576.96
E-NL,121.6763803,24.2123942,143,26783.07
E-NL,121.6788795,24.2137318,144,27076.93
E-NL,121.6814083,24.2146987,145,27355.01
E-NL,121.6826171,24.2151335,146,27486.78
E-NL,121.6859897,24.2164450,147,27858.59
E-NL,121.6872917,24.2168879,148,27999.51
E-NL,121.6880100,24.2171742,149,28079.01
E-NL,121.6884486,24.2173585,150,28127.99
E-NL,121.6890369,24.2177715,151,28203.27
E-NL,121.6896964,24.2183419,152,28295.44
E-NL,121.6905039,24.2188184,153,28392.97
E-NL,121.6917095,24.2195722,154,28541.21
E-NL,121.6967431,24.2237745,155,29233.23
E-NL,121.6983747,24.2252690,156,29467.73
E-NL,121.6998243,24.2264648,157,29665.93
E-NL,121.7006022,24.2272129,158,29780.57
E-NL,121.7011590,24.2278198,159,29868.56
E-NL,121.7016918,24.2284274,160,29955.06
E-NL,121.7028727,24.2294847,161,30122.88
E-NL,121.7036825,24.2302050,162,30237.59
E-NL,121.7072080,24.2335036,163,30749.76
E-NL,121.7081198,24.2344454,164,30889.45
E-NL,121.7087005,24.2351962,165,30991.61
E-NL,121.7093741,24.2362617,166,31128.37
E-NL,121.7098753,24.2371380,167,31238.27
E-NL,121.7105469,24.2383077,168,31385.08
E-NL,121.7109133,24.2389759,169,31468.14
E-NL,121.7114955,24.2399578,170,31592.27
E-NL,121.7123749,24.2413332,171,31769.30
E-NL,121.7126375,24.2417311,172,31820.93
E-NL,121.7135229,24.2427650,173,31966.80
E-NL,121.7143093,24.2433940,174,32072.86
E-NL,121.7150456,24.2439045,175,32166.64
E-NL,121.7172884,24.2452198,176,32437.00
E-NL,121.7191154,24.2462718,177,32656.09
E-NL,121.7219859,24.2479914,178,33004.30
E-NL,121.7252539,24.2499765,179,33402.42
E-NL,121.7279528,24.2518193,180,33744.26
E-NL,121.7314027,24.2545158,181,34204.95
E-NL,121.7344786,24.2570093,182,34622.21
E-NL,121.7376882,24.2598711,183,35077.34
E-NL,121.7396703,24.2619685,184,35385.18
E-NL,121.7407283,24.2637836,185,35613.74
E-NL,121.7422547,24.2681765,186,36126.13
E-NL,121.7427898,24.2698339,187,36318.24
E-NL,121.7433210,24.2714919,188,36510.30
E-NL,121.7435546,24.2722859,189,36601.72
E-NL,121.7442655,24.2744420,190,36852.05
E-NL,121.7453592,24.2778766,191,37249.73
E-NL,121.7458254,24.2791643,192,37400.51
E-NL,121.7461720,24.2799329,193,37492.91
E-NL,121.7469022,24.2812576,194,37657.76
E-NL,121.7476383,24.2825727,195,37821.92
E-NL,121.7495346,24.2859603,196,38244.81
E-NL,121.7507265,24.2879828,197,38500.10
E-NL,121.7511628,24.2887560,198,38596.78
E-NL,121.7516802,24.2897722,199,38721.35
E-NL,121.7523114,24.2910949,200,38881.74
E-NL,121.7530636,24.2929690,201,39103.63
E-NL,121.7535278,24.2941072,202,39238.66
E-NL,121.7541642,24.2959494,203,39453.42
E-NL,121.7544688,24.2967661,204,39549.33
E-NL,121.7548602,24.2979347,205,39685.19
E-NL,121.7552023,24.2988971,206,39797.69
E-NL,121.7558349,24.3007465,207,40013.10
E-NL,121.7568380,24.3035483,208,40340.80
E-NL,121.7587339,24.3090984,209,40987.16
E-NL,121.7597525,24.3120674,210,41333.06
E-NL,121.7603968,24.3138773,211,41544.63
E-NL,121.7605881,24.3144646,212,41612.76
E-NL,121.7607871,24.3150513,213,41681.04
E-NL,121.7610657,24.3158741,214,41776.78
E-NL,121.7616147,24.3174408,215,41959.66
E-NL,121.7633916,24.3225542,216,42556.07
E-NL,121.7638980,24.3239222,217,42716.60
E-NL,121.7645549,24.3252232,218,42875.85
E-NL,121.7654847,24.3269428,219,43089.02
E-NL,121.7658761,24.3277319,220,43185.30
E-NL,121.7662196,24.3286167,221,43289.65
E-NL,121.7669711,24.3306942,222,43532.89
E-NL,121.7676963,24.3325745,223,43754.50
E-NL,121.7680145,24.3334615,224,43858.27
E-NL,121.7683486,24.3343915,225,43967.08
E-NL,121.7686193,24.3351784,226,44058.78
E-NL,121.7689931,24.3362085,227,44179.42
E-NL,121.7693513,24.3372315,228,44298.82
E-NL,121.7695982,24.3378962,229,44376.85
E-NL,121.7705398,24.3403939,230,44670.51
E-NL,121.7717902,24.3438576,231,45075.95
E-NL,121.7725365,24.3465461,232,45384.31
E-NL,121.7730937,24.3481378,233,45570.08
E-NL,121.7738387,24.3506154,234,45855.73
E-NL,121.7743799,24.3519256,235,46011.39
E-NL,121.7752945,24.3545831,236,46321.08
E-NL,121.7759836,24.3563951,237,46534.31
E-NL,121.7766723,24.3581593,238,46742.52
E-NL,121.7772550,24.3596374,239,46917.15
E-NL,121.7778905,24.3612108,240,47103.57
E-NL,121.7783692,24.3627372,241,47280.09
E-NL,121.7785848,24.3638827,242,47409.32
E-NL,121.7789584,24.3652663,243,47567.76
E-NL,121.7794873,24.3664580,244,47710.69
E-NL,121.7800172,24.3678288,245,47872.29
E-NL,121.7803494,24.3688424,246,47989.91
E-NL,121.7810575,24.3715951,247,48304.29
E-NL,121.7815791,24.3749649,248,48682.70
E-NL,121.7816369,24.3767785,249,48884.45
E-NL,121.7817842,24.3795249,250,49190.20
E-NL,121.7817938,24.3810776,251,49362.85
E-NL,121.7818030,24.3825706,252,49528.87
E-NL,121.7818191,24.3851982,253,49821.05
E-NL,121.7818943,24.3868102,254,50000.46
E-NL,121.7819031,24.3882435,255,50159.83
E-NL,121.7820471,24.3904524,256,50405.88
E-NL,121.7821885,24.3922432,257,50605.54
E-NL,121.7821959,24.3934376,258,50738.35
E-NL,121.7821377,24.3945726,259,50864.69
E-NL,121.7821443,24.3956475,260,50984.22
E-NL,121.7821516,24.3968419,261,51117.03
E-NL,121.7821605,24.3982751,262,51276.40
E-NL,121.7821682,24.3995292,263,51415.85
E-NL,121.7821788,24.4012610,264,51608.42
E-NL,121.7822547,24.4029925,265,51801.11
E-NL,121.7823302,24.4046643,266,51987.16
E-NL,121.7824069,24.4065152,267,52193.12
E-NL,121.7824824,24.4081870,268,52379.17
E-NL,121.7824919,24.4097397,269,52551.82
E-NL,121.7825011,24.4112326,270,52717.83
E-NL,121.7825089,24.4124867,271,52857.28
E-NL,121.7825251,24.4151143,272,53149.46
E-NL,121.7825394,24.4174433,273,53408.44
E-NL,121.7825556,24.4200709,274,53700.62
E-NL,121.7825063,24.4226392,275,53986.24
E-NL,121.7823887,24.4247300,276,54219.03
E-NL,121.7823301,24.4258052,277,54338.74
E-NL,121.7820939,24.4298077,278,54784.43
E-NL,121.7812787,24.4364042,279,55522.56
E-NL,121.7810826,24.4376091,280,55658.01
E-NL,121.7807641,24.4392734,281,55845.85
E-NL,121.7802319,24.4407325,282,56016.81
E-NL,121.7794321,24.4422177,283,56200.73
E-NL,121.7789147,24.4429489,284,56297.45
E-NL,121.7773242,24.4451611,285,56591.44
E-NL,121.7770107,24.4456784,286,56657.13
E-NL,121.7762732,24.4470760,287,56829.54
E-NL,121.7758626,24.4482104,288,56962.35
E-NL,121.7757876,24.4487507,289,57022.90
E-NL,121.7757784,24.4489418,290,57044.18
E-NL,121.7757618,24.4496399,291,57121.82
E-NL,121.7757760,24.4503786,292,57203.97
E-NL,121.7758102,24.4516593,293,57346.42
E-NL,121.7763277,24.4534252,294,57549.65
E-NL,121.7766992,24.4544265,295,57667.17
E-NL,121.7771883,24.4554512,296,57791.40
E-NL,121.7777036,24.4564996,297,57919.12
E-NL,121.7780999,24.4572859,298,58015.31
E-NL,121.7785081,24.4578810,299,58093.31
E-NL,121.7788863,24.4584533,300,58167.57
E-NL,121.7793977,24.4591308,301,58258.99
E-NL,121.7796793,24.4594993,302,58308.90
E-NL,121.7799950,24.4599038,303,58364.07
E-NL,121.7805917,24.4605658,304,58459.29
E-NL,121.7814254,24.4612102,305,58569.99
E-NL,121.7822506,24.4617196,306,58670.90
E-NL,121.7869566,24.4631814,307,59174.18
E-NL,121.7901216,24.4642107,308,59514.36
E-NL,121.7912004,24.4644231,309,59626.06
E-NL,121.7920022,24.4644637,310,59707.35
E-NL,121.7932938,24.4644091,311,59838.21
E-NL,121.7953979,24.4640851,312,60054.19
E-NL,121.7984714,24.4635289,313,60371.36
E-NL,121.7998566,24.4633267,314,60513.35
E-NL,121.8009352,24.4631386,315,60624.50
E-NL,121.8016782,24.4630272,316,60700.72
E-NL,121.8026950,24.4628641,317,60805.22
E-NL,121.8032426,24.4627895,318,60861.26
E-NL,121.8058814,24.4623060,319,61133.69
E-NL,121.8070206,24.4621068,320,61251.11
E-NL,121.8081077,24.4620434,321,61361.37
E-NL,121.8091571,24.4620843,322,61467.68
E-NL,121.8100030,24.4621837,323,61554.01
E-NL,121.8108186,24.4623442,324,61638.46
E-NL,121.8114961,24.4625369,325,61710.30
E-NL,121.8125140,24.4629107,326,61821.39
E-NL,121.8131889,24.4632487,327,61899.36
E-NL,121.8141709,24.4637485,328,62013.23
E-NL,121.8150271,24.4641991,329,62113.33
E-NL,121.8159624,24.4647531,330,62226.27
E-NL,121.8167642,24.4652504,331,62324.47
E-NL,121.8176991,24.4659311,332,62445.65
E-NL,121.8192977,24.4673557,333,62672.08
E-NL,121.8207720,24.4689243,334,62901.62
E-NL,121.8216185,24.4703187,335,63078.76
E-NL,121.8222722,24.4713089,336,63207.21
E-NL,121.8230959,24.4727568,337,63388.51
E-NL,121.8242937,24.4752233,338,63688.37
E-NL,121.8250289,24.4765092,339,63849.56
E-NL,121.8257250,24.4780441,340,64034.19
E-NL,121.8264385,24.4796036,341,64222.04
E-NL,121.8269734,24.4808906,342,64375.04
E-NL,121.8272743,24.4817434,343,64474.64
E-NL,121.8285237,24.4847548,344,64832.56
E-NL,121.8286380,24.4850867,345,64871.24
E-NL,121.8293605,24.4870225,346,65098.57
E-NL,121.8298695,24.4884962,347,65270.34
E-NL,121.8302571,24.4895473,348,65393.62
E-NL,121.8310962,24.4921082,349,65690.77
E-NL,121.8315405,24.4941840,350,65925.92
E-NL,121.8318767,24.4956718,351,66094.82
E-NL,121.8325318,24.4981958,352,66383.21
E-NL,121.8327211,24.4990240,353,66477.26
E-NL,121.8331269,24.5005609,354,66653.02
E-NL,121.8334896,24.5028729,355,66912.71
E-NL,121.8336458,24.5035757,356,66992.44
E-NL,121.8338286,24.5054994,357,67207.14
E-NL,121.8338042,24.5090584,358,67602.89
E-NL,121.8337394,24.5104628,359,67759.20
E-NL,121.8336217,24.5110576,360,67826.40
E-NL,121.8334747,24.5118005,361,67910.33
E-NL,121.8333280,24.5122610,362,67963.64
E-NL,121.8330978,24.5129669,363,68045.52
E-NL,121.8328184,24.5136245,364,68123.92
E-NL,121.8323592,24.5145153,365,68233.32
E-NL,121.8315875,24.5159564,366,68411.57
E-NL,121.8304769,24.5181692,367,68682.06
E-NL,121.8302623,24.5186608,368,68740.88
E-NL,121.8300920,24.5192047,369,68803.77
E-NL,121.8300066,24.5197164,370,68861.32
E-NL,121.8299941,24.5202038,371,68915.53
E-NL,121.8300531,24.5208991,372,68993.07
E-NL,121.8301094,24.5218562,373,69099.65
E-NL,121.8302010,24.5230883,374,69236.96
E-NL,121.8302099,24.5236328,375,69297.53
E-NL,121.8302596,24.5248413,376,69431.99
E-NL,121.8302908,24.5253238,377,69485.74
E-NL,121.8303754,24.5257818,378,69537.38
E-NL,121.8304917,24.5262607,379,69591.92
E-NL,121.8312038,24.5285622,380,69857.78
E-NL,121.8324198,24.5323846,381,70300.25
E-NL,121.8338145,24.5369337,382,70825.39
E-NL,121.8350786,24.5407561,383,71269.24
E-NL,121.8360149,24.5436300,384,71602.54
E-NL,121.8376609,24.5486746,385,72187.67
E-NL,121.8385732,24.5512542,386,72488.98
E-NL,121.8395080,24.5536447,387,72771.10
E-NL,121.8402346,24.5560867,388,73052.41
E-NL,121.8414299,24.5598638,389,73489.45
E-NL,121.8426775,24.5636442,390,73928.34
E-NL,121.8430195,24.5649919,391,74082.14
E-NL,121.8431942,24.5656445,392,74156.82
E-NL,121.8434655,24.5663074,393,74235.47
E-NL,121.8439699,24.5673442,394,74361.54
E-NL,121.8445112,24.5683976,395,74490.84
E-NL,121.8447559,24.5688621,396,74548.11
E-NL,121.8450478,24.5695532,397,74630.43
E-NL,121.8452419,24.5702508,398,74710.44
E-NL,121.8453185,24.5709670,399,74790.46
E-NL,121.8453616,24.5715460,400,74854.99
E-NL,121.8454202,24.5725012,401,74961.36
E-NL,121.8455706,24.5744710,402,75180.93
E-NL,121.8457894,24.5769123,403,75453.28
E-NL,121.8457552,24.5776470,404,75535.05
E-NL,121.8455771,24.5792024,405,75708.94
E-NL,121.8453094,24.5803129,406,75835.36
E-NL,121.8448936,24.5816111,407,75985.71
E-NL,121.8444955,24.5826226,408,76105.17
E-NL,121.8441926,24.5832275,409,76179.07
E-NL,121.8433396,24.5845699,410,76351.48
E-NL,121.8429059,24.5851457,411,76429.07
E-NL,121.8423128,24.5858887,412,76531.17
E-NL,121.8406840,24.5874799,413,76772.89
E-NL,121.8384538,24.5895467,414,77094.86
E-NL,121.8360026,24.5918057,415,77447.73
E-NL,121.8349277,24.5928054,416,77603.19
E-NL,121.8339982,24.5936705,417,77737.68
E-NL,121.8335411,24.5940791,418,77802.49
E-NL,121.8330781,24.5945358,419,77871.56
E-NL,121.8326575,24.5950227,420,77940.40
E-NL,121.8324247,24.5954338,421,77991.82
E-NL,121.8322042,24.5959285,422,78051.17
E-NL,121.8320989,24.5963557,423,78099.85
E-NL,121.8320533,24.5967303,424,78141.76
E-NL,121.8320678,24.5972311,425,78197.47
E-NL,121.8321363,24.5976995,426,78250.01
E-NL,121.8324060,24.5986195,427,78355.87
E-NL,121.8327363,24.5995475,428,78464.33
E-NL,121.8328655,24.6003201,429,78551.23
E-NL,121.8329029,24.6010335,430,78630.65
E-NL,121.8328703,24.6015383,431,78686.88
E-NL,121.8327532,24.6021003,432,78750.48
E-NL,121.8325398,24.6026856,433,78819.04
E-NL,121.8321452,24.6034921,434,78917.20
E-NL,121.8315811,24.6043046,435,79024.04
E-NL,121.8308942,24.6050761,436,79134.41
E-NL,121.8306222,24.6054821,437,79187.28
E-NL,121.8302499,24.6060127,438,79257.25
E-NL,121.8298260,24.6065651,439,79332.15
E-TT,121.1583527,22.7518111,1,0.00
E-TT,121.1570147,22.7504266,2,206.22
E-TT,121.1565188,22.7500164,3,274.53
E-TT,121.1559802,22.7497615,4,336.61
E-TT,121.1552167,22.7494905,5,420.51
E-TT,121.1530844,22.7491102,6,643.21
E-TT,121.1522891,22.7490099,7,725.52
E-TT,121.1514903,22.7490370,8,807.49
E-TT,121.1511135,22.7490523,9,846.17
E-TT,121.1507400,22.7491005,10,884.84
E-TT,121.1504664,22.7492142,11,915.62
E-TT,121.1500850,22.7494745,12,964.27
E-TT,121.1490241,22.7503348,13,1109.13
E-TT,121.1471095,22.7518694,14,1369.26
E-TT,121.1462890,22.7525272,15,1480.74
E-TT,121.1455618,22.7531282,16,1580.88
E-TT,121.1450214,22.7536634,17,1662.19
E-TT,121.1438687,22.7557840,18,1925.96
E-TT,121.1433047,22.7566308,19,2036.46
E-TT,121.1427353,22.7572078,20,2123.21
E-TT,121.1402162,22.7586845,21,2429.29
E-TT,121.1375791,22.7602409,22,2750.33
E-TT,121.1337038,22.7625501,23,3223.43
E-TT,121.1291696,22.7652330,24,3775.82
E-TT,121.1290253,22.7653167,25,3793.30
E-TT,121.1286623,22.7655399,26,3838.04
E-TT,121.1264579,22.7668225,27,4105.29
E-TT,121.1247982,22.7678277,28,4308.89
E-TT,121.1205089,22.7704147,29,4834.39
E-TT,121.1194843,22.7710090,30,4958.50
E-TT,121.1188277,22.7714394,31,5041.10
E-TT,121.1182667,22.7719296,32,5120.34
E-TT,121.1182032,22.7720030,33,5130.78
E-TT,121.1159859,22.7755069,34,5581.87
E-TT,121.1153025,22.7765623,35,5718.55
E-TT,121.1151367,22.7768408,36,5753.88
E-TT,121.1150222,22.7770512,37,5780.05
E-TT,121.1148615,22.7773799,38,5820.14
E-TT,121.1147682,22.7778408,39,5872.28
E-TT,121.1147916,22.7785448,40,5950.59
E-TT,121.1149789,22.7792017,41,6026.12
E-TT,121.1152499,22.7797093,42,6089.03
E-TT,121.1161462,22.7807242,43,6234.56
E-TT,121.1189896,22.7835117,44,6660.06
E-TT,121.1202724,22.7849033,45,6863.13
E-TT,121.1209304,22.7858920,46,6992.11
E-TT,121.1213854,22.7868719,47,7110.63
E-TT,121.1216732,22.7880610,48,7246.12
E-TT,121.1217965,22.7890645,49,7358.41
E-TT,121.1218744,22.7897335,50,7433.23
E-TT,121.1220106,22.7908266,51,7555.57
E-TT,121.1221209,22.7916090,52,7643.31
E-TT,121.1221922,22.7921466,53,7703.53
E-TT,121.1222766,22.7928753,54,7785.02
E-TT,121.1223480,22.7934428,55,7848.54
E-TT,121.1223998,22.7937832,56,7886.76
E-TT,121.1226786,22.7957722,57,8109.77
E-TT,121.1231202,22.7995651,58,8533.94
E-TT,121.1236261,22.8033341,59,8956.23
E-TT,121.1237379,22.8045368,60,9090.45
E-TT,121.1236796,22.8054606,61,9193.36
E-TT,121.1234117,22.8070606,62,9373.37
E-TT,121.1227601,22.8104111,63,9751.87
E-TT,121.1221612,22.8131683,64,10064.54
E-TT,121.1217699,22.8148829,65,10259.37
E-TT,121.1203121,22.8209376,66,10949.00
E-TT,121.1202172,22.8218954,67,11055.95
E-TT,121.1203363,22.8224640,68,11120.34
E-TT,121.1204397,22.8228511,69,11164.66
E-TT,121.1206775,22.8235362,70,11244.65
E-TT,121.1212563,22.8251414,71,11432.74
E-TT,121.1226314,22.8293649,72,11923.06
E-TT,121.1247510,22.8358052,73,12671.41
E-TT,121.1251663,22.8370290,74,12813.99
E-TT,121.1261100,22.8400031,75,13158.55
E-TT,121.1273319,22.8436277,76,13580.59
E-TT,121.1283099,22.8463439,77,13898.80
E-TT,121.1291791,22.8489206,78,14198.85
E-TT,121.1297116,22.8508181,79,14416.78
E-TT,121.1301455,22.8521828,80,14574.90
E-TT,121.1306108,22.8535026,81,14729.21
E-TT,121.1311603,22.8552023,82,14926.42
E-TT,121.1313437,22.8557232,83,14987.31
E-TT,121.1317486,22.8565827,84,15091.50
E-TT,121.1324355,22.8575071,85,15216.08
E-TT,121.1331937,22.8582800,86,15331.93
E-TT,121.1343729,22.8591952,87,15489.89
E-TT,121.1356268,22.8600925,88,15652.57
E-TT,121.1365812,22.8608040,89,15778.35
E-TT,121.1368835,22.8610346,90,15818.57
E-TT,121.1371023,22.8612015,91,15847.66
E-TT,121.1379022,22.8617942,92,15952.83
E-TT,121.1385507,22.8622364,93,16035.49
E-TT,121.1403919,22.8635772,94,16275.95
E-TT,121.1415615,22.8644600,95,16430.85
E-TT,121.1422325,22.8649851,96,16521.05
E-TT,121.1432495,22.8660403,97,16677.97
E-TT,121.1439105,22.8669668,98,16801.26
E-TT,121.1443187,22.8676641,99,16889.36
E-TT,121.1447785,22.8684905,100,16992.62
E-TT,121.1452383,22.8692833,101,17092.58
E-TT,121.1459411,22.8706399,102,17259.72
E-TT,121.1463135,22.8716335,103,17376.61
E-TT,121.1466445,22.8726878,104,17498.65
E-TT,121.1469692,22.8736343,105,17609.03
E-TT,121.1471869,22.8744538,106,17702.84
E-TT,121.1472354,22.8752694,107,17793.67
E-TT,121.1471690,22.8759194,108,17866.26
E-TT,121.1470458,22.8763735,109,17918.31
E-TT,121.1466856,22.8771814,110,18015.43
E-TT,121.1463561,22.8777026,111,18082.50
E-TT,121.1454807,22.8789555,112,18248.18
E-TT,121.1444096,22.8805335,113,18455.13
E-TT,121.1437917,22.8814707,114,18577.07
E-TT,121.1432947,22.8824616,115,18698.45
E-TT,121.1429995,22.8834164,116,18808.84
E-TT,121.1428557,22.8839709,117,18872.23
E-TT,121.1423782,22.8861170,118,19115.83
E-TT,121.1418241,22.8888940,119,19429.79
E-TT,121.1413161,22.8914559,120,19719.37
E-TT,121.1409173,22.8930229,121,19898.34
E-TT,121.1403780,22.8944522,122,20066.60
E-TT,121.1387468,22.8979421,123,20489.11
E-TT,121.1383916,22.8990002,124,20612.26
E-TT,121.1382357,22.8998438,125,20707.41
E-TT,121.1380057,22.9025122,126,21005.06
E-TT,121.1378321,22.9043283,127,21207.78
E-TT,121.1374396,22.9089785,128,21726.41
E-TT,121.1374092,22.9095376,129,21788.67
E-TT,121.1373685,22.9100537,130,21846.21
E-TT,121.1373328,22.9105317,131,21899.48
E-TT,121.1373017,22.9107379,132,21922.63
E-TT,121.1371989,22.9119315,133,22055.77
E-TT,121.1371750,22.9124775,134,22116.53
E-TT,121.1371737,22.9125069,135,22119.81
E-TT,121.1370937,22.9138197,136,22266.01
E-TT,121.1372079,22.9145508,137,22348.14
E-TT,121.1374665,22.9152291,138,22428.08
E-TT,121.1377767,22.9158597,139,22505.06
E-TT,121.1382639,22.9168196,140,22622.88
E-TT,121.1392499,22.9187065,141,22855.74
E-TT,121.1397924,22.9195280,142,22962.66
E-TT,121.1404278,22.9203160,143,23071.79
E-TT,121.1412541,22.9211850,144,23200.24
E-TT,121.1440325,22.9239016,145,23615.23
E-TT,121.1447413,22.9246951,146,23729.49
E-TT,121.1452934,22.9253876,147,23825.03
E-TT,121.1457945,22.9260228,148,23912.32
E-TT,121.1477474,22.9284916,149,24251.97
E-TT,121.1485533,22.9295040,150,24391.56
E-TT,121.1499483,22.9312421,151,24631.89
E-TT,121.1509376,22.9325055,152,24805.10
E-TT,121.1521699,22.9340404,153,25017.36
E-TT,121.1532859,22.9354156,154,25208.26
E-TT,121.1564274,22.9393598,155,25752.18
E-TT,121.1570948,22.9403269,156,25879.59
E-TT,121.1574664,22.9409567,157,25959.29
E-TT,121.1577637,22.9415538,158,26032.33
E-TT,121.1581060,22.9424286,159,26135.72
E-TT,121.1582975,22.9430066,160,26202.92
E-TT,121.1584336,22.9435632,161,26266.36
E-TT,121.1585674,22.9442990,162,26349.32
E-TT,121.1586585,22.9450217,163,26430.22
E-TT,121.1586851,22.9457445,164,26510.63
E-TT,121.1586959,22.9494779,165,26925.77
E-TT,121.1586911,22.9508936,166,27083.19
E-TT,121.1587370,22.9514790,167,27148.45
E-TT,121.1587762,22.9519508,168,27201.07
E-TT,121.1588413,22.9524466,169,27256.60
E-TT,121.1589064,22.9529602,170,27314.10
E-TT,121.1589935,22.9538084,171,27408.83
E-TT,121.1591700,22.9554403,172,27591.20
E-TT,121.1592321,22.9559335,173,27646.40
E-TT,121.1592517,22.9561306,174,27668.41
E-TT,121.1593103,22.9566001,175,27720.95
E-TT,121.1594042,22.9575175,176,27823.42
E-TT,121.1596934,22.9598934,177,28089.27
E-TT,121.1599394,22.9617067,178,28292.46
E-TT,121.1600100,22.9624952,179,28380.43
E-TT,121.1600340,22.9631869,180,28457.38
E-TT,121.1600188,22.9636805,181,28512.30
E-TT,121.1600022,22.9642044,182,28570.58
E-TT,121.1599241,22.9648102,183,28638.41
E-TT,121.1597313,22.9657785,184,28747.87
E-TT,121.1595311,22.9666675,185,28848.83
E-TT,121.1592192,22.9680585,186,29006.76
E-TT,121.1582220,22.9726292,187,29525.15
E-TT,121.1577561,22.9748573,188,29777.46
E-TT,121.1570082,22.9779490,189,30129.66
E-TT,121.1565786,22.9790854,190,30263.45
E-TT,121.1560836,22.9801182,191,30388.98
E-TT,121.1555655,22.9811989,192,30520.34
E-TT,121.1542763,22.9838866,193,30847.04
E-TT,121.1533442,22.9857374,194,31073.88
E-TT,121.1528121,22.9869567,195,31220.00
E-TT,121.1525026,22.9877775,196,31316.60
E-TT,121.1522519,22.9885340,197,31404.55
E-TT,121.1517004,22.9908345,198,31666.51
E-TT,121.1515746,22.9921617,199,31814.65
E-TT,121.1515060,22.9931654,200,31926.47
E-TT,121.1515036,22.9945058,201,32075.52
E-TT,121.1515352,22.9950649,202,32137.77
E-TT,121.1515550,22.9953874,203,32173.69
E-TT,121.1516419,22.9964463,204,32291.77
E-TT,121.1517391,22.9973442,205,32392.10
E-TT,121.1517902,22.9980502,206,32470.78
E-TT,121.1517792,22.9985663,207,32528.18
E-TT,121.1516872,22.9994194,208,32623.51
E-TT,121.1513613,23.0022655,209,32941.73
E-TT,121.1510436,23.0055488,210,33308.26
E-TT,121.1506037,23.0092613,211,33723.53
E-TT,121.1503207,23.0117377,212,34000.41
E-TT,121.1502318,23.0123380,213,34067.78
E-TT,121.1502237,23.0126759,214,34105.36
E-TT,121.1502481,23.0129716,215,34138.33
E-TT,121.1502646,23.0132907,216,34173.85
E-TT,121.1503265,23.0136104,217,34209.96
E-TT,121.1508291,23.0150469,218,34377.77
E-TT,121.1513054,23.0162791,219,34523.20
E-TT,121.1513536,23.0164144,220,34539.03
E-TT,121.1516063,23.0171238,221,34622.05
E-TT,121.1520219,23.0183193,222,34761.62
E-TT,121.1521388,23.0188769,223,34824.76
E-TT,121.1522694,23.0199555,224,34945.44
E-TT,121.1523824,23.0212952,225,35094.86
E-TT,121.1524247,23.0217618,226,35146.92
E-TT,121.1525257,23.0221236,227,35188.46
E-TT,121.1527006,23.0226324,228,35247.80
E-TT,121.1529597,23.0231649,229,35312.68
E-TT,121.1533301,23.0236748,230,35380.87
E-TT,121.1538369,23.0242298,231,35461.49
E-TT,121.1544782,23.0247408,232,35548.30
E-TT,121.1555899,23.0255073,233,35690.45
E-TT,121.1588750,23.0278806,234,36117.84
E-TT,121.1609097,23.0293516,235,36382.62
E-TT,121.1613244,23.0296665,236,36437.64
E-TT,121.1616618,23.0300353,237,36491.25
E-TT,121.1619371,23.0303648,238,36537.46
E-TT,121.1621855,23.0308090,239,36593.01
E-TT,121.1623952,23.0313571,240,36657.63
E-TT,121.1626597,23.0323281,241,36768.94
E-TT,121.1630452,23.0340983,242,36969.68
E-TT,121.1632866,23.0351804,243,37092.52
E-TT,121.1633415,23.0357645,244,37157.72
E-TT,121.1633305,23.0362412,245,37210.74
E-TT,121.1632691,23.0367395,246,37266.49
E-TT,121.1630133,23.0378905,247,37397.14
E-TT,121.1629717,23.0380886,248,37419.56
E-TT,121.1629152,23.0384107,249,37455.85
E-TT,121.1628079,23.0390219,250,37524.69
E-TT,121.1627845,23.0395069,251,37578.67
E-TT,121.1628216,23.0399886,252,37632.37
E-TT,121.1628784,23.0403278,253,37670.54
E-TT,121.1630188,23.0408955,254,37735.28
E-TT,121.1636056,23.0427711,255,37952.30
E-TT,121.1640059,23.0439498,256,38089.62
E-TT,121.1645268,23.0455513,257,38275.51
E-TT,121.1649859,23.0469008,258,38432.74
E-TT,121.1656113,23.0488045,259,38653.88
E-TT,121.1669837,23.0530824,260,39149.86
E-TT,121.1678041,23.0556657,261,39449.11
E-TT,121.1683484,23.0573281,262,39642.17
E-TT,121.1687799,23.0586143,263,39791.85
E-TT,121.1692465,23.0600582,264,39959.35
E-TT,121.1696158,23.0611903,265,40090.79
E-TT,121.1699814,23.0623655,266,40226.71
E-TT,121.1703935,23.0636231,267,40372.76
E-TT,121.1710658,23.0657437,268,40618.39
E-TT,121.1715446,23.0671951,269,40787.05
E-TT,121.1722594,23.0690097,270,41001.67
E-TT,121.1732972,23.0716947,271,41318.55
E-TT,121.1741095,23.0737977,272,41566.71
E-TT,121.1743194,23.0743637,273,41633.21
E-TT,121.1750637,23.0763148,274,41863.13
E-TT,121.1754783,23.0774001,275,41991.05
E-TT,121.1758908,23.0784981,276,42120.23
E-TT,121.1760642,23.0789638,277,42174.97
E-TT,121.1761387,23.0791971,278,42202.00
E-TT,121.1762057,23.0794978,279,42236.13
E-TT,121.1763298,23.0801548,280,42310.29
E-TT,121.1764147,23.0808865,281,42392.11
E-TT,121.1765009,23.0816277,282,42475.00
E-TT,121.1765596,23.0821366,283,42531.90
E-TT,121.1766028,23.0825487,284,42577.94
E-TT,121.1766460,23.0829644,285,42624.37
E-TT,121.1766773,23.0832331,286,42654.43
E-TT,121.1767949,23.0842975,287,42773.38
E-TT,121.1770079,23.0861717,288,42982.93
E-TT,121.1774220,23.0884705,289,43242.02
E-TT,121.1776069,23.0895989,290,43368.92
E-TT,121.1777812,23.0905641,291,43477.71
E-TT,121.1778854,23.0912665,292,43556.53
E-TT,121.1779432,23.0920405,293,43642.81
E-TT,121.1779389,23.0926857,294,43714.55
E-TT,121.1779016,23.0939517,295,43855.37
E-TT,121.1777020,23.0971206,296,44208.33
E-TT,121.1775390,23.0989223,297,44409.37
E-TT,121.1774735,23.1001696,298,44548.22
E-TT,121.1774114,23.1012648,299,44670.17
E-TT,121.1773732,23.1019174,300,44742.83
E-TT,121.1773269,23.1025592,301,44814.35
E-TT,121.1773068,23.1030514,302,44869.13
E-TT,121.1772769,23.1038686,303,44960.04
E-TT,121.1772367,23.1047192,304,45054.72
E-TT,121.1772428,23.1054074,305,45131.24
E-TT,121.1773524,23.1062435,306,45224.89
E-TT,121.1774511,23.1067165,307,45278.44
E-TT,121.1776016,23.1072324,308,45337.84
E-TT,121.1778557,23.1079250,309,45419.12
E-TT,121.1781302,23.1085030,310,45489.25
E-TT,121.1784461,23.1090330,311,45556.46
E-TT,121.1787877,23.1095153,312,45620.46
E-TT,121.1792172,23.1100596,313,45695.25
E-TT,121.1796776,23.1105178,314,45764.63
E-TT,121.1803279,23.1110817,315,45856.03
E-TT,121.1808074,23.1114420,316,45919.35
E-TT,121.1813222,23.1117918,317,45984.81
E-TT,121.1853779,23.1146340,318,46506.27
E-TT,121.1902322,23.1179363,319,47123.75
E-TT,121.1910647,23.1184084,320,47223.77
E-TT,121.1918815,23.1187515,321,47315.60
E-TT,121.1948900,23.1198182,322,47645.33
E-TT,121.1967457,23.1204753,323,47848.69
E-TT,121.1979397,23.1208466,324,47977.58
E-TT,121.1989476,23.1210938,325,48084.25
E-TT,121.2000587,23.1213074,326,48200.34
E-TT,121.2013403,23.1214826,327,48332.83
E-TT,121.2027354,23.1216003,328,48476.11
E-TT,121.2093975,23.1219059,329,49158.23
E-TT,121.2112609,23.1219720,330,49348.93
E-TT,121.2122275,23.1220407,331,49448.07
E-TT,121.2130093,23.1221955,332,49529.86
E-TT,121.2137572,23.1224459,333,49611.25
E-TT,121.2144087,23.1228034,334,49688.83
E-TT,121.2150260,23.1232395,335,49768.43
E-TT,121.2154660,23.1235356,336,49824.19
E-TT,121.2162991,23.1241294,337,49931.98
E-TT,121.2186832,23.1257739,338,50236.72
E-TT,121.2193268,23.1262092,339,50318.42
E-TT,121.2193407,23.1262186,340,50320.19
E-TT,121.2215443,23.1277610,341,50603.37
E-TT,121.2272974,23.1317471,342,51339.95
E-TT,121.2304669,23.1339540,343,51746.47
E-TT,121.2321880,23.1351496,344,51967.02
E-TT,121.2325474,23.1354400,345,52015.94
E-TT,121.2329472,23.1358014,346,52073.27
E-TT,121.2332849,23.1361521,347,52125.36
E-TT,121.2335568,23.1364815,348,52171.33
E-TT,121.2338662,23.1369075,349,52228.30
E-TT,121.2341190,23.1373142,350,52280.40
E-TT,121.2346672,23.1384427,351,52417.82
E-TT,121.2354763,23.1401642,352,52626.36
E-TT,121.2357486,23.1407181,353,52693.95
E-TT,121.2358978,23.1410659,354,52735.53
E-TT,121.2360282,23.1414517,355,52780.45
E-TT,121.2361958,23.1421217,356,52856.89
E-TT,121.2371119,23.1458857,357,53285.78
E-TT,121.2376844,23.1482353,358,53553.53
E-TT,121.2383346,23.1506296,359,53827.94
E-TT,121.2386737,23.1520520,360,53989.86
E-TT,121.2387903,23.1529103,361,54086.03
E-TT,121.2388806,23.1536068,362,54164.03
E-TT,121.2389039,23.1547533,363,54291.54
E-TT,121.2386661,23.1568754,364,54528.76
E-TT,121.2384256,23.1582281,365,54681.17
E-TT,121.2383853,23.1587969,366,54744.54
E-TT,121.2383810,23.1593369,367,54804.59
E-TT,121.2384184,23.1599867,368,54876.95
E-TT,121.2384918,23.1606030,369,54945.89
E-TT,121.2386533,23.1613339,370,55028.82
E-TT,121.2389080,23.1621268,371,55120.75
E-TT,121.2391944,23.1628162,372,55202.81
E-TT,121.2396123,23.1636825,373,55308.18
E-TT,121.2418278,23.1675865,374,55797.82
E-TT,121.2441591,23.1715929,375,56303.06
E-TT,121.2450740,23.1732615,376,56510.84
E-TT,121.2452702,23.1735821,377,56551.74
E-TT,121.2458073,23.1744892,378,56666.58
E-TT,121.2462480,23.1752531,379,56762.73
E-TT,121.2466213,23.1759072,380,56844.86
E-TT,121.2469791,23.1765183,381,56922.03
E-TT,121.2478988,23.1780817,382,57119.66
E-TT,121.2485211,23.1792007,383,57259.41
E-TT,121.2486475,23.1794364,384,57288.63
E-TT,121.2497333,23.1813581,385,57529.42
E-TT,121.2503005,23.1823458,386,57653.61
E-TT,121.2505630,23.1827754,387,57708.40
E-TT,121.2508577,23.1831901,388,57763.48
E-TT,121.2512172,23.1836346,389,57825.06
E-TT,121.2519350,23.1843474,390,57933.08
E-TT,121.2553943,23.1873054,391,58415.99
E-TT,121.2581623,23.1896881,392,58803.61
E-TT,121.2595137,23.1908471,393,58992.52
E-TT,121.2599545,23.1912528,394,59056.27
E-TT,121.2605388,23.1916769,395,59132.37
E-TT,121.2611789,23.1921463,396,59216.06
E-TT,121.2619314,23.1927140,397,59315.56
E-TT,121.2623455,23.1930048,398,59368.82
E-TT,121.2632915,23.1936507,399,59489.26
E-TT,121.2639116,23.1941130,400,59570.87
E-TT,121.2652127,23.1950881,401,59742.45
E-TT,121.2660306,23.1956697,402,59848.15
E-TT,121.2670660,23.1964468,403,59984.77
E-TT,121.2674855,23.1968093,404,60043.61
E-TT,121.2678016,23.1971719,405,60095.28
E-TT,121.2681075,23.1976254,406,60154.61
E-TT,121.2685536,23.1984274,407,60254.78
E-TT,121.2690806,23.1997494,408,60411.33
E-TT,121.2694680,23.2006814,409,60522.26
E-TT,121.2708718,23.2040179,410,60920.04
E-TT,121.2713114,23.2050728,411,61045.65
E-TT,121.2718467,23.2064519,412,61208.46
E-TT,121.2743841,23.2126171,413,61941.41
E-TT,121.2754369,23.2152559,414,62253.94
E-TT,121.2757521,23.2161095,415,62354.17
E-TT,121.2759729,23.2170330,416,62459.31
E-TT,121.2760653,23.2175515,417,62517.73
E-TT,121.2761602,23.2181368,418,62583.52
E-TT,121.2763357,23.2191335,419,62695.80
E-TT,121.2764808,23.2200297,420,62796.55
E-TT,121.2765853,23.2205373,421,62853.99
E-TT,121.2766798,23.2209433,422,62900.16
E-TT,121.2769429,23.2218527,423,63004.79
E-TT,121.2771402,23.2224511,424,63074.32
E-TT,121.2775578,23.2240531,425,63257.49
E-TT,121.2778008,23.2248525,426,63349.78
E-TT,121.2781017,23.2255787,427,63436.20
E-TT,121.2783284,23.2261026,428,63498.88
E-TT,121.2784453,23.2264058,429,63534.65
E-TT,121.2785467,23.2266469,430,63563.39
E-TT,121.2786662,23.2269239,431,63596.52
E-TT,121.2788350,23.2273178,432,63643.60
E-TT,121.2790537,23.2278704,433,63708.98
E-TT,121.2793565,23.2286671,434,63802.82
E-TT,121.2793939,23.2287839,435,63816.35
E-TT,121.2794440,23.2289802,436,63838.77
E-TT,121.2795637,23.2296320,437,63912.28
E-TT,121.2798513,23.2311160,438,64079.89
E-TT,121.2801008,23.2324087,439,64225.87
E-TT,121.2802805,23.2333703,440,64334.36
E-TT,121.2803909,23.2339289,441,64397.49
E-TT,121.2806049,23.2348663,442,64504.00
E-TT,121.2809284,23.2362396,443,64660.24
E-TT,121.2811011,23.2371671,444,64764.87
E-TT,121.2812851,23.2382305,445,64884.60
E-TT,121.2814567,23.2391058,446,64983.50
E-TT,121.2815376,23.2394760,447,65025.48
E-TT,121.2816632,23.2399221,448,65076.71
E-TT,121.2817843,23.2403003,449,65120.55
E-TT,121.2819571,23.2406890,450,65167.25
E-TT,121.2821152,23.2409924,451,65204.65
E-TT,121.2825451,23.2416146,452,65286.59
E-TT,121.2829826,23.2421513,453,65361.16
E-TT,121.2834524,23.2425608,454,65427.33
E-TT,121.2837837,23.2427905,455,65469.73
E-TT,121.2857126,23.2440115,456,65709.04
E-TT,121.2864469,23.2444867,457,65800.81
E-TT,121.2877162,23.2453001,458,65958.91
E-TT,121.2898710,23.2466484,459,66225.26
E-TT,121.2913534,23.2476282,460,66411.84
E-TT,121.2916837,23.2478904,461,66456.43
E-TT,121.2919719,23.2481677,462,66499.06
E-TT,121.2922701,23.2485315,463,66549.70
E-TT,121.2927564,23.2491966,464,66638.80
E-TT,121.2932231,23.2500696,465,66746.95
E-TT,121.2937466,23.2512077,466,66884.34
E-TT,121.2957631,23.2554121,467,67395.22
E-TT,121.2977503,23.2594820,468,67891.23
E-TT,121.2997834,23.2637699,469,68411.29
E-TT,121.3008784,23.2660161,470,68684.97
E-TT,121.3016787,23.2676823,471,68887.47
E-TT,121.3023178,23.2689904,472,69046.91
E-TT,121.3026296,23.2696349,473,69125.33
E-TT,121.3032698,23.2709203,474,69282.51
E-TT,121.3039480,23.2723382,475,69454.73
E-TT,121.3045365,23.2735055,476,69597.76
E-TT,121.3049292,23.2743476,477,69699.63
E-TT,121.3053902,23.2753531,478,69820.95
E-TT,121.3068170,23.2783847,479,70188.20
E-TT,121.3070202,23.2790007,480,70259.78
E-TT,121.3072236,23.2797243,481,70342.87
E-TT,121.3075291,23.2810067,482,70488.85
E-TT,121.3082826,23.2847612,483,70913.36
E-TT,121.3085731,23.2862085,484,71077.01
E-TT,121.3087064,23.2868175,485,71146.08
E-TT,121.3090675,23.2886446,486,71352.57
E-TT,121.3093971,23.2902567,487,71534.96
E-TT,121.3096404,23.2914461,488,71669.53
E-TT,121.3098524,23.2925065,489,71789.41
E-TT,121.3102606,23.2945342,490,72018.70
E-TT,121.3105116,23.2956949,491,72150.28
E-TT,121.3106843,23.2965404,492,72245.94
E-TT,121.3108179,23.2972712,493,72328.34
E-TT,121.3109986,23.2982027,494,72433.54
E-TT,121.3112183,23.2992702,495,72554.36
E-TT,121.3114538,23.3004310,496,72685.64
E-TT,121.3116736,23.3014985,497,72806.45
E-TT,121.3118935,23.3026163,498,72932.75
E-TT,121.3120820,23.3035692,499,73040.45
E-TT,121.3122392,23.3044362,500,73138.18
E-TT,121.3123036,23.3054181,501,73247.56
E-TT,121.3122904,23.3064359,502,73360.75
E-TT,121.3121923,23.3076045,503,73491.07
E-TT,121.3120248,23.3090025,504,73647.47
E-TT,121.3119032,23.3100851,505,73768.48
E-TT,121.3117427,23.3111821,506,73891.56
E-TT,121.3116135,23.3123364,507,74020.58
E-TT,121.3115529,23.3129673,508,74091.01
E-TT,121.3114235,23.3140499,509,74212.11
E-TT,121.3113091,23.3149389,510,74311.65
E-TT,121.3112181,23.3158566,511,74414.11
E-TT,121.3111040,23.3168603,512,74526.33
E-TT,121.3109824,23.3179285,513,74645.76
E-TT,121.3108226,23.3193051,514,74799.69
E-TT,121.3104723,23.3222087,515,75124.54
E-TT,121.3104747,23.3232480,516,75240.11
E-TT,121.3105788,23.3246240,517,75393.48
E-TT,121.3107920,23.3261862,518,75568.54
E-TT,121.3110575,23.3281993,519,75794.03
E-TT,121.3111145,23.3286623,520,75845.83
E-TT,121.3113536,23.3301584,521,76013.98
E-TT,121.3114455,23.3307078,522,76075.78
E-TT,121.3115963,23.3316035,523,76176.56
E-TT,121.3117607,23.3327619,524,76306.46
E-TT,121.3118990,23.3338129,525,76424.18
E-TT,121.3121615,23.3359987,526,76668.70
E-TT,121.3123302,23.3371936,527,76802.68
E-TT,121.3125828,23.3381083,528,76907.61
E-TT,121.3127429,23.3385453,529,76958.87
E-TT,121.3130318,23.3392686,530,77044.54
E-TT,121.3133985,23.3400599,531,77140.17
E-TT,121.3147172,23.3429387,532,77487.43
E-TT,121.3152322,23.3440702,533,77623.79
E-TT,121.3156015,23.3449281,534,77726.37
E-TT,121.3163560,23.3465982,535,77927.41
E-TT,121.3173269,23.3487299,536,78184.34
E-TT,121.3176982,23.3495450,537,78282.58
E-TT,121.3179866,23.3500354,538,78344.55
E-TT,121.3183526,23.3504826,539,78406.75
E-TT,121.3188742,23.3511267,540,78495.99
E-TT,121.3192740,23.3516224,541,78564.59
E-TT,121.3204120,23.3530158,542,78758.24
E-TT,121.3208675,23.3535847,543,78836.75
E-TT,121.3213233,23.3542934,544,78928.27
E-TT,121.3216665,23.3549557,545,79009.82
E-TT,121.3219672,23.3556898,546,79097.03
E-TT,121.3221632,23.3564707,547,79186.13
E-TT,121.3223325,23.3573433,548,79284.69
E-TT,121.3229729,23.3609276,549,79688.58
E-TT,121.3239297,23.3660101,550,80262.10
E-TT,121.3245236,23.3691188,551,80613.04
E-TT,121.3253470,23.3735228,552,81109.91
E-TT,121.3259239,23.3765942,553,81456.47
E-TT,121.3260077,23.3770050,554,81502.94
E-TT,121.3264485,23.3794363,555,81777.01
E-TT,121.3265690,23.3800286,556,81844.01
E-TT,121.3266634,23.3805254,557,81900.08
E-TT,121.3269988,23.3821923,558,82088.57
E-TT,121.3274824,23.3844147,559,82340.57
E-TT,121.3276820,23.3854453,560,82456.96
E-TT,121.3276366,23.3865473,561,82579.59
E-TT,121.3275260,23.3872155,562,82654.75
E-TT,121.3270906,23.3879741,563,82750.08
E-TT,121.3266107,23.3885724,564,82832.70
E-TT,121.3256610,23.3897547,565,82996.03
E-TT,121.3239788,23.3920089,566,83299.84
E-TT,121.3237625,23.3924872,567,83357.42
E-TT,121.3235571,23.3931709,568,83436.29
E-TT,121.3235069,23.3937874,569,83505.03
E-TT,121.3235444,23.3943273,570,83565.19
E-TT,121.3236698,23.3948145,571,83620.85
E-TT,121.3242559,23.3961759,572,83783.62
E-TT,121.3246118,23.3968386,573,83865.77
E-TT,121.3248477,23.3971437,574,83907.37
E-TT,121.3254785,23.3976969,575,83996.41
E-TT,121.3261287,23.3981774,576,84081.60
E-TT,121.3277241,23.3992787,577,84285.33
E-TT,121.3334712,23.4035146,578,85037.53
E-TT,121.3345345,23.4042817,579,85175.55
E-TT,121.3366616,23.4058861,580,85456.52
E-TT,121.3372953,23.4065363,581,85553.52
E-TT,121.3376739,23.4070435,582,85621.88
E-TT,121.3379707,23.4074607,583,85677.28
E-TT,121.3382275,23.4079022,584,85732.92
E-TT,121.3384813,23.4084601,585,85800.15
E-TT,121.3388328,23.4092448,586,85894.49
E-TT,121.3412993,23.4151365,587,86596.30
E-TT,121.3419596,23.4167024,588,86783.00
E-TT,121.3430141,23.4192337,589,87084.33
E-TT,121.3452838,23.4246618,590,87730.81
E-TT,121.3455066,23.4252311,591,87798.08
E-TT,121.3466516,23.4279200,592,88119.08
E-TT,121.3471011,23.4290193,593,88249.63
E-TT,121.3475467,23.4301042,594,88378.55
E-TT,121.3477701,23.4309029,595,88470.24
E-TT,121.3479706,23.4318127,596,88573.46
E-TT,121.3481710,23.4327154,597,88675.89
E-TT,121.3489219,23.4361399,598,89064.31
E-TT,121.3496530,23.4394282,599,89437.48
E-TT,121.3501128,23.4414986,600,89672.43
E-TT,121.3505096,23.4433726,601,89884.71
E-TT,121.3507041,23.4449898,602,90065.62
E-TT,121.3508476,23.4467724,603,90264.37
E-TT,121.3508494,23.4473739,604,90331.26
E-TT,121.3511882,23.4539056,605,91058.38
E-TT,121.3513297,23.4565910,606,91357.32
E-TT,121.3513628,23.4573794,607,91445.05
E-TT,121.3513861,23.4582687,608,91543.97
E-TT,121.3513351,23.4589570,609,91620.68
E-TT,121.3513655,23.4594483,610,91675.40
E-TT,121.3515048,23.4601926,611,91759.38
E-TT,121.3527817,23.4665099,612,92473.80
E-TT,121.3531672,23.4683009,613,92676.80
E-TT,121.3533966,23.4692372,614,92783.50
E-TT,121.3535982,23.4696976,615,92838.68
E-TT,121.3540268,23.4704493,616,92933.00
E-TT,121.3560057,23.4740574,617,93382.11
E-TT,121.3582382,23.4777261,618,93849.30
E-TT,121.3586308,23.4781899,619,93914.59
E-TT,121.3591746,23.4787228,620,93995.75
E-TT,121.3598614,23.4792443,621,94086.68
E-TT,121.3606615,23.4796802,622,94181.60
E-TT,121.3617456,23.4801994,623,94306.32
E-TT,121.3671369,23.4824517,624,94910.51
E-TT,121.3689224,23.4832036,625,95110.89
E-TT,121.3697486,23.4836867,626,95210.82
E-TT,121.3703559,23.4841082,627,95288.49
E-TT,121.3709011,23.4845298,628,95361.21
E-TT,121.3713764,23.4850017,629,95432.65
E-TT,121.3718129,23.4854809,630,95502.08
E-TT,121.3723329,23.4861290,631,95591.55
E-TT,121.3759188,23.4915861,632,96300.03
E-TT,121.3762398,23.4921287,633,96368.67
E-TT,121.3765195,23.4927519,634,96443.61
E-TT,121.3767233,23.4933678,635,96515.18
E-TT,121.3768261,23.4939983,636,96586.07
E-TT,121.3768280,23.4946577,637,96659.40
E-TT,121.3766375,23.4973831,638,96963.06
E-TT,121.3765902,23.4979562,639,97026.97
E-TT,121.3765337,23.4986652,640,97106.02
E-TT,121.3760194,23.5045787,641,97765.65
E-TT,121.3757298,23.5084623,642,98198.51
E-TT,121.3755881,23.5104567,643,98420.74
E-TT,121.3755597,23.5110832,644,98490.46
E-TT,121.3755725,23.5118568,645,98576.50
E-TT,121.3756471,23.5125977,646,98659.23
E-TT,121.3758906,23.5144368,647,98865.23
E-TT,121.3764776,23.5187122,648,99344.38
E-TT,121.3773440,23.5248543,649,100033.05
E-TT,121.3774655,23.5258204,650,100141.18
E-TT,121.3775124,23.5263788,651,100203.45
E-TT,121.3775379,23.5271164,652,100285.51
E-TT,121.3774779,23.5284194,653,100430.53
E-TT,121.3774311,23.5294358,654,100543.65
E-TT,121.3771845,23.5367907,655,101361.87
E-TT,121.3771015,23.5390358,656,101611.65
E-TT,121.3768885,23.5447775,657,102250.47
E-TT,121.3767691,23.5482227,658,102633.75
E-TT,121.3767801,23.5493816,659,102762.62
E-TT,121.3768342,23.5501938,660,102853.10
E-TT,121.3769533,23.5510596,661,102950.13
E-TT,121.3772045,23.5528090,662,103146.34
E-TT,121.3773961,23.5541047,663,103291.73
E-TT,121.3775416,23.5551317,664,103406.89
E-TT,121.3776538,23.5558661,665,103489.34
E-TT,121.3777796,23.5568035,666,103594.37
E-TT,121.3778933,23.5580277,667,103730.98
E-TT,121.3779353,23.5591147,668,103851.93
E-TT,121.3779440,23.5599210,669,103941.59
E-TT,121.3779544,23.5603881,670,103993.54
E-TT,121.3779515,23.5611779,671,104081.36
E-TT,121.3780019,23.5682163,672,104864.01
E-TT,121.3780296,23.5689433,673,104944.90
E-TT,121.3781030,23.5695492,674,105012.69
E-TT,121.3782762,23.5703193,675,105100.12
E-TT,121.3784576,23.5712148,676,105201.40
E-TT,121.3798897,23.5784147,677,106015.18
E-TT,121.3802448,23.5802093,678,106217.99
E-TT,121.3803197,23.5805639,679,106258.15
E-TT,121.3805406,23.5816707,680,106383.27
E-TT,121.3809153,23.5834975,681,106589.95
E-TT,121.3810535,23.5842283,682,106672.42
E-TT,121.3812184,23.5847726,683,106735.24
E-TT,121.3814301,23.5854058,684,106808.87
E-TT,121.3818273,23.5863014,685,106916.37
E-TT,121.3822122,23.5869025,686,106993.87
E-TT,121.3831131,23.5883176,687,107176.04
E-TT,121.3844933,23.5904305,688,107449.87
E-TT,121.3865795,23.5937152,689,107872.47
E-TT,121.3877569,23.5956385,690,108117.69
E-TT,121.3881388,23.5964558,691,108216.55
E-TT,121.3884996,23.5973888,692,108326.62
E-TT,121.3887321,23.5982214,693,108422.19
E-TT,121.3889257,23.5991464,694,108526.91
E-TT,121.3889775,23.5998058,695,108600.43
E-TT,121.3890672,23.6006667,696,108696.59
E-TT,121.3891021,23.6012395,697,108760.38
E-TT,121.3892035,23.6025649,698,108908.12
E-TT,121.3892851,23.6039013,699,109056.95
E-TT,121.3894084,23.6056080,700,109247.15
E-TT,121.3894149,23.6057093,701,109258.43
E-TT,121.3895338,23.6072611,702,109431.41
E-TT,121.3896329,23.6079203,703,109505.40
E-TT,121.3897709,23.6085615,704,109578.06
E-TT,121.3899241,23.6090879,705,109638.65
E-TT,121.3901357,23.6096213,706,109701.76
E-TT,121.3903432,23.6100939,707,109758.40
E-TT,121.3906641,23.6107525,708,109838.59
E-TT,121.3917567,23.6128617,709,110098.21
E-TT,121.3928363,23.6149185,710,110351.99
E-TT,121.3936708,23.6165362,711,110550.95
E-TT,121.3944897,23.6181062,712,110744.44
E-TT,121.3950322,23.6191752,713,110875.52
E-TT,121.3956682,23.6202773,714,111014.15
E-TT,121.3965331,23.6216130,715,111186.85
E-TT,121.3975277,23.6229819,716,111369.70
E-TT,121.3987194,23.6243406,717,111563.52
E-TT,121.3993907,23.6250843,718,111670.83
E-TT,121.4004266,23.6260945,719,111824.96
E-TT,121.4010140,23.6266327,720,111909.59
E-TT,121.4018767,23.6273813,721,112030.64
E-TT,121.4031555,23.6283764,722,112201.56
E-TT,121.4049648,23.6298386,723,112447.34
E-TT,121.4064362,23.6310341,724,112647.69
E-TT,121.4086042,23.6327486,725,112939.45
E-TT,121.4100133,23.6338726,726,113129.77
E-TT,121.4105958,23.6343966,727,113212.94
E-TT,121.4110693,23.6348971,728,113286.59
E-TT,121.4115482,23.6354454,729,113364.66
E-TT,121.4119232,23.6359262,730,113430.38
E-TT,121.4123995,23.6367056,731,113529.70
E-TT,121.4126951,23.6373441,732,113606.82
E-TT,121.4129774,23.6380266,733,113687.98
E-TT,121.4131870,23.6387333,734,113769.40
E-TT,121.4136644,23.6404426,735,113965.60
E-TT,121.4141838,23.6423334,736,114182.40
E-TT,121.4149549,23.6450646,737,114496.08
E-TT,121.4166127,23.6509804,738,115175.22
E-TT,121.4170901,23.6526754,739,115369.87
E-TT,121.4176304,23.6545710,740,115587.71
E-TT,121.4182284,23.6566814,741,115830.15
E-TT,121.4189842,23.6594459,742,116147.05
E-TT,121.4192622,23.6604104,743,116257.97
E-TT,121.4207522,23.6656529,744,116860.34
E-TT,121.4209465,23.6663739,745,116942.91
E-TT,121.4210672,23.6668036,746,116992.25
E-TT,121.4213399,23.6677108,747,117096.87
E-TT,121.4216916,23.6690143,748,117246.18
E-TT,121.4218298,23.6695308,749,117305.30
E-TT,121.4219024,23.6700363,750,117362.00
E-TT,121.4219665,23.6706190,751,117427.13
E-TT,121.4219474,23.6711112,752,117481.89
E-TT,121.4218761,23.6715463,753,117530.81
E-TT,121.4217737,23.6719527,754,117577.19
E-TT,121.4215013,23.6727466,755,117669.73
E-TT,121.4207471,23.6742172,756,117850.39
E-TT,121.4204547,23.6747994,757,117921.64
E-TT,121.4201196,23.6754692,758,118003.57
E-TT,121.4196532,23.6763848,759,118115.91
E-TT,121.4186918,23.6783831,760,118358.72
E-TT,121.4180524,23.6796367,761,118512.57
E-TT,121.4177792,23.6801917,762,118580.27
E-TT,121.4176400,23.6804644,763,118613.75
E-TT,121.4174678,23.6807659,764,118651.57
E-TT,121.4163281,23.6832542,765,118951.62
E-TT,121.4142146,23.6872000,766,119440.32
E-TT,121.4116310,23.6923193,767,120067.40
E-TT,121.4096091,23.6962742,768,120552.97
E-TT,121.4092817,23.6971199,769,120652.74
E-TT,121.4089890,23.6979501,770,120749.75
E-TT,121.4089648,23.6986689,771,120829.71
E-TT,121.4090580,23.6991629,772,120885.45
E-TT,121.4095824,23.7003683,773,121029.74
E-TT,121.4100105,23.7011986,774,121131.83
E-TT,121.4104900,23.7018568,775,121219.80
E-TT,121.4111787,23.7026529,776,121332.74
E-TT,121.4133046,23.7052510,777,121693.72
E-TT,121.4155707,23.7080247,778,122078.89
E-TT,121.4161187,23.7086945,779,122171.95
E-TT,121.4171926,23.7099950,780,122353.23
E-TT,121.4176980,23.7106108,781,122438.88
E-TT,121.4184719,23.7115472,782,122569.46
E-TT,121.4187376,23.7118714,783,122614.53
E-TT,121.4189669,23.7121575,784,122653.98
E-TT,121.4198630,23.7132540,785,122806.27
E-TT,121.4207799,23.7143649,786,122961.09
E-TT,121.4230087,23.7171273,787,123342.98
E-TT,121.4247871,23.7194189,788,123655.56
E-TT,121.4272516,23.7224224,789,124073.28
E-TT,121.4276425,23.7229278,790,124142.14
E-TT,121.4279083,23.7232472,791,124186.78
E-TT,121.4281998,23.7235900,792,124235.09
E-TT,121.4287675,23.7241384,793,124319.10
E-TT,121.4293556,23.7246384,794,124400.81
E-TT,121.4299840,23.7250785,795,124481.34
E-TT,121.4308276,23.7255995,796,124584.94
E-TT,121.4318374,23.7261825,797,124706.47
E-TT,121.4322749,23.7263868,798,124756.46
E-TT,121.4336046,23.7271530,799,124916.40
E-TT,121.4342025,23.7274738,800,124986.95
E-TT,121.4347358,23.7278665,801,125056.62
E-TT,121.4352173,23.7282952,802,125124.99
E-TT,121.4359356,23.7290953,803,125240.14
E-TT,121.4368400,23.7299027,804,125368.74
E-TT,121.4377218,23.7305094,805,125481.03
E-TT,121.4381974,23.7309148,806,125547.18
E-TT,121.4384082,23.7310862,807,125575.88
E-TT,121.4386503,23.7313221,808,125611.87
E-TT,121.4389628,23.7316365,809,125659.14
E-TT,121.4396897,23.7324946,810,125779.87
E-TT,121.4400493,23.7329308,811,125840.64
E-TT,121.4405425,23.7337321,812,125942.91
E-TT,121.4412614,23.7352776,813,126129.69
E-TT,121.4453933,23.7435940,814,127145.58
E-TT,121.4457776,23.7443153,815,127234.82
E-TT,121.4468220,23.7464141,816,127491.26
E-TT,121.4468317,23.7464338,817,127493.66
E-TT,121.4474846,23.7476861,818,127647.96
E-TT,121.4476614,23.7480379,819,127691.02
E-TT,121.4478299,23.7483807,820,127732.81
E-TT,121.4482122,23.7491650,821,127828.31
E-TT,121.4487441,23.7502469,822,127960.23
E-TT,121.4492496,23.7512202,823,128080.06
E-TT,121.4497200,23.7521398,824,128192.97
E-TT,121.4502022,23.7531024,825,128310.72
E-TT,121.4509001,23.7545410,826,128485.75
E-TT,121.4521126,23.7569128,827,128776.92
E-TT,121.4524396,23.7575100,828,128851.20
E-TT,121.4528488,23.7582991,829,128948.33
E-TT,121.4533381,23.7592428,830,129064.48
E-TT,121.4536712,23.7598582,831,129140.84
E-TT,121.4540122,23.7605202,832,129222.22
E-TT,121.4544553,23.7614040,833,129330.35
E-TT,121.4548203,23.7622523,834,129431.73
E-TT,121.4550572,23.7631977,835,129539.58
E-TT,121.4553364,23.7650854,836,129751.40
E-TT,121.4557390,23.7677863,837,130054.51
E-TT,121.4559859,23.7693445,838,130229.58
E-TT,121.4566466,23.7734458,839,130690.56
E-TT,121.4570721,23.7759961,840,130977.42
E-TT,121.4575058,23.7786216,841,131272.69
E-TT,121.4577764,23.7803016,842,131461.50
E-TT,121.4579399,23.7813762,843,131582.15
E-TT,121.4580115,23.7818096,844,131630.89
E-TT,121.4580871,23.7822752,845,131683.23
E-TT,121.4584532,23.7845032,846,131933.75
E-TT,121.4587074,23.7859359,847,132095.15
E-TT,121.4591135,23.7884504,848,132377.79
E-TT,121.4593960,23.7901554,849,132569.54
E-TT,121.4595940,23.7913486,850,132703.74
E-TT,121.4597417,23.7922522,851,132805.33
E-TT,121.4602162,23.7952524,852,133142.42
E-TT,121.4606298,23.7976737,853,133414.93
E-TT,121.4608808,23.7992677,854,133594.00
E-TT,121.4609884,23.7999698,855,133672.83
E-TT,121.4611481,23.8010910,856,133798.55
E-TT,121.4612711,23.8018627,857,133885.27
E-TT,121.4614530,23.8024913,858,133957.58
E-TT,121.4621195,23.8037436,859,134112.46
E-TT,121.4631133,23.8050819,860,134292.36
E-TT,121.4638669,23.8058287,861,134405.39
E-TT,121.4658800,23.8079224,862,134715.46
E-TT,121.4666419,23.8087184,863,134833.11
E-TT,121.4691569,23.8111548,864,135205.74
E-TT,121.4695160,23.8115543,865,135263.25
E-TT,121.4713150,23.8133917,866,135537.55
E-TT,121.4718234,23.8139562,867,135618.88
E-TT,121.4724568,23.8145993,868,135715.14
E-TT,121.4728947,23.8150423,869,135781.55
E-TT,121.4732778,23.8154282,870,135839.51
E-TT,121.4736217,23.8157568,871,135890.11
E-TT,121.4740859,23.8162810,872,135965.12
E-TT,121.4746078,23.8169913,873,136060.29
E-TT,121.4747959,23.8172870,874,136098.33
E-TT,121.4752664,23.8181265,875,136203.23
E-TT,121.4757425,23.8190998,876,136321.80
E-TT,121.4766056,23.8207599,877,136526.21
E-TT,121.4773188,23.8221571,878,136697.67
E-TT,121.4776883,23.8228494,879,136783.34
E-TT,121.4780383,23.8233978,880,136853.96
E-TT,121.4783570,23.8238938,881,136917.92
E-TT,121.4788527,23.8245325,882,137005.03
E-TT,121.4797924,23.8258101,883,137176.25
E-TT,121.4810663,23.8276027,884,137414.00
E-TT,121.4819226,23.8288233,885,137575.26
E-TT,121.4833271,23.8307827,886,137835.80
E-TT,121.4849925,23.8330614,887,138140.59
E-TT,121.4869193,23.8357502,888,138498.07
E-TT,121.4879845,23.8372376,889,138695.79
E-TT,121.4897232,23.8396307,890,139015.30
E-TT,121.4906894,23.8409990,891,139196.42
E-TT,121.4922286,23.8430989,892,139477.54
E-TT,121.4930184,23.8442264,893,139626.43
E-TT,121.4939375,23.8454992,894,139796.04
E-TT,121.4947000,23.8465766,895,139938.76
E-TT,121.4950367,23.8470640,896,140002.87
E-TT,121.4954770,23.8477354,897,140089.92
E-TT,121.4960211,23.8485371,898,140194.85
E-TT,121.4961125,23.8486719,899,140212.48
E-TT,121.4966569,23.8494052,900,140311.04
E-TT,121.4974080,23.8503132,901,140437.65
E-TT,121.4980475,23.8512006,902,140555.83
E-TT,121.4990607,23.8525925,903,140741.77
E-TT,121.5012177,23.8555671,904,141138.65
E-TT,121.5035004,23.8587705,905,141563.82
E-TT,121.5055392,23.8615576,906,141936.68
E-TT,121.5070314,23.8636517,907,142214.62
E-TT,121.5078828,23.8648100,908,142369.81
E-TT,121.5085361,23.8656349,909,142483.06
E-TT,121.5102698,23.8680274,910,142802.20
E-TT,121.5108706,23.8688854,911,142915.50
E-TT,121.5112885,23.8694431,912,142990.67
E-TT,121.5118485,23.8702044,913,143092.69
E-TT,121.5139898,23.8732900,914,143499.06
E-TT,121.5182377,23.8792150,915,144286.84
E-TT,121.5194343,23.8808833,916,144508.69
E-TT,121.5206360,23.8825324,917,144729.04
E-TT,121.5215452,23.8837955,918,144897.19
E-TT,121.5224702,23.8851159,919,145071.55
E-TT,121.5228365,23.8857550,920,145151.77
E-TT,121.5230937,23.8863800,921,145226.03
E-TT,121.5235575,23.8880030,922,145412.56
E-TT,121.5242414,23.8902470,923,145671.58
E-TT,121.5253078,23.8938974,924,146091.72
E-TT,121.5258768,23.8958210,925,146313.30
E-TT,121.5272258,23.9004034,926,146840.97
E-TT,121.5277260,23.9020119,927,147026.91
E-TT,121.5288139,23.9057297,928,147454.85
E-TT,121.5291123,23.9067852,929,147576.08
E-TT,121.5293650,23.9075870,930,147668.86
E-TT,121.5295917,23.9083651,931,147758.39
E-TT,121.5301505,23.9103030,932,147981.25
E-TT,121.5307617,23.9123364,933,148215.73
E-TT,121.5311096,23.9135393,934,148354.08
E-TT,121.5321320,23.9169855,935,148751.13
E-TT,121.5326854,23.9188470,936,148965.63
E-TT,121.5334024,23.9212957,937,149247.49
E-TT,121.5339030,23.9229663,938,149440.09
E-TT,121.5342811,23.9239015,939,149550.95
E-TT,121.5347636,23.9249366,940,149676.07
E-TT,121.5379480,23.9319923,941,150524.76
E-TT,121.5387604,23.9336092,942,150722.61
E-TT,121.5392684,23.9345248,943,150836.76
E-TT,121.5403911,23.9369863,944,151133.30
E-TT,121.5413198,23.9390281,945,151379.17
E-TT,121.5415104,23.9393374,946,151418.65
E-TT,121.5418477,23.9397286,947,151474.03
E-TT,121.5423609,23.9401513,948,151544.24
E-TT,121.5434319,23.9408898,949,151680.59
E-TT,121.5448896,23.9418842,950,151865.44
E-TT,121.5450356,23.9419888,951,151884.30
E-TT,121.5462778,23.9428559,952,152043.15
E-TT,121.5478771,23.9439432,953,152245.71
E-TT,121.5490033,23.9447168,954,152388.88
E-TT,121.5515401,23.9464508,955,152710.81
E-TT,121.5549276,23.9487628,956,153140.47
E-TT,121.5571840,23.9502920,957,153425.93
E-TT,121.5589988,23.9515898,958,153660.10
E-TT,121.5601760,23.9524025,959,153810.03
E-TT,121.5622408,23.9537818,960,154069.92
E-TT,121.5635822,23.9546943,961,154239.85
E-TT,121.5642243,23.9551562,962,154322.89
E-TT,121.5657919,23.9561912,963,154519.41
E-TT,121.5666759,23.9568223,964,154633.39
E-TT,121.5673642,23.9572856,965,154720.26
E-TT,121.5683341,23.9579449,966,154843.10
E-TT,121.5701287,23.9591991,967,155072.67
E-TT,121.5718329,23.9603537,968,155288.24
E-TT,121.5726869,23.9609363,969,155396.53
E-TT,121.5747276,23.9623646,970,155657.72
E-TT,121.5756882,23.9630152,971,155779.22
E-TT,121.5766086,23.9636325,972,155895.23
E-TT,121.5781402,23.9647011,973,156091.04
E-TT,121.5802953,23.9661459,974,156362.62
E-TT,121.5811417,23.9667250,975,156470.05
E-TT,121.5821804,23.9674459,976,156602.59
E-TT,121.5827909,23.9678493,977,156679.14
E-TT,121.5831195,23.9680631,978,156720.12
E-TT,121.5837728,23.9685193,979,156803.66
E-TT,121.5873795,23.9709710,980,157260.40
E-TT,121.5902937,23.9729480,981,157629.19
E-TT,121.5911920,23.9736174,982,157746.96
E-TT,121.5916955,23.9741616,983,157826.20
E-TT,121.5919192,23.9744761,984,157867.91
E-TT,121.5926709,23.9759675,985,158050.49
E-TT,121.5944424,23.9795657,986,158489.21
E-TT,121.5961943,23.9831101,987,158921.65
E-TT,121.5972219,23.9852097,988,159177.39
E-TT,121.5980573,23.9869213,989,159385.77
E-TT,121.5989066,23.9887116,990,159602.74
E-TT,121.5991555,23.9892228,991,159664.96
E-TT,121.5996230,23.9902014,992,159783.69
E-TT,121.6002540,23.9914403,993,159935.63
E-TT,121.6007502,23.9924668,994,160060.41
E-TT,121.6009235,23.9928316,995,160104.63
E-TT,121.6009865,23.9929604,996,160120.31
E-YL,121.7289405,25.1085466,1,0.00
E-YL,121.7290163,25.1085803,2,8.50
E-YL,121.7303308,25.1090900,3,152.48
E-YL,121.7308212,25.1092501,4,204.96
E-YL,121.7312713,25.1093234,5,251.01
E-YL,121.7315825,25.1093298,6,282.35
E-YL,121.7321174,25.1092842,7,336.45
E-YL,121.7327616,25.1091019,8,404.41
E-YL,121.7332129,25.1088846,9,455.86
E-YL,121.7336870,25.1085383,10,517.19
E-YL,121.7341246,25.1080238,11,589.41
E-YL,121.7345554,25.1072983,12,681.00
E-YL,121.7348175,25.1067556,13,746.86
E-YL,121.7355097,25.1053871,14,914.24
E-YL,121.7362333,25.1039898,15,1085.85
E-YL,121.7365335,25.1035404,16,1144.25
E-YL,121.7369988,25.1030472,17,1216.38
E-YL,121.7375083,25.1026972,18,1280.77
E-YL,121.7381087,25.1024326,19,1348.01
E-YL,121.7388238,25.1022762,20,1422.09
E-YL,121.7391045,25.1022398,21,1450.64
E-YL,121.7396774,25.1021994,22,1508.49
E-YL,121.7401253,25.1022073,23,1553.61
E-YL,121.7401486,25.1022077,24,1555.95
E-YL,121.7403306,25.1022109,25,1574.28
E-YL,121.7404353,25.1022128,26,1584.82
E-YL,121.7424879,25.1021430,27,1791.65
E-YL,121.7433951,25.1020862,28,1883.22
E-YL,121.7442127,25.1019836,29,1966.33
E-YL,121.7450655,25.1017768,30,2055.23
E-YL,121.7459179,25.1015325,31,2145.26
E-YL,121.7471101,25.1011885,32,2271.25
E-YL,121.7486675,25.1007483,33,2435.53
E-YL,121.7495555,25.1005467,34,2527.72
E-YL,121.7502372,25.1004908,35,2596.64
E-YL,121.7510367,25.1005941,36,2677.96
E-YL,121.7517400,25.1007324,37,2750.43
E-YL,121.7525694,25.1009483,38,2837.33
E-YL,121.7534567,25.1012734,39,2933.71
E-YL,121.7543197,25.1018239,40,3040.00
E-YL,121.7552015,25.1024518,41,3152.95
E-YL,121.7558394,25.1028247,42,3229.41
E-YL,121.7565113,25.1030298,43,3300.81
E-YL,121.7569763,25.1030800,44,3347.96
E-YL,121.7575638,25.1030475,45,3407.23
E-YL,121.7576330,25.1030407,46,3414.23
E-YL,121.7576778,25.1030362,47,3418.78
E-YL,121.7578981,25.1030207,48,3441.02
E-YL,121.7583250,25.1029824,49,3484.22
E-YL,121.7595779,25.1028172,50,3611.71
E-YL,121.7616920,25.1025956,51,3826.01
E-YL,121.7618737,25.1025838,52,3844.35
E-YL,121.7618967,25.1025823,53,3846.67
E-YL,121.7636825,25.1024178,54,4027.41
E-YL,121.7642196,25.1024168,55,4081.50
E-YL,121.7659677,25.1025798,56,4258.45
E-YL,121.7688969,25.1028379,57,4554.79
E-YL,121.7703436,25.1029757,58,4701.26
E-YL,121.7732760,25.1031982,59,4997.56
E-YL,121.7751328,25.1033347,60,5185.15
E-YL,121.7767677,25.1034901,61,5350.67
E-YL,121.7798019,25.1037115,62,5657.18
E-YL,121.7806367,25.1038075,63,5741.91
E-YL,121.7814249,25.1039896,64,5823.82
E-YL,121.7822059,25.1042865,65,5909.10
E-YL,121.7828455,25.1046271,66,5983.82
E-YL,121.7833435,25.1049684,67,6046.70
E-YL,121.7837155,25.1053104,68,6100.08
E-YL,121.7841352,25.1057166,69,6161.94
E-YL,121.7845134,25.1061528,70,6223.60
E-YL,121.7848394,25.1066778,71,6290.57
E-YL,121.7850825,25.1071530,72,6348.81
E-YL,121.7857545,25.1085939,73,6522.73
E-YL,121.7861469,25.1093150,74,6612.12
E-YL,121.7864411,25.1097720,75,6670.94
E-YL,121.7869768,25.1103613,76,6755.81
E-YL,121.7873479,25.1106665,77,6806.29
E-YL,121.7881624,25.1112749,78,6912.60
E-YL,121.7891390,25.1119898,79,7039.05
E-YL,121.7896293,25.1123527,80,7102.80
E-YL,121.7897400,25.1124273,81,7116.70
E-YL,121.7898616,25.1125055,82,7131.72
E-YL,121.7899612,25.1125695,83,7144.01
E-YL,121.7901784,25.1126901,84,7169.67
E-YL,121.7904508,25.1128141,85,7200.36
E-YL,121.7907033,25.1129202,86,7228.39
E-YL,121.7909675,25.1130012,87,7256.47
E-YL,121.7912709,25.1130605,88,7287.72
E-YL,121.7923902,25.1132232,89,7401.86
E-YL,121.7934485,25.1133053,90,7508.81
E-YL,121.7942593,25.1133204,91,7590.46
E-YL,121.7949074,25.1132583,92,7656.07
E-YL,121.7952723,25.1131917,93,7693.55
E-YL,121.7952730,25.1131916,94,7693.62
E-YL,121.7952732,25.1131915,95,7693.65
E-YL,121.7953623,25.1131753,96,7702.79
E-YL,121.7955444,25.1131297,97,7721.82
E-YL,121.7963922,25.1129168,98,7810.40
E-YL,121.7974382,25.1126227,99,7920.68
E-YL,121.7985287,25.1123185,100,8035.56
E-YL,121.7986647,25.1122721,101,8050.20
E-YL,121.7991699,25.1120301,102,8107.74
E-YL,121.7998726,25.1116094,103,8192.56
E-YL,121.8016165,25.1105643,104,8403.12
E-YL,121.8019555,25.1103671,105,8443.69
E-YL,121.8023186,25.1101536,106,8487.28
E-YL,121.8027259,25.1099567,107,8533.76
E-YL,121.8033371,25.1097706,108,8598.69
E-YL,121.8038243,25.1096130,109,8650.78
E-YL,121.8060249,25.1090469,110,8881.12
E-YL,121.8061231,25.1090306,111,8891.17
E-YL,121.8061705,25.1090214,112,8896.05
E-YL,121.8081698,25.1086344,113,9101.91
E-YL,121.8091250,25.1084680,114,9199.85
E-YL,121.8096320,25.1083828,115,9251.77
E-YL,121.8101902,25.1082973,116,9308.77
E-YL,121.8106186,25.1082197,117,9352.76
E-YL,121.8111048,25.1081415,118,9402.48
E-YL,121.8116446,25.1080529,119,9457.72
E-YL,121.8120969,25.1080325,120,9503.32
E-YL,121.8125260,25.1080552,121,9546.60
E-YL,121.8130341,25.1081277,122,9598.39
E-YL,121.8133338,25.1082192,123,9630.23
E-YL,121.8141833,25.1086166,124,9726.51
E-YL,121.8147969,25.1088463,125,9793.36
E-YL,121.8152573,25.1089442,126,9840.98
E-YL,121.8156289,25.1089988,127,9878.88
E-YL,121.8159951,25.1090107,128,9915.78
E-YL,121.8164549,25.1089079,129,9963.46
E-YL,121.8170104,25.1087222,130,10023.09
E-YL,121.8175935,25.1084893,131,10087.25
E-YL,121.8180407,25.1082466,132,10139.75
E-YL,121.8186070,25.1079859,133,10203.72
E-YL,121.8195390,25.1075939,134,10307.19
E-YL,121.8203395,25.1072527,135,10396.27
E-YL,121.8217141,25.1067426,136,10545.85
E-YL,121.8228011,25.1064635,137,10659.61
E-YL,121.8233919,25.1063197,138,10721.21
E-YL,121.8248202,25.1059057,139,10872.22
E-YL,121.8255303,25.1056970,140,10947.39
E-YL,121.8266100,25.1053869,141,11061.44
E-YL,121.8271434,25.1051583,142,11120.86
E-YL,121.8278490,25.1047722,143,11203.88
E-YL,121.8281218,25.1044165,144,11252.03
E-YL,121.8283671,25.1041687,145,11289.03
E-YL,121.8285748,25.1039588,146,11320.37
E-YL,121.8288667,25.1036638,147,11364.41
E-YL,121.8295017,25.1030221,148,11460.22
E-YL,121.8300713,25.1024464,149,11546.17
E-YL,121.8305981,25.1018428,150,11631.72
E-YL,121.8312915,25.1010044,151,11748.20
E-YL,121.8320253,25.1001084,152,11872.24
E-YL,121.8324140,25.0996112,153,11939.97
E-YL,121.8326256,25.0990797,154,12002.80
E-YL,121.8327588,25.0985957,155,12058.26
E-YL,121.8328185,25.0982230,156,12100.14
E-YL,121.8328164,25.0979206,157,12133.76
E-YL,121.8327034,25.0972485,158,12209.36
E-YL,121.8323983,25.0962476,159,12324.81
E-YL,121.8322150,25.0957571,160,12382.40
E-YL,121.8318283,25.0944552,161,12532.31
E-YL,121.8315929,25.0937877,162,12610.22
E-YL,121.8312515,25.0929441,163,12710.13
E-YL,121.8308629,25.0921198,164,12809.79
E-YL,121.8302903,25.0912249,165,12924.80
E-YL,121.8297239,25.0904637,166,13026.86
E-YL,121.8292373,25.0898693,167,13109.15
E-YL,121.8278243,25.0880332,168,13358.00
E-YL,121.8276230,25.0877525,169,13395.22
E-YL,121.8273422,25.0873384,170,13449.25
E-YL,121.8272015,25.0871407,171,13475.41
E-YL,121.8271357,25.0870482,172,13487.65
E-YL,121.8261462,25.0856302,173,13674.17
E-YL,121.8258078,25.0852356,174,13729.73
E-YL,121.8253414,25.0846600,175,13809.11
E-YL,121.8248440,25.0840227,176,13895.90
E-YL,121.8245490,25.0835621,177,13955.10
E-YL,121.8243760,25.0831617,178,14002.91
E-YL,121.8242913,25.0827894,179,14045.18
E-YL,121.8242318,25.0824702,180,14081.18
E-YL,121.8241798,25.0818695,181,14148.17
E-YL,121.8241889,25.0814666,182,14192.99
E-YL,121.8242444,25.0811620,183,14227.32
E-YL,121.8243422,25.0808041,184,14268.32
E-YL,121.8244663,25.0803928,185,14315.72
E-YL,121.8246176,25.0799825,186,14363.83
E-YL,121.8246473,25.0795402,187,14413.09
E-YL,121.8246716,25.0792891,188,14441.13
E-YL,121.8246561,25.0790841,189,14463.97
E-YL,121.8245603,25.0784827,190,14531.53
E-YL,121.8243414,25.0778964,191,14600.36
E-YL,121.8238318,25.0765332,192,14760.40
E-YL,121.8236797,25.0759710,193,14824.76
E-YL,121.8235864,25.0756027,194,14866.77
E-YL,121.8235823,25.0750346,195,14929.94
E-YL,121.8236127,25.0746583,196,14971.90
E-YL,121.8237056,25.0738107,197,15066.62
E-YL,121.8237284,25.0733041,198,15122.98
E-YL,121.8236607,25.0727140,199,15188.96
E-YL,121.8235323,25.0716123,200,15312.15
E-YL,121.8234900,25.0712931,201,15347.90
E-YL,121.8233807,25.0709362,202,15389.07
E-YL,121.8232299,25.0706629,203,15423.04
E-YL,121.8230264,25.0702984,204,15468.46
E-YL,121.8226670,25.0698896,205,15526.58
E-YL,121.8224660,25.0696375,206,15561.15
E-YL,121.8223122,25.0693980,207,15591.97
E-YL,121.8221373,25.0691091,208,15628.60
E-YL,121.8219755,25.0684412,209,15704.64
E-YL,121.8219454,25.0679301,210,15761.55
E-YL,121.8220393,25.0673304,211,15828.89
E-YL,121.8222777,25.0665668,212,15917.13
E-YL,121.8224057,25.0660932,213,15971.35
E-YL,121.8225090,25.0655540,214,16032.20
E-YL,121.8225095,25.0655424,215,16033.50
E-YL,121.8225193,25.0653354,216,16056.53
E-YL,121.8225445,25.0645745,217,16141.18
E-YL,121.8225686,25.0641412,218,16189.43
E-YL,121.8225681,25.0638448,219,16222.38
E-YL,121.8225760,25.0635672,220,16253.26
E-YL,121.8226320,25.0628992,221,16327.75
E-YL,121.8227472,25.0624686,222,16377.02
E-YL,121.8231843,25.0617123,223,16471.94
E-YL,121.8248260,25.0612271,224,16645.88
E-YL,121.8267418,25.0606730,225,16848.45
E-YL,121.8281246,25.0602730,226,16994.67
E-YL,121.8305587,25.0595688,227,17252.05
E-YL,121.8315052,25.0592950,228,17352.13
E-YL,121.8330506,25.0588478,229,17515.55
E-YL,121.8352384,25.0582089,230,17747.08
E-YL,121.8364265,25.0578655,231,17872.70
E-YL,121.8393698,25.0569911,232,18184.72
E-YL,121.8407909,25.0565932,233,18334.55
E-YL,121.8426977,25.0563829,234,18528.05
E-YL,121.8444005,25.0571254,235,18718.40
E-YL,121.8448170,25.0573177,236,18765.49
E-YL,121.8452609,25.0574957,237,18814.39
E-YL,121.8457924,25.0576858,238,18871.95
E-YL,121.8462949,25.0578491,239,18925.73
E-YL,121.8467328,25.0579995,240,18972.90
E-YL,121.8470917,25.0581172,241,19011.35
E-YL,121.8475800,25.0582936,242,19064.30
E-YL,121.8481856,25.0584762,243,19128.58
E-YL,121.8489942,25.0587707,244,19216.37
E-YL,121.8496278,25.0589516,245,19283.29
E-YL,121.8501003,25.0590265,246,19331.61
E-YL,121.8504216,25.0590307,247,19363.98
E-YL,121.8508043,25.0589870,248,19402.83
E-YL,121.8512777,25.0589047,249,19451.38
E-YL,121.8517031,25.0587544,250,19497.38
E-YL,121.8518982,25.0586442,251,19520.54
E-YL,121.8519010,25.0586426,252,19520.88
E-YL,121.8522723,25.0583885,253,19567.75
E-YL,121.8525502,25.0581096,254,19609.52
E-YL,121.8528001,25.0578454,255,19648.21
E-YL,121.8534766,25.0570132,256,19763.12
E-YL,121.8537885,25.0566932,257,19810.60
E-YL,121.8541747,25.0564092,258,19860.70
E-YL,121.8552157,25.0558137,259,19984.72
E-YL,121.8566211,25.0550676,260,20148.81
E-YL,121.8570937,25.0547670,261,20206.98
E-YL,121.8573137,25.0545662,262,20238.44
E-YL,121.8575428,25.0543212,263,20274.13
E-YL,121.8577247,25.0540813,264,20306.50
E-YL,121.8579109,25.0537172,265,20351.12
E-YL,121.8584274,25.0525677,266,20489.12
E-YL,121.8593942,25.0505891,267,20729.72
E-YL,121.8600044,25.0493436,268,20881.25
E-YL,121.8602498,25.0490005,269,20926.70
E-YL,121.8605870,25.0486666,270,20977.03
E-YL,121.8608059,25.0484743,271,21007.75
E-YL,121.8609677,25.0483634,272,21028.18
E-YL,121.8611139,25.0482718,273,21046.09
E-YL,121.8613959,25.0481078,274,21079.85
E-YL,121.8617190,25.0479617,275,21116.23
E-YL,121.8621647,25.0478071,276,21164.30
E-YL,121.8626673,25.0476991,277,21216.34
E-YL,121.8633366,25.0476482,278,21284.00
E-YL,121.8648782,25.0478446,279,21440.82
E-YL,121.8659124,25.0479538,280,21545.72
E-YL,121.8662201,25.0479560,281,21576.71
E-YL,121.8665720,25.0479063,282,21612.59
E-YL,121.8668305,25.0478623,283,21639.09
E-YL,121.8671689,25.0477608,284,21675.00
E-YL,121.8673058,25.0476921,285,21690.77
E-YL,121.8675077,25.0475689,286,21715.28
E-YL,121.8677742,25.0474050,287,21747.73
E-YL,121.8679984,25.0472460,288,21776.41
E-YL,121.8682381,25.0470248,289,21810.88
E-YL,121.8684209,25.0467632,290,21845.31
E-YL,121.8685084,25.0466343,291,21862.14
E-YL,121.8686740,25.0463822,292,21894.76
E-YL,121.8688561,25.0459802,293,21943.08
E-YL,121.8689050,25.0456179,294,21983.66
E-YL,121.8689377,25.0452255,295,22027.41
E-YL,121.8688970,25.0447103,296,22084.85
E-YL,121.8687807,25.0442590,297,22136.38
E-YL,121.8686753,25.0440051,298,22166.55
E-YL,121.8683731,25.0435435,299,22226.22
E-YL,121.8681754,25.0432037,300,22268.94
E-YL,121.8680528,25.0430193,301,22292.87
E-YL,121.8679149,25.0428060,302,22320.36
E-YL,121.8676681,25.0423736,303,22374.48
E-YL,121.8675449,25.0420937,304,22408.00
E-YL,121.8674703,25.0417709,305,22444.67
E-YL,121.8673618,25.0411373,306,22515.96
E-YL,121.8671981,25.0402843,307,22612.23
E-YL,121.8670536,25.0393626,308,22715.76
E-YL,121.8669925,25.0390207,309,22754.26
E-YL,121.8669021,25.0385135,310,22811.39
E-YL,121.8669003,25.0385031,311,22812.56
E-YL,121.8668520,25.0382320,312,22843.10
E-YL,121.8666696,25.0372454,313,22954.34
E-YL,121.8665374,25.0363188,314,23058.22
E-YL,121.8664353,25.0355355,315,23145.93
E-YL,121.8664113,25.0352834,316,23174.06
E-YL,121.8663576,25.0347955,317,23228.59
E-YL,121.8663394,25.0346607,318,23243.68
E-YL,121.8662888,25.0341809,319,23297.28
E-YL,121.8661965,25.0333574,320,23389.32
E-YL,121.8661872,25.0331496,321,23412.44
E-YL,121.8662245,25.0325829,322,23475.57
E-YL,121.8663246,25.0320351,323,23537.32
E-YL,121.8664944,25.0314985,324,23599.38
E-YL,121.8668744,25.0306967,325,23696.41
E-YL,121.8670538,25.0304173,326,23732.35
E-YL,121.8674699,25.0299436,327,23799.68
E-YL,121.8680714,25.0293545,328,23888.92
E-YL,121.8689134,25.0286495,329,24004.43
E-YL,121.8693714,25.0283899,330,24058.85
E-YL,121.8697349,25.0282215,331,24099.99
E-YL,121.8701470,25.0280890,332,24144.04
E-YL,121.8706963,25.0279138,333,24202.72
E-YL,121.8713086,25.0277526,334,24266.96
E-YL,121.8722980,25.0275318,335,24369.63
E-YL,121.8738926,25.0272501,336,24533.31
E-YL,121.8769929,25.0263792,337,24860.36
E-YL,121.8800689,25.0254008,338,25188.82
E-YL,121.8812540,25.0250498,339,25314.44
E-YL,121.8818269,25.0248887,340,25374.88
E-YL,121.8822822,25.0247714,341,25422.57
E-YL,121.8827268,25.0246728,342,25468.69
E-YL,121.8829996,25.0246486,343,25496.31
E-YL,121.8833900,25.0246072,344,25535.91
E-YL,121.8845149,25.0246506,345,25649.36
E-YL,121.8884577,25.0250141,346,26048.66
E-YL,121.8898832,25.0250488,347,26192.35
E-YL,121.8911069,25.0248549,348,26317.51
E-YL,121.8916876,25.0246794,349,26379.19
E-YL,121.8921425,25.0245119,350,26428.67
E-YL,121.8927305,25.0242576,351,26494.32
E-YL,121.8936477,25.0238436,352,26597.56
E-YL,121.8943495,25.0235400,353,26675.91
E-YL,121.8951382,25.0233259,354,26758.87
E-YL,121.8959551,25.0231920,355,26842.52
E-YL,121.8968043,25.0231654,356,26928.13
E-YL,121.8984106,25.0234423,357,27092.89
E-YL,121.9001204,25.0238834,358,27272.01
E-YL,121.9012488,25.0240224,359,27386.74
E-YL,121.9027884,25.0238912,360,27542.55
E-YL,121.9039931,25.0236784,361,27666.22
E-YL,121.9049690,25.0233595,362,27770.75
E-YL,121.9064744,25.0227341,363,27937.61
E-YL,121.9082835,25.0219397,364,28140.17
E-YL,121.9085967,25.0218360,365,28173.77
E-YL,121.9086656,25.0218132,366,28181.16
E-YL,121.9086786,25.0218089,367,28182.55
E-YL,121.9090203,25.0216958,368,28219.21
E-YL,121.9094382,25.0216036,369,28262.54
E-YL,121.9099549,25.0215039,370,28315.77
E-YL,121.9104514,25.0214629,371,28366.01
E-YL,121.9110042,25.0214263,372,28421.86
E-YL,121.9127720,25.0214344,373,28599.98
E-YL,121.9140304,25.0214410,374,28726.78
E-YL,121.9147378,25.0213936,375,28798.25
E-YL,121.9163798,25.0210723,376,28967.51
E-YL,121.9184600,25.0206541,377,29182.21
E-YL,121.9198579,25.0203947,378,29325.98
E-YL,121.9212477,25.0201066,379,29469.64
E-YL,121.9226528,25.0197611,380,29616.34
E-YL,121.9240244,25.0191435,381,29770.66
E-YL,121.9256938,25.0183879,382,29958.69
E-YL,121.9273172,25.0177902,383,30135.25
E-YL,121.9282515,25.0175909,384,30231.97
E-YL,121.9290800,25.0175494,385,30315.58
E-YL,121.9299154,25.0175970,386,30399.92
E-YL,121.9310443,25.0177311,387,30514.65
E-YL,121.9318392,25.0178121,388,30595.25
E-YL,121.9330193,25.0178835,389,30714.43
E-YL,121.9347809,25.0179992,390,30892.38
E-YL,121.9357493,25.0180090,391,30989.97
E-YL,121.9372222,25.0181285,392,31138.97
E-YL,121.9383759,25.0180289,393,31255.75
E-YL,121.9394592,25.0177663,394,31368.74
E-YL,121.9403686,25.0174073,395,31468.70
E-YL,121.9414417,25.0168319,396,31594.33
E-YL,121.9423388,25.0164767,397,31692.99
E-YL,121.9428151,25.0163007,398,31744.82
E-YL,121.9434615,25.0160771,399,31814.53
E-YL,121.9439902,25.0158867,400,31871.86
E-YL,121.9446176,25.0156677,401,31939.60
E-YL,121.9446730,25.0156495,402,31945.54
E-YL,121.9451510,25.0154924,403,31996.78
E-YL,121.9459589,25.0152221,404,32083.56
E-YL,121.9465943,25.0150174,405,32151.51
E-YL,121.9471820,25.0148401,406,32213.93
E-YL,121.9483280,25.0144690,407,32336.55
E-YL,121.9495987,25.0140452,408,32472.99
E-YL,121.9506255,25.0136087,409,32587.27
E-YL,121.9515971,25.0129870,410,32707.13
E-YL,121.9523105,25.0121911,411,32821.14
E-YL,121.9533747,25.0108348,412,33006.20
E-YL,121.9544658,25.0095618,413,33185.43
E-YL,121.9568030,25.0067403,414,33577.74
E-YL,121.9574890,25.0056371,415,33718.54
E-YL,121.9578335,25.0047655,416,33821.49
E-YL,121.9579747,25.0040528,417,33902.01
E-YL,121.9579234,25.0027598,418,34045.87
E-YL,121.9577913,25.0017346,419,34160.65
E-YL,121.9575294,24.9997834,420,34379.21
E-YL,121.9573351,24.9983361,421,34541.33
E-YL,121.9567402,24.9939040,422,35037.79
E-YL,121.9563987,24.9913591,423,35322.86
E-YL,121.9562291,24.9879894,424,35697.94
E-YL,121.9562291,24.9879890,425,35697.98
E-YL,121.9562291,24.9879888,426,35698.01
E-YL,121.9562274,24.9879770,427,35699.33
E-YL,121.9561345,24.9873601,428,35768.56
E-YL,121.9559349,24.9860325,429,35917.55
E-YL,121.9554067,24.9842300,430,36124.93
E-YL,121.9551391,24.9837755,431,36182.22
E-YL,121.9545743,24.9829185,432,36293.21
E-YL,121.9534431,24.9819197,433,36452.38
E-YL,121.9524029,24.9812695,434,36579.73
E-YL,121.9513301,24.9807500,435,36702.32
E-YL,121.9479742,24.9793114,436,37076.50
E-YL,121.9456702,24.9783996,437,37329.89
E-YL,121.9452545,24.9782156,438,37376.52
E-YL,121.9451851,24.9781849,439,37384.31
E-YL,121.9442920,24.9778040,440,37483.79
E-YL,121.9435946,24.9774144,441,37566.37
E-YL,121.9419949,24.9763264,442,37767.95
E-YL,121.9398948,24.9750432,443,38023.23
E-YL,121.9390756,24.9746855,444,38114.89
E-YL,121.9377215,24.9743941,445,38255.17
E-YL,121.9354596,24.9740475,446,38486.39
E-YL,121.9342538,24.9736839,447,38614.49
E-YL,121.9304800,24.9723197,448,39024.01
E-YL,121.9293362,24.9717894,449,39153.51
E-YL,121.9277502,24.9708260,450,39345.96
E-YL,121.9258747,24.9697031,451,39572.52
E-YL,121.9250843,24.9691228,452,39675.04
E-YL,121.9246420,24.9686657,453,39742.65
E-YL,121.9240014,24.9679770,454,39842.82
E-YL,121.9230701,24.9669438,455,39991.20
E-YL,121.9227649,24.9665998,456,40040.28
E-YL,121.9226539,24.9664746,457,40058.14
E-YL,121.9221784,24.9659640,458,40132.44
E-YL,121.9217947,24.9654783,459,40198.87
E-YL,121.9213323,24.9647726,460,40290.14
E-YL,121.9209581,24.9639472,461,40389.37
E-YL,121.9202564,24.9623529,462,40580.24
E-YL,121.9196803,24.9612441,463,40716.53
E-YL,121.9186363,24.9599087,464,40898.53
E-YL,121.9181782,24.9593329,465,40977.48
E-YL,121.9177271,24.9584436,466,41086.32
E-YL,121.9171975,24.9572405,467,41230.36
E-YL,121.9170079,24.9568258,468,41280.27
E-YL,121.9161793,24.9549980,469,41500.01
E-YL,121.9156794,24.9543538,470,41587.59
E-YL,121.9147957,24.9535352,471,41714.97
E-YL,121.9140585,24.9530500,472,41806.80
E-YL,121.9132039,24.9526313,473,41904.73
E-YL,121.9114801,24.9521020,474,42088.21
E-YL,121.9102102,24.9516882,475,42224.26
E-YL,121.9093359,24.9512577,476,42324.57
E-YL,121.9086906,24.9507958,477,42407.45
E-YL,121.9078785,24.9500788,478,42521.73
E-YL,121.9072284,24.9495058,479,42613.14
E-YL,121.9062173,24.9487211,480,42747.31
E-YL,121.9053638,24.9481827,481,42852.14
E-YL,121.9041409,24.9473464,482,43006.57
E-YL,121.9031279,24.9466708,483,43133.36
E-YL,121.9026124,24.9463632,484,43195.57
E-YL,121.9007372,24.9452972,485,43418.71
E-YL,121.8989447,24.9442864,486,43631.55
E-YL,121.8969442,24.9431582,487,43869.07
E-YL,121.8956685,24.9425146,488,44016.26
E-YL,121.8949326,24.9421846,489,44099.03
E-YL,121.8941098,24.9416103,490,44203.72
E-YL,121.8932407,24.9409706,491,44316.59
E-YL,121.8921147,24.9401354,492,44463.27
E-YL,121.8912851,24.9395313,493,44570.54
E-YL,121.8902645,24.9387670,494,44704.00
E-YL,121.8897725,24.9384280,495,44766.31
E-YL,121.8896458,24.9383408,496,44782.35
E-YL,121.8888624,24.9377722,497,44883.52
E-YL,121.8876840,24.9369193,498,45035.55
E-YL,121.8859657,24.9356636,499,45258.07
E-YL,121.8851429,24.9350833,500,45363.17
E-YL,121.8843317,24.9342879,501,45483.63
E-YL,121.8838223,24.9335684,502,45578.71
E-YL,121.8835537,24.9329886,503,45648.64
E-YL,121.8832506,24.9321847,504,45743.10
E-YL,121.8829782,24.9277408,505,46238.01
E-YL,121.8829092,24.9230759,506,46756.77
E-YL,121.8828299,24.9194905,507,47155.53
E-YL,121.8825155,24.9185071,508,47269.38
E-YL,121.8824821,24.9184177,509,47279.87
E-YL,121.8821622,24.9174850,510,47388.49
E-YL,121.8812573,24.9163796,511,47541.57
E-YL,121.8804144,24.9157158,512,47654.15
E-YL,121.8793290,24.9150116,513,47788.73
E-YL,121.8786044,24.9143948,514,47888.95
E-YL,121.8780959,24.9137887,515,47973.64
E-YL,121.8775337,24.9129978,516,48078.27
E-YL,121.8766005,24.9115881,517,48261.11
E-YL,121.8760128,24.9108869,518,48359.05
E-YL,121.8751754,24.9100677,519,48483.26
E-YL,121.8736716,24.9085120,520,48713.32
E-YL,121.8726568,24.9075924,521,48858.00
E-YL,121.8702253,24.9059316,522,49164.98
E-YL,121.8692752,24.9052951,523,49284.10
E-YL,121.8687486,24.9050655,524,49343.03
E-YL,121.8687106,24.9050489,525,49347.28
E-YL,121.8686650,24.9050187,526,49352.98
E-YL,121.8678883,24.9047072,527,49438.63
E-YL,121.8666765,24.9044631,528,49563.82
E-YL,121.8655725,24.9043642,529,49675.71
E-YL,121.8644711,24.9042600,530,49787.39
E-YL,121.8634331,24.9040989,531,49893.60
E-YL,121.8626983,24.9038882,532,49971.33
E-YL,121.8620344,24.9036378,533,50043.84
E-YL,121.8615363,24.9033478,534,50103.53
E-YL,121.8608584,24.9028378,535,50192.37
E-YL,121.8599658,24.9019118,536,50329.14
E-YL,121.8593451,24.9008742,537,50460.40
E-YL,121.8589307,24.8997060,538,50596.86
E-YL,121.8585368,24.8986035,539,50725.73
E-YL,121.8582172,24.8978290,540,50817.68
E-YL,121.8578444,24.8968806,541,50929.64
E-YL,121.8572354,24.8959813,542,51047.00
E-YL,121.8566743,24.8953060,543,51141.03
E-YL,121.8560649,24.8948227,544,51222.68
E-YL,121.8550170,24.8942227,545,51347.66
E-YL,121.8520812,24.8928541,546,51680.60
E-YL,121.8508003,24.8922344,547,51827.03
E-YL,121.8498455,24.8914336,548,51958.18
E-YL,121.8491983,24.8906192,549,52069.82
E-YL,121.8488598,24.8899404,550,52152.66
E-YL,121.8483767,24.8885800,551,52311.58
E-YL,121.8477238,24.8865550,552,52546.19
E-YL,121.8475577,24.8862096,553,52588.09
E-YL,121.8472120,24.8856507,554,52659.36
E-YL,121.8468037,24.8850733,555,52735.63
E-YL,121.8463091,24.8845446,556,52812.74
E-YL,121.8455881,24.8838495,557,52918.87
E-YL,121.8455579,24.8838204,558,52923.32
E-YL,121.8436002,24.8818489,559,53218.36
E-YL,121.8421614,24.8801252,560,53458.78
E-YL,121.8389347,24.8763275,561,53991.95
E-YL,121.8364203,24.8733021,562,54413.27
E-YL,121.8350593,24.8718192,563,54627.84
E-YL,121.8337853,24.8708148,564,54798.12
E-YL,121.8310219,24.8686923,565,55163.38
E-YL,121.8286930,24.8669317,566,55469.20
E-YL,121.8259215,24.8648208,567,55834.28
E-YL,121.8252493,24.8642409,568,55927.85
E-YL,121.8247045,24.8636276,569,56015.44
E-YL,121.8243541,24.8631100,570,56082.98
E-YL,121.8238699,24.8621453,571,56200.85
E-YL,121.8230998,24.8605073,572,56398.87
E-YL,121.8226883,24.8596317,573,56504.71
E-YL,121.8224080,24.8590334,574,56577.00
E-YL,121.8223563,24.8589230,575,56590.34
E-YL,121.8217256,24.8575704,576,56753.65
E-YL,121.8206633,24.8552896,577,57028.98
E-YL,121.8201523,24.8542175,578,57158.87
E-YL,121.8191174,24.8521092,579,57415.50
E-YL,121.8188946,24.8517257,580,57463.71
E-YL,121.8185164,24.8512824,581,57526.04
E-YL,121.8177370,24.8505477,582,57639.44
E-YL,121.8159286,24.8491641,583,57878.11
E-YL,121.8145626,24.8481689,584,58054.86
E-YL,121.8099061,24.8446411,585,58666.94
E-YL,121.8091511,24.8440588,586,58766.92
E-YL,121.8090890,24.8440109,587,58775.15
E-YL,121.8069399,24.8423760,588,59058.12
E-YL,121.8066046,24.8421389,589,59101.01
E-YL,121.8058222,24.8415639,590,59202.61
E-YL,121.8045595,24.8406093,591,59368.45
E-YL,121.8014687,24.8382790,592,59773.92
E-YL,121.8006641,24.8378256,593,59869.49
E-YL,121.7998128,24.8374730,594,59963.92
E-YL,121.7994128,24.8373637,595,60006.08
E-YL,121.7990494,24.8372991,596,60043.45
E-YL,121.7981111,24.8371743,597,60139.14
E-YL,121.7957620,24.8369189,598,60377.89
E-YL,121.7907178,24.8363597,599,60890.69
E-YL,121.7882358,24.8360901,600,61142.93
E-YL,121.7854401,24.8358186,601,61426.65
E-YL,121.7844245,24.8356464,602,61530.91
E-YL,121.7839644,24.8355250,603,61579.27
E-YL,121.7837730,24.8354514,604,61600.25
E-YL,121.7834933,24.8353347,605,61631.30
E-YL,121.7829880,24.8350985,606,61688.67
E-YL,121.7823085,24.8347105,607,61769.68
E-YL,121.7817728,24.8342537,608,61843.86
E-YL,121.7813462,24.8337836,609,61911.58
E-YL,121.7807639,24.8331455,610,62003.71
E-YL,121.7802891,24.8325627,611,62084.29
E-YL,121.7770485,24.8287494,612,62619.78
E-YL,121.7762547,24.8278183,613,62750.68
E-YL,121.7758460,24.8273308,614,62818.80
E-YL,121.7755362,24.8269741,615,62869.30
E-YL,121.7754993,24.8269309,616,62875.38
E-YL,121.7744952,24.8257549,617,63040.81
E-YL,121.7727283,24.8236863,618,63331.86
E-YL,121.7721015,24.8228475,619,63444.55
E-YL,121.7717442,24.8222104,620,63524.05
E-YL,121.7715118,24.8216622,621,63589.36
E-YL,121.7711972,24.8205232,622,63719.93
E-YL,121.7708747,24.8191693,623,63873.95
E-YL,121.7700492,24.8158174,624,64255.86
E-YL,121.7694051,24.8132171,625,64552.22
E-YL,121.7687332,24.8103720,626,64875.76
E-YL,121.7682271,24.8089331,627,65043.72
E-YL,121.7678553,24.8078441,628,65170.49
E-YL,121.7671829,24.8050950,629,65483.62
E-YL,121.7664512,24.8020831,630,65826.58
E-YL,121.7650823,24.7964826,631,66464.47
E-YL,121.7642299,24.7929696,632,66864.46
E-YL,121.7635924,24.7903453,633,67163.28
E-YL,121.7627445,24.7867984,634,67566.87
E-YL,121.7627398,24.7867786,635,67569.12
E-YL,121.7626726,24.7864803,636,67602.97
E-YL,121.7620418,24.7838799,637,67899.06
E-YL,121.7606738,24.7783749,638,68526.57
E-YL,121.7605473,24.7774559,639,68629.55
E-YL,121.7604681,24.7768173,640,68701.01
E-YL,121.7604777,24.7762380,641,68765.43
E-YL,121.7605190,24.7755033,642,68847.24
E-YL,121.7614707,24.7706852,643,69391.53
E-YL,121.7619210,24.7683778,644,69652.10
E-YL,121.7621490,24.7671584,645,69789.63
E-YL,121.7622160,24.7663519,646,69879.56
E-YL,121.7621149,24.7654617,647,69979.08
E-YL,121.7619461,24.7649857,648,70034.68
E-YL,121.7608152,24.7618623,649,70400.28
E-YL,121.7597850,24.7591563,650,70718.64
E-YL,121.7593131,24.7578987,651,70866.38
E-YL,121.7589875,24.7570643,652,70964.81
E-YL,121.7585233,24.7559977,653,71092.34
E-YL,121.7580779,24.7548116,654,71231.69
E-YL,121.7580181,24.7546626,655,71249.32
E-YL,121.7579634,24.7545190,656,71266.21
E-YL,121.7577523,24.7539652,657,71331.37
E-YL,121.7568811,24.7517765,658,71590.16
E-YL,121.7566558,24.7510572,659,71673.31
E-YL,121.7565016,24.7504542,660,71742.15
E-YL,121.7564669,24.7501382,661,71777.47
E-YL,121.7564376,24.7499329,662,71800.49
E-YL,121.7564372,24.7495396,663,71844.21
E-YL,121.7565109,24.7487414,664,71933.28
E-YL,121.7566897,24.7480382,665,72013.53
E-YL,121.7577850,24.7457682,666,72289.11
E-YL,121.7589534,24.7434787,667,72569.71
E-YL,121.7607837,24.7399246,668,73006.00
E-YL,121.7638545,24.7339563,669,73738.53
E-YL,121.7663565,24.7291088,670,74333.84
E-YL,121.7672559,24.7273461,671,74549.87
E-YL,121.7685923,24.7252181,672,74822.28
E-YL,121.7710327,24.7206097,673,75390.92
E-YL,121.7713298,24.7195953,674,75507.63
E-YL,121.7727775,24.7134823,675,76202.91
E-YL,121.7738017,24.7082445,676,76794.46
E-YL,121.7739997,24.7075571,677,76873.45
E-YL,121.7743000,24.7063588,678,77010.11
E-YL,121.7745367,24.7053516,679,77124.63
E-YL,121.7745386,24.7053433,680,77125.57
E-YL,121.7746182,24.7049881,681,77165.88
E-YL,121.7746894,24.7046629,682,77202.75
E-YL,121.7748113,24.7040794,683,77268.79
E-YL,121.7751075,24.7029408,684,77398.88
E-YL,121.7755246,24.7010468,685,77613.66
E-YL,121.7754582,24.6987635,686,77867.64
E-YL,121.7753511,24.6966716,687,78100.51
E-YL,121.7753113,24.6953054,688,78252.47
E-YL,121.7752653,24.6946273,689,78328.02
E-YL,121.7752509,24.6941660,690,78379.33
E-YL,121.7752261,24.6933662,691,78468.30
E-YL,121.7751007,24.6899940,692,78843.48
E-YL,121.7749240,24.6851028,693,79387.65
E-YL,121.7747511,24.6808136,694,79864.91
E-YL,121.7746875,24.6789794,695,80068.97
E-YL,121.7746406,24.6779281,696,80185.96
E-YL,121.7746389,24.6778904,697,80190.16
E-YL,121.7745661,24.6762664,698,80370.89
E-YL,121.7745613,24.6754829,699,80458.01
E-YL,121.7745889,24.6748808,700,80525.02
E-YL,121.7752816,24.6719057,701,80863.16
E-YL,121.7764322,24.6668930,702,81432.54
E-YL,121.7770631,24.6640901,703,81750.66
E-YL,121.7773894,24.6627507,704,81903.20
E-YL,121.7776666,24.6619276,705,81998.92
E-YL,121.7779652,24.6611903,706,82086.28
E-YL,121.7806423,24.6562079,707,82702.82
E-YL,121.7827602,24.6521456,708,83202.68
E-YL,121.7862484,24.6456594,709,84005.45
E-YL,121.7875072,24.6432091,710,84306.14
E-YL,121.7881937,24.6420410,711,84453.40
E-YL,121.7894521,24.6401605,712,84698.15
E-YL,121.7903805,24.6388048,713,84875.72
E-YL,121.7909714,24.6380241,714,84981.08
E-YL,121.7915236,24.6373690,715,85072.85
E-YL,121.7922989,24.6365517,716,85192.86
E-YL,121.7923510,24.6364993,717,85200.71
E-YL,121.7929527,24.6358945,718,85291.37
E-YL,121.7955666,24.6332180,719,85689.34
E-YL,121.7968208,24.6319501,720,85878.94
E-YL,121.7977872,24.6310349,721,86019.99
E-YL,121.8024913,24.6261655,722,86740.59
E-YL,121.8039685,24.6246107,723,86969.04
E-YL,121.8051630,24.6233281,724,87155.90
E-YL,121.8065879,24.6213628,725,87417.63
E-YL,121.8081417,24.6192274,726,87702.32
E-YL,121.8088206,24.6183304,727,87823.39
E-YL,121.8094537,24.6176438,728,87923.02
E-YL,121.8102346,24.6169704,729,88031.81
E-YL,121.8109860,24.6164820,730,88125.19
E-YL,121.8117742,24.6160404,731,88218.78
E-YL,121.8125061,24.6157354,732,88300.18
E-YL,121.8136476,24.6154348,733,88420.32
E-YL,121.8144865,24.6152422,734,88507.78
E-YL,121.8153075,24.6151753,735,88591.11
E-YL,121.8159773,24.6151717,736,88658.82
E-YL,121.8170628,24.6152283,737,88768.73
E-YL,121.8198697,24.6156183,738,89055.77
E-YL,121.8212398,24.6157756,739,89195.38
E-YL,121.8221322,24.6158621,740,89286.10
E-YL,121.8228979,24.6157626,741,89364.29
E-YL,121.8230314,24.6157098,742,89379.02
E-YL,121.8230460,24.6157041,743,89380.62
E-YL,121.8233477,24.6155849,744,89413.88
E-YL,121.8240634,24.6152427,745,89495.62
E-YL,121.8244313,24.6148989,746,89548.95
E-YL,121.8249794,24.6141478,747,89649.19
E-YL,121.8255627,24.6132422,748,89765.87
E-YL,121.8259081,24.6125189,749,89853.55
E-YL,121.8261598,24.6118583,750,89931.29
E-YL,121.8263503,24.6114273,751,89982.95
E-YL,121.8266696,24.6107137,752,90068.61
E-YL,121.8271448,24.6098654,753,90174.45
E-YL,121.8277599,24.6090584,754,90283.63
E-YL,121.8278002,24.6090056,755,90290.78
E-YL,121.8290608,24.6075055,756,90500.70
E-YL,121.8293416,24.6071643,757,90548.08
E-YL,121.8294890,24.6069787,758,90573.54
E-YL,121.8298260,24.6065651,759,90630.77
E-YL,121.8304844,24.6058328,760,90735.94
E-YL,121.8311380,24.6051054,761,90840.38
E-YL,121.8317467,24.6047115,762,90915.92
E-YL,121.8324738,24.6044244,763,90996.06
E-YL,121.8334822,24.6040139,764,91107.76
E-YL,121.8339945,24.6037295,765,91168.45
E-YL,121.8343217,24.6034488,766,91213.93
E-YL,121.8347526,24.6029248,767,91286.68
E-YL,121.8349459,24.6025296,768,91334.77
E-YL,121.8350686,24.6021204,769,91381.93
E-YL,121.8351124,24.6016401,770,91435.53
E-YL,121.8350735,24.6010921,771,91496.59
E-YL,121.8347480,24.5998685,772,91636.57
E-YL,121.8346311,24.5993818,773,91691.96
E-YL,121.8346053,24.5990308,774,91731.08
E-YL,121.8346294,24.5985326,775,91786.53
E-YL,121.8347094,24.5981918,776,91825.28
E-YL,121.8349103,24.5977535,777,91878.07
E-YL,121.8352025,24.5972610,778,91940.30
E-YL,121.8356075,24.5968881,779,91998.57
E-YL,121.8361371,24.5965586,780,92063.46
E-YL,121.8367294,24.5963352,781,92128.29
E-YL,121.8373708,24.5962141,782,92194.52
E-YL,121.8410365,24.5955624,783,92572.17
E-YL,121.8443363,24.5949957,784,92911.69
E-YL,121.8462621,24.5946732,785,93109.68
E-YL,121.8480495,24.5947348,786,93290.53
E-YL,121.8496947,24.5948696,787,93457.54
E-YL,121.8511428,24.5949431,788,93604.18
E-YL,121.8514511,24.5949557,789,93635.39
E-YL,121.8515269,24.5949588,790,93643.06
E-YL,121.8534483,24.5951235,791,93838.18
E-YL,121.8562121,24.5952941,792,94118.27
W-PL,120.5956440,22.3677145,1,0.00
W-PL,120.5951285,22.3684259,2,95.22
W-PL,120.5929855,22.3713824,3,490.99
W-PL,120.5918882,22.3729081,4,694.73
W-PL,120.5896740,22.3757747,5,1086.44
W-PL,120.5882746,22.3776792,6,1342.48
W-PL,120.5847174,22.3824237,7,1984.42
W-PL,120.5823067,22.3856463,8,2420.13
W-PL,120.5794922,22.3894087,9,2928.81
W-PL,120.5781264,22.3912491,10,3177.00
W-PL,120.5775987,22.3919533,11,3272.26
W-PL,120.5760332,22.3940392,12,3554.57
W-PL,120.5751048,22.3952566,13,3720.21
W-PL,120.5735511,22.3973368,14,4001.31
W-PL,120.5725614,22.3986260,15,4177.10
W-PL,120.5724638,22.3987604,16,4195.10
W-PL,120.5714906,22.4001028,17,4374.79
W-PL,120.5709547,22.4006521,18,4457.06
W-PL,120.5703777,22.4011799,19,4540.50
W-PL,120.5700087,22.4014654,20,4589.96
W-PL,120.5693302,22.4019872,21,4680.70
W-PL,120.5685683,22.4024643,22,4775.30
W-PL,120.5678359,22.4028640,23,4862.72
W-PL,120.5642576,22.4048198,24,5290.06
W-PL,120.5615390,22.4062716,25,5612.81
W-PL,120.5557973,22.4094038,26,6298.14
W-PL,120.5536775,22.4105356,27,6549.79
W-PL,120.5498961,22.4125828,28,7000.25
W-PL,120.5485156,22.4133235,29,7164.33
W-PL,120.5478759,22.4136439,30,7239.12
W-PL,120.5477847,22.4136895,31,7249.78
W-PL,120.5458175,22.4148468,32,7489.47
W-PL,120.5441300,22.4157119,33,7687.82
W-PL,120.5425239,22.4166365,34,7882.32
W-PL,120.5398971,22.4180506,35,8194.77
W-PL,120.5379580,22.4191411,36,8428.08
W-PL,120.5371728,22.4195906,37,8523.01
W-PL,120.5359723,22.4202309,38,8665.48
W-PL,120.5338878,22.4213794,39,8914.91
W-PL,120.5233924,22.4270457,40,10164.23
W-PL,120.5163416,22.4308907,41,11005.64
W-PL,120.5156133,22.4312943,42,11092.92
W-PL,120.5153770,22.4314252,43,11121.24
W-PL,120.5134547,22.4324939,44,11351.80
W-PL,120.5131659,22.4326535,45,11386.38
W-PL,120.5122961,22.4331760,46,11493.00
W-PL,120.5115442,22.4337882,47,11595.99
W-PL,120.5110436,22.4345755,48,11697.54
W-PL,120.5107933,22.4351469,49,11766.07
W-PL,120.5106773,22.4360621,50,11868.54
W-PL,120.5107066,22.4370109,51,11974.08
W-PL,120.5107462,22.4393362,52,12232.68
W-PL,120.5108222,22.4421229,53,12542.64
W-PL,120.5108807,22.4450018,54,12862.81
W-PL,120.5109396,22.4477554,55,13169.07
W-PL,120.5109575,22.4487125,56,13275.51
W-PL,120.5111289,22.4543492,57,13902.52
W-PL,120.5111544,22.4551126,58,13987.46
W-PL,120.5111437,22.4561694,59,14104.97
W-PL,120.5111631,22.4568124,60,14176.49
W-PL,120.5111809,22.4574046,61,14242.37
W-PL,120.5112282,22.4589264,62,14411.65
W-PL,120.5112370,22.4599437,63,14524.78
W-PL,120.5112356,22.4607322,64,14612.46
W-PL,120.5112876,22.4637037,65,14942.91
W-PL,120.5113032,22.4657187,66,15166.98
W-PL,120.5114173,22.4698461,67,15626.07
W-PL,120.5115339,22.4732080,68,16000.09
W-PL,120.5116010,22.4755785,69,16263.76
W-PL,120.5116809,22.4793939,70,16688.10
W-PL,120.5117555,22.4814898,71,16921.28
W-PL,120.5117873,22.4835937,72,17155.24
W-PL,120.5118849,22.4875658,73,17597.04
W-PL,120.5118957,22.4882879,74,17677.34
W-PL,120.5119455,22.4892716,75,17786.85
W-PL,120.5120000,22.4898745,76,17854.11
W-PL,120.5120426,22.4903018,77,17901.83
W-PL,120.5120679,22.4920414,78,18095.28
W-PL,120.5121010,22.4943169,79,18348.33
W-PL,120.5122091,22.4982527,80,18786.11
W-PL,120.5122104,22.4996838,81,18945.25
W-PL,120.5123422,22.5016679,82,19166.28
W-PL,120.5122794,22.5027181,83,19283.24
W-PL,120.5123888,22.5052186,84,19561.50
W-PL,120.5123409,22.5079562,85,19865.95
W-PL,120.5124759,22.5090597,86,19989.43
W-PL,120.5126504,22.5098147,87,20075.28
W-PL,120.5130250,22.5107514,88,20186.32
W-PL,120.5134978,22.5115074,89,20283.41
W-PL,120.5145799,22.5127415,90,20460.00
W-PL,120.5146985,22.5128647,91,20478.33
W-PL,120.5166925,22.5149347,92,20786.44
W-PL,120.5204960,22.5192290,93,21403.41
W-PL,120.5223495,22.5212374,94,21696.87
W-PL,120.5263540,22.5253857,95,22314.90
W-PL,120.5314830,22.5308579,96,23119.73
W-PL,120.5336551,22.5331082,97,23454.96
W-PL,120.5339489,22.5335508,98,23512.70
W-PL,120.5341660,22.5339904,99,23566.42
W-PL,120.5345208,22.5346910,100,23652.42
W-PL,120.5347145,22.5359041,101,23788.77
W-PL,120.5348879,22.5380721,102,24030.50
W-PL,120.5352521,22.5412529,103,24386.16
W-PL,120.5352687,22.5424847,104,24523.14
W-PL,120.5355963,22.5452593,105,24833.49
W-PL,120.5357882,22.5470268,106,25031.02
W-PL,120.5359040,22.5477240,107,25109.45
W-PL,120.5361422,22.5499741,108,25360.83
W-PL,120.5362703,22.5511818,109,25495.77
W-PL,120.5363861,22.5518626,110,25572.41
W-PL,120.5366352,22.5542147,111,25835.19
W-PL,120.5370357,22.5582049,112,26280.79
W-PL,120.5374159,22.5627630,113,26789.12
W-PL,120.5378589,22.5664405,114,27200.56
W-PL,120.5380127,22.5681695,115,27393.47
W-PL,120.5383759,22.5716438,116,27781.59
W-PL,120.5385474,22.5744731,117,28096.68
W-PL,120.5388361,22.5772859,118,28410.86
W-PL,120.5392577,22.5810182,119,28828.12
W-PL,120.5394287,22.5830572,120,29055.52
W-PL,120.5394685,22.5834827,121,29103.02
W-PL,120.5394861,22.5843823,122,29203.07
W-PL,120.5395993,22.5858532,123,29367.03
W-PL,120.5396442,22.5862759,124,29414.26
W-PL,120.5397340,22.5871213,125,29508.71
W-PL,120.5399871,22.5883183,126,29644.33
W-PL,120.5401026,22.5891084,127,29732.98
W-PL,120.5404667,22.5929123,128,30157.60
W-PL,120.5405023,22.5937213,129,30247.64
W-PL,120.5404793,22.5944019,130,30323.34
W-PL,120.5403207,22.5950077,131,30392.65
W-PL,120.5399990,22.5957969,132,30486.42
W-PL,120.5396602,22.5964024,133,30562.19
W-PL,120.5389443,22.5975389,134,30708.39
W-PL,120.5374923,22.5997047,135,30991.61
W-PL,120.5359393,22.6019962,136,31292.18
W-PL,120.5335697,22.6054627,137,31747.97
W-PL,120.5322363,22.6074649,138,32009.31
W-PL,120.5293908,22.6118293,139,32575.73
W-PL,120.5283959,22.6132422,140,32763.11
W-PL,120.5282351,22.6136093,141,32807.14
W-PL,120.5278781,22.6143436,142,32896.64
W-PL,120.5272781,22.6152061,143,33010.62
W-PL,120.5264682,22.6163688,144,33164.33
W-PL,120.5256063,22.6176067,145,33327.95
W-PL,120.5247301,22.6188552,146,33493.37
W-PL,120.5219018,22.6232567,147,34062.41
W-PL,120.5190675,22.6275813,148,34624.43
W-PL,120.5186370,22.6282696,149,34712.80
W-PL,120.5164452,22.6314747,150,35134.25
W-PL,120.5141008,22.6350364,151,35597.65
W-PL,120.5131925,22.6364162,152,35777.18
W-PL,120.5120877,22.6381232,153,35998.27
W-PL,120.5080252,22.6442941,154,36801.17
W-PL,120.5073269,22.6453625,155,36939.91
W-PL,120.5057364,22.6477845,156,37254.83
W-PL,120.5054232,22.6483096,157,37321.48
W-PL,120.5041490,22.6502589,158,37574.62
W-PL,120.5031096,22.6518109,159,37777.49
W-PL,120.5027220,22.6523937,160,37853.53
W-PL,120.5003160,22.6560115,161,38325.54
W-PL,120.4973517,22.6605588,162,38915.61
W-PL,120.4947177,22.6645177,163,39432.18
W-PL,120.4932020,22.6666599,164,39716.65
W-PL,120.4923933,22.6676149,165,39851.41
W-PL,120.4919386,22.6679817,166,39913.38
W-PL,120.4915409,22.6682225,167,39962.19
W-PL,120.4910941,22.6684149,168,40012.78
W-PL,120.4905418,22.6685350,169,40071.00
W-PL,120.4867525,22.6690490,170,40463.98
W-PL,120.4861556,22.6691316,171,40525.91
W-PL,120.4799864,22.6699841,172,41165.96
W-PL,120.4794167,22.6699169,173,41224.89
W-PL,120.4785307,22.6696359,174,41321.02
W-PL,120.4782779,22.6695697,175,41347.98
W-PL,120.4765646,22.6690570,176,41532.79
W-PL,120.4684590,22.6669257,177,42397.57
W-PL,120.4678783,22.6667492,178,42460.31
W-PL,120.4653151,22.6660298,179,42735.20
W-PL,120.4633768,22.6654858,180,42943.07
W-PL,120.4604190,22.6646581,181,43260.22
W-PL,120.4592451,22.6643488,182,43385.48
W-PL,120.4570325,22.6637504,183,43622.06
W-PL,120.4562132,22.6634607,184,43712.09
W-PL,120.4515553,22.6626505,185,44198.45
W-PL,120.4478457,22.6625382,186,44579.30
W-PL,120.4462407,22.6624775,187,44744.12
W-PL,120.4448850,22.6624950,188,44883.25
W-PL,120.4419246,22.6623964,189,45187.21
W-PL,120.4398436,22.6624222,190,45400.76
W-PL,120.4367998,22.6623231,191,45713.27
W-PL,120.4363938,22.6623306,192,45754.94
W-PL,120.4362306,22.6623337,193,45771.69
W-PL,120.4323432,22.6624058,194,46170.66
W-PL,120.4265885,22.6625769,195,46761.46
W-PL,120.4256370,22.6625007,196,46859.45
W-PL,120.4245223,22.6621013,197,46982.15
W-PL,120.4240066,22.6618169,198,47043.80
W-PL,120.4232205,22.6612097,199,47148.99
W-PL,120.4227794,22.6607349,200,47218.53
W-PL,120.4224334,22.6602157,201,47286.30
W-PL,120.4219675,22.6591994,202,47409.01
W-PL,120.4212861,22.6565342,203,47713.50
W-PL,120.4212359,22.6563376,204,47735.96
W-PL,120.4209717,22.6551443,205,47871.40
W-PL,120.4208035,22.6543265,206,47963.95
W-PL,120.4196746,22.6492216,207,48543.29
W-PL,120.4192929,22.6475080,208,48737.81
W-PL,120.4190798,22.6466005,209,48841.07
W-PL,120.4186772,22.6447522,210,49050.70
W-PL,120.4182739,22.6437337,211,49171.28
W-PL,120.4175614,22.6429361,212,49286.23
W-PL,120.4169791,22.6424926,213,49363.70
W-PL,120.4165275,22.6422376,214,49418.03
W-PL,120.4159452,22.6420708,215,49480.60
W-PL,120.4153510,22.6419152,216,49543.99
W-PL,120.4141145,22.6418690,217,49670.99
W-PL,120.4101102,22.6417885,218,50082.03
W-PL,120.4044729,22.6415777,219,50661.04
W-PL,120.4004545,22.6414386,220,51073.71
W-PL,120.3965551,22.6413330,221,51474.06
W-PL,120.3950690,22.6412753,222,51626.71
W-PL,120.3910777,22.6404750,223,52045.87
W-PL,120.3904082,22.6403408,224,52116.19
W-PL,120.3883543,22.6399265,225,52331.94
W-PL,120.3830611,22.6389551,226,52885.80
W-PL,120.3791254,22.6381711,227,53299.02
W-PL,120.3771846,22.6377512,228,53503.59
W-PL,120.3744485,22.6373106,229,53788.64
W-PL,120.3735782,22.6371084,230,53880.74
W-PL,120.3731911,22.6369617,231,53923.69
W-PL,120.3724167,22.6366524,232,54010.29
W-PL,120.3718334,22.6363626,233,54078.27
W-PL,120.3701710,22.6353135,234,54284.96
W-PL,120.3684681,22.6342267,235,54497.43
W-PL,120.3662631,22.6328858,236,54768.44
W-PL,120.3650824,22.6321958,237,54911.86
W-PL,120.3636913,22.6313440,238,55083.19
W-PL,120.3631482,22.6311268,239,55143.94
W-PL,120.3628521,22.6310457,240,55175.64
W-PL,120.3627800,22.6310130,241,55183.89
W-PL,120.3625457,22.6310129,242,55207.94
W-PL,120.3617617,22.6310308,243,55288.42
W-PL,120.3608411,22.6311639,244,55384.06
W-PL,120.3604886,22.6312258,245,55420.88
W-PL,120.3602725,22.6312987,246,55444.50
W-PL,120.3598629,22.6314553,247,55490.00
W-PL,120.3593625,22.6315904,248,55543.51
W-PL,120.3581804,22.6317438,249,55666.02
W-PL,120.3576294,22.6318183,250,55723.18
W-PL,120.3571917,22.6318774,251,55768.58
W-PL,120.3558164,22.6320509,252,55911.04
W-PL,120.3515955,22.6327169,253,56350.53
W-PL,120.3451877,22.6338594,254,57020.33
W-PL,120.3446782,22.6339429,255,57073.44
W-TL-C,120.5379806,24.0820185,1,0.00
W-TL-C,120.5400393,24.0847666,2,370.21
W-TL-C,120.5404720,24.0853401,3,447.64
W-TL-C,120.5408556,24.0858058,4,512.42
W-TL-C,120.5411197,24.0860725,5,552.40
W-TL-C,120.5418003,24.0865974,6,642.85
W-TL-C,120.5421334,24.0867923,7,683.02
W-TL-C,120.5425794,24.0870144,8,734.58
W-TL-C,120.5437023,24.0874235,9,857.32
W-TL-C,120.5473843,24.0887884,10,1260.72
W-TL-C,120.5492126,24.0894543,11,1460.54
W-TL-C,120.5510502,24.0901287,12,1661.58
W-TL-C,120.5548160,24.0915109,13,2073.59
W-TL-C,120.5578762,24.0926277,14,2408.14
W-TL-C,120.5608880,24.0936084,15,2732.72
W-TL-C,120.5634472,24.0945982,16,3014.85
W-TL-C,120.5657390,24.0955301,17,3269.52
W-TL-C,120.5684070,24.0965185,18,3561.78
W-TL-C,120.5701794,24.0971860,19,3756.40
W-TL-C,120.5717531,24.0980940,20,3945.37
W-TL-C,120.5723530,24.0985000,21,4021.17
W-TL-C,120.5734249,24.0994647,22,4173.96
W-TL-C,120.5744496,24.1004590,23,4325.76
W-TL-C,120.5749292,24.1010336,24,4406.09
W-TL-C,120.5752579,24.1015649,25,4473.93
W-TL-C,120.5756930,24.1024144,26,4578.21
W-TL-C,120.5758165,24.1029302,27,4636.92
W-TL-C,120.5766356,24.1054018,28,4924.04
W-TL-C,120.5771867,24.1070363,29,5114.21
W-TL-C,120.5773797,24.1076938,30,5189.90
W-TL-C,120.5776505,24.1084710,31,5280.58
W-TL-C,120.5778310,24.1089732,32,5339.35
W-TL-C,120.5779727,24.1094275,33,5391.87
W-TL-C,120.5779811,24.1094552,34,5395.07
W-TL-C,120.5781143,24.1098937,35,5445.67
W-TL-C,120.5787648,24.1118671,36,5674.82
W-TL-C,120.5790143,24.1131818,37,5823.18
W-TL-C,120.5790190,24.1142004,38,5936.45
W-TL-C,120.5788587,24.1149850,39,6025.20
W-TL-C,120.5785109,24.1158799,40,6130.78
W-TL-C,120.5781638,24.1165539,41,6213.59
W-TL-C,120.5777260,24.1171260,42,6291.19
W-TL-C,120.5774516,24.1174538,43,6337.05
W-TL-C,120.5770662,24.1177577,44,6388.74
W-TL-C,120.5765578,24.1181287,45,6454.81
W-TL-C,120.5762004,24.1183443,46,6498.28
W-TL-C,120.5757499,24.1185772,47,6550.83
W-TL-C,120.5746958,24.1189433,48,6665.29
W-TL-C,120.5735954,24.1193110,49,6784.21
W-TL-C,120.5725061,24.1195934,50,6899.14
W-TL-C,120.5712959,24.1198754,51,7025.90
W-TL-C,120.5700729,24.1201978,52,7155.09
W-TL-C,120.5700137,24.1202134,53,7161.35
W-TL-C,120.5699346,24.1202343,54,7169.70
W-TL-C,120.5692729,24.1204088,55,7239.60
W-TL-C,120.5667830,24.1210835,56,7503.20
W-TL-C,120.5647945,24.1216327,57,7714.03
W-TL-C,120.5636532,24.1219465,58,7835.00
W-TL-C,120.5624601,24.1222919,59,7962.02
W-TL-C,120.5616126,24.1226066,60,8054.88
W-TL-C,120.5609896,24.1229060,61,8126.34
W-TL-C,120.5602628,24.1232843,62,8211.25
W-TL-C,120.5594666,24.1237260,63,8305.80
W-TL-C,120.5578705,24.1249316,64,8516.06
W-TL-C,120.5573048,24.1255215,65,8603.23
W-TL-C,120.5558109,24.1275452,66,8874.55
W-TL-C,120.5533692,24.1311574,67,9346.50
W-TL-C,120.5508052,24.1348528,68,9832.86
W-TL-C,120.5497362,24.1363322,69,10029.90
W-TL-C,120.5481062,24.1387568,70,10346.20
W-TL-C,120.5451832,24.1428661,71,10890.96
W-TL-C,120.5447327,24.1436149,72,10985.94
W-TL-C,120.5442915,24.1443762,73,11081.70
W-TL-C,120.5441088,24.1448458,74,11137.11
W-TL-C,120.5439190,24.1454902,75,11211.31
W-TL-C,120.5435477,24.1474099,76,11428.06
W-TL-C,120.5431869,24.1492398,77,11634.81
W-TL-C,120.5431235,24.1496772,78,11683.87
W-TL-C,120.5431008,24.1498957,79,11708.28
W-TL-C,120.5428146,24.1510484,80,11839.70
W-TL-C,120.5426665,24.1514989,81,11892.00
W-TL-C,120.5423021,24.1535936,82,12127.83
W-TL-C,120.5422427,24.1539863,83,12171.91
W-TL-C,120.5422327,24.1540521,84,12179.30
W-TL-C,120.5420195,24.1552895,85,12318.59
W-TL-C,120.5417331,24.1569126,86,12501.38
W-TL-C,120.5414362,24.1583881,87,12668.19
W-TL-C,120.5411545,24.1594947,88,12794.52
W-TL-C,120.5407586,24.1610141,89,12968.18
W-TL-C,120.5403165,24.1627948,90,13171.20
W-TL-C,120.5401948,24.1633295,91,13231.93
W-TL-C,120.5399547,24.1643241,92,13345.17
W-TL-C,120.5395000,24.1659955,93,13536.66
W-TL-C,120.5393735,24.1666958,94,13615.58
W-TL-C,120.5393333,24.1670259,95,13652.51
W-TL-C,120.5386699,24.1717628,96,14183.51
W-TL-C,120.5384353,24.1732767,97,14353.52
W-TL-C,120.5380120,24.1762788,98,14690.10
W-TL-C,120.5377465,24.1784353,99,14931.39
W-TL-C,120.5376159,24.1793513,100,15034.11
W-TL-C,120.5375137,24.1803112,101,15141.35
W-TL-C,120.5374168,24.1810215,102,15220.94
W-TL-C,120.5373267,24.1821751,103,15349.54
W-TL-C,120.5373860,24.1830712,104,15449.35
W-TL-C,120.5375545,24.1840034,105,15554.41
W-TL-C,120.5379946,24.1854524,106,15721.61
W-TL-C,120.5385995,24.1867013,107,15873.43
W-TL-C,120.5391201,24.1875127,108,15977.97
W-TL-C,120.5397303,24.1884956,109,16103.57
W-TL-C,120.5401899,24.1891501,110,16190.00
W-TL-C,120.5408589,24.1903289,111,16337.60
W-TL-C,120.5413099,24.1913357,112,16458.53
W-TL-C,120.5417878,24.1930823,113,16658.71
W-TL-C,120.5425082,24.1953235,114,16918.41
W-TL-C,120.5428106,24.1964020,115,17042.19
W-TL-C,120.5431153,24.1975033,116,17168.49
W-TL-C,120.5431185,24.1975148,117,17169.81
W-TL-C,120.5431460,24.1976143,118,17181.21
W-TL-C,120.5433470,24.1983408,119,17264.53
W-TL-C,120.5438566,24.2001336,120,17470.47
W-TL-C,120.5439589,24.2004779,121,17510.14
W-TL-C,120.5440825,24.2008724,122,17555.77
W-TL-C,120.5441869,24.2011917,123,17592.81
W-TL-C,120.5457067,24.2062366,124,18174.58
W-TL-C,120.5474465,24.2121949,125,18860.20
W-TL-C,120.5480024,24.2140726,126,19076.47
W-TL-C,120.5492134,24.2181169,127,19542.64
W-TL-C,120.5496477,24.2194356,128,19695.74
W-TL-C,120.5506078,24.2216030,129,19955.67
W-TL-C,120.5517179,24.2241719,130,20262.70
W-TL-C,120.5546198,24.2308899,131,21065.57
W-TL-C,120.5549169,24.2315836,132,21148.38
W-TL-C,120.5560802,24.2341849,133,21460.77
W-TL-C,120.5566229,24.2354586,134,21612.71
W-TL-C,120.5571849,24.2368160,135,21774.04
W-TL-C,120.5573290,24.2371519,136,21814.15
W-TL-C,120.5573593,24.2372226,137,21822.59
W-TL-C,120.5577730,24.2381436,138,21933.25
W-TL-C,120.5591019,24.2412841,139,22307.56
W-TL-C,120.5599834,24.2432558,140,22544.31
W-TL-C,120.5615210,24.2467965,141,22967.76
W-TL-C,120.5621931,24.2483632,142,23154.82
W-TL-C,120.5625987,24.2492867,143,23265.44
W-TL-C,120.5635340,24.2514231,144,23521.22
W-TL-C,120.5644422,24.2535537,145,23775.40
W-TL-C,120.5657543,24.2565735,146,24136.57
W-TL-C,120.5684902,24.2628271,147,24885.21
W-TL-C,120.5688831,24.2637313,148,24993.36
W-TL-C,120.5692902,24.2647239,149,25111.19
W-TL-C,120.5712245,24.2691027,150,25636.09
W-TL-C,120.5714663,24.2696859,151,25705.42
W-TL-C,120.5722889,24.2715182,152,25925.56
W-TL-C,120.5726255,24.2721785,153,26006.52
W-TL-C,120.5730005,24.2726553,154,26071.77
W-TL-C,120.5733555,24.2730106,155,26125.20
W-TL-C,120.5736798,24.2732851,156,26170.06
W-TL-C,120.5742259,24.2736355,157,26237.75
W-TL-C,120.5746475,24.2738134,158,26284.84
W-TL-C,120.5750519,24.2739474,159,26328.46
W-TL-C,120.5758505,24.2741178,160,26411.59
W-TL-C,120.5761267,24.2741377,161,26439.68
W-TL-C,120.5790035,24.2742221,162,26731.43
W-TL-C,120.5806764,24.2742650,163,26901.07
W-TL-C,120.5815376,24.2744357,164,26990.41
W-TL-C,120.5824539,24.2748685,165,27095.02
W-TL-C,120.5827472,24.2750910,166,27133.69
W-TL-C,120.5830663,24.2753447,167,27176.61
W-TL-C,120.5835817,24.2759190,168,27259.12
W-TL-C,120.5836120,24.2759696,169,27265.52
W-TL-C,120.5842370,24.2768047,170,27377.94
W-TL-C,120.5849855,24.2778698,171,27518.59
W-TL-C,120.5857329,24.2788608,172,27652.31
W-TL-C,120.5869947,24.2803550,173,27861.98
W-TL-C,120.5876594,24.2811212,174,27970.60
W-TL-C,120.5903337,24.2842580,175,28412.34
W-TL-C,120.5922550,24.2865422,176,28732.39
W-TL-C,120.5939479,24.2885726,177,29015.96
W-TL-C,120.5955942,24.2905120,178,29288.63
W-TL-C,120.5966952,24.2917907,179,29469.37
W-TL-C,120.5970951,24.2922695,180,29536.28
W-TL-C,120.5977546,24.2930787,181,29648.37
W-TL-C,120.5982165,24.2937154,182,29733.25
W-TL-C,120.5985691,24.2943088,183,29808.28
W-TL-C,120.5991133,24.2953375,184,29935.27
W-TL-C,120.5992738,24.2956676,185,29975.42
W-TL-C,120.5994446,24.2960550,186,30021.85
W-TL-C,120.6000298,24.2973084,187,30173.31
W-TL-C,120.6007654,24.2987915,188,30354.29
W-TL-C,120.6011381,24.2996477,189,30456.71
W-TL-C,120.6018297,24.3018665,190,30713.19
W-TL-C,120.6020616,24.3027414,191,30813.28
W-TL-C,120.6023452,24.3037312,192,30927.03
W-TL-C,120.6025272,24.3043309,193,30996.21
W-TL-C,120.6025310,24.3043432,194,30997.64
W-TL-C,120.6026910,24.3048740,195,31058.85
W-TL-C,120.6034140,24.3070546,196,31312.15
W-TL-C,120.6040544,24.3090248,197,31540.63
W-TL-C,120.6047567,24.3111910,198,31791.80
W-TL-C,120.6059567,24.3148655,199,32218.09
W-TL-C,120.6072473,24.3190918,200,32705.90
W-TL-C,120.6089749,24.3246612,201,33349.45
W-TL-C,120.6096358,24.3264960,202,33564.18
W-TL-C,120.6099913,24.3273022,203,33660.79
W-TL-C,120.6105960,24.3282488,204,33782.58
W-TL-C,120.6110530,24.3288759,205,33866.28
W-TL-C,120.6115623,24.3294410,206,33947.59
W-TL-C,120.6123107,24.3301887,207,34060.12
W-TL-C,120.6131473,24.3308312,208,34170.98
W-TL-C,120.6145846,24.3318089,209,34352.71
W-TL-C,120.6160004,24.3326582,210,34524.45
W-TL-C,120.6180356,24.3338769,211,34771.19
W-TL-C,120.6187800,24.3343088,212,34860.60
W-TL-C,120.6198739,24.3349723,213,34993.74
W-TL-C,120.6206344,24.3355335,214,35092.89
W-TL-C,120.6212943,24.3361213,215,35186.39
W-TL-C,120.6213303,24.3361489,216,35191.15
W-TL-C,120.6220663,24.3368982,217,35302.97
W-TL-C,120.6237197,24.3391715,218,35606.22
W-TL-C,120.6248884,24.3409649,219,35838.13
W-TL-C,120.6259438,24.3424346,220,36033.43
W-TL-C,120.6271698,24.3443479,221,36279.78
W-TL-C,120.6271715,24.3443505,222,36280.11
W-TL-C,120.6272182,24.3444234,223,36289.50
W-TL-C,120.6288131,24.3467514,224,36594.65
W-TL-C,120.6300168,24.3485110,225,36825.20
W-TL-C,120.6310614,24.3500497,226,37026.37
W-TL-C,120.6313615,24.3504934,227,37084.32
W-TL-C,120.6317471,24.3510921,228,37161.51
W-TL-C,120.6320900,24.3515420,229,37222.42
W-TL-C,120.6325995,24.3520880,230,37302.10
W-TL-C,120.6330519,24.3525525,231,37371.15
W-TL-C,120.6335355,24.3530554,232,37445.49
W-TL-C,120.6344713,24.3540705,233,37592.90
W-TL-C,120.6354260,24.3551148,234,37744.02
W-TL-C,120.6362702,24.3560433,235,37878.08
W-TL-C,120.6367225,24.3565652,236,37952.02
W-TL-C,120.6380984,24.3584559,237,38204.26
W-TL-C,120.6392318,24.3600304,238,38413.62
W-TL-C,120.6397877,24.3607866,239,38514.82
W-TL-C,120.6405720,24.3619399,240,38665.68
W-TL-C,120.6414189,24.3630791,241,38818.66
W-TL-C,120.6420999,24.3639072,242,38933.72
W-TL-C,120.6429274,24.3648750,243,39070.12
W-TL-C,120.6437895,24.3658391,244,39208.39
W-TL-C,120.6453807,24.3676178,245,39463.52
W-TL-C,120.6462854,24.3686472,246,39610.15
W-TL-C,120.6479494,24.3705660,247,39882.05
W-TL-C,120.6489958,24.3717389,248,40050.11
W-TL-C,120.6497304,24.3725605,249,40167.93
W-TL-C,120.6502833,24.3731780,250,40256.53
W-TL-C,120.6511727,24.3741451,251,40396.81
W-TL-C,120.6522633,24.3754283,252,40577.25
W-TL-C,120.6531850,24.3765026,253,40728.86
W-TL-C,120.6537264,24.3771259,254,40817.25
W-TL-C,120.6543873,24.3778644,255,40923.19
W-TL-C,120.6544077,24.3778872,256,40926.45
W-TL-C,120.6546781,24.3781840,257,40969.35
W-TL-C,120.6550318,24.3785862,258,41026.64
W-TL-C,120.6555725,24.3792324,259,41116.99
W-TL-C,120.6562328,24.3800653,260,41231.21
W-TL-C,120.6567059,24.3806349,261,41310.64
W-TL-C,120.6582557,24.3824062,262,41562.49
W-TL-C,120.6586977,24.3829089,263,41634.11
W-TL-C,120.6593270,24.3836126,264,41735.03
W-TL-C,120.6599252,24.3842877,265,41831.48
W-TL-C,120.6610745,24.3856280,266,42020.59
W-TL-C,120.6615891,24.3863172,267,42113.27
W-TL-C,120.6619058,24.3868817,268,42183.76
W-TL-C,120.6621391,24.3874269,269,42248.82
W-TL-C,120.6622944,24.3878764,270,42301.22
W-TL-C,120.6624184,24.3883353,271,42353.77
W-TL-C,120.6625357,24.3890617,272,42435.41
W-TL-C,120.6625490,24.3896292,273,42498.52
W-TL-C,120.6625214,24.3904570,274,42590.62
W-TL-C,120.6623383,24.3913954,275,42696.59
W-TL-C,120.6622316,24.3918648,276,42749.90
W-TL-C,120.6620960,24.3923526,277,42805.85
W-TL-C,120.6618872,24.3931607,278,42898.17
W-TL-C,120.6584208,24.4044373,279,44200.27
W-TL-C,120.6579114,24.4062045,280,44403.44
W-TL-C,120.6577996,24.4065596,281,44444.51
W-TL-C,120.6577583,24.4066751,282,44458.02
W-TL-C,120.6577569,24.4066790,283,44458.47
W-TL-C,120.6577371,24.4067476,284,44466.36
W-TL-C,120.6574120,24.4077311,285,44580.56
W-TL-C,120.6567008,24.4100290,286,44846.03
W-TL-C,120.6562616,24.4115805,287,45024.19
W-TL-C,120.6559690,24.4125264,288,45133.47
W-TL-C,120.6558003,24.4131332,289,45203.07
W-TL-C,120.6554168,24.4143529,290,45344.14
W-TL-C,120.6548187,24.4163103,291,45570.06
W-TL-C,120.6543703,24.4178037,292,45742.21
W-TL-C,120.6540938,24.4186657,293,45842.07
W-TL-C,120.6537333,24.4199513,294,45989.60
W-TL-C,120.6534797,24.4207187,295,46078.72
W-TL-C,120.6532392,24.4214684,296,46165.56
W-TL-C,120.6531704,24.4216552,297,46187.47
W-TL-C,120.6527999,24.4228288,298,46323.25
W-TL-C,120.6523204,24.4244515,299,46510.11
W-TL-C,120.6511395,24.4281134,300,46934.48
W-TL-C,120.6506565,24.4297076,301,47118.37
W-TL-C,120.6504149,24.4305224,302,47212.22
W-TL-C,120.6501409,24.4314088,303,47314.61
W-TL-C,120.6499189,24.4321346,304,47398.38
W-TL-C,120.6497032,24.4328423,305,47480.05
W-TL-C,120.6493833,24.4338714,306,47598.97
W-TL-C,120.6490567,24.4349839,307,47727.02
W-TL-C,120.6489445,24.4354136,308,47776.14
W-TL-C,120.6488345,24.4361738,309,47861.39
W-TL-C,120.6487881,24.4370128,310,47954.80
W-TL-C,120.6488074,24.4374114,311,47999.17
W-TL-C,120.6488459,24.4378280,312,48045.66
W-TL-C,120.6489171,24.4382149,313,48089.28
W-TL-C,120.6490469,24.4388101,314,48156.75
W-TL-C,120.6493131,24.4395365,315,48241.90
W-TL-C,120.6498721,24.4408228,316,48395.72
W-TL-C,120.6509248,24.4429246,317,48652.58
W-TL-C,120.6511781,24.4434725,318,48718.67
W-TL-C,120.6512100,24.4435343,319,48726.27
W-TL-C,120.6512427,24.4436105,320,48735.37
W-TL-C,120.6516171,24.4444223,321,48833.27
W-TL-C,120.6517445,24.4446708,322,48863.76
W-TL-C,120.6519351,24.4450632,323,48911.46
W-TL-C,120.6522692,24.4457937,324,48999.45
W-TL-C,120.6525874,24.4464606,325,49080.31
W-TL-C,120.6530564,24.4472492,326,49180.02
W-TL-C,120.6534429,24.4478940,327,49261.70
W-TL-C,120.6536644,24.4482301,328,49305.28
W-TL-C,120.6538203,24.4484645,329,49335.75
W-TL-C,120.6540388,24.4487517,330,49374.59
W-TL-C,120.6544112,24.4492428,331,49440.95
W-TL-C,120.6550875,24.4500768,332,49556.22
W-TL-C,120.6561664,24.4513767,333,49737.38
W-TL-C,120.6580858,24.4538015,334,50069.71
W-TL-C,120.6592032,24.4555718,335,50296.74
W-TL-C,120.6600076,24.4572841,336,50503.81
W-TL-C,120.6603395,24.4580971,337,50600.25
W-TL-C,120.6605870,24.4589033,338,50693.33
W-TL-C,120.6608192,24.4597024,339,50785.25
W-TL-C,120.6610768,24.4608168,340,50911.88
W-TL-C,120.6612945,24.4621642,341,51063.32
W-TL-C,120.6615564,24.4636851,342,51234.49
W-TL-C,120.6618030,24.4651620,343,51400.60
W-TL-C,120.6620732,24.4667340,344,51577.53
W-TL-C,120.6623238,24.4685244,345,51778.23
W-TL-C,120.6624651,24.4692519,346,51860.37
W-TL-C,120.6625169,24.4695544,347,51894.41
W-TL-C,120.6628205,24.4712082,348,52080.85
W-TL-C,120.6630950,24.4719971,349,52172.87
W-TL-C,120.6634112,24.4727080,350,52258.16
W-TL-C,120.6640354,24.4737049,351,52385.74
W-TL-C,120.6649875,24.4749062,352,52550.45
W-TL-C,120.6666942,24.4770505,353,52844.86
W-TL-C,120.6677970,24.4785436,354,53044.91
W-TL-C,120.6685567,24.4794865,355,53174.92
W-TL-C,120.6697794,24.4810563,356,53388.89
W-TL-C,120.6704438,24.4819273,357,53506.79
W-TL-C,120.6711207,24.4828072,358,53626.23
W-TL-C,120.6720053,24.4837558,359,53764.57
W-TL-C,120.6728177,24.4845316,360,53883.74
W-TL-C,120.6733176,24.4850391,361,53959.52
W-TL-C,120.6737446,24.4854796,362,54024.84
W-TL-C,120.6742025,24.4860826,363,54106.34
W-TL-C,120.6748059,24.4869439,364,54219.92
W-TL-C,120.6753568,24.4878911,365,54339.09
W-TL-C,120.6758810,24.4886844,366,54442.03
W-TL-C,120.6764281,24.4895288,367,54551.02
W-TL-C,120.6772725,24.4906559,368,54702.71
W-TL-C,120.6781380,24.4915807,369,54837.78
W-TL-C,120.6781507,24.4915958,370,54839.90
W-TL-C,120.6781708,24.4916198,371,54843.26
W-TL-C,120.6809132,24.4946169,372,55276.92
W-TL-C,120.6833605,24.4972618,373,55661.39
W-TL-C,120.6842197,24.4981953,374,55796.79
W-TL-C,120.6848311,24.4990625,375,55911.36
W-TL-C,120.6852729,24.4998458,376,56009.26
W-TL-C,120.6856578,24.5005766,377,56099.37
W-TL-C,120.6858314,24.5008494,378,56134.43
W-TL-C,120.6862177,24.5015180,379,56218.42
W-TL-C,120.6866567,24.5024287,380,56329.00
W-TL-C,120.6871027,24.5032930,381,56435.17
W-TL-C,120.6878653,24.5046469,382,56604.34
W-TL-C,120.6883850,24.5056155,383,56724.19
W-TL-C,120.6887873,24.5065778,384,56838.68
W-TL-C,120.6890463,24.5074443,385,56938.53
W-TL-C,120.6896737,24.5097808,386,57205.97
W-TL-C,120.6902688,24.5120037,387,57460.37
W-TL-C,120.6907732,24.5139337,388,57680.97
W-TL-C,120.6911871,24.5154814,389,57858.09
W-TL-C,120.6914323,24.5166704,390,57992.60
W-TL-C,120.6914510,24.5170108,391,58030.51
W-TL-C,120.6914890,24.5176380,392,58100.35
W-TL-C,120.6914545,24.5182531,393,58168.83
W-TL-C,120.6914321,24.5194236,394,58299.01
W-TL-C,120.6915334,24.5207257,395,58444.16
W-TL-C,120.6918221,24.5227748,396,58673.87
W-TL-C,120.6921378,24.5244955,397,58867.85
W-TL-C,120.6924844,24.5269030,398,59137.84
W-TL-C,120.6927289,24.5283726,399,59303.12
W-TL-C,120.6928770,24.5292449,400,59401.26
W-TL-C,120.6930828,24.5305174,401,59544.27
W-TL-C,120.6932691,24.5317301,402,59680.44
W-TL-C,120.6934757,24.5326801,403,59788.12
W-TL-C,120.6944019,24.5360574,404,60175.16
W-TL-C,120.6946921,24.5372036,405,60305.95
W-TL-C,120.6949056,24.5380222,406,60399.50
W-TL-C,120.6951901,24.5391694,407,60530.28
W-TL-C,120.6954033,24.5401135,408,60637.44
W-TL-C,120.6954081,24.5401342,409,60639.80
W-TL-C,120.6955971,24.5409440,410,60731.85
W-TL-C,120.6957830,24.5418359,411,60832.79
W-TL-C,120.6959136,24.5423660,412,60893.20
W-TL-C,120.6960817,24.5430651,413,60972.78
W-TL-C,120.6963147,24.5438957,414,61068.10
W-TL-C,120.6965157,24.5444814,415,61136.32
W-TL-C,120.6967809,24.5455510,416,61258.23
W-TL-C,120.6970029,24.5464265,417,61358.15
W-TL-C,120.6973645,24.5477045,418,61504.89
W-TL-C,120.6976380,24.5483169,419,61578.38
W-TL-C,120.6985288,24.5498655,420,61772.73
W-TL-C,120.7020201,24.5553856,421,62480.85
W-TL-C,120.7032516,24.5574631,422,62743.30
W-TL-C,120.7044544,24.5593548,423,62986.29
W-TL-C,120.7060051,24.5617924,424,63299.44
W-TL-C,120.7067952,24.5629917,425,63454.91
W-TL-C,120.7071335,24.5635359,426,63524.41
W-TL-C,120.7074197,24.5640261,427,63586.14
W-TL-C,120.7078100,24.5646480,428,63665.76
W-TL-C,120.7079792,24.5649111,429,63699.65
W-TL-C,120.7085843,24.5658619,430,63821.80
W-TL-C,120.7107836,24.5693121,431,64265.26
W-TL-C,120.7113495,24.5702926,432,64388.39
W-TL-C,120.7115895,24.5709858,433,64469.21
W-TL-C,120.7117055,24.5716609,434,64545.18
W-TL-C,120.7117299,24.5724135,435,64628.90
W-TL-C,120.7116760,24.5731539,436,64711.41
W-TL-C,120.7115829,24.5738704,437,64791.64
W-TL-C,120.7115092,24.5746944,438,64883.57
W-TL-C,120.7114878,24.5754588,439,64968.59
W-TL-C,120.7115451,24.5761039,440,65040.56
W-TL-C,120.7116652,24.5768303,441,65122.24
W-TL-C,120.7119269,24.5776753,442,65219.86
W-TL-C,120.7122192,24.5783746,443,65303.04
W-TL-C,120.7125762,24.5793070,444,65412.82
W-TL-C,120.7129138,24.5802154,445,65519.44
W-TL-C,120.7139851,24.5829826,446,65845.65
W-TL-C,120.7155435,24.5869929,447,66318.60
W-TL-C,120.7161800,24.5885639,448,66504.77
W-TL-C,120.7166260,24.5896725,449,66636.03
W-TL-C,120.7171306,24.5905384,450,66745.00
W-TL-C,120.7172898,24.5908051,451,66778.73
W-TL-C,120.7177989,24.5916183,452,66882.79
W-TL-C,120.7196356,24.5942440,453,67228.81
W-TL-C,120.7205007,24.5954219,454,67386.30
W-TL-C,120.7212396,24.5963580,455,67514.43
W-TL-C,120.7224531,24.5976858,456,67706.40
W-TL-C,120.7230271,24.5982599,457,67792.67
W-TL-C,120.7235904,24.5988076,458,67876.05
W-TL-C,120.7241689,24.5993579,459,67960.70
W-TL-C,120.7250426,24.6002082,460,68090.09
W-TL-C,120.7258201,24.6009812,461,68206.57
W-TL-C,120.7270342,24.6021479,462,68385.16
W-TL-C,120.7276668,24.6026875,463,68472.86
W-TL-C,120.7287145,24.6034426,464,68608.03
W-TL-C,120.7305408,24.6045906,465,68832.50
W-TL-C,120.7312847,24.6049563,466,68917.99
W-TL-C,120.7318656,24.6051723,467,68981.44
W-TL-C,120.7324858,24.6053585,468,69047.47
W-TL-C,120.7330783,24.6055120,469,69109.76
W-TL-C,120.7336538,24.6055957,470,69168.68
W-TL-C,120.7346699,24.6056526,471,69271.60
W-TL-C,120.7352760,24.6056344,472,69332.90
W-TL-C,120.7358211,24.6055937,473,69388.20
W-TL-C,120.7364124,24.6055499,474,69448.17
W-TL-C,120.7368730,24.6055187,475,69494.87
W-TL-C,120.7375487,24.6054791,476,69563.32
W-TL-C,120.7385352,24.6054108,477,69663.35
W-TL-C,120.7392618,24.6053489,478,69737.12
W-TL-C,120.7398489,24.6053139,479,69796.61
W-TL-C,120.7405353,24.6052814,480,69866.10
W-TL-C,120.7406849,24.6052771,481,69881.23
W-TL-C,120.7408463,24.6052737,482,69897.55
W-TL-C,120.7410958,24.6052723,483,69922.77
W-TL-C,120.7412839,24.6052775,484,69941.80
W-TL-C,120.7415678,24.6052939,485,69970.56
W-TL-C,120.7417828,24.6053168,486,69992.44
W-TL-C,120.7420283,24.6053540,487,70017.61
W-TL-C,120.7424424,24.6054372,488,70060.48
W-TL-C,120.7427101,24.6055032,489,70088.53
W-TL-C,120.7429448,24.6055757,490,70113.58
W-TL-C,120.7431502,24.6056411,491,70135.59
W-TL-C,120.7434288,24.6057475,492,70166.13
W-TL-C,120.7437331,24.6058741,493,70199.96
W-TL-C,120.7439604,24.6059933,494,70226.49
W-TL-C,120.7442976,24.6061637,495,70265.50
W-TL-C,120.7445835,24.6063370,496,70300.23
W-TL-C,120.7449551,24.6066059,497,70348.25
W-TL-C,120.7454324,24.6069506,498,70409.87
W-TL-C,120.7469980,24.6079924,499,70606.01
W-TL-C,120.7470082,24.6079947,500,70607.07
W-TL-C,120.7472979,24.6081815,501,70642.98
W-TL-C,120.7477439,24.6084394,502,70696.41
W-TL-C,120.7479401,24.6085732,503,70721.21
W-TL-C,120.7483982,24.6088786,504,70778.64
W-TL-C,120.7486987,24.6090721,505,70815.87
W-TL-C,120.7490065,24.6092724,506,70854.14
W-TL-C,120.7493803,24.6095167,507,70900.67
W-TL-C,120.7498469,24.6098409,508,70960.04
W-TL-C,120.7499882,24.6099428,509,70978.28
W-TL-C,120.7503460,24.6101668,510,71022.19
W-TL-C,120.7504424,24.6102105,511,71033.09
W-TL-C,120.7508236,24.6104070,512,71077.38
W-TL-C,120.7513560,24.6106106,513,71135.77
W-TL-C,120.7515145,24.6106731,514,71153.24
W-TL-C,120.7520724,24.6108916,515,71214.65
W-TL-C,120.7525047,24.6110490,516,71261.73
W-TL-C,120.7529491,24.6111954,517,71309.51
W-TL-C,120.7536160,24.6113888,518,71380.28
W-TL-C,120.7538139,24.6114554,519,71401.61
W-TL-C,120.7541501,24.6115571,520,71437.43
W-TL-C,120.7544504,24.6116584,521,71469.81
W-TL-C,120.7547748,24.6117709,522,71504.91
W-TL-C,120.7550511,24.6118392,523,71533.85
W-TL-C,120.7552554,24.6118734,524,71554.86
W-TL-C,120.7555075,24.6119090,525,71580.65
W-TL-C,120.7558022,24.6119483,526,71610.76
W-TL-C,120.7561563,24.6119915,527,71646.88
W-TL-C,120.7565288,24.6120057,528,71684.57
W-TL-C,120.7568772,24.6120197,529,71719.83
W-TL-C,120.7572378,24.6120119,530,71756.28
W-TL-C,120.7576318,24.6119654,531,71796.45
W-TL-C,120.7580431,24.6119202,532,71838.33
W-TL-C,120.7581922,24.6118895,533,71853.78
W-TL-C,120.7582111,24.6118856,534,71855.75
W-TL-C,120.7584351,24.6118394,535,71878.97
W-TL-C,120.7588463,24.6117928,536,71920.85
W-TL-C,120.7593160,24.6117501,537,71968.58
W-TL-C,120.7597708,24.6117140,538,72014.73
W-TL-C,120.7602698,24.6116648,539,72065.47
W-TL-C,120.7606882,24.6116217,540,72108.04
W-TL-C,120.7611175,24.6115753,541,72151.74
W-TL-C,120.7614624,24.6115310,542,72186.96
W-TL-C,120.7617891,24.6114703,543,72220.67
W-TL-C,120.7620459,24.6114157,544,72247.33
W-TL-C,120.7621823,24.6113785,545,72261.73
W-TL-C,120.7623544,24.6113347,546,72279.80
W-TL-C,120.7624845,24.6113020,547,72293.44
W-TL-C,120.7626665,24.6112471,548,72312.82
W-TL-C,120.7629677,24.6111292,549,72345.97
W-TL-C,120.7632962,24.6109840,550,72382.90
W-TL-C,120.7635148,24.6108696,551,72408.40
W-TL-C,120.7637720,24.6107345,552,72438.42
W-TL-C,120.7640549,24.6105562,553,72473.22
W-TL-C,120.7643084,24.6103843,554,72505.20
W-TL-C,120.7647751,24.6100870,555,72562.80
W-TL-C,120.7650971,24.6098105,556,72607.59
W-TL-C,120.7652110,24.6096924,557,72625.05
W-TL-C,120.7654231,24.6094634,558,72658.34
W-TL-C,120.7656606,24.6092236,559,72694.22
W-TL-C,120.7660553,24.6088194,560,72754.32
W-TL-C,120.7662425,24.6086316,561,72782.50
W-TL-C,120.7663360,24.6085238,562,72797.77
W-TL-C,120.7664538,24.6083775,563,72817.93
W-TL-C,120.7667569,24.6080649,564,72864.26
W-TL-C,120.7668883,24.6079372,565,72883.71
W-TL-C,120.7671707,24.6077182,566,72921.23
W-TL-C,120.7674771,24.6075041,567,72960.30
W-TL-C,120.7678720,24.6072567,568,73008.79
W-TL-C,120.7683526,24.6070223,569,73063.92
W-TL-C,120.7689694,24.6068183,570,73130.28
W-TL-C,120.7696780,24.6066270,571,73205.00
W-TL-C,120.7702899,24.6064958,572,73268.56
W-TL-C,120.7710100,24.6063660,573,73342.78
W-TL-C,120.7716526,24.6062313,574,73409.45
W-TL-C,120.7723677,24.6060940,575,73483.34
W-TL-C,120.7730303,24.6059622,576,73551.91
W-TL-C,120.7734520,24.6059008,577,73595.09
W-TL-C,120.7738596,24.6058611,578,73636.53
W-TL-C,120.7742483,24.6058482,579,73675.86
W-TL-C,120.7748121,24.6058458,580,73732.86
W-TL-C,120.7752227,24.6058753,581,73774.49
W-TL-C,120.7755749,24.6059019,582,73810.22
W-TL-C,120.7759250,24.6059550,583,73846.11
W-TL-C,120.7763560,24.6060488,584,73890.91
W-TL-C,120.7766697,24.6061165,585,73923.51
W-TL-C,120.7770081,24.6062121,586,73959.33
W-TL-C,120.7773236,24.6063154,587,73993.23
W-TL-C,120.7776801,24.6064485,588,74032.19
W-TL-C,120.7784202,24.6068043,589,74116.83
W-TL-C,120.7790976,24.6071744,590,74196.73
W-TL-C,120.7797242,24.6075536,591,74272.83
W-TL-C,120.7800451,24.6077635,592,74312.78
W-TL-C,120.7804196,24.6080275,593,74360.69
W-TL-C,120.7808617,24.6083650,594,74419.06
W-TL-C,120.7810824,24.6085603,595,74450.19
W-TL-C,120.7814306,24.6088646,596,74499.02
W-TL-C,120.7816653,24.6091131,597,74535.44
W-TL-C,120.7820878,24.6095939,598,74603.88
W-TL-C,120.7830535,24.6108567,599,74774.89
W-TL-C,120.7834322,24.6113674,600,74843.38
W-TL-C,120.7843895,24.6125911,601,75010.35
W-TL-C,120.7846289,24.6128948,602,75051.90
W-TL-C,120.7848576,24.6131942,603,75092.43
W-TL-C,120.7850938,24.6135190,604,75135.73
W-TL-C,120.7860603,24.6148358,605,75311.76
W-TL-C,120.7869603,24.6160000,606,75469.98
W-TL-C,120.7869618,24.6160020,607,75470.25
W-TL-C,120.7871853,24.6162908,608,75509.51
W-TL-C,120.7872500,24.6163745,609,75520.90
W-TL-C,120.7878449,24.6171299,610,75624.20
W-TL-C,120.7887298,24.6182071,611,75773.69
W-TL-C,120.7891471,24.6187594,612,75848.20
W-TL-C,120.7895230,24.6192284,613,75912.72
W-TL-C,120.7898381,24.6196602,614,75970.35
W-TL-C,120.7905382,24.6207106,615,76106.91
W-TL-C,120.7908186,24.6211658,616,76164.92
W-TL-C,120.7911059,24.6217828,617,76239.42
W-TL-C,120.7912933,24.6222561,618,76295.35
W-TL-C,120.7916172,24.6231309,619,76397.99
W-TL-C,120.7924754,24.6256798,620,76694.39
W-TL-C,120.7929630,24.6271353,621,76863.57
W-TL-C,120.7933219,24.6281714,622,76984.36
W-TL-C,120.7937979,24.6295695,623,77147.10
W-TL-C,120.7940085,24.6301969,624,77220.03
W-TL-C,120.7942513,24.6307496,625,77286.22
W-TL-C,120.7945915,24.6314705,626,77373.44
W-TL-C,120.7950988,24.6322874,627,77477.75
W-TL-C,120.7956658,24.6332091,628,77595.17
W-TL-C,120.7965485,24.6345683,629,77770.68
W-TL-C,120.7978790,24.6367166,630,78044.80
W-TL-C,120.7992358,24.6388899,631,78322.66
W-TL-C,120.8006122,24.6411563,632,78610.53
W-TL-C,120.8017072,24.6428921,633,78833.02
W-TL-C,120.8025050,24.6441402,634,78993.52
W-TL-C,120.8031325,24.6450843,635,79116.17
W-TL-C,120.8034223,24.6455458,636,79175.25
W-TL-C,120.8035391,24.6457560,637,79201.44
W-TL-C,120.8035400,24.6457577,638,79201.65
W-TL-C,120.8035581,24.6457901,639,79205.69
W-TL-C,120.8038034,24.6462311,640,79260.63
W-TL-C,120.8044382,24.6472758,641,79393.34
W-TL-C,120.8051031,24.6483373,642,79529.16
W-TL-C,120.8056428,24.6492267,643,79642.10
W-TL-C,120.8063233,24.6503264,644,79782.40
W-TL-C,120.8071550,24.6517011,645,79956.84
W-TL-C,120.8079295,24.6529085,646,80112.24
W-TL-C,120.8084953,24.6538146,647,80228.09
W-TL-C,120.8088814,24.6544123,648,80305.16
W-TL-C,120.8094057,24.6550317,649,80392.06
W-TL-C,120.8097763,24.6554024,650,80447.75
W-TL-C,120.8103291,24.6558753,651,80524.47
W-TL-C,120.8110624,24.6564490,652,80622.25
W-TL-C,120.8120295,24.6571754,653,80749.04
W-TL-C,120.8133898,24.6582210,654,80929.09
W-TL-C,120.8146040,24.6591518,655,81089.60
W-TL-C,120.8157026,24.6599740,656,81233.42
W-TL-C,120.8166537,24.6607334,657,81361.35
W-TL-C,120.8172777,24.6612023,658,81443.19
W-TL-C,120.8178585,24.6615994,659,81516.62
W-TL-C,120.8184110,24.6619049,660,81581.99
W-TL-C,120.8189363,24.6621575,661,81642.04
W-TL-C,120.8193934,24.6623429,662,81692.62
W-TL-C,120.8197736,24.6624796,663,81733.93
W-TL-C,120.8201147,24.6626067,664,81771.19
W-TL-C,120.8208853,24.6628331,665,81853.03
W-TL-C,120.8222619,24.6632445,666,81999.47
W-TL-C,120.8232499,24.6635279,667,82104.16
W-TL-C,120.8238247,24.6637102,668,82165.68
W-TL-C,120.8240913,24.6637869,669,82193.94
W-TL-C,120.8267540,24.6645819,670,82477.15
W-TL-C,120.8274236,24.6647738,671,82548.10
W-TL-C,120.8279691,24.6649208,672,82605.59
W-TL-C,120.8286515,24.6650399,673,82675.81
W-TL-C,120.8295667,24.6651346,674,82768.89
W-TL-C,120.8303150,24.6651444,675,82844.51
W-TL-C,120.8309359,24.6651152,676,82907.34
W-TL-C,120.8313444,24.6650709,677,82948.91
W-TL-C,120.8317649,24.6650014,678,82992.10
W-TL-C,120.8323217,24.6648898,679,83049.71
W-TL-C,120.8328153,24.6647471,680,83102.06
W-TL-C,120.8340183,24.6643483,681,83231.46
W-TL-C,120.8352018,24.6639285,682,83359.83
W-TL-C,120.8364833,24.6634760,683,83498.76
W-TL-C,120.8384872,24.6627765,684,83715.69
W-TL-C,120.8392882,24.6624996,685,83802.28
W-TL-C,120.8401871,24.6621900,686,83899.43
W-TL-C,120.8408998,24.6619280,687,83977.12
W-TL-C,120.8415799,24.6616092,688,84054.45
W-TL-C,120.8423091,24.6611830,689,84142.06
W-TL-C,120.8431431,24.6606016,690,84248.28
W-TL-C,120.8437052,24.6601249,691,84325.98
W-TL-C,120.8440499,24.6598784,692,84370.30
W-TL-C,120.8444704,24.6595390,693,84427.13
W-TL-C,120.8449604,24.6591426,694,84493.42
W-TL-C,120.8453835,24.6588281,695,84548.65
W-TL-C,120.8458275,24.6585046,696,84606.16
W-TL-C,120.8462194,24.6582331,697,84655.96
W-TL-C,120.8466584,24.6578900,698,84714.48
W-TL-C,120.8477557,24.6571325,699,84853.72
W-TL-C,120.8486175,24.6565895,700,84959.70
W-TL-C,120.8491672,24.6562474,701,85027.03
W-TL-C,120.8497850,24.6558693,702,85102.30
W-TL-C,120.8502127,24.6556368,703,85152.66
W-TL-C,120.8507462,24.6554439,704,85210.68
W-TL-C,120.8513149,24.6552653,705,85271.49
W-TL-C,120.8519071,24.6551476,706,85332.75
W-TL-C,120.8524483,24.6550801,707,85387.95
W-TL-C,120.8530364,24.6550699,708,85447.40
W-TL-C,120.8535775,24.6550955,709,85502.15
W-TL-C,120.8542086,24.6551964,710,85566.92
W-TL-C,120.8548671,24.6553762,711,85636.40
W-TL-C,120.8562193,24.6558613,712,85783.31
W-TL-C,120.8574422,24.6562889,713,85915.72
W-TL-C,120.8578341,24.6564254,714,85958.13
W-TL-C,120.8581853,24.6565487,715,85996.18
W-TL-C,120.8582025,24.6565547,716,85998.05
W-TL-C,120.8591235,24.6569139,717,86099.33
W-TL-C,120.8601974,24.6573521,718,86218.29
W-TL-C,120.8608951,24.6576000,719,86293.99
W-TL-C,120.8616320,24.6578085,720,86371.98
W-TL-C,120.8622513,24.6579847,721,86437.56
W-TL-C,120.8629451,24.6581573,722,86510.26
W-TL-C,120.8635723,24.6582976,723,86575.53
W-TL-C,120.8641133,24.6584199,724,86631.87
W-TL-C,120.8647998,24.6585753,725,86703.36
W-TL-C,120.8655407,24.6587538,726,86780.81
W-TL-C,120.8664966,24.6590384,727,86882.47
W-TL-C,120.8673589,24.6593796,728,86977.51
W-TL-C,120.8679742,24.6596345,729,87045.85
W-TL-C,120.8689703,24.6601358,730,87160.90
W-TL-C,120.8697318,24.6606387,731,87256.03
W-TL-C,120.8703998,24.6611703,732,87345.76
W-TL-C,120.8711755,24.6618410,733,87453.95
W-TL-C,120.8718414,24.6625368,734,87556.49
W-TL-C,120.8727655,24.6637451,735,87720.12
W-TL-C,120.8738409,24.6653469,736,87928.76
W-TL-C,120.8742327,24.6659360,737,88005.29
W-TL-C,120.8746725,24.6665809,738,88089.67
W-TL-C,120.8753025,24.6675491,739,88214.73
W-TL-C,120.8764848,24.6693024,740,88443.38
W-TL-C,120.8772688,24.6704664,741,88595.14
W-TL-C,120.8778689,24.6713850,742,88713.92
W-TL-C,120.8783454,24.6721355,743,88810.26
W-TL-C,120.8787836,24.6729422,744,88910.30
W-TL-C,120.8791142,24.6736297,745,88993.73
W-TL-C,120.8795464,24.6748019,746,89131.19
W-TL-C,120.8797340,24.6754614,747,89206.93
W-TL-C,120.8800371,24.6769324,748,89373.35
W-TL-C,120.8800766,24.6775981,749,89447.47
W-TL-C,120.8801050,24.6780772,750,89500.83
W-TL-C,120.8801343,24.6785697,751,89555.67
W-TL-C,120.8803628,24.6818446,752,89920.55
W-TL-C,120.8804497,24.6838026,753,90138.45
W-TL-C,120.8806375,24.6866124,754,90451.46
W-TL-C,120.8806376,24.6866140,755,90451.64
W-TL-M,120.5379806,24.0820185,1,0.00
W-TL-M,120.5400393,24.0847666,2,370.21
W-TL-M,120.5404720,24.0853401,3,447.64
W-TL-M,120.5408556,24.0858058,4,512.42
W-TL-M,120.5411197,24.0860725,5,552.40
W-TL-M,120.5418003,24.0865974,6,642.85
W-TL-M,120.5421334,24.0867923,7,683.02
W-TL-M,120.5425794,24.0870144,8,734.58
W-TL-M,120.5437023,24.0874235,9,857.32
W-TL-M,120.5473843,24.0887884,10,1260.72
W-TL-M,120.5492126,24.0894543,11,1460.54
W-TL-M,120.5510502,24.0901287,12,1661.58
W-TL-M,120.5548160,24.0915109,13,2073.59
W-TL-M,120.5578762,24.0926277,14,2408.14
W-TL-M,120.5608880,24.0936084,15,2732.72
W-TL-M,120.5634472,24.0945982,16,3014.85
W-TL-M,120.5657390,24.0955301,17,3269.52
W-TL-M,120.5684070,24.0965185,18,3561.78
W-TL-M,120.5701794,24.0971860,19,3756.40
W-TL-M,120.5717531,24.0980940,20,3945.37
W-TL-M,120.5723530,24.0985000,21,4021.17
W-TL-M,120.5734249,24.0994647,22,4173.96
W-TL-M,120.5744496,24.1004590,23,4325.76
W-TL-M,120.5749292,24.1010336,24,4406.09
W-TL-M,120.5752579,24.1015649,25,4473.93
W-TL-M,120.5756930,24.1024144,26,4578.21
W-TL-M,120.5758165,24.1029302,27,4636.92
W-TL-M,120.5766356,24.1054018,28,4924.04
W-TL-M,120.5771867,24.1070363,29,5114.21
W-TL-M,120.5773797,24.1076938,30,5189.90
W-TL-M,120.5776505,24.1084710,31,5280.58
W-TL-M,120.5778310,24.1089732,32,5339.35
W-TL-M,120.5779727,24.1094275,33,5391.87
W-TL-M,120.5779811,24.1094552,34,5395.07
W-TL-M,120.5781143,24.1098937,35,5445.67
W-TL-M,120.5787648,24.1118671,36,5674.82
W-TL-M,120.5791139,24.1125728,37,5760.92
W-TL-M,120.5794828,24.1131651,38,5836.68
W-TL-M,120.5797873,24.1135661,39,5890.93
W-TL-M,120.5801893,24.1140152,40,5955.41
W-TL-M,120.5807538,24.1144945,41,6033.67
W-TL-M,120.5815655,24.1150283,42,6135.20
W-TL-M,120.5824114,24.1154403,43,6232.51
W-TL-M,120.5831993,24.1156647,44,6316.27
W-TL-M,120.5842139,24.1158251,45,6420.78
W-TL-M,120.5851938,24.1158528,46,6520.27
W-TL-M,120.5859383,24.1157736,47,6596.34
W-TL-M,120.5866547,24.1156275,48,6670.85
W-TL-M,120.5874251,24.1153897,49,6753.39
W-TL-M,120.5883392,24.1150658,50,6852.90
W-TL-M,120.5887778,24.1149081,51,6900.75
W-TL-M,120.5902384,24.1143923,52,7059.69
W-TL-M,120.5902535,24.1143870,53,7061.33
W-TL-M,120.5904779,24.1143087,54,7085.72
W-TL-M,120.5919666,24.1137894,55,7247.46
W-TL-M,120.5927246,24.1135295,56,7329.65
W-TL-M,120.5932288,24.1133588,57,7384.22
W-TL-M,120.5964221,24.1122170,58,7732.30
W-TL-M,120.5985263,24.1115944,59,7956.80
W-TL-M,120.5988338,24.1115219,60,7989.04
W-TL-M,120.5999776,24.1113520,61,8106.65
W-TL-M,120.6014148,24.1111945,62,8253.56
W-TL-M,120.6032230,24.1109949,63,8438.42
W-TL-M,120.6045040,24.1108549,64,8569.37
W-TL-M,120.6069565,24.1105960,65,8819.95
W-TL-M,120.6112639,24.1101170,66,9260.35
W-TL-M,120.6119610,24.1100144,67,9332.02
W-TL-M,120.6139402,24.1097813,68,9534.56
W-TL-M,120.6142993,24.1097390,69,9571.30
W-TL-M,120.6148048,24.1096795,70,9623.04
W-TL-M,120.6179169,24.1093765,71,9940.70
W-TL-M,120.6197826,24.1092012,72,10131.06
W-TL-M,120.6209705,24.1090709,73,10252.49
W-TL-M,120.6221080,24.1089517,74,10368.70
W-TL-M,120.6224464,24.1089226,75,10403.20
W-TL-M,120.6224775,24.1089192,76,10406.38
W-TL-M,120.6226547,24.1088993,77,10424.50
W-TL-M,120.6231364,24.1088407,78,10473.82
W-TL-M,120.6259403,24.1085115,79,10760.75
W-TL-M,120.6271196,24.1084563,80,10880.60
W-TL-M,120.6276253,24.1084808,81,10932.00
W-TL-M,120.6283426,24.1085668,82,11005.42
W-TL-M,120.6306833,24.1091103,83,11250.57
W-TL-M,120.6321614,24.1095806,84,11409.44
W-TL-M,120.6332575,24.1100360,85,11531.67
W-TL-M,120.6350243,24.1111093,86,11747.07
W-TL-M,120.6412083,24.1149105,87,12503.75
W-TL-M,120.6457737,24.1177295,88,13063.16
W-TL-M,120.6462297,24.1180208,89,13119.65
W-TL-M,120.6464831,24.1181755,90,13150.59
W-TL-M,120.6466273,24.1182582,91,13167.88
W-TL-M,120.6469734,24.1184726,92,13210.33
W-TL-M,120.6476573,24.1188845,93,13293.49
W-TL-M,120.6478157,24.1189798,94,13312.74
W-TL-M,120.6481828,24.1191927,95,13356.88
W-TL-M,120.6484491,24.1193575,96,13389.54
W-TL-M,120.6519744,24.1215384,97,13821.74
W-TL-M,120.6530194,24.1221490,98,13947.67
W-TL-M,120.6547830,24.1232521,99,14164.64
W-TL-M,120.6566551,24.1244409,100,14396.10
W-TL-M,120.6576816,24.1250584,101,14520.86
W-TL-M,120.6594079,24.1258854,102,14718.72
W-TL-M,120.6600112,24.1261490,103,14786.59
W-TL-M,120.6615162,24.1267655,104,14954.01
W-TL-M,120.6623317,24.1271253,105,15045.93
W-TL-M,120.6635124,24.1275738,106,15175.71
W-TL-M,120.6660780,24.1287100,107,15465.10
W-TL-M,120.6687241,24.1297980,108,15759.62
W-TL-M,120.6725946,24.1314235,109,16191.98
W-TL-M,120.6742582,24.1321004,110,16376.82
W-TL-M,120.6759939,24.1328507,111,16571.72
W-TL-M,120.6776062,24.1335111,112,16751.05
W-TL-M,120.6787960,24.1339854,113,16882.80
W-TL-M,120.6819777,24.1353466,114,17239.38
W-TL-M,120.6829867,24.1357740,115,17352.26
W-TL-M,120.6837773,24.1360862,116,17439.68
W-TL-M,120.6848739,24.1365252,117,17561.19
W-TL-M,120.6850571,24.1365899,118,17581.13
W-TL-M,120.6851139,24.1366099,119,17587.30
W-TL-M,120.6852220,24.1366480,120,17599.06
W-TL-M,120.6858710,24.1368771,121,17669.67
W-TL-M,120.6875747,24.1376135,122,17860.97
W-TL-M,120.6886121,24.1380408,123,17976.45
W-TL-M,120.6894235,24.1383936,124,18067.66
W-TL-M,120.6910278,24.1390901,125,18247.93
W-TL-M,120.6927081,24.1397764,126,18434.74
W-TL-M,120.6940032,24.1403738,127,18581.98
W-TL-M,120.6947207,24.1407981,128,18668.74
W-TL-M,120.6951572,24.1411573,129,18728.38
W-TL-M,120.6955703,24.1415237,130,18786.83
W-TL-M,120.6960522,24.1420879,131,18866.37
W-TL-M,120.6964807,24.1427154,132,18948.59
W-TL-M,120.6966615,24.1431140,133,18996.56
W-TL-M,120.6969241,24.1438136,134,19078.79
W-TL-M,120.6970814,24.1446308,135,19171.04
W-TL-M,120.6971009,24.1449024,136,19201.31
W-TL-M,120.6972159,24.1458057,137,19302.43
W-TL-M,120.6973926,24.1470889,138,19446.24
W-TL-M,120.6976943,24.1494284,139,19708.17
W-TL-M,120.6986313,24.1562055,140,20467.72
W-TL-M,120.6991792,24.1601341,141,20908.08
W-TL-M,120.6999264,24.1657640,142,21538.68
W-TL-M,120.7000442,24.1666004,143,21632.45
W-TL-M,120.7000562,24.1666856,144,21642.00
W-TL-M,120.7003772,24.1689758,145,21898.72
W-TL-M,120.7009403,24.1731433,146,22365.64
W-TL-M,120.7015961,24.1778175,147,22889.62
W-TL-M,120.7022361,24.1825633,148,23421.31
W-TL-M,120.7026351,24.1857080,149,23773.32
W-TL-M,120.7027163,24.1866398,150,23877.27
W-TL-M,120.7027314,24.1868358,151,23899.11
W-TL-M,120.7027774,24.1872420,152,23944.52
W-TL-M,120.7028643,24.1879206,153,24020.49
W-TL-M,120.7030028,24.1888669,154,24126.65
W-TL-M,120.7032742,24.1908838,155,24352.60
W-TL-M,120.7035508,24.1928815,156,24576.50
W-TL-M,120.7038231,24.1945114,157,24759.82
W-TL-M,120.7041103,24.1964661,158,24979.13
W-TL-M,120.7045889,24.1998508,159,25358.60
W-TL-M,120.7051875,24.2048775,160,25920.83
W-TL-M,120.7053781,24.2069443,161,26151.46
W-TL-M,120.7054694,24.2080267,162,26272.18
W-TL-M,120.7056218,24.2096898,163,26457.74
W-TL-M,120.7057435,24.2111664,164,26622.40
W-TL-M,120.7058889,24.2126165,165,26784.32
W-TL-M,120.7058980,24.2128119,166,26806.06
W-TL-M,120.7059084,24.2130362,167,26831.03
W-TL-M,120.7059702,24.2142676,168,26968.09
W-TL-M,120.7062029,24.2167114,169,27240.86
W-TL-M,120.7062697,24.2169972,170,27273.36
W-TL-M,120.7065060,24.2194314,171,27545.08
W-TL-M,120.7066287,24.2204350,172,27657.37
W-TL-M,120.7071854,24.2230305,173,27951.45
W-TL-M,120.7077687,24.2254230,174,28223.98
W-TL-M,120.7080424,24.2265129,175,28348.30
W-TL-M,120.7087032,24.2291851,176,28652.90
W-TL-M,120.7092297,24.2313457,177,28899.01
W-TL-M,120.7094420,24.2319625,178,28970.89
W-TL-M,120.7102607,24.2339660,179,29208.64
W-TL-M,120.7118565,24.2379874,180,29684.17
W-TL-M,120.7126025,24.2398904,181,29908.88
W-TL-M,120.7132662,24.2413728,182,30086.92
W-TL-M,120.7137491,24.2421477,183,30186.03
W-TL-M,120.7144350,24.2430043,184,30303.96
W-TL-M,120.7155262,24.2441553,185,30473.14
W-TL-M,120.7177219,24.2464344,186,30810.45
W-TL-M,120.7183324,24.2470545,187,30903.11
W-TL-M,120.7189916,24.2477569,188,31005.91
W-TL-M,120.7194900,24.2482783,189,31082.82
W-TL-M,120.7198477,24.2486535,190,31138.10
W-TL-M,120.7203115,24.2491458,191,31210.26
W-TL-M,120.7206201,24.2494900,192,31259.70
W-TL-M,120.7210415,24.2499818,193,31329.09
W-TL-M,120.7213978,24.2506098,194,31407.71
W-TL-M,120.7220965,24.2518864,195,31566.35
W-TL-M,120.7224337,24.2525893,196,31651.67
W-TL-M,120.7227448,24.2533496,197,31741.90
W-TL-M,120.7230924,24.2540383,198,31826.19
W-TL-M,120.7230927,24.2540389,199,31826.27
W-TL-M,120.7233104,24.2544782,200,31879.87
W-TL-M,120.7235700,24.2549278,201,31936.37
W-TL-M,120.7238501,24.2554580,202,32001.81
W-TL-M,120.7241842,24.2559712,203,32068.17
W-TL-M,120.7245383,24.2564580,204,32133.11
W-TL-M,120.7248942,24.2569659,205,32200.13
W-TL-M,120.7251700,24.2572958,206,32246.26
W-TL-M,120.7254403,24.2575926,207,32289.15
W-TL-M,120.7258303,24.2580137,208,32350.44
W-TL-M,120.7267347,24.2588403,209,32480.27
W-TL-M,120.7290195,24.2605613,210,32780.72
W-TL-M,120.7304452,24.2616341,211,32968.12
W-TL-M,120.7315431,24.2624770,212,33113.62
W-TL-M,120.7323757,24.2630852,213,33221.78
W-TL-M,120.7338937,24.2642039,214,33419.64
W-TL-M,120.7345391,24.2647018,215,33505.35
W-TL-M,120.7351176,24.2653405,216,33597.45
W-TL-M,120.7356112,24.2660723,217,33692.99
W-TL-M,120.7362969,24.2671868,218,33835.07
W-TL-M,120.7368381,24.2681067,219,33951.14
W-TL-M,120.7371302,24.2686411,220,34017.54
W-TL-M,120.7372937,24.2689783,221,34058.53
W-TL-M,120.7374221,24.2692688,222,34093.35
W-TL-M,120.7375232,24.2695305,223,34124.21
W-TL-M,120.7375892,24.2697241,224,34146.76
W-TL-M,120.7376825,24.2700002,225,34178.88
W-TL-M,120.7377523,24.2702834,226,34211.15
W-TL-M,120.7378182,24.2705487,227,34241.40
W-TL-M,120.7378608,24.2707387,228,34262.96
W-TL-M,120.7379420,24.2711510,229,34309.54
W-TL-M,120.7379806,24.2714055,230,34338.10
W-TL-M,120.7380152,24.2716635,231,34367.01
W-TL-M,120.7380342,24.2719287,232,34396.57
W-TL-M,120.7380567,24.2724233,233,34451.61
W-TL-M,120.7380602,24.2727222,234,34484.84
W-TL-M,120.7380412,24.2729915,235,34514.85
W-TL-M,120.7380144,24.2733378,236,34553.46
W-TL-M,120.7379749,24.2735349,237,34575.73
W-TL-M,120.7378932,24.2740523,238,34633.86
W-TL-M,120.7377414,24.2746615,239,34703.33
W-TL-M,120.7376700,24.2749885,240,34740.39
W-TL-M,120.7375148,24.2754871,241,34798.02
W-TL-M,120.7373772,24.2759049,242,34846.53
W-TL-M,120.7371409,24.2767167,243,34939.93
W-TL-M,120.7370097,24.2771585,244,34990.82
W-TL-M,120.7368129,24.2778032,245,35065.23
W-TL-M,120.7365046,24.2788239,246,35182.95
W-TL-M,120.7361242,24.2800631,247,35326.04
W-TL-M,120.7356204,24.2817106,248,35516.22
W-TL-M,120.7352110,24.2830430,249,35670.07
W-TL-M,120.7349355,24.2839169,250,35771.17
W-TL-M,120.7344708,24.2855812,251,35962.14
W-TL-M,120.7337143,24.2879609,252,36237.63
W-TL-M,120.7334324,24.2887846,253,36333.57
W-TL-M,120.7331763,24.2897337,254,36442.26
W-TL-M,120.7330050,24.2906592,255,36546.62
W-TL-M,120.7329442,24.2916803,256,36660.34
W-TL-M,120.7328708,24.2924805,257,36749.62
W-TL-M,120.7328566,24.2930538,258,36813.39
W-TL-M,120.7327961,24.2939377,259,36911.86
W-TL-M,120.7327232,24.2952419,260,37057.07
W-TL-M,120.7326309,24.2968673,261,37238.05
W-TL-M,120.7325193,24.2988419,262,37457.91
W-TL-M,120.7324269,24.3004291,263,37634.64
W-TL-M,120.7322705,24.3012633,264,37728.75
W-TL-M,120.7320928,24.3020633,265,37819.50
W-TL-M,120.7317467,24.3033722,266,37969.22
W-TL-M,120.7317285,24.3042956,267,38071.91
W-TL-M,120.7317040,24.3047808,268,38125.92
W-TL-M,120.7317273,24.3053397,269,38188.11
W-TL-M,120.7318275,24.3058310,270,38243.68
W-TL-M,120.7320883,24.3066774,271,38341.42
W-TL-M,120.7323907,24.3074215,272,38429.66
W-TL-M,120.7327981,24.3085402,273,38560.73
W-TL-M,120.7330704,24.3092216,274,38641.36
W-TL-M,120.7330799,24.3092432,275,38643.95
W-TL-M,120.7332909,24.3097236,276,38701.49
W-TL-M,120.7337058,24.3107994,277,38828.29
W-TL-M,120.7341486,24.3119244,278,38961.19
W-TL-M,120.7345982,24.3130203,279,39091.28
W-TL-M,120.7348339,24.3135959,280,39159.59
W-TL-M,120.7353397,24.3148450,281,39307.64
W-TL-M,120.7374675,24.3202796,282,39949.25
W-TL-M,120.7407676,24.3287780,283,40951.65
W-TL-M,120.7417492,24.3311884,284,41237.53
W-TL-M,120.7417926,24.3312993,285,41250.62
W-TL-M,120.7446823,24.3386825,286,42122.24
W-TL-M,120.7447705,24.3389058,287,42148.63
W-TL-M,120.7448638,24.3391797,288,42180.52
W-TL-M,120.7449078,24.3393020,289,42194.83
W-TL-M,120.7449831,24.3395110,290,42219.30
W-TL-M,120.7480169,24.3471296,291,43120.47
W-TL-M,120.7505481,24.3559587,292,44135.16
W-TL-M,120.7525578,24.3597385,293,44602.15
W-TL-M,120.7547516,24.3676150,294,45505.74
W-TL-M,120.7568145,24.3733356,295,46175.28
W-TL-M,120.7594654,24.3799567,296,46958.94
W-TL-M,120.7627012,24.3879263,297,47903.77
W-TL-M,120.7651868,24.3940478,298,48629.50
W-TL-M,120.7670990,24.3987566,299,49187.76
W-TL-M,120.7713537,24.4056554,300,50067.57
W-TL-M,120.7729336,24.4125022,301,50845.53
W-TL-M,120.7731732,24.4130192,302,50907.92
W-TL-M,120.7734329,24.4134500,303,50962.57
W-TL-M,120.7737093,24.4138490,304,51015.03
W-TL-M,120.7738753,24.4144188,305,51080.58
W-TL-M,120.7740464,24.4150354,306,51151.30
W-TL-M,120.7741232,24.4158597,307,51243.29
W-TL-M,120.7741369,24.4169276,308,51362.04
W-TL-M,120.7741733,24.4184972,309,51536.60
W-TL-M,120.7742417,24.4203813,310,51746.22
W-TL-M,120.7742389,24.4206219,311,51772.98
W-TL-M,120.7742385,24.4206592,312,51777.12
W-TL-M,120.7742383,24.4206781,313,51779.23
W-TL-M,120.7742228,24.4220163,314,51928.04
W-TL-M,120.7741880,24.4235922,315,52103.30
W-TL-M,120.7741156,24.4245315,316,52208.01
W-TL-M,120.7738885,24.4258866,317,52360.43
W-TL-M,120.7734882,24.4280689,318,52606.45
W-TL-M,120.7734032,24.4289667,319,52706.66
W-TL-M,120.7734171,24.4299271,320,52813.46
W-TL-M,120.7735554,24.4314252,321,52980.62
W-TL-M,120.7737100,24.4325004,322,53101.20
W-TL-M,120.7740030,24.4350092,323,53381.74
W-TL-M,120.7742655,24.4370808,324,53613.62
W-TL-M,120.7745907,24.4390665,325,53836.86
W-TL-M,120.7748453,24.4411524,326,54070.23
W-TL-M,120.7750074,24.4424785,327,54218.60
W-TL-M,120.7751928,24.4438620,328,54373.57
W-TL-M,120.7753858,24.4453817,329,54543.68
W-TL-M,120.7755410,24.4461702,330,54632.76
W-TL-M,120.7757122,24.4467940,331,54704.25
W-TL-M,120.7759068,24.4474035,332,54774.82
W-TL-M,120.7760703,24.4479269,333,54835.33
W-TL-M,120.7762105,24.4483356,334,54882.94
W-TL-M,120.7763973,24.4489307,335,54951.77
W-TL-M,120.7765469,24.4493757,336,55003.51
W-TL-M,120.7766542,24.4497624,337,55047.87
W-TL-M,120.7767867,24.4501353,338,55091.44
W-TL-M,120.7770202,24.4508738,339,55176.90
W-TL-M,120.7773972,24.4520388,340,55311.94
W-TL-M,120.7776437,24.4528633,341,55406.96
W-TL-M,120.7780265,24.4540703,342,55546.65
W-TL-M,120.7784098,24.4550324,343,55660.45
W-TL-M,120.7788453,24.4559826,344,55774.93
W-TL-M,120.7795672,24.4573334,345,55941.96
W-TL-M,120.7805036,24.4590966,346,56159.73
W-TL-M,120.7812126,24.4604056,347,56322.01
W-TL-M,120.7818774,24.4617801,348,56489.01
W-TL-M,120.7823307,24.4628081,349,56612.17
W-TL-M,120.7827082,24.4641369,350,56764.79
W-TL-M,120.7831503,24.4665670,351,57038.69
W-TL-M,120.7834918,24.4683592,352,57240.95
W-TL-M,120.7840581,24.4714561,353,57590.04
W-TL-M,120.7847669,24.4752149,354,58014.11
W-TL-M,120.7850386,24.4765769,355,58168.04
W-TL-M,120.7853127,24.4781870,356,58349.21
W-TL-M,120.7854376,24.4798861,357,58538.57
W-TL-M,120.7855853,24.4813137,358,58698.01
W-TL-M,120.7856744,24.4826517,359,58847.05
W-TL-M,120.7858730,24.4848258,360,59089.65
W-TL-M,120.7859765,24.4858797,361,59207.30
W-TL-M,120.7859856,24.4860920,362,59230.92
W-TL-M,120.7860104,24.4863527,363,59260.01
W-TL-M,120.7860481,24.4867494,364,59304.29
W-TL-M,120.7861502,24.4881160,365,59456.60
W-TL-M,120.7861300,24.4877051,366,59502.34
W-TL-M,120.7862012,24.4888518,367,59630.06
W-TL-M,120.7863393,24.4908343,368,59850.94
W-TL-M,120.7863980,24.4912586,369,59898.50
W-TL-M,120.7865661,24.4931645,370,60111.11
W-TL-M,120.7865370,24.4940506,371,60209.67
W-TL-M,120.7862327,24.4959813,372,60426.56
W-TL-M,120.7858376,24.4981701,373,60673.20
W-TL-M,120.7857222,24.4987987,374,60744.06
W-TL-M,120.7856066,24.4994709,375,60819.72
W-TL-M,120.7854590,24.5007954,376,60967.76
W-TL-M,120.7854585,24.5011699,377,61009.40
W-TL-M,120.7854945,24.5016260,378,61060.25
W-TL-M,120.7855460,24.5021830,379,61122.40
W-TL-M,120.7856289,24.5026824,380,61178.56
W-TL-M,120.7856704,24.5029850,381,61212.47
W-TL-M,120.7858312,24.5038879,382,61314.17
W-TL-M,120.7859969,24.5049827,383,61437.07
W-TL-M,120.7861421,24.5057463,384,61523.23
W-TL-M,120.7862870,24.5066922,385,61629.43
W-TL-M,120.7864530,24.5076574,386,61738.06
W-TL-M,120.7865773,24.5084981,387,61832.38
W-TL-M,120.7866863,24.5090310,388,61892.66
W-TL-M,120.7867743,24.5096361,389,61960.52
W-TL-M,120.7870024,24.5109279,390,62106.01
W-TL-M,120.7871476,24.5117059,391,62193.75
W-TL-M,120.7872980,24.5126231,392,62296.87
W-TL-M,120.7873756,24.5132713,393,62369.38
W-TL-M,120.7874948,24.5138764,394,62437.73
W-TL-M,120.7875517,24.5143517,395,62490.89
W-TL-M,120.7876657,24.5150289,396,62567.07
W-TL-M,120.7877383,24.5154563,397,62615.17
W-TL-M,120.7877953,24.5157828,398,62651.93
W-TL-M,120.7879302,24.5164024,399,62722.17
W-TL-M,120.7880236,24.5168779,400,62775.87
W-TL-M,120.7881589,24.5172863,401,62823.30
W-TL-M,120.7882734,24.5175649,402,62856.38
W-TL-M,120.7884764,24.5180165,403,62910.63
W-TL-M,120.7885961,24.5182664,404,62940.95
W-TL-M,120.7887106,24.5185450,405,62974.02
W-TL-M,120.7888460,24.5188190,406,63007.42
W-TL-M,120.7890698,24.5192755,407,63063.01
W-TL-M,120.7893199,24.5197273,408,63119.24
W-TL-M,120.7896219,24.5202176,409,63181.75
W-TL-M,120.7898356,24.5205348,410,63223.11
W-TL-M,120.7902107,24.5210925,411,63295.82
W-TL-M,120.7906538,24.5216935,412,63376.29
W-TL-M,120.7913102,24.5226165,413,63498.53
W-TL-M,120.7913110,24.5226175,414,63498.67
W-TL-M,120.7913241,24.5226362,415,63501.13
W-TL-M,120.7919744,24.5235626,416,63623.37
W-TL-M,120.7927341,24.5246113,417,63763.02
W-TL-M,120.7928898,24.5248468,418,63793.58
W-TL-M,120.7930922,24.5251400,419,63832.08
W-TL-M,120.7932841,24.5254380,420,63870.48
W-TL-M,120.7935291,24.5257879,421,63916.61
W-TL-M,120.7936476,24.5259571,422,63938.92
W-TL-M,120.7938767,24.5262739,423,63981.09
W-TL-M,120.7939850,24.5264235,424,64001.00
W-TL-M,120.7953451,24.5283990,425,64260.20
W-TL-M,120.7957552,24.5289662,426,64335.69
W-TL-M,120.7962328,24.5296439,427,64425.21
W-TL-M,120.7965495,24.5301007,428,64485.26
W-TL-M,120.7970459,24.5306966,429,64568.40
W-TL-M,120.7974692,24.5313183,430,64649.72
W-TL-M,120.7979121,24.5319639,431,64734.34
W-TL-M,120.7984006,24.5326573,432,64825.92
W-TL-M,120.7991627,24.5337573,433,64970.50
W-TL-M,120.7995924,24.5345163,434,65065.43
W-TL-M,120.7998850,24.5352334,435,65150.48
W-TL-M,120.8000539,24.5357771,436,65213.31
W-TL-M,120.8001707,24.5362430,437,65266.45
W-TL-M,120.8002419,24.5366612,438,65313.50
W-TL-M,120.8002932,24.5372525,439,65379.46
W-TL-M,120.8002791,24.5378856,440,65449.86
W-TL-M,120.8002458,24.5382857,441,65494.48
W-TL-M,120.8001996,24.5386320,442,65533.27
W-TL-M,120.8001468,24.5389544,443,65569.52
W-TL-M,120.8000220,24.5394679,444,65627.99
W-TL-M,120.7998776,24.5399275,445,65681.15
W-TL-M,120.7996873,24.5405603,446,65754.10
W-TL-M,120.7995035,24.5411334,447,65820.48
W-TL-M,120.7993197,24.5417535,448,65891.89
W-TL-M,120.7992534,24.5423096,449,65954.10
W-TL-M,120.7992140,24.5425545,450,65981.61
W-TL-M,120.7992071,24.5427874,451,66007.52
W-TL-M,120.7991871,24.5430680,452,66038.79
W-TL-M,120.7992959,24.5439205,453,66134.22
W-TL-M,120.7993353,24.5442806,454,66174.46
W-TL-M,120.7995011,24.5448975,455,66245.08
W-TL-M,120.7996941,24.5455179,456,66316.76
W-TL-M,120.7999202,24.5460193,457,66377.03
W-TL-M,120.8002977,24.5467365,458,66465.45
W-TL-M,120.8007016,24.5473103,459,66541.22
W-TL-M,120.8012296,24.5479142,460,66627.01
W-TL-M,120.8017955,24.5484558,461,66710.10
W-TL-M,120.8023043,24.5488647,462,66778.76
W-TL-M,120.8027067,24.5491648,463,66831.40
W-TL-M,120.8031958,24.5494455,464,66889.89
W-TL-M,120.8037386,24.5497711,465,66955.65
W-TL-M,120.8040621,24.5499817,466,66995.89
W-TL-M,120.8044274,24.5502211,467,67041.42
W-TL-M,120.8048031,24.5504413,468,67086.63
W-TL-M,120.8050327,24.5505850,469,67114.82
W-TL-M,120.8052206,24.5507381,470,67140.33
W-TL-M,120.8054815,24.5509104,471,67172.94
W-TL-M,120.8057841,24.5511306,472,67212.14
W-TL-M,120.8060658,24.5513412,473,67249.02
W-TL-M,120.8062954,24.5515230,474,67279.81
W-TL-M,120.8065146,24.5516667,475,67307.13
W-TL-M,120.8067546,24.5518390,476,67338.06
W-TL-M,120.8070051,24.5520113,477,67369.82
W-TL-M,120.8072764,24.5521836,478,67403.29
W-TL-M,120.8075061,24.5523082,479,67430.33
W-TL-M,120.8077252,24.5524613,480,67458.29
W-TL-M,120.8079653,24.5525763,481,67485.73
W-TL-M,120.8082681,24.5527105,482,67519.80
W-TL-M,120.8085936,24.5528115,483,67554.58
W-TL-M,120.8088799,24.5529249,484,67586.17
W-TL-M,120.8090254,24.5530123,485,67603.80
W-TL-M,120.8091376,24.5530817,486,67617.52
W-TL-M,120.8092524,24.5531511,487,67631.47
W-TL-M,120.8094142,24.5532660,488,67652.22
W-TL-M,120.8095656,24.5533498,489,67670.15
W-TL-M,120.8097065,24.5534264,490,67686.75
W-TL-M,120.8098761,24.5535147,491,67706.52
W-TL-M,120.8100578,24.5536190,492,67728.25
W-TL-M,120.8101782,24.5536687,493,67741.62
W-TL-M,120.8103947,24.5537791,494,67766.72
W-TL-M,120.8115512,24.5544984,495,67908.42
W-TL-M,120.8129603,24.5553496,496,68079.50
W-TL-M,120.8133703,24.5556069,497,68129.88
W-TL-M,120.8145846,24.5563049,498,68275.17
W-TL-M,120.8157045,24.5569705,499,68410.47
W-TL-M,120.8179077,24.5582093,500,68672.43
W-TL-M,120.8184548,24.5585129,501,68737.24
W-TL-M,120.8186668,24.5586472,502,68763.37
W-TL-M,120.8189570,24.5588233,503,68798.66
W-TL-M,120.8191855,24.5589750,504,68827.27
W-TL-M,120.8194246,24.5591411,505,68857.70
W-TL-M,120.8196270,24.5592962,506,68884.46
W-TL-M,120.8199673,24.5595527,507,68929.16
W-TL-M,120.8201619,24.5597242,508,68956.57
W-TL-M,120.8205004,24.5600238,509,69004.33
W-TL-M,120.8207816,24.5603033,510,69046.46
W-TL-M,120.8210722,24.5606480,511,69094.76
W-TL-M,120.8214254,24.5610752,512,69154.20
W-TL-M,120.8218047,24.5615361,513,69218.22
W-TL-M,120.8221516,24.5620967,514,69289.74
W-TL-M,120.8224694,24.5627593,515,69370.12
W-TL-M,120.8225716,24.5630014,516,69398.96
W-TL-M,120.8226684,24.5633324,517,69437.04
W-TL-M,120.8227520,24.5636639,518,69474.86
W-TL-M,120.8227921,24.5640549,519,69518.52
W-TL-M,120.8228287,24.5644337,520,69560.82
W-TL-M,120.8228337,24.5647350,521,69594.32
W-TL-M,120.8228167,24.5653523,522,69662.98
W-TL-M,120.8227731,24.5656386,523,69695.12
W-TL-M,120.8226638,24.5664959,524,69791.08
W-TL-M,120.8224828,24.5676705,525,69922.98
W-TL-M,120.8223037,24.5687911,526,70048.89
W-TL-M,120.8221501,24.5697516,527,70156.81
W-TL-M,120.8221237,24.5699272,528,70176.52
W-TL-M,120.8221140,24.5699913,529,70183.71
W-TL-M,120.8218759,24.5715753,530,70361.49
W-TL-M,120.8218244,24.5719196,531,70400.12
W-TL-M,120.8216036,24.5732280,532,70547.31
W-TL-M,120.8215011,24.5740603,533,70640.44
W-TL-M,120.8212355,24.5756969,534,70824.40
W-TL-M,120.8211376,24.5763627,535,70899.08
W-TL-M,120.8210654,24.5769229,536,70961.80
W-TL-M,120.8209722,24.5775930,537,71036.91
W-TL-M,120.8209206,24.5779713,538,71079.29
W-TL-M,120.8208328,24.5784978,539,71138.51
W-TL-M,120.8207654,24.5788281,540,71175.87
W-TL-M,120.8206932,24.5793835,541,71238.05
W-TL-M,120.8205179,24.5805928,542,71373.69
W-TL-M,120.8202347,24.5824019,543,71576.87
W-TL-M,120.8202021,24.5828360,544,71625.26
W-TL-M,120.8201926,24.5830127,545,71644.93
W-TL-M,120.8201983,24.5833048,546,71677.41
W-TL-M,120.8202355,24.5836877,547,71720.15
W-TL-M,120.8203628,24.5847552,548,71839.55
W-TL-M,120.8204419,24.5852435,549,71894.43
W-TL-M,120.8205194,24.5858185,550,71958.85
W-TL-M,120.8207480,24.5874933,551,72146.51
W-TL-M,120.8208431,24.5882497,552,72231.16
W-TL-M,120.8210172,24.5893027,553,72349.57
W-TL-M,120.8211227,24.5900160,554,72429.60
W-TL-M,120.8212813,24.5912175,555,72564.16
W-TL-M,120.8214512,24.5925147,556,72709.42
W-TL-M,120.8216909,24.5938528,557,72860.17
W-TL-M,120.8222232,24.5955784,558,73059.45
W-TL-M,120.8224960,24.5965215,559,73167.89
W-TL-M,120.8226484,24.5971151,560,73235.66
W-TL-M,120.8228217,24.5976751,561,73300.36
W-TL-M,120.8229901,24.5982592,562,73367.50
W-TL-M,120.8231587,24.5988386,563,73434.14
W-TL-M,120.8234165,24.5997147,564,73534.99
W-TL-M,120.8235691,24.6002463,565,73596.07
W-TL-M,120.8237900,24.6009500,566,73677.45
W-TL-M,120.8238240,24.6010267,567,73686.64
W-TL-M,120.8238466,24.6010775,568,73692.74
W-TL-M,120.8238563,24.6010994,569,73695.37
W-TL-M,120.8240000,24.6014239,570,73734.26
W-TL-M,120.8241311,24.6016872,571,73766.40
W-TL-M,120.8244090,24.6021516,572,73825.19
W-TL-M,120.8247127,24.6025584,573,73879.86
W-TL-M,120.8251685,24.6030946,574,73955.21
W-TL-M,120.8261525,24.6041859,575,74112.13
W-TL-M,120.8269325,24.6050284,576,74234.58
W-TL-M,120.8274245,24.6055309,577,74309.38
W-TL-M,120.8279113,24.6060144,578,74382.27
W-TL-M,120.8283457,24.6064499,579,74447.64
W-TL-M,120.8287277,24.6068089,580,74503.18
W-TL-M,120.8301931,24.6082495,581,74721.38
W-TL-M,120.8314152,24.6094119,582,74900.19
W-TL-M,120.8317912,24.6097821,583,74956.21
W-TL-M,120.8319291,24.6099082,584,74975.99
W-TL-M,120.8324052,24.6104583,585,75053.81
W-TL-M,120.8329075,24.6109306,586,75126.88
W-TL-M,120.8332403,24.6112475,587,75175.59
W-TL-M,120.8334621,24.6114747,588,75209.37
W-TL-M,120.8338405,24.6118394,589,75265.12
W-TL-M,120.8344598,24.6124026,590,75353.67
W-TL-M,120.8347458,24.6126778,591,75395.78
W-TL-M,120.8348812,24.6128059,592,75415.52
W-TL-M,120.8354948,24.6134355,593,75509.07
W-TL-M,120.8359682,24.6139516,594,75583.78
W-TL-M,120.8364987,24.6144682,595,75662.37
W-TL-M,120.8373675,24.6152655,596,75787.16
W-TL-M,120.8376207,24.6155358,597,75826.64
W-TL-M,120.8381019,24.6159347,598,75892.47
W-TL-M,120.8383751,24.6161503,599,75929.05
W-TL-M,120.8386819,24.6163716,600,75968.63
W-TL-M,120.8391388,24.6166707,601,76025.55
W-TL-M,120.8395892,24.6169340,602,76079.68
W-TL-M,120.8399809,24.6171613,603,76126.66
W-TL-M,120.8408100,24.6176101,604,76224.21
W-TL-M,120.8412800,24.6178794,605,76280.37
W-TL-M,120.8418284,24.6182204,606,76347.52
W-TL-M,120.8422657,24.6185374,607,76404.06
W-TL-M,120.8428530,24.6190337,608,76485.12
W-TL-M,120.8436343,24.6197983,609,76601.17
W-TL-M,120.8442933,24.6206650,610,76718.32
W-TL-M,120.8448436,24.6213985,611,76817.05
W-TL-M,120.8454363,24.6220969,612,76915.13
W-TL-M,120.8456255,24.6223213,613,76946.56
W-TL-M,120.8458235,24.6225197,614,76976.36
W-TL-M,120.8462062,24.6229310,615,77036.26
W-TL-M,120.8464281,24.6231403,616,77068.58
W-TL-M,120.8467282,24.6234511,617,77114.57
W-TL-M,120.8475112,24.6240331,618,77216.80
W-TL-M,120.8484155,24.6247262,619,77336.36
W-TL-M,120.8486905,24.6249370,620,77372.73
W-TL-M,120.8489280,24.6250479,621,77399.72
W-TL-M,120.8490716,24.6251436,622,77417.72
W-TL-M,120.8492414,24.6252274,623,77437.24
W-TL-M,120.8497792,24.6254863,624,77498.76
W-TL-M,120.8500706,24.6256582,625,77533.87
W-TL-M,120.8503383,24.6257839,626,77564.33
W-TL-M,120.8505929,24.6259335,627,77594.97
W-TL-M,120.8509259,24.6261249,628,77634.80
W-TL-M,120.8511218,24.6262565,629,77659.41
W-TL-M,120.8513372,24.6263702,630,77684.60
W-TL-M,120.8517681,24.6266573,631,77738.59
W-TL-M,120.8520749,24.6268905,632,77779.02
W-TL-M,120.8526035,24.6273748,633,77854.88
W-TL-M,120.8529233,24.6277095,634,77904.18
W-TL-M,120.8535824,24.6283372,635,78000.67
W-TL-M,120.8541567,24.6289290,636,78088.42
W-TL-M,120.8546591,24.6295029,637,78169.97
W-TL-M,120.8550416,24.6299746,638,78235.13
W-TL-M,120.8555035,24.6305842,639,78317.43
W-TL-M,120.8558010,24.6309428,640,78367.38
W-TL-M,120.8561141,24.6313803,641,78425.41
W-TL-M,120.8562864,24.6315668,642,78452.49
W-TL-M,120.8565682,24.6318895,643,78498.32
W-TL-M,120.8567249,24.6320474,644,78521.95
W-TL-M,120.8569050,24.6322124,645,78547.80
W-TL-M,120.8572084,24.6324313,646,78586.95
W-TL-M,120.8574250,24.6326058,647,78616.21
W-TL-M,120.8576926,24.6328330,648,78653.22
W-TL-M,120.8583202,24.6333268,649,78737.12
W-TL-M,120.8590149,24.6338881,650,78831.06
W-TL-M,120.8594174,24.6342425,651,78887.70
W-TL-M,120.8613878,24.6357306,652,79146.63
W-TL-M,120.8624233,24.6365717,653,79286.98
W-TL-M,120.8631604,24.6371220,654,79383.40
W-TL-M,120.8635047,24.6374235,655,79431.72
W-TL-M,120.8637549,24.6376579,656,79468.04
W-TL-M,120.8641148,24.6380120,657,79521.64
W-TL-M,120.8645162,24.6384522,658,79585.21
W-TL-M,120.8648342,24.6388013,659,79635.62
W-TL-M,120.8652461,24.6392893,660,79704.01
W-TL-M,120.8661743,24.6403179,661,79851.94
W-TL-M,120.8664767,24.6406623,662,79900.93
W-TL-M,120.8674167,24.6416929,663,80049.79
W-TL-M,120.8674263,24.6417033,664,80051.30
W-TL-M,120.8674411,24.6417196,665,80053.65
W-TL-M,120.8676377,24.6419141,666,80083.02
W-TL-M,120.8680409,24.6422794,667,80140.56
W-TL-M,120.8684217,24.6425999,668,80193.01
W-TL-M,120.8693775,24.6433154,669,80318.16
W-TL-M,120.8698778,24.6437151,670,80385.48
W-TL-M,120.8706859,24.6443181,671,80491.14
W-TL-M,120.8715208,24.6449259,672,80599.26
W-TL-M,120.8723345,24.6455580,673,80707.44
W-TL-M,120.8733146,24.6463159,674,80837.49
W-TL-M,120.8736913,24.6465962,675,80886.69
W-TL-M,120.8741866,24.6470842,676,80960.52
W-TL-M,120.8747068,24.6476307,677,81040.87
W-TL-M,120.8752683,24.6484524,678,81148.43
W-TL-M,120.8755357,24.6489729,679,81212.30
W-TL-M,120.8757595,24.6495205,680,81277.25
W-TL-M,120.8759567,24.6502413,681,81359.85
W-TL-M,120.8761737,24.6511780,682,81466.29
W-TL-M,120.8762358,24.6518661,683,81543.05
W-TL-M,120.8762736,24.6532349,684,81695.31
W-TL-M,120.8762937,24.6549837,685,81889.77
W-TL-M,120.8763776,24.6554946,686,81947.22
W-TL-M,120.8769009,24.6582073,687,82253.45
W-TL-M,120.8783007,24.6654975,688,83076.34
W-TL-M,120.8783478,24.6657649,689,83106.45
W-TL-M,120.8784756,24.6663331,690,83170.93
W-TL-M,120.8786266,24.6672058,691,83269.17
W-TL-M,120.8789639,24.6690097,692,83472.63
W-TL-M,120.8792026,24.6702521,693,83612.87
W-TL-M,120.8793340,24.6710241,694,83699.73
W-TL-M,120.8794033,24.6713820,695,83740.13
W-TL-M,120.8794418,24.6715926,696,83763.87
W-TL-M,120.8796651,24.6728000,697,83900.02
W-TL-M,120.8797570,24.6732558,698,83951.55
W-TL-M,120.8798640,24.6739491,699,84029.39
W-TL-M,120.8799108,24.6744377,700,84083.92
W-TL-M,120.8800371,24.6769324,701,84361.62
W-TL-M,120.8800766,24.6775981,702,84435.74
W-TL-M,120.8801050,24.6780772,703,84489.10
W-TL-M,120.8801343,24.6785697,704,84543.94
W-TL-M,120.8803628,24.6818446,705,84908.82
W-TL-M,120.8804497,24.6838026,706,85126.72
W-TL-M,120.8806375,24.6866124,707,85439.73
W-TL-M,120.8806376,24.6866140,708,85439.91
W-TL-S,120.5379806,24.0820185,1,0.00
W-TL-S,120.5378294,24.0818167,2,27.19
W-TL-S,120.5378126,24.0817942,3,30.22
W-TL-S,120.5375775,24.0814804,4,72.49
W-TL-S,120.5366562,24.0799495,5,266.72
W-TL-S,120.5365878,24.0798357,6,281.16
W-TL-S,120.5362467,24.0792690,7,353.06
W-TL-S,120.5354489,24.0776003,8,555.51
W-TL-S,120.5349788,24.0766737,9,669.06
W-TL-S,120.5346931,24.0757107,10,780.01
W-TL-S,120.5337503,24.0712733,11,1282.62
W-TL-S,120.5335043,24.0702213,12,1402.23
W-TL-S,120.5328764,24.0674279,13,1719.32
W-TL-S,120.5316322,24.0617855,14,2359.32
W-TL-S,120.5310253,24.0591054,15,2663.63
W-TL-S,120.5298195,24.0539903,16,3245.43
W-TL-S,120.5297173,24.0536850,17,3280.93
W-TL-S,120.5295582,24.0528361,18,3376.70
W-TL-S,120.5294775,24.0524144,19,3424.30
W-TL-S,120.5289992,24.0503610,20,3657.73
W-TL-S,120.5285353,24.0482919,21,3892.58
W-TL-S,120.5284557,24.0475767,22,3972.52
W-TL-S,120.5284607,24.0464716,23,4095.40
W-TL-S,120.5285467,24.0457050,24,4181.09
W-TL-S,120.5286996,24.0451512,25,4244.60
W-TL-S,120.5289421,24.0442820,26,4344.33
W-TL-S,120.5297489,24.0424103,27,4568.00
W-TL-S,120.5303114,24.0411686,28,4717.42
W-TL-S,120.5307481,24.0400658,29,4847.82
W-TL-S,120.5328735,24.0349837,30,5452.74
W-TL-S,120.5331567,24.0343538,31,5528.45
W-TL-S,120.5339905,24.0325216,32,5749.08
W-TL-S,120.5362174,24.0273947,33,6362.39
W-TL-S,120.5366927,24.0263546,34,6487.71
W-TL-S,120.5371130,24.0253207,35,6610.34
W-TL-S,120.5372548,24.0249720,36,6651.71
W-TL-S,120.5372638,24.0249498,37,6654.34
W-TL-S,120.5377560,24.0237394,38,6797.92
W-TL-S,120.5381955,24.0226323,39,6928.86
W-TL-S,120.5389361,24.0207929,40,7146.79
W-TL-S,120.5396777,24.0190772,41,7351.90
W-TL-S,120.5401691,24.0180275,42,7478.84
W-TL-S,120.5405484,24.0174134,43,7557.24
W-TL-S,120.5410059,24.0167399,44,7645.38
W-TL-S,120.5428931,24.0144521,45,7963.90
W-TL-S,120.5444993,24.0125397,46,8231.93
W-TL-S,120.5466278,24.0100076,47,8586.90
W-TL-S,120.5482473,24.0081885,48,8847.63
W-TL-S,120.5508198,24.0048418,49,9302.35
W-TL-S,120.5532488,24.0018387,50,9717.54
W-TL-S,120.5550921,23.9996327,51,10026.13
W-TL-S,120.5557815,23.9987675,52,10145.13
W-TL-S,120.5562281,23.9982241,53,10220.69
W-TL-S,120.5567372,23.9976307,54,10304.52
W-TL-S,120.5574501,23.9967727,55,10424.30
W-TL-S,120.5584640,23.9954534,56,10603.55
W-TL-S,120.5587584,23.9948831,57,10673.66
W-TL-S,120.5589575,23.9944179,58,10729.21
W-TL-S,120.5594313,23.9930910,59,10884.40
W-TL-S,120.5599664,23.9917128,60,11047.00
W-TL-S,120.5606156,23.9900430,61,11244.04
W-TL-S,120.5606275,23.9900125,62,11247.64
W-TL-S,120.5609475,23.9891850,63,11345.22
W-TL-S,120.5616757,23.9872281,64,11575.06
W-TL-S,120.5623968,23.9854384,65,11787.12
W-TL-S,120.5629315,23.9840035,66,11955.66
W-TL-S,120.5634003,23.9827984,67,12097.88
W-TL-S,120.5641710,23.9807490,68,12338.84
W-TL-S,120.5647227,23.9790723,69,12533.53
W-TL-S,120.5658456,23.9762349,70,12869.03
W-TL-S,120.5666876,23.9740298,71,13128.72
W-TL-S,120.5677029,23.9712948,72,13449.85
W-TL-S,120.5683955,23.9694405,73,13667.72
W-TL-S,120.5689128,23.9680410,74,13831.97
W-TL-S,120.5691434,23.9673641,75,13910.80
W-TL-S,120.5693798,23.9666265,76,13996.26
W-TL-S,120.5694838,23.9658528,77,14082.94
W-TL-S,120.5694807,23.9644193,78,14242.34
W-TL-S,120.5693981,23.9634802,79,14347.10
W-TL-S,120.5693798,23.9619392,80,14518.46
W-TL-S,120.5693829,23.9609932,81,14623.66
W-TL-S,120.5694497,23.9596746,82,14770.43
W-TL-S,120.5694586,23.9593449,83,14807.10
W-TL-S,120.5694593,23.9593278,84,14809.01
W-TL-S,120.5695260,23.9578185,85,14976.97
W-TL-S,120.5695993,23.9552101,86,15267.11
W-TL-S,120.5695935,23.9518902,87,15636.26
W-TL-S,120.5695103,23.9484510,88,16018.78
W-TL-S,120.5695275,23.9456200,89,16333.57
W-TL-S,120.5696397,23.9422152,90,16712.34
W-TL-S,120.5696003,23.9398495,91,16975.43
W-TL-S,120.5696216,23.9360593,92,17396.88
W-TL-S,120.5696643,23.9349629,93,17518.88
W-TL-S,120.5697840,23.9341246,94,17612.88
W-TL-S,120.5700130,23.9332580,95,17712.01
W-TL-S,120.5702886,23.9324346,96,17807.76
W-TL-S,120.5707574,23.9309452,97,17980.10
W-TL-S,120.5715593,23.9286758,98,18245.28
W-TL-S,120.5717147,23.9281582,99,18304.96
W-TL-S,120.5717426,23.9280654,100,18315.66
W-TL-S,120.5717655,23.9279888,101,18324.49
W-TL-S,120.5723200,23.9264628,102,18503.28
W-TL-S,120.5727231,23.9250890,103,18661.45
W-TL-S,120.5732029,23.9236367,104,18830.13
W-TL-S,120.5741081,23.9209673,105,19140.89
W-TL-S,120.5747350,23.9191683,106,19350.84
W-TL-S,120.5751816,23.9177043,107,19519.83
W-TL-S,120.5757762,23.9152470,108,19799.68
W-TL-S,120.5764377,23.9125477,109,20107.26
W-TL-S,120.5770001,23.9102890,110,20364.85
W-TL-S,120.5776795,23.9074687,111,20685.97
W-TL-S,120.5779682,23.9062015,112,20829.89
W-TL-S,120.5783650,23.9047490,113,20996.36
W-TL-S,120.5788439,23.9027547,114,21223.41
W-TL-S,120.5792873,23.9009884,115,21424.92
W-TL-S,120.5796114,23.8996132,116,21581.34
W-TL-S,120.5801960,23.8972281,117,21853.13
W-TL-S,120.5803381,23.8966694,118,21916.91
W-TL-S,120.5806549,23.8957096,119,22028.39
W-TL-S,120.5806615,23.8956823,120,22031.50
W-TL-S,120.5806621,23.8956795,121,22031.82
W-TL-S,120.5811676,23.8932601,122,22305.71
W-TL-S,120.5822859,23.8886077,123,22835.37
W-TL-S,120.5828309,23.8865082,124,23075.31
W-TL-S,120.5835767,23.8833830,125,23430.99
W-TL-S,120.5842036,23.8807422,126,23731.48
W-TL-S,120.5848976,23.8777273,127,24074.07
W-TL-S,120.5860176,23.8732567,128,24584.05
W-TL-S,120.5864358,23.8715991,129,24773.21
W-TL-S,120.5868395,23.8700009,130,24955.60
W-TL-S,120.5871583,23.8690733,131,25063.72
W-TL-S,120.5877926,23.8673430,132,25266.64
W-TL-S,120.5887949,23.8649414,133,25552.47
W-TL-S,120.5894154,23.8634308,134,25731.91
W-TL-S,120.5901375,23.8617986,135,25927.69
W-TL-S,120.5909448,23.8599790,136,26146.05
W-TL-S,120.5914280,23.8588223,137,26283.73
W-TL-S,120.5915403,23.8585535,138,26315.73
W-TL-S,120.5916049,23.8583990,139,26334.12
W-TL-S,120.5924661,23.8561940,140,26594.48
W-TL-S,120.5931189,23.8546977,141,26773.61
W-TL-S,120.5943378,23.8515761,142,27142.19
W-TL-S,120.5953589,23.8489866,143,27448.28
W-TL-S,120.5961766,23.8470536,144,27678.75
W-TL-S,120.5970990,23.8447727,145,27949.17
W-TL-S,120.5974483,23.8439949,146,28042.66
W-TL-S,120.5987676,23.8407054,147,28432.28
W-TL-S,120.5998596,23.8381805,148,28734.20
W-TL-S,120.6005905,23.8363814,149,28947.62
W-TL-S,120.6012973,23.8347529,150,29142.45
W-TL-S,120.6020840,23.8327284,151,29381.36
W-TL-S,120.6024408,23.8319004,152,29480.32
W-TL-S,120.6028407,23.8309078,153,29597.95
W-TL-S,120.6033537,23.8298814,154,29723.44
W-TL-S,120.6037993,23.8290906,155,29822.37
W-TL-S,120.6047744,23.8277452,156,30001.87
W-TL-S,120.6058900,23.8262501,157,30203.15
W-TL-S,120.6068192,23.8250229,158,30369.15
W-TL-S,120.6076538,23.8238580,159,30524.01
W-TL-S,120.6084760,23.8228052,160,30667.89
W-TL-S,120.6091455,23.8218766,161,30791.57
W-TL-S,120.6097386,23.8210072,162,30905.54
W-TL-S,120.6108919,23.8195036,163,31109.78
W-TL-S,120.6120035,23.8179951,164,31312.08
W-TL-S,120.6126745,23.8172442,165,31419.92
W-TL-S,120.6132928,23.8167261,166,31505.21
W-TL-S,120.6144703,23.8158929,167,31656.65
W-TL-S,120.6160641,23.8147979,168,31859.41
W-TL-S,120.6181080,23.8133653,169,32121.34
W-TL-S,120.6182245,23.8132856,170,32136.14
W-TL-S,120.6188587,23.8128517,171,32216.70
W-TL-S,120.6205293,23.8116756,172,32431.13
W-TL-S,120.6218543,23.8107802,173,32598.72
W-TL-S,120.6276948,23.8067285,174,33344.37
W-TL-S,120.6288851,23.8057956,175,33503.83
W-TL-S,120.6294805,23.8051799,176,33595.24
W-TL-S,120.6311777,23.8034086,177,33857.16
W-TL-S,120.6329549,23.8014229,178,34142.55
W-TL-S,120.6360135,23.7981534,179,34621.09
W-TL-S,120.6373339,23.7967097,180,34830.42
W-TL-S,120.6379461,23.7960118,181,34929.93
W-TL-S,120.6385143,23.7954143,182,35017.99
W-TL-S,120.6388144,23.7950904,183,35065.21
W-TL-S,120.6393215,23.7945161,184,35147.31
W-TL-S,120.6396989,23.7939153,185,35224.36
W-TL-S,120.6400796,23.7931942,186,35313.41
W-TL-S,120.6403955,23.7924144,187,35405.88
W-TL-S,120.6405634,23.7917650,188,35480.09
W-TL-S,120.6406694,23.7910007,189,35565.76
W-TL-S,120.6406972,23.7903318,190,35640.19
W-TL-S,120.6406674,23.7898396,191,35695.00
W-TL-S,120.6406013,23.7893234,192,35752.80
W-TL-S,120.6404529,23.7885107,193,35844.41
W-TL-S,120.6401968,23.7872439,194,35987.66
W-TL-S,120.6400688,23.7865699,195,36063.74
W-TL-S,120.6400075,23.7862114,196,36104.09
W-TL-S,120.6399843,23.7860922,197,36117.54
W-TL-S,120.6399665,23.7860010,198,36127.84
W-TL-S,120.6399001,23.7856186,199,36170.90
W-TL-S,120.6397824,23.7849828,200,36242.60
W-TL-S,120.6394903,23.7835773,201,36401.68
W-TL-S,120.6390652,23.7814787,202,36639.02
W-TL-S,120.6388038,23.7802262,203,36780.81
W-TL-S,120.6383534,23.7778743,204,37046.32
W-TL-S,120.6380511,23.7764114,205,37211.86
W-TL-S,120.6378093,23.7756033,206,37305.02
W-TL-S,120.6376186,23.7750964,207,37364.64
W-TL-S,120.6372521,23.7743310,208,37457.56
W-TL-S,120.6368944,23.7737039,209,37536.22
W-TL-S,120.6366088,23.7732589,210,37593.61
W-TL-S,120.6362334,23.7728521,211,37652.81
W-TL-S,120.6356899,23.7722392,212,37740.58
W-TL-S,120.6351100,23.7716836,213,37826.02
W-TL-S,120.6346437,23.7713289,214,37887.72
W-TL-S,120.6341774,23.7709885,215,37948.41
W-TL-S,120.6334012,23.7705137,216,38043.42
W-TL-S,120.6326041,23.7701056,217,38136.37
W-TL-S,120.6301151,23.7690365,218,38416.17
W-TL-S,120.6268740,23.7676968,219,38778.07
W-TL-S,120.6250720,23.7669578,220,38979.02
W-TL-S,120.6240709,23.7665573,221,39090.21
W-TL-S,120.6235377,23.7663008,222,39151.51
W-TL-S,120.6229870,23.7659898,223,39217.37
W-TL-S,120.6219593,23.7652786,224,39348.48
W-TL-S,120.6208029,23.7643611,225,39504.23
W-TL-S,120.6189218,23.7629791,226,39749.71
W-TL-S,120.6172673,23.7617215,227,39968.58
W-TL-S,120.6148284,23.7598565,228,40292.02
W-TL-S,120.6148155,23.7598466,229,40293.73
W-TL-S,120.6145078,23.7596113,230,40334.55
W-TL-S,120.6120682,23.7577240,231,40659.63
W-TL-S,120.6109261,23.7568610,232,40810.36
W-TL-S,120.6090203,23.7554296,233,41061.27
W-TL-S,120.6077938,23.7545406,234,41220.49
W-TL-S,120.6066355,23.7538160,235,41363.28
W-TL-S,120.6041850,23.7524863,236,41653.22
W-TL-S,120.6017562,23.7513000,237,41933.40
W-TL-S,120.5997020,23.7500916,238,42181.93
W-TL-S,120.5989962,23.7496120,239,42271.40
W-TL-S,120.5978762,23.7487669,240,42419.13
W-TL-S,120.5971575,23.7482484,241,42512.27
W-TL-S,120.5965074,23.7477682,242,42597.30
W-TL-S,120.5949960,23.7466134,243,42797.67
W-TL-S,120.5942246,23.7459567,244,42904.89
W-TL-S,120.5936553,23.7454201,245,42988.07
W-TL-S,120.5925464,23.7443449,246,43152.49
W-TL-S,120.5911526,23.7429489,247,43362.77
W-TL-S,120.5896110,23.7414225,248,43593.92
W-TL-S,120.5886607,23.7404614,249,43738.07
W-TL-S,120.5865763,23.7384155,250,44049.13
W-TL-S,120.5847653,23.7366379,251,44319.41
W-TL-S,120.5834212,23.7353434,252,44518.00
W-TL-S,120.5821243,23.7340277,253,44715.06
W-TL-S,120.5808322,23.7327525,254,44908.45
W-TL-S,120.5801520,23.7320664,255,45011.49
W-TL-S,120.5798792,23.7318040,256,45051.76
W-TL-S,120.5798650,23.7317904,257,45053.86
W-TL-S,120.5787729,23.7307405,258,45215.07
W-TL-S,120.5777441,23.7297000,259,45371.11
W-TL-S,120.5761938,23.7282328,260,45598.10
W-TL-S,120.5755050,23.7275473,261,45701.67
W-TL-S,120.5748881,23.7269364,262,45794.18
W-TL-S,120.5741353,23.7261889,263,45907.23
W-TL-S,120.5728044,23.7248915,264,46105.14
W-TL-S,120.5720982,23.7242122,265,46209.41
W-TL-S,120.5706529,23.7227290,266,46430.43
W-TL-S,120.5688191,23.7208982,267,46706.64
W-TL-S,120.5671331,23.7192531,268,46957.48
W-TL-S,120.5660325,23.7181415,269,47124.32
W-TL-S,120.5651584,23.7173615,270,47248.58
W-TL-S,120.5646090,23.7169109,271,47323.67
W-TL-S,120.5639320,23.7163812,272,47414.32
W-TL-S,120.5629375,23.7158289,273,47532.75
W-TL-S,120.5621238,23.7154825,274,47624.09
W-TL-S,120.5612426,23.7151934,275,47719.40
W-TL-S,120.5603714,23.7149711,276,47811.46
W-TL-S,120.5595998,23.7148500,277,47891.17
W-TL-S,120.5589952,23.7147928,278,47953.04
W-TL-S,120.5570459,23.7146797,279,48151.89
W-TL-S,120.5548822,23.7145684,280,48372.52
W-TL-S,120.5510841,23.7143567,281,48759.90
W-TL-S,120.5489827,23.7142550,282,48974.14
W-TL-S,120.5473639,23.7141643,283,49139.25
W-TL-S,120.5459578,23.7140837,284,49282.68
W-TL-S,120.5450294,23.7139233,285,49378.86
W-TL-S,120.5444384,23.7137352,286,49442.56
W-TL-S,120.5438581,23.7134803,287,49508.09
W-TL-S,120.5431847,23.7131056,288,49588.31
W-TL-S,120.5421179,23.7124717,289,49717.79
W-TL-S,120.5412221,23.7118956,290,49829.23
W-TL-S,120.5411351,23.7118489,291,49839.51
W-TL-S,120.5411237,23.7118428,292,49840.85
W-TL-S,120.5390835,23.7105801,293,50091.56
W-TL-S,120.5368725,23.7091782,294,50365.36
W-TL-S,120.5358008,23.7084965,295,50498.23
W-TL-S,120.5346047,23.7077332,296,50646.66
W-TL-S,120.5343667,23.7075365,297,50679.30
W-TL-S,120.5336890,23.7069563,298,50773.76
W-TL-S,120.5324288,23.7056994,299,50963.49
W-TL-S,120.5310528,23.7043673,300,51167.36
W-TL-S,120.5291058,23.7024914,301,51455.13
W-TL-S,120.5275197,23.7009601,302,51689.80
W-TL-S,120.5261491,23.6999350,303,51869.98
W-TL-S,120.5253612,23.6994865,304,51964.44
W-TL-S,120.5226984,23.6983077,305,52265.59
W-TL-S,120.5215638,23.6978168,306,52393.36
W-TL-S,120.5196728,23.6970082,307,52605.86
W-TL-S,120.5178389,23.6961902,308,52813.56
W-TL-S,120.5157641,23.6952914,309,53047.27
W-TL-S,120.5138641,23.6944683,310,53261.28
W-TL-S,120.5114243,23.6933856,311,53537.35
W-TL-S,120.5099014,23.6927207,312,53709.13
W-TL-S,120.5077301,23.6917643,313,53954.46
W-TL-S,120.5058620,23.6909418,314,54165.53
W-TL-S,120.5014617,23.6890222,315,54661.83
W-TL-S,120.4977020,23.6873850,316,55085.75
W-TL-S,120.4952422,23.6862970,317,55363.91
W-TL-S,120.4924168,23.6850847,318,55681.63
W-TL-S,120.4916305,23.6846661,319,55774.24
W-TL-S,120.4907701,23.6841078,320,55881.62
W-TL-S,120.4902011,23.6836639,321,55957.73
W-TL-S,120.4898004,23.6833102,322,56014.41
W-TL-S,120.4888516,23.6823060,323,56162.07
W-TL-S,120.4878416,23.6810819,324,56332.67
W-TL-S,120.4846456,23.6772130,325,56872.12
W-TL-S,120.4825782,23.6746188,326,57229.23
W-TL-S,120.4810926,23.6727974,327,57482.04
W-TL-S,120.4810257,23.6727154,328,57493.42
W-TL-S,120.4809975,23.6726808,329,57498.22
W-TL-S,120.4804536,23.6720297,330,57589.37
W-TL-S,120.4782406,23.6693133,331,57966.24
W-TL-S,120.4764336,23.6671271,332,58271.13
W-TL-S,120.4756860,23.6659599,333,58421.60
W-TL-S,120.4753264,23.6650688,334,58527.24
W-TL-S,120.4750513,23.6641480,335,58633.39
W-TL-S,120.4747016,23.6623934,336,58831.72
W-TL-S,120.4737960,23.6566742,337,59474.32
W-TL-S,120.4730942,23.6525428,338,59939.24
W-TL-S,120.4725754,23.6493219,339,60301.26
W-TL-S,120.4719751,23.6457553,340,60702.54
W-TL-S,120.4716990,23.6441824,341,60879.68
W-TL-S,120.4711811,23.6410096,342,61236.41
W-TL-S,120.4709692,23.6397008,343,61383.53
W-TL-S,120.4709464,23.6395177,344,61404.02
W-TL-S,120.4709380,23.6394501,345,61411.58
W-TL-S,120.4704154,23.6363047,346,61765.36
W-TL-S,120.4696912,23.6320135,347,62248.19
W-TL-S,120.4694646,23.6305964,348,62407.45
W-TL-S,120.4694149,23.6302725,349,62443.82
W-TL-S,120.4694137,23.6302653,350,62444.63
W-TL-S,120.4694074,23.6302242,351,62449.25
W-TL-S,120.4694074,23.6302241,352,62449.26
W-TL-S,120.4694073,23.6302236,353,62449.31
W-TL-S,120.4689078,23.6272032,354,62789.00
W-TL-S,120.4686023,23.6253521,355,62997.18
W-TL-S,120.4684090,23.6242379,356,63122.62
W-TL-S,120.4681243,23.6232531,357,63235.89
W-TL-S,120.4676790,23.6219992,358,63382.53
W-TL-S,120.4669997,23.6205436,359,63558.55
W-TL-S,120.4635051,23.6135309,360,64415.77
W-TL-S,120.4616631,23.6098420,361,64866.85
W-TL-S,120.4603465,23.6071855,362,65191.27
W-TL-S,120.4593540,23.6051847,363,65435.65
W-TL-S,120.4586113,23.6038103,364,65606.19
W-TL-S,120.4580235,23.6030103,365,65713.43
W-TL-S,120.4572567,23.6022167,366,65831.29
W-TL-S,120.4562098,23.6011166,367,65993.60
W-TL-S,120.4560207,23.6009246,368,66022.35
W-TL-S,120.4560066,23.6009103,369,66024.50
W-TL-S,120.4558792,23.6007808,370,66043.89
W-TL-S,120.4452522,23.5898876,371,67668.63
W-TL-S,120.4432854,23.5878737,372,67969.16
W-TL-S,120.4416697,23.5862002,373,68217.62
W-TL-S,120.4410349,23.5855195,374,68317.19
W-TL-S,120.4402306,23.5844701,375,68459.79
W-TL-S,120.4397210,23.5835986,376,68569.73
W-TL-S,120.4393099,23.5827418,377,68673.80
W-TL-S,120.4388439,23.5813736,378,68833.19
W-TL-S,120.4376390,23.5770258,379,69331.99
W-TL-S,120.4358499,23.5704793,380,70082.42
W-TL-S,120.4345611,23.5658429,381,70614.43
W-TL-S,120.4341195,23.5641157,382,70811.69
W-TL-S,120.4334384,23.5617700,383,71081.60
W-TL-S,120.4323740,23.5577543,384,71541.12
W-TL-S,120.4315453,23.5550672,385,71851.61
W-TL-S,120.4315095,23.5549510,386,71865.04
W-TL-S,120.4315063,23.5549402,387,71866.29
W-TL-S,120.4312630,23.5540986,388,71963.10
W-TL-S,120.4308575,23.5524257,389,72153.65
W-TL-S,120.4294534,23.5473979,390,72730.75
W-TL-S,120.4285206,23.5438593,391,73135.55
W-TL-S,120.4280059,23.5418314,392,73367.07
W-TL-S,120.4278803,23.5410948,393,73449.97
W-TL-S,120.4279037,23.5396738,394,73607.99
W-TL-S,120.4280398,23.5388021,395,73705.91
W-TL-S,120.4283302,23.5377181,396,73830.03
W-TL-S,120.4285299,23.5371573,397,73895.63
W-TL-S,120.4289504,23.5362670,398,74003.51
W-TL-S,120.4295221,23.5352979,399,74126.02
W-TL-S,120.4364338,23.5241419,400,75552.67
W-TL-S,120.4395482,23.5190875,401,76198.19
W-TL-S,120.4403099,23.5178670,402,76354.55
W-TL-S,120.4405915,23.5174427,403,76409.78
W-TL-S,120.4406907,23.5172806,404,76430.45
W-TL-S,120.4408211,23.5170661,405,76457.76
W-TL-S,120.4408421,23.5170309,406,76462.22
W-TL-S,120.4409829,23.5167943,407,76492.19
W-TL-S,120.4430957,23.5134233,408,76924.52
W-TL-S,120.4457829,23.5087121,409,77515.71
W-TL-S,120.4464042,23.5075914,410,77655.50
W-TL-S,120.4468393,23.5063888,411,77796.39
W-TL-S,120.4474297,23.5039683,412,78072.19
W-TL-S,120.4476987,23.5028225,413,78202.52
W-TL-S,120.4478990,23.5020061,414,78295.57
W-TL-S,120.4480838,23.5011753,415,78389.85
W-TL-S,120.4483181,23.5002656,416,78493.79
W-TL-S,120.4484366,23.4998052,417,78546.39
W-TL-S,120.4487959,23.4981293,418,78736.31
W-TL-S,120.4493260,23.4959025,419,78989.75
W-TL-S,120.4497244,23.4941450,420,79189.35
W-TL-S,120.4499141,23.4933084,421,79284.37
W-TL-S,120.4500483,23.4926175,422,79362.41
W-TL-S,120.4501009,23.4917555,423,79458.40
W-TL-S,120.4500392,23.4906747,424,79578.75
W-TL-S,120.4497944,23.4897564,425,79683.87
W-TL-S,120.4496251,23.4893544,426,79731.78
W-TL-S,120.4491840,23.4885510,427,79831.80
W-TL-S,120.4487505,23.4878796,428,79918.57
W-TL-S,120.4472619,23.4862631,429,80153.84
W-TL-S,120.4449500,23.4836612,430,80527.07
W-TL-S,120.4436728,23.4823792,431,80720.17
W-TL-S,120.4408168,23.4793424,432,81166.12
W-TL-S,120.4408020,23.4793267,433,81168.42
W-TL-S,120.4405820,23.4790928,434,81202.77
W-TL-S,120.4370065,23.4750201,435,81784.20
W-TL-S,120.4274380,23.4644416,436,83312.63
W-TL-S,120.4245872,23.4613208,437,83765.38
W-TL-S,120.4244418,23.4611601,438,83788.60
W-TL-S,120.4244417,23.4611600,439,83788.62
W-TL-S,120.4244411,23.4611593,440,83788.71
W-TL-S,120.4244210,23.4611371,441,83791.92
W-TL-S,120.4227107,23.4592468,442,84065.08
W-TL-S,120.4181869,23.4542637,443,84786.17
W-TL-S,120.4120902,23.4475560,444,85757.29
W-TL-S,120.4117939,23.4472264,445,85804.81
W-TL-S,120.4086002,23.4436402,446,86319.75
W-TL-S,120.4068453,23.4417269,447,86597.80
W-TL-S,120.3997761,23.4339192,448,87726.46
W-TL-S,120.3996799,23.4338129,449,87741.82
W-TL-S,120.3992092,23.4333013,450,87816.27
W-TL-S,120.3986231,23.4326420,451,87910.87
W-TL-S,120.3965042,23.4302865,452,88250.48
W-TL-S,120.3956423,23.4292275,453,88397.46
W-TL-S,120.3946024,23.4275838,454,88608.78
W-TL-S,120.3902020,23.4200140,455,89562.77
W-TL-S,120.3877039,23.4157396,456,90102.10
W-TL-S,120.3873438,23.4150022,457,90191.95
W-TL-S,120.3869900,23.4140175,458,90307.24
W-TL-S,120.3868440,23.4133722,459,90380.52
W-TL-S,120.3868221,23.4132753,460,90391.53
W-TL-S,120.3866145,23.4119664,461,90538.60
W-TL-S,120.3864343,23.4099251,462,90766.33
W-TL-S,120.3861100,23.4048805,463,91328.23
W-TL-S,120.3860952,23.4046674,464,91351.99
W-TL-S,120.3860892,23.4045718,465,91362.63
W-TL-S,120.3860872,23.4045233,466,91368.02
W-TL-S,120.3860845,23.4044567,467,91375.44
W-TL-S,120.3860736,23.4043548,468,91386.83
W-TL-S,120.3860062,23.4035422,469,91477.44
W-TL-S,120.3859020,23.4022875,470,91617.37
W-TL-S,120.3858059,23.4015221,471,91703.04
W-TL-S,120.3854494,23.4002401,472,91850.16
W-TL-S,120.3850958,23.3994455,473,91945.59
W-TL-S,120.3847931,23.3988613,474,92017.52
W-TL-S,120.3842996,23.3980948,475,92116.52
W-TL-S,120.3835838,23.3972702,476,92233.76
W-TL-S,120.3829860,23.3966848,477,92322.97
W-TL-S,120.3816140,23.3955804,478,92509.21
W-TL-S,120.3809900,23.3950666,479,92594.76
W-TL-S,120.3799130,23.3940064,480,92755.95
W-TL-S,120.3794238,23.3934310,481,92837.09
W-TL-S,120.3791150,23.3930427,482,92890.54
W-TL-S,120.3787189,23.3924964,483,92963.51
W-TL-S,120.3777159,23.3911211,484,93147.54
W-TL-S,120.3756019,23.3882074,485,93536.79
W-TL-S,120.3715748,23.3826341,486,94280.42
W-TL-S,120.3683591,23.3782310,487,94869.85
W-TL-S,120.3665167,23.3756898,488,95209.27
W-TL-S,120.3646915,23.3731069,489,95551.61
W-TL-S,120.3623263,23.3692627,490,96042.54
W-TL-S,120.3615389,23.3680848,491,96196.20
W-TL-S,120.3604435,23.3662913,492,96424.84
W-TL-S,120.3604430,23.3662904,493,96424.95
W-TL-S,120.3604355,23.3662783,494,96426.50
W-TL-S,120.3600193,23.3655969,495,96513.36
W-TL-S,120.3589728,23.3639357,496,96726.75
W-TL-S,120.3567148,23.3602899,497,97193.09
W-TL-S,120.3546813,23.3569796,498,97615.67
W-TL-S,120.3508863,23.3508859,499,98396.20
W-TL-S,120.3484523,23.3469719,500,98897.35
W-TL-S,120.3458286,23.3427321,501,99439.57
W-TL-S,120.3433333,23.3387222,502,99953.10
W-TL-S,120.3419727,23.3365566,503,100231.10
W-TL-S,120.3391646,23.3320197,504,100811.36
W-TL-S,120.3370393,23.3286038,505,101248.81
W-TL-S,120.3359048,23.3267832,506,101482.05
W-TL-S,120.3334312,23.3228219,507,101989.80
W-TL-S,120.3311516,23.3191692,508,102457.94
W-TL-S,120.3277466,23.3136715,509,103161.22
W-TL-S,120.3253084,23.3098443,510,103654.27
W-TL-S,120.3234299,23.3066331,511,104059.61
W-TL-S,120.3234251,23.3066254,512,104060.59
W-TL-S,120.3233823,23.3065571,513,104069.36
W-TL-S,120.3230658,23.3060519,514,104134.16
W-TL-S,120.3218913,23.3041501,515,104377.28
W-TL-S,120.3214476,23.3032217,516,104490.02
W-TL-S,120.3212422,23.3027140,517,104550.25
W-TL-S,120.3208453,23.3017330,518,104666.62
W-TL-S,120.3206147,23.3006637,519,104787.83
W-TL-S,120.3206471,23.2997119,520,104893.72
W-TL-S,120.3208499,23.2990265,521,104972.69
W-TL-S,120.3220639,23.2956812,522,105364.79
W-TL-S,120.3225150,23.2943432,523,105520.53
W-TL-S,120.3226526,23.2936381,524,105600.19
W-TL-S,120.3228230,23.2923746,525,105741.76
W-TL-S,120.3227582,23.2866421,526,106379.22
W-TL-S,120.3226945,23.2814627,527,106955.18
W-TL-S,120.3226037,23.2776227,528,107382.27
W-TL-S,120.3226010,23.2775104,529,107394.76
W-TL-S,120.3226010,23.2774998,530,107395.94
W-TL-S,120.3225297,23.2697301,531,108259.92
W-TL-S,120.3224740,23.2667164,532,108595.08
W-TL-S,120.3223843,23.2600324,533,109338.36
W-TL-S,120.3223542,23.2572787,534,109644.57
W-TL-S,120.3216063,23.2482577,535,110650.56
W-TL-S,120.3214689,23.2466968,536,110824.70
W-TL-S,120.3212948,23.2449314,537,111021.80
W-TL-S,120.3211010,23.2425980,538,111282.02
W-TL-S,120.3210816,23.2420321,539,111344.98
W-TL-S,120.3210702,23.2418814,540,111361.78
W-TL-S,120.3209299,23.2400235,541,111568.86
W-TL-S,120.3206164,23.2365804,542,111953.05
W-TL-S,120.3203644,23.2332316,543,112326.31
W-TL-S,120.3201103,23.2303342,544,112649.54
W-TL-S,120.3199342,23.2280141,545,112908.15
W-TL-S,120.3197574,23.2256772,546,113168.62
W-TL-S,120.3195847,23.2236803,547,113391.36
W-TL-S,120.3193850,23.2210892,548,113680.21
W-TL-S,120.3192859,23.2198171,549,113822.02
W-TL-S,120.3191970,23.2187014,550,113946.42
W-TL-S,120.3189643,23.2159021,551,114258.59
W-TL-S,120.3187693,23.2134691,552,114529.85
W-TL-S,120.3185303,23.2103531,553,114877.21
W-TL-S,120.3182926,23.2076644,554,115177.16
W-TL-S,120.3182720,23.2069279,555,115259.07
W-TL-S,120.3182697,23.2058322,556,115380.91
W-TL-S,120.3184156,23.2041734,557,115565.97
W-TL-S,120.3185833,23.2021426,558,115792.42
W-TL-S,120.3188396,23.1995715,559,116079.52
W-TL-S,120.3190539,23.1972926,560,116333.86
W-TL-S,120.3192326,23.1956783,561,116514.30
W-TL-S,120.3194823,23.1937540,562,116729.79
W-TL-S,120.3195607,23.1927314,563,116843.78
W-TL-S,120.3195621,23.1927139,564,116845.73
W-TL-S,120.3195718,23.1925872,565,116859.86
W-TL-S,120.3197191,23.1906650,566,117074.12
W-TL-S,120.3198207,23.1887569,567,117286.54
W-TL-S,120.3200928,23.1858528,568,117610.66
W-TL-S,120.3204370,23.1822547,569,118012.29
W-TL-S,120.3207065,23.1795161,570,118318.05
W-TL-S,120.3209396,23.1767688,571,118624.47
W-TL-S,120.3212004,23.1738783,572,118946.98
W-TL-S,120.3211473,23.1726967,573,119078.48
W-TL-S,120.3211300,23.1725916,574,119090.31
W-TL-S,120.3210386,23.1720372,575,119152.66
W-TL-S,120.3201835,23.1691287,576,119487.67
W-TL-S,120.3191896,23.1663768,577,119810.10
W-TL-S,120.3189505,23.1656255,578,119897.13
W-TL-S,120.3181285,23.1632504,579,120174.28
W-TL-S,120.3174456,23.1612362,580,120408.88
W-TL-S,120.3168742,23.1595224,581,120608.21
W-TL-S,120.3162260,23.1578456,582,120806.07
W-TL-S,120.3155862,23.1565454,583,120964.76
W-TL-S,120.3149132,23.1552523,584,121124.16
W-TL-S,120.3137610,23.1530230,585,121398.62
W-TL-S,120.3128067,23.1511648,586,121627.12
W-TL-S,120.3115866,23.1487511,587,121923.08
W-TL-S,120.3106472,23.1467616,588,122164.26
W-TL-S,120.3096463,23.1447001,589,122415.29
W-TL-S,120.3086591,23.1426980,590,122659.73
W-TL-S,120.3083365,23.1417522,591,122769.95
W-TL-S,120.3080926,23.1408621,592,122872.01
W-TL-S,120.3078360,23.1394956,593,123026.21
W-TL-S,120.3073735,23.1367483,594,123335.33
W-TL-S,120.3070240,23.1347272,595,123562.89
W-TL-S,120.3067950,23.1332902,596,123724.38
W-TL-S,120.3067901,23.1332592,597,123727.87
W-TL-S,120.3067343,23.1329466,598,123763.09
W-TL-S,120.3066246,23.1324122,599,123823.57
W-TL-S,120.3061288,23.1301127,600,124084.23
W-TL-S,120.3055599,23.1269600,601,124439.59
W-TL-S,120.3048742,23.1231796,602,124865.76
W-TL-S,120.3042940,23.1199767,603,125226.82
W-TL-S,120.3041243,23.1190549,604,125330.77
W-TL-S,120.3031713,23.1137753,605,125925.88
W-TL-S,120.3021956,23.1083881,606,126533.17
W-TL-S,120.3020345,23.1073373,607,126651.16
W-TL-S,120.3019755,23.1070158,608,126687.42
W-TL-S,120.3013977,23.1038653,609,127042.69
W-TL-S,120.2996036,23.0941953,610,128133.49
W-TL-S,120.2982675,23.0868155,611,128965.39
W-TL-S,120.2974305,23.0823883,612,129465.06
W-TL-S,120.2967253,23.0785471,613,129898.23
W-TL-S,120.2962758,23.0759338,614,130192.42
W-TL-S,120.2958233,23.0742902,615,130380.96
W-TL-S,120.2953018,23.0732629,616,130507.03
W-TL-S,120.2947289,23.0724540,617,130614.39
W-TL-S,120.2934534,23.0712011,618,130805.27
W-TL-S,120.2913436,23.0695001,619,131092.26
W-TL-S,120.2900054,23.0683867,620,131276.84
W-TL-S,120.2899210,23.0683162,621,131288.50
W-TL-S,120.2898242,23.0682353,622,131301.88
W-TL-S,120.2877841,23.0665489,623,131582.45
W-TL-S,120.2842315,23.0636421,624,132068.84
W-TL-S,120.2811008,23.0611570,625,132491.85
W-TL-S,120.2773230,23.0580002,626,133013.97
W-TL-S,120.2737211,23.0550682,627,133506.01
W-TL-S,120.2716387,23.0534100,628,133787.77
W-TL-S,120.2696137,23.0517547,629,134064.91
W-TL-S,120.2679007,23.0503614,630,134298.84
W-TL-S,120.2645451,23.0476646,631,134754.69
W-TL-S,120.2618834,23.0454604,632,135121.09
W-TL-S,120.2611408,23.0448539,633,135222.68
W-TL-S,120.2581728,23.0425026,634,135623.42
W-TL-S,120.2533016,23.0385733,635,136286.24
W-TL-S,120.2532397,23.0385234,636,136294.67
W-TL-S,120.2532113,23.0385004,637,136298.53
W-TL-S,120.2515208,23.0371369,638,136528.56
W-TL-S,120.2506422,23.0364790,639,136644.47
W-TL-S,120.2500727,23.0359676,640,136725.90
W-TL-S,120.2478116,23.0340575,641,137039.97
W-TL-S,120.2472491,23.0336665,642,137112.10
W-TL-S,120.2459436,23.0328450,643,137273.94
W-TL-S,120.2433992,23.0314023,644,137579.76
W-TL-S,120.2312900,23.0243575,645,139045.79
W-TL-S,120.2290938,23.0230713,646,139312.18
W-TL-S,120.2275656,23.0221894,647,139496.78
W-TL-S,120.2265931,23.0216160,648,139614.97
W-TL-S,120.2259760,23.0211925,649,139693.75
W-TL-S,120.2254556,23.0207621,650,139765.36
W-TL-S,120.2249648,23.0202669,651,139839.89
W-TL-S,120.2243394,23.0194581,652,139950.27
W-TL-S,120.2243346,23.0194514,653,139951.16
W-TL-S,120.2238256,23.0187386,654,140046.01
W-TL-S,120.2230217,23.0176300,655,140194.21
W-TL-S,120.2230193,23.0176266,656,140194.66
W-TL-S,120.2229748,23.0175625,657,140203.12
W-TL-S,120.2213722,23.0152523,658,140507.90
W-TL-S,120.2197948,23.0130711,659,140799.26
W-TL-S,120.2171385,23.0094326,660,141286.69
W-TL-S,120.2154051,23.0069348,661,141616.26
W-TL-S,120.2147496,23.0058409,662,141755.17
W-TL-S,120.2146012,23.0054192,663,141804.46
W-TL-S,120.2143519,23.0042523,664,141936.70
W-TL-S,120.2141774,23.0033500,665,142038.61
W-TL-S,120.2137423,23.0010455,666,142298.70
W-TL-S,120.2132495,22.9985245,667,142583.53
W-TL-S,120.2129806,22.9971419,668,142739.71
W-TL-S,120.2129738,22.9971069,669,142743.67
W-TL-S,120.2129593,22.9970474,670,142750.44
W-TL-S,120.2126794,22.9955829,671,142915.79
W-TL-S,120.2123221,22.9937922,672,143118.24
W-TL-S,120.2120209,22.9923302,673,143283.69
W-TL-S,120.2119190,22.9915353,674,143372.70
W-TL-S,120.2119602,22.9905649,675,143480.69
W-TL-S,120.2141759,22.9833754,676,144311.68
W-TL-S,120.2155177,22.9790103,677,144816.12
W-TL-S,120.2170552,22.9741738,678,145376.47
W-TL-S,120.2174776,22.9728390,679,145531.06
W-TL-S,120.2177080,22.9720398,680,145623.01
W-TL-S,120.2177987,22.9714100,681,145693.65
W-TL-S,120.2177670,22.9702003,682,145828.20
W-TL-S,120.2173628,22.9643142,683,146484.01
W-TL-S,120.2172950,22.9628033,684,146652.16
W-TL-S,120.2173415,22.9617433,685,146770.12
W-TL-S,120.2174286,22.9609601,686,146857.67
W-TL-S,120.2174609,22.9607213,687,146884.43
W-TL-S,120.2174984,22.9604921,688,146910.20
W-TL-S,120.2175359,22.9602438,689,146938.07
W-TL-S,120.2185356,22.9533008,690,147716.85
W-TL-S,120.2187948,22.9521887,691,147843.33
W-TL-S,120.2191254,22.9512203,692,147956.21
W-TL-S,120.2196214,22.9502145,693,148079.04
W-TL-S,120.2200845,22.9495382,694,148167.94
W-TL-S,120.2205575,22.9489241,695,148251.66
W-TL-S,120.2232434,22.9457214,696,148701.62
W-TL-S,120.2269946,22.9411428,697,149339.39
W-TL-S,120.2276822,22.9402388,698,149462.11
W-TL-S,120.2285752,22.9390145,699,149626.11
W-TL-S,120.2312281,22.9342584,700,150220.66
W-TL-S,120.2318582,22.9330524,701,150369.47
W-TL-S,120.2318905,22.9329905,702,150377.11
W-TL-S,120.2337377,22.9295166,703,150807.22
W-TL-S,120.2342388,22.9287766,704,150904.20
W-TL-S,120.2346098,22.9283159,705,150967.98
W-TL-S,120.2351752,22.9277739,706,151051.55
W-TL-S,120.2373723,22.9260403,707,151347.84
W-TL-S,120.2389632,22.9247673,708,151563.67
W-TL-S,120.2404108,22.9236118,709,151759.85
W-TL-S,120.2404866,22.9235513,710,151770.13
W-TL-S,120.2411655,22.9229954,711,151863.16
W-TL-S,120.2422122,22.9221690,712,152004.35
W-TL-S,120.2437512,22.9209291,713,152213.76
W-TL-S,120.2451365,22.9194914,714,152427.50
W-TL-S,120.2488511,22.9155649,715,153006.60
W-TL-S,120.2493997,22.9147659,716,153111.73
W-TL-S,120.2498296,22.9139795,717,153209.63
W-TL-S,120.2503071,22.9127453,718,153355.32
W-TL-S,120.2507873,22.9110273,719,153552.58
W-TL-S,120.2524717,22.9047906,720,154267.21
W-TL-S,120.2526256,22.9040560,721,154350.40
W-TL-S,120.2526529,22.9039637,722,154361.04
W-TL-S,120.2527774,22.9035422,723,154409.61
W-TL-S,120.2529904,22.9027798,724,154497.14
W-TL-S,120.2532504,22.9019245,725,154595.91
W-TL-S,120.2534968,22.9008522,726,154717.78
W-TL-S,120.2536555,22.8961401,727,155242.00
W-TL-S,120.2536943,22.8949396,728,155375.54
W-TL-S,120.2537088,22.8946530,729,155407.45
W-TL-S,120.2537160,22.8944040,730,155435.15
W-TL-S,120.2537167,22.8943783,731,155438.01
W-TL-S,120.2537550,22.8932794,732,155560.27
W-TL-S,120.2537538,22.8911469,733,155797.38
W-TL-S,120.2538613,22.8879936,734,156148.19
W-TL-S,120.2540359,22.8814798,735,156872.72
W-TL-S,120.2540791,22.8799786,736,157039.70
W-TL-S,120.2540947,22.8794889,737,157094.18
W-TL-S,120.2541491,22.8789635,738,157152.86
W-TL-S,120.2542879,22.8783429,739,157223.32
W-TL-S,120.2543055,22.8782894,740,157229.54
W-TL-S,120.2543272,22.8782236,741,157237.18
W-TL-S,120.2556584,22.8740785,742,157717.85
W-TL-S,120.2559287,22.8732724,743,157811.67
W-TL-S,120.2581006,22.8673680,744,158504.88
W-TL-S,120.2588678,22.8654375,745,158733.49
W-TL-S,120.2592643,22.8645840,746,158836.72
W-TL-S,120.2597379,22.8637786,747,158938.58
W-TL-S,120.2610841,22.8618065,748,159197.64
W-TL-S,120.2624456,22.8598536,749,159455.74
W-TL-S,120.2636824,22.8580769,750,159690.45
W-TL-S,120.2651261,22.8559891,751,159965.72
W-TL-S,120.2654058,22.8556339,752,160014.53
W-TL-S,120.2664250,22.8542243,753,160202.87
W-TL-S,120.2664484,22.8541801,754,160208.34
W-TL-S,120.2665105,22.8540783,755,160221.32
W-TL-S,120.2667833,22.8536310,756,160278.38
W-TL-S,120.2672448,22.8530104,757,160362.03
W-TL-S,120.2677548,22.8522920,758,160457.49
W-TL-S,120.2682861,22.8513977,759,160570.86
W-TL-S,120.2688761,22.8502267,760,160714.42
W-TL-S,120.2702561,22.8475800,761,161040.93
W-TL-S,120.2716685,22.8447288,762,161389.44
W-TL-S,120.2723779,22.8431886,763,161575.49
W-TL-S,120.2727529,22.8424687,764,161664.28
W-TL-S,120.2730805,22.8419542,765,161730.62
W-TL-S,120.2738604,22.8407248,766,161888.97
W-TL-S,120.2753734,22.8383185,767,162198.21
W-TL-S,120.2763458,22.8367412,768,162399.93
W-TL-S,120.2771827,22.8354500,769,162567.17
W-TL-S,120.2782331,22.8337536,770,162784.36
W-TL-S,120.2790127,22.8325577,771,162939.49
W-TL-S,120.2797042,22.8314331,772,163083.23
W-TL-S,120.2802085,22.8306373,773,163185.70
W-TL-S,120.2809885,22.8293698,774,163347.74
W-TL-S,120.2822309,22.8274066,775,163600.45
W-TL-S,120.2843668,22.8241285,776,164025.64
W-TL-S,120.2867350,22.8204214,777,164504.00
W-TL-S,120.2873609,22.8195035,778,164624.55
W-TL-S,120.2891479,22.8167191,779,164984.28
W-TL-S,120.2903759,22.8147817,780,165233.78
W-TL-S,120.2926278,22.8113818,781,165676.72
W-TL-S,120.2936839,22.8097673,782,165886.36
W-TL-S,120.2947440,22.8080994,783,166101.30
W-TL-S,120.2955650,22.8068128,784,166267.28
W-TL-S,120.2961833,22.8058407,785,166392.59
W-TL-S,120.2969522,22.8046686,786,166544.90
W-TL-S,120.2980899,22.8029246,787,166771.19
W-TL-S,120.2990199,22.8014856,788,166957.45
W-TL-S,120.2996347,22.8001980,789,167113.87
W-TL-S,120.2999545,22.7991386,790,167236.15
W-TL-S,120.3001729,22.7977489,791,167392.28
W-TL-S,120.3003047,22.7961582,792,167569.68
W-TL-S,120.3003587,22.7953256,793,167662.43
W-TL-S,120.3005388,22.7937174,794,167842.21
W-TL-S,120.3006796,22.7923943,795,167990.03
W-TL-S,120.3006862,22.7923374,796,167996.39
W-TL-S,120.3007550,22.7917447,797,168062.67
W-TL-S,120.3009658,22.7898772,798,168271.45
W-TL-S,120.3010396,22.7890798,799,168360.44
W-TL-S,120.3011612,22.7878901,800,168493.31
W-TL-S,120.3014437,22.7850481,801,168810.66
W-TL-S,120.3016368,22.7835580,802,168977.53
W-TL-S,120.3021609,22.7818400,803,169175.98
W-TL-S,120.3027318,22.7802264,804,169364.70
W-TL-S,120.3031863,22.7790752,805,169500.93
W-TL-S,120.3036644,22.7775692,806,169675.41
W-TL-S,120.3046175,22.7750268,807,169974.53
W-TL-S,120.3056896,22.7719253,808,170336.49
W-TL-S,120.3065938,22.7694252,809,170629.54
W-TL-S,120.3077593,22.7661760,810,171010.08
W-TL-S,120.3081253,22.7653373,811,171110.61
W-TL-S,120.3086861,22.7642638,812,171243.11
W-TL-S,120.3091726,22.7634393,813,171347.48
W-TL-S,120.3097901,22.7621798,814,171501.17
W-TL-S,120.3102985,22.7612793,815,171614.06
W-TL-S,120.3104655,22.7609690,816,171652.58
W-TL-S,120.3104961,22.7609122,817,171659.64
W-TL-S,120.3107405,22.7604688,818,171714.94
W-TL-S,120.3113338,22.7593724,819,171851.18
W-TL-S,120.3117688,22.7584640,820,171961.61
W-TL-S,120.3123862,22.7573405,821,172101.66
W-TL-S,120.3128272,22.7566202,822,172193.64
W-TL-S,120.3139075,22.7545496,823,172449.14
W-TL-S,120.3147487,22.7529935,824,172642.48
W-TL-S,120.3160503,22.7506571,825,172934.55
W-TL-S,120.3172939,22.7482683,826,173229.20
W-TL-S,120.3176368,22.7476294,827,173308.46
W-TL-S,120.3183801,22.7462994,828,173474.85
W-TL-S,120.3188687,22.7454317,829,173583.56
W-TL-S,120.3193783,22.7444973,830,173699.87
W-TL-S,120.3197942,22.7437392,831,173794.34
W-TL-S,120.3202570,22.7428619,832,173902.82
W-TL-S,120.3207354,22.7419799,833,174012.48
W-TL-S,120.3212085,22.7411217,834,174119.53
W-TL-S,120.3217908,22.7400442,835,174253.40
W-TL-S,120.3221439,22.7394771,836,174326.13
W-TL-S,120.3225744,22.7389007,837,174403.95
W-TL-S,120.3230255,22.7383100,838,174484.29
W-TL-S,120.3240831,22.7369574,839,174669.72
W-TL-S,120.3243424,22.7366096,840,174716.65
W-TL-S,120.3245084,22.7363762,841,174747.70
W-TL-S,120.3246070,22.7362428,842,174765.64
W-TL-S,120.3247680,22.7359663,843,174800.54
W-TL-S,120.3250589,22.7354801,844,174862.29
W-TL-S,120.3253191,22.7349507,845,174926.92
W-TL-S,120.3255177,22.7343734,846,174994.27
W-TL-S,120.3256546,22.7337766,847,175062.10
W-TL-S,120.3257670,22.7329217,848,175157.86
W-TL-S,120.3257917,22.7320855,849,175250.87
W-TL-S,120.3257023,22.7314066,850,175326.92
W-TL-S,120.3255663,22.7307656,851,175399.54
W-TL-S,120.3253482,22.7300670,852,175480.37
W-TL-S,120.3248810,22.7287031,853,175639.42
W-TL-S,120.3244842,22.7276645,854,175761.87
W-TL-S,120.3243520,22.7273103,855,175803.53
W-TL-S,120.3242634,22.7270695,856,175831.81
W-TL-S,120.3242199,22.7269513,857,175845.68
W-TL-S,120.3239765,22.7263030,858,175921.97
W-TL-S,120.3233256,22.7244387,859,176139.75
W-TL-S,120.3228423,22.7231990,860,176286.25
W-TL-S,120.3224661,22.7221795,861,176405.99
W-TL-S,120.3221311,22.7211842,862,176521.88
W-TL-S,120.3220161,22.7204621,863,176603.04
W-TL-S,120.3219532,22.7196351,864,176695.22
W-TL-S,120.3219942,22.7186461,865,176805.27
W-TL-S,120.3222599,22.7175269,866,176932.66
W-TL-S,120.3229307,22.7157016,867,177146.98
W-TL-S,120.3233395,22.7142649,868,177312.14
W-TL-S,120.3238410,22.7107547,869,177705.84
W-TL-S,120.3240606,22.7090305,870,177898.88
W-TL-S,120.3241334,22.7078409,871,178031.36
W-TL-S,120.3240611,22.7068419,872,178142.70
W-TL-S,120.3238183,22.7059233,873,178247.83
W-TL-S,120.3234422,22.7049039,874,178367.57
W-TL-S,120.3228562,22.7036159,875,178522.89
W-TL-S,120.3224785,22.7029118,876,178610.24
W-TL-S,120.3222590,22.7025190,877,178659.38
W-TL-S,120.3219679,22.7020256,878,178721.85
W-TL-S,120.3216249,22.7015845,879,178782.21
W-TL-S,120.3210925,22.7009276,880,178873.42
W-TL-S,120.3205602,22.7002467,881,178966.76
W-TL-S,120.3196593,22.6991295,882,179121.60
W-TL-S,120.3186761,22.6979688,883,179285.39
W-TL-S,120.3184918,22.6977578,884,179315.53
W-TL-S,120.3181792,22.6974411,885,179363.16
W-TL-S,120.3175846,22.6968603,886,179451.99
W-TL-S,120.3168465,22.6961499,887,179561.41
W-TL-S,120.3162417,22.6955500,888,179652.51
W-TL-S,120.3156881,22.6950267,889,179733.82
W-TL-S,120.3149449,22.6943067,890,179844.37
W-TL-S,120.3144273,22.6937932,891,179922.35
W-TL-S,120.3137508,22.6931308,892,180023.55
W-TL-S,120.3133458,22.6927516,893,180082.74
W-TL-S,120.3124899,22.6919164,894,180210.55
W-TL-S,120.3114853,22.6909564,895,180358.93
W-TL-S,120.3113269,22.6908159,896,180381.47
W-TL-S,120.3089626,22.6887186,897,180717.94
W-TL-S,120.3078139,22.6877436,898,180878.08
W-TL-S,120.3072343,22.6872823,899,180956.61
W-TL-S,120.3071412,22.6872000,900,180969.83
W-TL-S,120.3045785,22.6849340,901,181333.99
W-TL-S,120.3024460,22.6829798,902,181642.35
W-TL-S,120.2977080,22.6779701,903,182381.67
W-TL-S,120.2958642,22.6760075,904,182670.48
W-TL-S,120.2950652,22.6751534,905,182795.94
W-TL-S,120.2949578,22.6750528,906,182811.64
W-TL-S,120.2948449,22.6749469,907,182828.16
W-TL-S,120.2947476,22.6748414,908,182843.57
W-TL-S,120.2934008,22.6733588,909,183058.67
W-TL-S,120.2908604,22.6707097,910,183452.01
W-TL-S,120.2895599,22.6692560,911,183661.61
W-TL-S,120.2881695,22.6672906,912,183922.60
W-TL-S,120.2842960,22.6615723,913,184672.44
W-TL-S,120.2834120,22.6602829,914,184842.10
W-TL-S,120.2827995,22.6592527,915,184972.76
W-TL-S,120.2823467,22.6581946,916,185099.26
W-TL-S,120.2821340,22.6575151,917,185177.91
W-TL-S,120.2819635,22.6566398,918,185276.80
W-TL-S,120.2818675,22.6552870,919,185427.54
W-TL-S,120.2816872,22.6523520,920,185754.42
W-TL-S,120.2816421,22.6513142,921,185869.91
W-TL-S,120.2815172,22.6490628,922,186120.58
W-TL-S,120.2813021,22.6462097,923,186438.61
W-TL-S,120.2811889,22.6442164,924,186660.55
W-TL-S,120.2811279,22.6430740,925,186787.73
W-TL-S,120.2811153,22.6425244,926,186848.86
W-TL-S,120.2811642,22.6420372,927,186903.26
W-TL-S,120.2812403,22.6415137,928,186962.00
W-TL-S,120.2815325,22.6403830,929,187091.25
W-TL-S,120.2818958,22.6392169,930,187226.17
W-TL-S,120.2821409,22.6385973,931,187299.51
W-TL-S,120.2823589,22.6382638,932,187342.83
W-TL-S,120.2830412,22.6374821,933,187454.44
W-TL-S,120.2839375,22.6369601,934,187563.21
W-TL-S,120.2839664,22.6369463,935,187566.55
W-TL-S,120.2843080,22.6367825,936,187606.06
W-TL-S,120.2847740,22.6366829,937,187655.14
W-TL-S,120.2855448,22.6366203,938,187734.56
W-TL-S,120.2867221,22.6367254,939,187855.95
W-TL-S,120.2886439,22.6371874,940,188059.76
W-TL-S,120.2905070,22.6376232,941,188257.02
W-TL-S,120.2919263,22.6382216,942,188417.15
W-TL-S,120.2939032,22.6391486,943,188644.71
W-TL-S,120.2953742,22.6398188,944,188813.07
W-TL-S,120.2958808,22.6399205,945,188866.28
W-TL-S,120.2964962,22.6400086,946,188930.19
W-TL-S,120.2971090,22.6400197,947,188993.09
W-TL-S,120.3000138,22.6398901,948,189291.55
W-TL-S,120.3011415,22.6398329,949,189407.46
W-TL-S,120.3020277,22.6397887,950,189498.54
W-TL-S,120.3021333,22.6397753,951,189509.48
W-WL-C,120.5787648,24.1118671,1,0.00
W-WL-C,120.5790143,24.1131818,2,148.36
W-WL-C,120.5790190,24.1142004,3,261.63
W-WL-C,120.5788587,24.1149850,4,350.38
W-WL-C,120.5785109,24.1158799,5,455.96
W-WL-C,120.5781638,24.1165539,6,538.77
W-WL-C,120.5777260,24.1171260,7,616.37
W-WL-C,120.5774516,24.1174538,8,662.23
W-WL-C,120.5769884,24.1179508,9,734.79
W-WL-C,120.5766551,24.1182519,10,782.38
W-WL-C,120.5762898,24.1185256,11,830.35
W-WL-C,120.5758206,24.1187214,12,882.70
W-WL-C,120.5747884,24.1189973,13,991.86
W-WL-C,120.5735954,24.1193110,14,1117.86
W-WL-C,120.5725061,24.1195934,15,1232.78
W-WL-C,120.5712959,24.1198754,16,1359.54
W-WL-C,120.5700729,24.1201978,17,1488.73
W-WL-C,120.5699346,24.1202343,18,1503.34
W-WL-C,120.5692729,24.1204088,19,1573.24
W-WL-C,120.5667830,24.1210835,20,1836.84
W-WL-C,120.5647945,24.1216327,21,2047.68
W-WL-C,120.5636532,24.1219465,22,2168.65
W-WL-C,120.5624601,24.1222919,23,2295.67
W-WL-C,120.5616126,24.1226066,24,2388.53
W-WL-C,120.5609896,24.1229060,25,2459.98
W-WL-C,120.5602628,24.1232843,26,2544.90
W-WL-C,120.5594666,24.1237260,27,2639.45
W-WL-C,120.5578705,24.1249316,28,2849.71
W-WL-C,120.5573048,24.1255215,29,2936.88
W-WL-C,120.5558109,24.1275452,30,3208.20
W-WL-C,120.5533692,24.1311574,31,3680.15
W-WL-C,120.5508052,24.1348528,32,4166.50
W-WL-C,120.5497362,24.1363322,33,4363.55
W-WL-C,120.5481062,24.1387568,34,4679.84
W-WL-C,120.5451832,24.1428661,35,5224.60
W-WL-C,120.5447327,24.1436149,36,5319.58
W-WL-C,120.5442915,24.1443762,37,5415.34
W-WL-C,120.5441088,24.1448458,38,5470.75
W-WL-C,120.5439190,24.1454902,39,5544.96
W-WL-C,120.5435477,24.1474099,40,5761.71
W-WL-C,120.5431869,24.1492398,41,5968.46
W-WL-C,120.5431235,24.1496772,42,6017.52
W-WL-C,120.5431008,24.1498957,43,6041.92
W-WL-C,120.5428146,24.1510484,44,6173.35
W-WL-C,120.5426665,24.1514989,45,6225.64
W-WL-C,120.5423021,24.1535936,46,6461.48
W-WL-C,120.5422327,24.1540521,47,6512.94
W-WL-C,120.5420195,24.1552895,48,6652.23
W-WL-C,120.5417331,24.1569126,49,6835.03
W-WL-C,120.5414362,24.1583881,50,7001.84
W-WL-C,120.5411545,24.1594947,51,7128.16
W-WL-C,120.5407586,24.1610141,52,7301.82
W-WL-C,120.5403165,24.1627948,53,7504.84
W-WL-C,120.5401948,24.1633295,54,7565.57
W-WL-C,120.5399547,24.1643241,55,7678.81
W-WL-C,120.5395000,24.1659955,56,7870.31
W-WL-C,120.5393735,24.1666958,57,7949.23
W-WL-C,120.5393333,24.1670259,58,7986.15
W-WL-C,120.5386699,24.1717628,59,8517.16
W-WL-C,120.5384353,24.1732767,60,8687.17
W-WL-C,120.5380120,24.1762788,61,9023.74
W-WL-C,120.5377465,24.1784353,62,9265.04
W-WL-C,120.5376159,24.1793513,63,9367.75
W-WL-C,120.5375137,24.1803112,64,9474.99
W-WL-C,120.5374168,24.1810215,65,9554.58
W-WL-C,120.5373267,24.1821751,66,9683.18
W-WL-C,120.5373860,24.1830712,67,9783.00
W-WL-C,120.5375545,24.1840034,68,9888.06
W-WL-C,120.5379946,24.1854524,69,10055.25
W-WL-C,120.5385995,24.1867013,70,10207.07
W-WL-C,120.5391201,24.1875127,71,10311.61
W-WL-C,120.5397303,24.1884956,72,10437.21
W-WL-C,120.5401899,24.1891501,73,10523.64
W-WL-C,120.5408589,24.1903289,74,10671.25
W-WL-C,120.5413099,24.1913357,75,10792.18
W-WL-C,120.5417878,24.1930823,76,10992.35
W-WL-C,120.5425082,24.1953235,77,11252.06
W-WL-C,120.5428106,24.1964020,78,11375.84
W-WL-C,120.5431185,24.1975148,79,11503.45
W-WL-C,120.5431460,24.1976143,80,11514.86
W-WL-C,120.5433470,24.1983408,81,11598.18
W-WL-C,120.5438566,24.2001336,82,11804.12
W-WL-C,120.5439589,24.2004779,83,11843.79
W-WL-C,120.5440825,24.2008724,84,11889.41
W-WL-C,120.5441869,24.2011917,85,11926.46
W-WL-C,120.5457067,24.2062366,86,12508.22
W-WL-C,120.5474465,24.2121949,87,13193.84
W-WL-C,120.5480024,24.2140726,88,13410.11
W-WL-C,120.5492134,24.2181169,89,13876.29
W-WL-C,120.5496477,24.2194356,90,14029.38
W-WL-C,120.5506078,24.2216030,91,14289.31
W-WL-C,120.5517179,24.2241719,92,14596.35
W-WL-C,120.5546198,24.2308899,93,15399.21
W-WL-C,120.5549169,24.2315836,94,15482.02
W-WL-C,120.5560802,24.2341849,95,15794.41
W-WL-C,120.5566229,24.2354586,96,15946.35
W-WL-C,120.5571849,24.2368160,97,16107.68
W-WL-C,120.5573593,24.2372226,98,16156.24
W-WL-C,120.5577730,24.2381436,99,16266.90
W-WL-C,120.5591019,24.2412841,100,16641.20
W-WL-C,120.5599834,24.2432558,101,16877.96
W-WL-C,120.5615210,24.2467965,102,17301.41
W-WL-C,120.5621931,24.2483632,103,17488.47
W-WL-C,120.5625987,24.2492867,104,17599.09
W-WL-C,120.5635340,24.2514231,105,17854.86
W-WL-C,120.5644422,24.2535537,106,18109.04
W-WL-C,120.5657543,24.2565735,107,18470.22
W-WL-C,120.5684902,24.2628271,108,19218.86
W-WL-C,120.5688831,24.2637313,109,19327.00
W-WL-C,120.5692902,24.2647239,110,19444.84
W-WL-C,120.5712245,24.2691027,111,19969.73
W-WL-C,120.5714663,24.2696859,112,20039.07
W-WL-C,120.5722889,24.2715182,113,20259.21
W-WL-C,120.5726255,24.2721785,114,20340.17
W-WL-C,120.5730005,24.2726553,115,20405.41
W-WL-C,120.5733555,24.2730106,116,20458.84
W-WL-C,120.5736798,24.2732851,117,20503.71
W-WL-C,120.5742259,24.2736355,118,20571.40
W-WL-C,120.5746475,24.2738134,119,20618.49
W-WL-C,120.5750519,24.2739474,120,20662.11
W-WL-C,120.5758505,24.2741178,121,20745.24
W-WL-C,120.5761267,24.2741377,122,20773.32
W-WL-C,120.5790035,24.2742221,123,21065.08
W-WL-C,120.5806764,24.2742650,124,21234.72
W-WL-C,120.5815376,24.2744357,125,21324.06
W-WL-C,120.5824539,24.2748685,126,21428.66
W-WL-C,120.5827472,24.2750910,127,21467.34
W-WL-C,120.5830663,24.2753447,128,21510.25
W-WL-C,120.5835817,24.2759190,129,21592.76
W-WL-C,120.5836120,24.2759696,130,21599.17
W-WL-C,120.5842370,24.2768047,131,21711.59
W-WL-C,120.5849855,24.2778698,132,21852.23
W-WL-C,120.5857329,24.2788608,133,21985.96
W-WL-C,120.5869947,24.2803550,134,22195.62
W-WL-C,120.5876594,24.2811212,135,22304.25
W-WL-C,120.5903337,24.2842580,136,22745.98
W-WL-C,120.5922550,24.2865422,137,23066.04
W-WL-C,120.5939479,24.2885726,138,23349.60
W-WL-C,120.5955942,24.2905120,139,23622.27
W-WL-C,120.5966952,24.2917907,140,23803.01
W-WL-C,120.5970951,24.2922695,141,23869.93
W-WL-C,120.5977546,24.2930787,142,23982.02
W-WL-C,120.5982165,24.2937154,143,24066.89
W-WL-C,120.5985691,24.2943088,144,24141.93
W-WL-C,120.5991133,24.2953375,145,24268.91
W-WL-C,120.5992738,24.2956676,146,24309.06
W-WL-C,120.5994446,24.2960550,147,24355.50
W-WL-C,120.6000298,24.2973084,148,24506.95
W-WL-C,120.6007654,24.2987915,149,24687.93
W-WL-C,120.6011381,24.2996477,150,24790.36
W-WL-C,120.6018297,24.3018665,151,25046.84
W-WL-C,120.6020616,24.3027414,152,25146.93
W-WL-C,120.6023452,24.3037312,153,25260.67
W-WL-C,120.6025310,24.3043432,154,25331.29
W-WL-C,120.6026910,24.3048740,155,25392.49
W-WL-C,120.6034140,24.3070546,156,25645.80
W-WL-C,120.6040544,24.3090248,157,25874.28
W-WL-C,120.6047567,24.3111910,158,26125.44
W-WL-C,120.6059567,24.3148655,159,26551.74
W-WL-C,120.6072473,24.3190918,160,27039.54
W-WL-C,120.6089749,24.3246612,161,27683.10
W-WL-C,120.6096358,24.3264960,162,27897.83
W-WL-C,120.6099913,24.3273022,163,27994.44
W-WL-C,120.6105960,24.3282488,164,28116.23
W-WL-C,120.6110530,24.3288759,165,28199.92
W-WL-C,120.6115623,24.3294410,166,28281.23
W-WL-C,120.6123107,24.3301887,167,28393.77
W-WL-C,120.6131473,24.3308312,168,28504.62
W-WL-C,120.6145846,24.3318089,169,28686.36
W-WL-C,120.6160004,24.3326582,170,28858.09
W-WL-C,120.6180356,24.3338769,171,29104.84
W-WL-C,120.6187800,24.3343088,172,29194.25
W-WL-C,120.6198739,24.3349723,173,29327.39
W-WL-C,120.6206344,24.3355335,174,29426.54
W-WL-C,120.6212943,24.3361213,175,29520.04
W-WL-C,120.6213303,24.3361489,176,29524.80
W-WL-C,120.6220663,24.3368982,177,29636.62
W-WL-C,120.6237197,24.3391715,178,29939.86
W-WL-C,120.6248884,24.3409649,179,30171.78
W-WL-C,120.6259438,24.3424346,180,30367.07
W-WL-C,120.6271715,24.3443505,181,30613.75
W-WL-C,120.6272182,24.3444234,182,30623.15
W-WL-C,120.6288131,24.3467514,183,30928.29
W-WL-C,120.6300168,24.3485110,184,31158.84
W-WL-C,120.6310614,24.3500497,185,31360.02
W-WL-C,120.6313615,24.3504934,186,31417.96
W-WL-C,120.6317471,24.3510921,187,31495.16
W-WL-C,120.6320900,24.3515420,188,31556.07
W-WL-C,120.6325995,24.3520880,189,31635.75
W-WL-C,120.6330519,24.3525525,190,31704.80
W-WL-C,120.6335355,24.3530554,191,31779.14
W-WL-C,120.6344713,24.3540705,192,31926.55
W-WL-C,120.6354260,24.3551148,193,32077.66
W-WL-C,120.6362702,24.3560433,194,32211.73
W-WL-C,120.6367225,24.3565652,195,32285.66
W-WL-C,120.6380984,24.3584559,196,32537.91
W-WL-C,120.6392318,24.3600304,197,32747.26
W-WL-C,120.6397877,24.3607866,198,32848.46
W-WL-C,120.6405720,24.3619399,199,32999.32
W-WL-C,120.6414189,24.3630791,200,33152.31
W-WL-C,120.6420999,24.3639072,201,33267.36
W-WL-C,120.6429274,24.3648750,202,33403.77
W-WL-C,120.6437895,24.3658391,203,33542.03
W-WL-C,120.6453807,24.3676178,204,33797.17
W-WL-C,120.6462854,24.3686472,205,33943.79
W-WL-C,120.6479494,24.3705660,206,34215.69
W-WL-C,120.6489958,24.3717389,207,34383.75
W-WL-C,120.6497304,24.3725605,208,34501.58
W-WL-C,120.6502833,24.3731780,209,34590.18
W-WL-C,120.6511727,24.3741451,210,34730.46
W-WL-C,120.6522633,24.3754283,211,34910.90
W-WL-C,120.6531850,24.3765026,212,35062.51
W-WL-C,120.6537264,24.3771259,213,35150.89
W-WL-C,120.6544077,24.3778872,214,35260.10
W-WL-C,120.6546781,24.3781840,215,35302.99
W-WL-C,120.6550318,24.3785862,216,35360.28
W-WL-C,120.6555725,24.3792324,217,35450.63
W-WL-C,120.6562328,24.3800653,218,35564.86
W-WL-C,120.6567059,24.3806349,219,35644.29
W-WL-C,120.6582557,24.3824062,220,35896.14
W-WL-C,120.6586977,24.3829089,221,35967.75
W-WL-C,120.6593270,24.3836126,222,36068.68
W-WL-C,120.6599252,24.3842877,223,36165.13
W-WL-C,120.6610745,24.3856280,224,36354.24
W-WL-C,120.6615891,24.3863172,225,36446.91
W-WL-C,120.6619058,24.3868817,226,36517.40
W-WL-C,120.6621391,24.3874269,227,36582.47
W-WL-C,120.6622944,24.3878764,228,36634.86
W-WL-C,120.6624184,24.3883353,229,36687.42
W-WL-C,120.6625357,24.3890617,230,36769.06
W-WL-C,120.6625490,24.3896292,231,36832.17
W-WL-C,120.6625214,24.3904570,232,36924.26
W-WL-C,120.6623383,24.3913954,233,37030.24
W-WL-C,120.6622316,24.3918648,234,37083.54
W-WL-C,120.6620960,24.3923526,235,37139.49
W-WL-C,120.6618872,24.3931607,236,37231.81
W-WL-C,120.6584208,24.4044373,237,38533.92
W-WL-C,120.6579114,24.4062045,238,38737.08
W-WL-C,120.6577996,24.4065596,239,38778.16
W-WL-C,120.6577569,24.4066790,240,38792.12
W-WL-C,120.6577371,24.4067476,241,38800.01
W-WL-C,120.6574120,24.4077311,242,38914.21
W-WL-C,120.6567008,24.4100290,243,39179.67
W-WL-C,120.6562616,24.4115805,244,39357.84
W-WL-C,120.6559690,24.4125264,245,39467.11
W-WL-C,120.6558003,24.4131332,246,39536.72
W-WL-C,120.6554168,24.4143529,247,39677.79
W-WL-C,120.6548187,24.4163103,248,39903.70
W-WL-C,120.6543703,24.4178037,249,40075.85
W-WL-C,120.6540938,24.4186657,250,40175.72
W-WL-C,120.6537333,24.4199513,251,40323.25
W-WL-C,120.6534797,24.4207187,252,40412.36
W-WL-C,120.6532392,24.4214684,253,40499.21
W-WL-C,120.6531704,24.4216552,254,40521.11
W-WL-C,120.6527999,24.4228288,255,40656.90
W-WL-C,120.6523204,24.4244515,256,40843.75
W-WL-C,120.6511395,24.4281134,257,41268.12
W-WL-C,120.6506565,24.4297076,258,41452.01
W-WL-C,120.6504149,24.4305224,259,41545.86
W-WL-C,120.6501409,24.4314088,260,41648.25
W-WL-C,120.6499189,24.4321346,261,41732.02
W-WL-C,120.6497032,24.4328423,262,41813.70
W-WL-C,120.6493833,24.4338714,263,41932.62
W-WL-C,120.6490567,24.4349839,264,42060.67
W-WL-C,120.6489445,24.4354136,265,42109.78
W-WL-C,120.6488345,24.4361738,266,42195.04
W-WL-C,120.6487881,24.4370128,267,42288.44
W-WL-C,120.6488074,24.4374114,268,42332.82
W-WL-C,120.6488459,24.4378280,269,42379.30
W-WL-C,120.6489171,24.4382149,270,42422.92
W-WL-C,120.6490469,24.4388101,271,42490.40
W-WL-C,120.6493131,24.4395365,272,42575.55
W-WL-C,120.6498721,24.4408228,273,42729.36
W-WL-C,120.6509248,24.4429246,274,42986.22
W-WL-C,120.6511781,24.4434725,275,43052.32
W-WL-C,120.6512100,24.4435343,276,43059.91
W-WL-C,120.6512427,24.4436105,277,43069.01
W-WL-C,120.6516171,24.4444223,278,43166.91
W-WL-C,120.6517445,24.4446708,279,43197.41
W-WL-C,120.6519351,24.4450632,280,43245.11
W-WL-C,120.6522692,24.4457937,281,43333.10
W-WL-C,120.6525874,24.4464606,282,43413.95
W-WL-C,120.6530564,24.4472492,283,43513.67
W-WL-C,120.6534429,24.4478940,284,43595.34
W-WL-C,120.6536644,24.4482301,285,43638.92
W-WL-C,120.6538203,24.4484645,286,43669.40
W-WL-C,120.6540388,24.4487517,287,43708.24
W-WL-C,120.6544112,24.4492428,288,43774.59
W-WL-C,120.6550875,24.4500768,289,43889.87
W-WL-C,120.6561664,24.4513767,290,44071.03
W-WL-C,120.6580858,24.4538015,291,44403.35
W-WL-C,120.6592032,24.4555718,292,44630.38
W-WL-C,120.6600076,24.4572841,293,44837.46
W-WL-C,120.6603395,24.4580971,294,44933.90
W-WL-C,120.6605870,24.4589033,295,45026.98
W-WL-C,120.6608192,24.4597024,296,45118.90
W-WL-C,120.6610768,24.4608168,297,45245.52
W-WL-C,120.6612945,24.4621642,298,45396.96
W-WL-C,120.6615564,24.4636851,299,45568.13
W-WL-C,120.6618030,24.4651620,300,45734.24
W-WL-C,120.6620732,24.4667340,301,45911.18
W-WL-C,120.6623238,24.4685244,302,46111.87
W-WL-C,120.6624651,24.4692519,303,46194.02
W-WL-C,120.6625169,24.4695544,304,46228.05
W-WL-C,120.6628205,24.4712082,305,46414.50
W-WL-C,120.6630950,24.4719971,306,46506.52
W-WL-C,120.6634112,24.4727080,307,46591.80
W-WL-C,120.6640354,24.4737049,308,46719.38
W-WL-C,120.6649875,24.4749062,309,46884.09
W-WL-C,120.6666942,24.4770505,310,47178.50
W-WL-C,120.6677970,24.4785436,311,47378.56
W-WL-C,120.6685567,24.4794865,312,47508.57
W-WL-C,120.6697794,24.4810563,313,47722.53
W-WL-C,120.6704438,24.4819273,314,47840.44
W-WL-C,120.6711207,24.4828072,315,47959.87
W-WL-C,120.6720053,24.4837558,316,48098.22
W-WL-C,120.6728177,24.4845316,317,48217.38
W-WL-C,120.6733176,24.4850391,318,48293.17
W-WL-C,120.6737446,24.4854796,319,48358.48
W-WL-C,120.6742025,24.4860826,320,48439.99
W-WL-C,120.6748059,24.4869439,321,48553.57
W-WL-C,120.6753568,24.4878911,322,48672.74
W-WL-C,120.6758810,24.4886844,323,48775.67
W-WL-C,120.6764281,24.4895288,324,48884.66
W-WL-C,120.6772725,24.4906559,325,49036.36
W-WL-C,120.6781380,24.4915807,326,49171.43
W-WL-C,120.6781708,24.4916198,327,49176.90
W-WL-C,120.6809132,24.4946169,328,49610.57
W-WL-C,120.6833605,24.4972618,329,49995.04
W-WL-C,120.6842197,24.4981953,330,50130.43
W-WL-C,120.6848311,24.4990625,331,50245.00
W-WL-C,120.6852729,24.4998458,332,50342.91
W-WL-C,120.6856578,24.5005766,333,50433.02
W-WL-C,120.6858314,24.5008494,334,50468.07
W-WL-C,120.6862177,24.5015180,335,50552.07
W-WL-C,120.6866567,24.5024287,336,50662.64
W-WL-C,120.6871027,24.5032930,337,50768.82
W-WL-C,120.6878653,24.5046469,338,50937.98
W-WL-C,120.6883850,24.5056155,339,51057.84
W-WL-C,120.6887873,24.5065778,340,51172.33
W-WL-C,120.6890463,24.5074443,341,51272.18
W-WL-C,120.6896737,24.5097808,342,51539.62
W-WL-C,120.6902688,24.5120037,343,51794.02
W-WL-C,120.6907732,24.5139337,344,52014.62
W-WL-C,120.6911871,24.5154814,345,52191.73
W-WL-C,120.6914323,24.5166704,346,52326.25
W-WL-C,120.6914510,24.5170108,347,52364.15
W-WL-C,120.6914890,24.5176380,348,52434.00
W-WL-C,120.6914545,24.5182531,349,52502.48
W-WL-C,120.6914321,24.5194236,350,52632.65
W-WL-C,120.6915334,24.5207257,351,52777.81
W-WL-C,120.6918221,24.5227748,352,53007.52
W-WL-C,120.6921378,24.5244955,353,53201.49
W-WL-C,120.6924844,24.5269030,354,53471.48
W-WL-C,120.6927289,24.5283726,355,53636.76
W-WL-C,120.6928770,24.5292449,356,53734.90
W-WL-C,120.6930828,24.5305174,357,53877.92
W-WL-C,120.6932691,24.5317301,358,54014.08
W-WL-C,120.6934757,24.5326801,359,54121.77
W-WL-C,120.6944019,24.5360574,360,54508.81
W-WL-C,120.6946921,24.5372036,361,54639.60
W-WL-C,120.6949056,24.5380222,362,54733.15
W-WL-C,120.6951901,24.5391694,363,54863.92
W-WL-C,120.6954033,24.5401135,364,54971.09
W-WL-C,120.6955971,24.5409440,365,55065.50
W-WL-C,120.6957830,24.5418359,366,55166.44
W-WL-C,120.6959136,24.5423660,367,55226.85
W-WL-C,120.6960817,24.5430651,368,55306.42
W-WL-C,120.6963147,24.5438957,369,55401.74
W-WL-C,120.6965157,24.5444814,370,55469.96
W-WL-C,120.6967809,24.5455510,371,55591.88
W-WL-C,120.6970029,24.5464265,372,55691.79
W-WL-C,120.6973645,24.5477045,373,55838.53
W-WL-C,120.6976380,24.5483169,374,55912.03
W-WL-C,120.6985288,24.5498655,375,56106.37
W-WL-C,120.7020201,24.5553856,376,56814.50
W-WL-C,120.7032516,24.5574631,377,57076.94
W-WL-C,120.7044544,24.5593548,378,57319.93
W-WL-C,120.7060051,24.5617924,379,57633.09
W-WL-C,120.7067952,24.5629917,380,57788.55
W-WL-C,120.7071335,24.5635359,381,57858.06
W-WL-C,120.7074197,24.5640261,382,57919.78
W-WL-C,120.7078100,24.5646480,383,57999.41
W-WL-C,120.7079792,24.5649111,384,58033.30
W-WL-C,120.7085843,24.5658619,385,58155.45
W-WL-C,120.7107836,24.5693121,386,58598.90
W-WL-C,120.7113495,24.5702926,387,58722.04
W-WL-C,120.7115895,24.5709858,388,58802.85
W-WL-C,120.7117055,24.5716609,389,58878.83
W-WL-C,120.7117299,24.5724135,390,58962.55
W-WL-C,120.7116760,24.5731539,391,59045.06
W-WL-C,120.7115829,24.5738704,392,59125.28
W-WL-C,120.7115092,24.5746944,393,59217.21
W-WL-C,120.7114878,24.5754588,394,59302.24
W-WL-C,120.7115451,24.5761039,395,59374.20
W-WL-C,120.7116652,24.5768303,396,59455.88
W-WL-C,120.7119269,24.5776753,397,59553.50
W-WL-C,120.7122192,24.5783746,398,59636.69
W-WL-C,120.7125762,24.5793070,399,59746.47
W-WL-C,120.7129138,24.5802154,400,59853.09
W-WL-C,120.7139851,24.5829826,401,60179.30
W-WL-C,120.7155435,24.5869929,402,60652.24
W-WL-C,120.7161800,24.5885639,403,60838.41
W-WL-C,120.7166260,24.5896725,404,60969.68
W-WL-C,120.7171306,24.5905384,405,61078.65
W-WL-C,120.7172898,24.5908051,406,61112.38
W-WL-C,120.7177989,24.5916183,407,61216.43
W-WL-C,120.7196356,24.5942440,408,61562.46
W-WL-C,120.7205007,24.5954219,409,61719.95
W-WL-C,120.7212396,24.5963580,410,61848.07
W-WL-C,120.7224531,24.5976858,411,62040.04
W-WL-C,120.7230271,24.5982599,412,62126.31
W-WL-C,120.7235904,24.5988076,413,62209.69
W-WL-C,120.7241689,24.5993579,414,62294.35
W-WL-C,120.7250426,24.6002082,415,62423.74
W-WL-C,120.7258201,24.6009812,416,62540.22
W-WL-C,120.7270342,24.6021479,417,62718.81
W-WL-C,120.7276668,24.6026875,418,62806.50
W-WL-C,120.7287145,24.6034426,419,62941.67
W-WL-C,120.7305408,24.6045906,420,63166.14
W-WL-C,120.7312847,24.6049563,421,63251.63
W-WL-C,120.7318656,24.6051723,422,63315.08
W-WL-C,120.7324858,24.6053585,423,63381.11
W-WL-C,120.7330783,24.6055120,424,63443.40
W-WL-C,120.7336538,24.6055957,425,63502.32
W-WL-C,120.7346699,24.6056526,426,63605.24
W-WL-C,120.7352760,24.6056344,427,63666.55
W-WL-C,120.7358211,24.6055937,428,63721.84
W-WL-C,120.7364124,24.6055499,429,63781.82
W-WL-C,120.7368730,24.6055187,430,63828.51
W-WL-C,120.7375487,24.6054791,431,63896.97
W-WL-C,120.7385352,24.6054108,432,63996.99
W-WL-C,120.7392618,24.6053489,433,64070.77
W-WL-C,120.7398489,24.6053139,434,64130.25
W-WL-C,120.7405353,24.6052814,435,64199.74
W-WL-C,120.7406849,24.6052771,436,64214.88
W-WL-C,120.7408463,24.6052737,437,64231.20
W-WL-C,120.7410958,24.6052723,438,64256.42
W-WL-C,120.7412839,24.6052775,439,64275.45
W-WL-C,120.7415678,24.6052939,440,64304.21
W-WL-C,120.7417828,24.6053168,441,64326.09
W-WL-C,120.7420283,24.6053540,442,64351.25
W-WL-C,120.7424424,24.6054372,443,64394.13
W-WL-C,120.7427101,24.6055032,444,64422.17
W-WL-C,120.7429448,24.6055757,445,64447.23
W-WL-C,120.7431502,24.6056411,446,64469.23
W-WL-C,120.7434288,24.6057475,447,64499.78
W-WL-C,120.7437331,24.6058741,448,64533.61
W-WL-C,120.7439604,24.6059933,449,64560.14
W-WL-C,120.7442976,24.6061637,450,64599.14
W-WL-C,120.7445835,24.6063370,451,64633.87
W-WL-C,120.7449551,24.6066059,452,64681.89
W-WL-C,120.7454324,24.6069506,453,64743.51
W-WL-C,120.7469980,24.6079924,454,64939.66
W-WL-C,120.7470082,24.6079947,455,64940.72
W-WL-C,120.7472979,24.6081815,456,64976.62
W-WL-C,120.7477439,24.6084394,457,65030.06
W-WL-C,120.7479401,24.6085732,458,65054.86
W-WL-C,120.7483982,24.6088786,459,65112.28
W-WL-C,120.7486987,24.6090721,460,65149.51
W-WL-C,120.7490065,24.6092724,461,65187.78
W-WL-C,120.7493803,24.6095167,462,65234.32
W-WL-C,120.7498469,24.6098409,463,65293.69
W-WL-C,120.7499882,24.6099428,464,65311.92
W-WL-C,120.7503460,24.6101668,465,65355.83
W-WL-C,120.7504424,24.6102105,466,65366.73
W-WL-C,120.7508236,24.6104070,467,65411.02
W-WL-C,120.7513560,24.6106106,468,65469.42
W-WL-C,120.7515145,24.6106731,469,65486.88
W-WL-C,120.7520724,24.6108916,470,65548.30
W-WL-C,120.7525047,24.6110490,471,65595.37
W-WL-C,120.7529491,24.6111954,472,65643.15
W-WL-C,120.7536160,24.6113888,473,65713.92
W-WL-C,120.7538139,24.6114554,474,65735.26
W-WL-C,120.7541501,24.6115571,475,65771.07
W-WL-C,120.7544504,24.6116584,476,65803.46
W-WL-C,120.7547748,24.6117709,477,65838.55
W-WL-C,120.7550511,24.6118392,478,65867.50
W-WL-C,120.7552554,24.6118734,479,65888.50
W-WL-C,120.7555075,24.6119090,480,65914.29
W-WL-C,120.7558022,24.6119483,481,65944.41
W-WL-C,120.7561563,24.6119915,482,65980.52
W-WL-C,120.7565288,24.6120057,483,66018.21
W-WL-C,120.7568772,24.6120197,484,66053.47
W-WL-C,120.7572378,24.6120119,485,66089.93
W-WL-C,120.7576318,24.6119654,486,66130.10
W-WL-C,120.7580431,24.6119202,487,66171.97
W-WL-C,120.7582111,24.6118856,488,66189.39
W-WL-C,120.7584351,24.6118394,489,66212.61
W-WL-C,120.7588463,24.6117928,490,66254.50
W-WL-C,120.7593160,24.6117501,491,66302.22
W-WL-C,120.7597708,24.6117140,492,66348.37
W-WL-C,120.7602698,24.6116648,493,66399.12
W-WL-C,120.7606882,24.6116217,494,66441.68
W-WL-C,120.7611175,24.6115753,495,66485.39
W-WL-C,120.7614624,24.6115310,496,66520.60
W-WL-C,120.7617891,24.6114703,497,66554.32
W-WL-C,120.7620459,24.6114157,498,66580.98
W-WL-C,120.7621823,24.6113785,499,66595.37
W-WL-C,120.7623544,24.6113347,500,66613.44
W-WL-C,120.7624845,24.6113020,501,66627.08
W-WL-C,120.7626665,24.6112471,502,66646.47
W-WL-C,120.7629677,24.6111292,503,66679.62
W-WL-C,120.7632962,24.6109840,504,66716.55
W-WL-C,120.7635148,24.6108696,505,66742.05
W-WL-C,120.7637720,24.6107345,506,66772.07
W-WL-C,120.7640549,24.6105562,507,66806.87
W-WL-C,120.7643084,24.6103843,508,66838.84
W-WL-C,120.7647751,24.6100870,509,66896.45
W-WL-C,120.7650971,24.6098105,510,66941.23
W-WL-C,120.7652110,24.6096924,511,66958.70
W-WL-C,120.7654231,24.6094634,512,66991.98
W-WL-C,120.7656606,24.6092236,513,67027.87
W-WL-C,120.7660553,24.6088194,514,67087.97
W-WL-C,120.7662425,24.6086316,515,67116.14
W-WL-C,120.7663360,24.6085238,516,67131.41
W-WL-C,120.7664538,24.6083775,517,67151.58
W-WL-C,120.7667569,24.6080649,518,67197.91
W-WL-C,120.7668883,24.6079372,519,67217.35
W-WL-C,120.7671707,24.6077182,520,67254.88
W-WL-C,120.7674771,24.6075041,521,67293.95
W-WL-C,120.7678720,24.6072567,522,67342.43
W-WL-C,120.7683526,24.6070223,523,67397.56
W-WL-C,120.7689694,24.6068183,524,67463.92
W-WL-C,120.7696780,24.6066270,525,67538.65
W-WL-C,120.7702899,24.6064958,526,67602.20
W-WL-C,120.7710100,24.6063660,527,67676.42
W-WL-C,120.7716526,24.6062313,528,67743.10
W-WL-C,120.7723677,24.6060940,529,67816.99
W-WL-C,120.7730303,24.6059622,530,67885.56
W-WL-C,120.7734520,24.6059008,531,67928.73
W-WL-C,120.7738596,24.6058611,532,67970.18
W-WL-C,120.7742483,24.6058482,533,68009.50
W-WL-C,120.7748121,24.6058458,534,68066.50
W-WL-C,120.7752227,24.6058753,535,68108.13
W-WL-C,120.7755749,24.6059019,536,68143.87
W-WL-C,120.7759250,24.6059550,537,68179.76
W-WL-C,120.7763560,24.6060488,538,68224.56
W-WL-C,120.7766697,24.6061165,539,68257.15
W-WL-C,120.7770081,24.6062121,540,68292.98
W-WL-C,120.7773236,24.6063154,541,68326.88
W-WL-C,120.7776801,24.6064485,542,68365.83
W-WL-C,120.7784202,24.6068043,543,68450.48
W-WL-C,120.7790976,24.6071744,544,68530.37
W-WL-C,120.7797242,24.6075536,545,68606.48
W-WL-C,120.7800451,24.6077635,546,68646.43
W-WL-C,120.7804196,24.6080275,547,68694.34
W-WL-C,120.7808617,24.6083650,548,68752.70
W-WL-C,120.7810824,24.6085603,549,68783.83
W-WL-C,120.7814306,24.6088646,550,68832.67
W-WL-C,120.7816653,24.6091131,551,68869.09
W-WL-C,120.7820878,24.6095939,552,68937.52
W-WL-C,120.7830535,24.6108567,553,69108.54
W-WL-C,120.7834322,24.6113674,554,69177.03
W-WL-C,120.7843895,24.6125911,555,69344.00
W-WL-C,120.7846289,24.6128948,556,69385.55
W-WL-C,120.7848576,24.6131942,557,69426.08
W-WL-C,120.7850938,24.6135190,558,69469.38
W-WL-C,120.7860603,24.6148358,559,69645.40
W-WL-C,120.7869603,24.6160000,560,69803.62
W-WL-C,120.7869618,24.6160020,561,69803.90
W-WL-C,120.7872500,24.6163745,562,69854.54
W-WL-C,120.7878449,24.6171299,563,69957.84
W-WL-C,120.7887298,24.6182071,564,70107.34
W-WL-C,120.7891471,24.6187594,565,70181.84
W-WL-C,120.7895230,24.6192284,566,70246.37
W-WL-C,120.7898381,24.6196602,567,70303.99
W-WL-C,120.7905382,24.6207106,568,70440.55
W-WL-C,120.7908186,24.6211658,569,70498.57
W-WL-C,120.7911059,24.6217828,570,70573.07
W-WL-C,120.7912933,24.6222561,571,70629.00
W-WL-C,120.7916172,24.6231309,572,70731.63
W-WL-C,120.7924754,24.6256798,573,71028.04
W-WL-C,120.7929630,24.6271353,574,71197.22
W-WL-C,120.7933219,24.6281714,575,71318.00
W-WL-C,120.7937979,24.6295695,576,71480.74
W-WL-C,120.7940085,24.6301969,577,71553.68
W-WL-C,120.7942513,24.6307496,578,71619.86
W-WL-C,120.7945915,24.6314705,579,71707.08
W-WL-C,120.7950988,24.6322874,580,71811.39
W-WL-C,120.7956658,24.6332091,581,71928.81
W-WL-C,120.7965485,24.6345683,582,72104.32
W-WL-C,120.7978790,24.6367166,583,72378.45
W-WL-C,120.7992358,24.6388899,584,72656.31
W-WL-C,120.8006122,24.6411563,585,72944.18
W-WL-C,120.8017072,24.6428921,586,73166.66
W-WL-C,120.8025050,24.6441402,587,73327.16
W-WL-C,120.8031325,24.6450843,588,73449.81
W-WL-C,120.8034223,24.6455458,589,73508.90
W-WL-C,120.8035400,24.6457577,590,73535.29
W-WL-C,120.8035581,24.6457901,591,73539.34
W-WL-C,120.8038034,24.6462311,592,73594.28
W-WL-C,120.8044382,24.6472758,593,73726.99
W-WL-C,120.8051031,24.6483373,594,73862.81
W-WL-C,120.8056428,24.6492267,595,73975.74
W-WL-C,120.8063233,24.6503264,596,74116.04
W-WL-C,120.8071550,24.6517011,597,74290.49
W-WL-C,120.8079295,24.6529085,598,74445.89
W-WL-C,120.8084953,24.6538146,599,74561.74
W-WL-C,120.8088814,24.6544123,600,74638.80
W-WL-C,120.8094057,24.6550317,601,74725.70
W-WL-C,120.8097763,24.6554024,602,74781.40
W-WL-C,120.8103291,24.6558753,603,74858.12
W-WL-C,120.8110624,24.6564490,604,74955.90
W-WL-C,120.8120295,24.6571754,605,75082.69
W-WL-C,120.8133898,24.6582210,606,75262.73
W-WL-C,120.8146040,24.6591518,607,75423.25
W-WL-C,120.8157026,24.6599740,608,75567.07
W-WL-C,120.8166537,24.6607334,609,75695.00
W-WL-C,120.8172777,24.6612023,610,75776.83
W-WL-C,120.8178585,24.6615994,611,75850.27
W-WL-C,120.8184110,24.6619049,612,75915.63
W-WL-C,120.8189363,24.6621575,613,75975.68
W-WL-C,120.8193934,24.6623429,614,76026.27
W-WL-C,120.8197736,24.6624796,615,76067.58
W-WL-C,120.8201147,24.6626067,616,76104.84
W-WL-C,120.8208853,24.6628331,617,76186.68
W-WL-C,120.8222619,24.6632445,618,76333.11
W-WL-C,120.8232499,24.6635279,619,76437.81
W-WL-C,120.8238247,24.6637102,620,76499.33
W-WL-C,120.8240913,24.6637869,621,76527.58
W-WL-C,120.8267540,24.6645819,622,76810.80
W-WL-C,120.8274236,24.6647738,623,76881.75
W-WL-C,120.8279691,24.6649208,624,76939.24
W-WL-C,120.8286515,24.6650399,625,77009.46
W-WL-C,120.8295667,24.6651346,626,77102.53
W-WL-C,120.8303150,24.6651444,627,77178.16
W-WL-C,120.8309359,24.6651152,628,77240.98
W-WL-C,120.8313444,24.6650709,629,77282.56
W-WL-C,120.8317649,24.6650014,630,77325.75
W-WL-C,120.8323217,24.6648898,631,77383.36
W-WL-C,120.8328153,24.6647471,632,77435.70
W-WL-C,120.8340183,24.6643483,633,77565.11
W-WL-C,120.8352018,24.6639285,634,77693.48
W-WL-C,120.8364833,24.6634760,635,77832.41
W-WL-C,120.8384872,24.6627765,636,78049.34
W-WL-C,120.8392882,24.6624996,637,78135.93
W-WL-C,120.8401871,24.6621900,638,78233.08
W-WL-C,120.8408998,24.6619280,639,78310.77
W-WL-C,120.8415799,24.6616092,640,78388.09
W-WL-C,120.8423091,24.6611830,641,78475.71
W-WL-C,120.8431431,24.6606016,642,78581.92
W-WL-C,120.8437052,24.6601249,643,78659.62
W-WL-C,120.8440499,24.6598784,644,78703.94
W-WL-C,120.8444704,24.6595390,645,78760.77
W-WL-C,120.8449604,24.6591426,646,78827.07
W-WL-C,120.8453835,24.6588281,647,78882.30
W-WL-C,120.8458275,24.6585046,648,78939.81
W-WL-C,120.8462194,24.6582331,649,78989.61
W-WL-C,120.8466584,24.6578900,650,79048.12
W-WL-C,120.8477557,24.6571325,651,79187.37
W-WL-C,120.8486175,24.6565895,652,79293.35
W-WL-C,120.8491672,24.6562474,653,79360.67
W-WL-C,120.8497850,24.6558693,654,79435.94
W-WL-C,120.8502127,24.6556368,655,79486.30
W-WL-C,120.8507462,24.6554439,656,79544.33
W-WL-C,120.8513149,24.6552653,657,79605.14
W-WL-C,120.8519071,24.6551476,658,79666.40
W-WL-C,120.8524483,24.6550801,659,79721.60
W-WL-C,120.8530364,24.6550699,660,79781.05
W-WL-C,120.8535775,24.6550955,661,79835.80
W-WL-C,120.8542086,24.6551964,662,79900.56
W-WL-C,120.8548671,24.6553762,663,79970.05
W-WL-C,120.8562193,24.6558613,664,80116.95
W-WL-C,120.8574422,24.6562889,665,80249.36
W-WL-C,120.8578341,24.6564254,666,80291.78
W-WL-C,120.8582025,24.6565547,667,80331.69
W-WL-C,120.8591235,24.6569139,668,80432.98
W-WL-C,120.8601974,24.6573521,669,80551.93
W-WL-C,120.8608951,24.6576000,670,80627.63
W-WL-C,120.8616320,24.6578085,671,80705.63
W-WL-C,120.8622513,24.6579847,672,80771.21
W-WL-C,120.8629451,24.6581573,673,80843.90
W-WL-C,120.8635723,24.6582976,674,80909.18
W-WL-C,120.8641133,24.6584199,675,80965.51
W-WL-C,120.8647998,24.6585753,676,81037.01
W-WL-C,120.8655407,24.6587538,677,81114.46
W-WL-C,120.8664966,24.6590384,678,81216.12
W-WL-C,120.8673589,24.6593796,679,81311.15
W-WL-C,120.8679742,24.6596345,680,81379.49
W-WL-C,120.8689703,24.6601358,681,81494.54
W-WL-C,120.8697318,24.6606387,682,81589.68
W-WL-C,120.8703998,24.6611703,683,81679.40
W-WL-C,120.8711755,24.6618410,684,81787.60
W-WL-C,120.8718414,24.6625368,685,81890.13
W-WL-C,120.8727655,24.6637451,686,82053.76
W-WL-C,120.8738409,24.6653469,687,82262.40
W-WL-C,120.8742327,24.6659360,688,82338.94
W-WL-C,120.8746725,24.6665809,689,82423.31
W-WL-C,120.8753025,24.6675491,690,82548.37
W-WL-C,120.8764848,24.6693024,691,82777.02
W-WL-C,120.8772688,24.6704664,692,82928.78
W-WL-C,120.8778689,24.6713850,693,83047.56
W-WL-C,120.8783454,24.6721355,694,83143.91
W-WL-C,120.8787836,24.6729422,695,83243.94
W-WL-C,120.8791142,24.6736297,696,83327.37
W-WL-C,120.8795464,24.6748019,697,83464.84
W-WL-C,120.8797340,24.6754614,698,83540.58
W-WL-C,120.8800371,24.6769324,699,83706.99
W-WL-M,120.5787648,24.1118671,1,0.00
W-WL-M,120.5791139,24.1125728,2,86.10
W-WL-M,120.5794828,24.1131651,3,161.86
W-WL-M,120.5797873,24.1135661,4,216.11
W-WL-M,120.5801893,24.1140152,5,280.59
W-WL-M,120.5807538,24.1144945,6,358.85
W-WL-M,120.5815655,24.1150283,7,460.38
W-WL-M,120.5824114,24.1154403,8,557.69
W-WL-M,120.5831993,24.1156647,9,641.45
W-WL-M,120.5842139,24.1158251,10,745.96
W-WL-M,120.5851938,24.1158528,11,845.45
W-WL-M,120.5859383,24.1157736,12,921.52
W-WL-M,120.5866547,24.1156275,13,996.03
W-WL-M,120.5874251,24.1153897,14,1078.57
W-WL-M,120.5883392,24.1150658,15,1178.09
W-WL-M,120.5887778,24.1149081,16,1225.93
W-WL-M,120.5902384,24.1143923,17,1384.87
W-WL-M,120.5902535,24.1143870,18,1386.51
W-WL-M,120.5904779,24.1143087,19,1410.90
W-WL-M,120.5919666,24.1137894,20,1572.64
W-WL-M,120.5927246,24.1135295,21,1654.83
W-WL-M,120.5932288,24.1133588,22,1709.41
W-WL-M,120.5964221,24.1122170,23,2057.48
W-WL-M,120.5985263,24.1115944,24,2281.98
W-WL-M,120.5988338,24.1115219,25,2314.22
W-WL-M,120.5999776,24.1113520,26,2431.83
W-WL-M,120.6014148,24.1111945,27,2578.75
W-WL-M,120.6032230,24.1109949,28,2763.61
W-WL-M,120.6045040,24.1108549,29,2894.55
W-WL-M,120.6069565,24.1105960,30,3145.13
W-WL-M,120.6112639,24.1101170,31,3585.54
W-WL-M,120.6119610,24.1100144,32,3657.20
W-WL-M,120.6142993,24.1097390,33,3896.49
W-WL-M,120.6148048,24.1096795,34,3948.22
W-WL-M,120.6179169,24.1093765,35,4265.88
W-WL-M,120.6197826,24.1092012,36,4456.24
W-WL-M,120.6209705,24.1090709,37,4577.67
W-WL-M,120.6221080,24.1089517,38,4693.88
W-WL-M,120.6224464,24.1089226,39,4728.38
W-WL-M,120.6226547,24.1088993,40,4749.68
W-WL-M,120.6231364,24.1088407,41,4799.00
W-WL-M,120.6259403,24.1085115,42,5085.93
W-WL-M,120.6271196,24.1084563,43,5205.78
W-WL-M,120.6276253,24.1084808,44,5257.18
W-WL-M,120.6283426,24.1085668,45,5330.60
W-WL-M,120.6306833,24.1091103,46,5575.75
W-WL-M,120.6321614,24.1095806,47,5734.62
W-WL-M,120.6332575,24.1100360,48,5856.85
W-WL-M,120.6350243,24.1111093,49,6072.25
W-WL-M,120.6412083,24.1149105,50,6828.93
W-WL-M,120.6457737,24.1177295,51,7388.34
W-WL-M,120.6462297,24.1180208,52,7444.83
W-WL-M,120.6464831,24.1181755,53,7475.77
W-WL-M,120.6466273,24.1182582,54,7493.06
W-WL-M,120.6469734,24.1184726,55,7535.51
W-WL-M,120.6478157,24.1189798,56,7637.92
W-WL-M,120.6481828,24.1191927,57,7682.06
W-WL-M,120.6484491,24.1193575,58,7714.72
W-WL-M,120.6519744,24.1215384,59,8146.92
W-WL-M,120.6530194,24.1221490,60,8272.85
W-WL-M,120.6547830,24.1232521,61,8489.83
W-WL-M,120.6566551,24.1244409,62,8721.28
W-WL-M,120.6576816,24.1250584,63,8846.04
W-WL-M,120.6594079,24.1258854,64,9043.90
W-WL-M,120.6600112,24.1261490,65,9111.78
W-WL-M,120.6615162,24.1267655,66,9279.19
W-WL-M,120.6623317,24.1271253,67,9371.11
W-WL-M,120.6635124,24.1275738,68,9500.89
W-WL-M,120.6660780,24.1287100,69,9790.28
W-WL-M,120.6687241,24.1297980,70,10084.80
W-WL-M,120.6725946,24.1314235,71,10517.17
W-WL-M,120.6742582,24.1321004,72,10702.00
W-WL-M,120.6759939,24.1328507,73,10896.90
W-WL-M,120.6776062,24.1335111,74,11076.23
W-WL-M,120.6787960,24.1339854,75,11207.99
W-WL-M,120.6819777,24.1353466,76,11564.57
W-WL-M,120.6829867,24.1357740,77,11677.44
W-WL-M,120.6837773,24.1360862,78,11764.86
W-WL-M,120.6848739,24.1365252,79,11886.37
W-WL-M,120.6851139,24.1366099,80,11912.49
W-WL-M,120.6852220,24.1366480,81,11924.24
W-WL-M,120.6858710,24.1368771,82,11994.85
W-WL-M,120.6875747,24.1376135,83,12186.15
W-WL-M,120.6886121,24.1380408,84,12301.63
W-WL-M,120.6894235,24.1383936,85,12392.84
W-WL-M,120.6910278,24.1390901,86,12573.12
W-WL-M,120.6927081,24.1397764,87,12759.92
W-WL-M,120.6940032,24.1403738,88,12907.16
W-WL-M,120.6947207,24.1407981,89,12993.92
W-WL-M,120.6951572,24.1411573,90,13053.56
W-WL-M,120.6955703,24.1415237,91,13112.01
W-WL-M,120.6960522,24.1420879,92,13191.55
W-WL-M,120.6964807,24.1427154,93,13273.77
W-WL-M,120.6966615,24.1431140,94,13321.74
W-WL-M,120.6969241,24.1438136,95,13403.97
W-WL-M,120.6970814,24.1446308,96,13496.22
W-WL-M,120.6971009,24.1449024,97,13526.49
W-WL-M,120.6972159,24.1458057,98,13627.61
W-WL-M,120.6973926,24.1470889,99,13771.42
W-WL-M,120.6976943,24.1494284,100,14033.35
W-WL-M,120.6986313,24.1562055,101,14792.90
W-WL-M,120.6991792,24.1601341,102,15233.27
W-WL-M,120.6999264,24.1657640,103,15863.86
W-WL-M,120.7000442,24.1666004,104,15957.63
W-WL-M,120.7003772,24.1689758,105,16223.90
W-WL-M,120.7009403,24.1731433,106,16690.82
W-WL-M,120.7015961,24.1778175,107,17214.81
W-WL-M,120.7022361,24.1825633,108,17746.49
W-WL-M,120.7026351,24.1857080,109,18098.50
W-WL-M,120.7027163,24.1866398,110,18202.45
W-WL-M,120.7027314,24.1868358,111,18224.29
W-WL-M,120.7027774,24.1872420,112,18269.70
W-WL-M,120.7028643,24.1879206,113,18345.67
W-WL-M,120.7030028,24.1888669,114,18451.83
W-WL-M,120.7032742,24.1908838,115,18677.78
W-WL-M,120.7035508,24.1928815,116,18901.68
W-WL-M,120.7038231,24.1945114,117,19085.00
W-WL-M,120.7041103,24.1964661,118,19304.31
W-WL-M,120.7045889,24.1998508,119,19683.78
W-WL-M,120.7051875,24.2048775,120,20246.01
W-WL-M,120.7053781,24.2069443,121,20476.65
W-WL-M,120.7054694,24.2080267,122,20597.36
W-WL-M,120.7056218,24.2096898,123,20782.92
W-WL-M,120.7057435,24.2111664,124,20947.58
W-WL-M,120.7058889,24.2126165,125,21109.50
W-WL-M,120.7059084,24.2130362,126,21156.21
W-WL-M,120.7059702,24.2142676,127,21293.28
W-WL-M,120.7062029,24.2167114,128,21566.04
W-WL-M,120.7062697,24.2169972,129,21598.54
W-WL-M,120.7065060,24.2194314,130,21870.26
W-WL-M,120.7066287,24.2204350,131,21982.55
W-WL-M,120.7071854,24.2230305,132,22276.63
W-WL-M,120.7077687,24.2254230,133,22549.16
W-WL-M,120.7080424,24.2265129,134,22673.48
W-WL-M,120.7087032,24.2291851,135,22978.08
W-WL-M,120.7092297,24.2313457,136,23224.19
W-WL-M,120.7094420,24.2319625,137,23296.07
W-WL-M,120.7102607,24.2339660,138,23533.82
W-WL-M,120.7118565,24.2379874,139,24009.35
W-WL-M,120.7126025,24.2398904,140,24234.06
W-WL-M,120.7132662,24.2413728,141,24412.10
W-WL-M,120.7137491,24.2421477,142,24511.21
W-WL-M,120.7144350,24.2430043,143,24629.14
W-WL-M,120.7155262,24.2441553,144,24798.32
W-WL-M,120.7177219,24.2464344,145,25135.63
W-WL-M,120.7183324,24.2470545,146,25228.29
W-WL-M,120.7189916,24.2477569,147,25331.09
W-WL-M,120.7194900,24.2482783,148,25408.00
W-WL-M,120.7198477,24.2486535,149,25463.28
W-WL-M,120.7203115,24.2491458,150,25535.44
W-WL-M,120.7206201,24.2494900,151,25584.88
W-WL-M,120.7210415,24.2499818,152,25654.27
W-WL-M,120.7213978,24.2506098,153,25732.89
W-WL-M,120.7220965,24.2518864,154,25891.53
W-WL-M,120.7224337,24.2525893,155,25976.85
W-WL-M,120.7227448,24.2533496,156,26067.08
W-WL-M,120.7230924,24.2540383,157,26151.37
W-WL-M,120.7233104,24.2544782,158,26205.05
W-WL-M,120.7235700,24.2549278,159,26261.55
W-WL-M,120.7238501,24.2554580,160,26326.99
W-WL-M,120.7241842,24.2559712,161,26393.35
W-WL-M,120.7245383,24.2564580,162,26458.29
W-WL-M,120.7248942,24.2569659,163,26525.31
W-WL-M,120.7251700,24.2572958,164,26571.44
W-WL-M,120.7254403,24.2575926,165,26614.33
W-WL-M,120.7258303,24.2580137,166,26675.62
W-WL-M,120.7267347,24.2588403,167,26805.45
W-WL-M,120.7290195,24.2605613,168,27105.90
W-WL-M,120.7304452,24.2616341,169,27293.30
W-WL-M,120.7315431,24.2624770,170,27438.80
W-WL-M,120.7323757,24.2630852,171,27546.96
W-WL-M,120.7338937,24.2642039,172,27744.82
W-WL-M,120.7345391,24.2647018,173,27830.53
W-WL-M,120.7351176,24.2653405,174,27922.64
W-WL-M,120.7356112,24.2660723,175,28018.17
W-WL-M,120.7362969,24.2671868,176,28160.25
W-WL-M,120.7368381,24.2681067,177,28276.33
W-WL-M,120.7371302,24.2686411,178,28342.72
W-WL-M,120.7372937,24.2689783,179,28383.71
W-WL-M,120.7374221,24.2692688,180,28418.53
W-WL-M,120.7375232,24.2695305,181,28449.39
W-WL-M,120.7375892,24.2697241,182,28471.94
W-WL-M,120.7376825,24.2700002,183,28504.06
W-WL-M,120.7377523,24.2702834,184,28536.33
W-WL-M,120.7378182,24.2705487,185,28566.58
W-WL-M,120.7378608,24.2707387,186,28588.14
W-WL-M,120.7379420,24.2711510,187,28634.72
W-WL-M,120.7379806,24.2714055,188,28663.28
W-WL-M,120.7380152,24.2716635,189,28692.19
W-WL-M,120.7380342,24.2719287,190,28721.75
W-WL-M,120.7380567,24.2724233,191,28776.79
W-WL-M,120.7380602,24.2727222,192,28810.02
W-WL-M,120.7380412,24.2729915,193,28840.03
W-WL-M,120.7380144,24.2733378,194,28878.64
W-WL-M,120.7379749,24.2735349,195,28900.91
W-WL-M,120.7378932,24.2740523,196,28959.04
W-WL-M,120.7377414,24.2746615,197,29028.51
W-WL-M,120.7376700,24.2749885,198,29065.57
W-WL-M,120.7375148,24.2754871,199,29123.20
W-WL-M,120.7373772,24.2759049,200,29171.72
W-WL-M,120.7371409,24.2767167,201,29265.11
W-WL-M,120.7370097,24.2771585,202,29316.00
W-WL-M,120.7368129,24.2778032,203,29390.41
W-WL-M,120.7365046,24.2788239,204,29508.13
W-WL-M,120.7361242,24.2800631,205,29651.22
W-WL-M,120.7356204,24.2817106,206,29841.40
W-WL-M,120.7352110,24.2830430,207,29995.25
W-WL-M,120.7349355,24.2839169,208,30096.35
W-WL-M,120.7344708,24.2855812,209,30287.32
W-WL-M,120.7337143,24.2879609,210,30562.81
W-WL-M,120.7334324,24.2887846,211,30658.75
W-WL-M,120.7331763,24.2897337,212,30767.44
W-WL-M,120.7330050,24.2906592,213,30871.80
W-WL-M,120.7329442,24.2916803,214,30985.52
W-WL-M,120.7328708,24.2924805,215,31074.80
W-WL-M,120.7328566,24.2930538,216,31138.57
W-WL-M,120.7327961,24.2939377,217,31237.04
W-WL-M,120.7327232,24.2952419,218,31382.25
W-WL-M,120.7326309,24.2968673,219,31563.23
W-WL-M,120.7325193,24.2988419,220,31783.09
W-WL-M,120.7324269,24.3004291,221,31959.82
W-WL-M,120.7322705,24.3012633,222,32053.93
W-WL-M,120.7320928,24.3020633,223,32144.69
W-WL-M,120.7317467,24.3033722,224,32294.40
W-WL-M,120.7317285,24.3042956,225,32397.09
W-WL-M,120.7317040,24.3047808,226,32451.10
W-WL-M,120.7317273,24.3053397,227,32513.29
W-WL-M,120.7318275,24.3058310,228,32568.86
W-WL-M,120.7320883,24.3066774,229,32666.60
W-WL-M,120.7323907,24.3074215,230,32754.85
W-WL-M,120.7327981,24.3085402,231,32885.91
W-WL-M,120.7330704,24.3092216,232,32966.54
W-WL-M,120.7332909,24.3097236,233,33026.68
W-WL-M,120.7337058,24.3107994,234,33153.47
W-WL-M,120.7341486,24.3119244,235,33286.37
W-WL-M,120.7345982,24.3130203,236,33416.46
W-WL-M,120.7348339,24.3135959,237,33484.78
W-WL-M,120.7353397,24.3148450,238,33632.82
W-WL-M,120.7374675,24.3202796,239,34274.44
W-WL-M,120.7407676,24.3287780,240,35276.84
W-WL-M,120.7417492,24.3311884,241,35562.71
W-WL-M,120.7446823,24.3386825,242,36447.42
W-WL-M,120.7447705,24.3389058,243,36473.81
W-WL-M,120.7448638,24.3391797,244,36505.70
W-WL-M,120.7449831,24.3395110,245,36544.48
W-WL-M,120.7480169,24.3471296,246,37445.65
W-WL-M,120.7505481,24.3559587,247,38460.34
W-WL-M,120.7525578,24.3597385,248,38927.34
W-WL-M,120.7553436,24.3639812,249,39477.06
W-WL-M,120.7583505,24.3695661,250,40168.74
W-WL-M,120.7607442,24.3745361,251,40772.22
W-WL-M,120.7665962,24.3833510,252,41917.66
W-WL-M,120.7695388,24.3916411,253,42886.45
W-WL-M,120.7708761,24.3954082,254,43326.67
W-WL-M,120.7706976,24.4028118,255,44150.12
W-WL-M,120.7729336,24.4125022,256,45251.17
W-WL-M,120.7731732,24.4130192,257,45313.57
W-WL-M,120.7734329,24.4134500,258,45368.21
W-WL-M,120.7737093,24.4138490,259,45420.67
W-WL-M,120.7738753,24.4144188,260,45486.22
W-WL-M,120.7740464,24.4150354,261,45556.94
W-WL-M,120.7741232,24.4158597,262,45648.93
W-WL-M,120.7741369,24.4169276,263,45767.68
W-WL-M,120.7741733,24.4184972,264,45942.25
W-WL-M,120.7742417,24.4203813,265,46151.86
W-WL-M,120.7742385,24.4206592,266,46182.76
W-WL-M,120.7742383,24.4206781,267,46184.87
W-WL-M,120.7742228,24.4220163,268,46333.68
W-WL-M,120.7741880,24.4235922,269,46508.94
W-WL-M,120.7741156,24.4245315,270,46613.65
W-WL-M,120.7738885,24.4258866,271,46766.07
W-WL-M,120.7734882,24.4280689,272,47012.09
W-WL-M,120.7734032,24.4289667,273,47112.30
W-WL-M,120.7734171,24.4299271,274,47219.10
W-WL-M,120.7735554,24.4314252,275,47386.26
W-WL-M,120.7737100,24.4325004,276,47506.84
W-WL-M,120.7740030,24.4350092,277,47787.38
W-WL-M,120.7742655,24.4370808,278,48019.26
W-WL-M,120.7745907,24.4390665,279,48242.50
W-WL-M,120.7748453,24.4411524,280,48475.87
W-WL-M,120.7750074,24.4424785,281,48624.24
W-WL-M,120.7751928,24.4438620,282,48779.21
W-WL-M,120.7753858,24.4453817,283,48949.32
W-WL-M,120.7755410,24.4461702,284,49038.40
W-WL-M,120.7757122,24.4467940,285,49109.89
W-WL-M,120.7759068,24.4474035,286,49180.46
W-WL-M,120.7760703,24.4479269,287,49240.97
W-WL-M,120.7762105,24.4483356,288,49288.58
W-WL-M,120.7763973,24.4489307,289,49357.41
W-WL-M,120.7765469,24.4493757,290,49409.15
W-WL-M,120.7766542,24.4497624,291,49453.51
W-WL-M,120.7767867,24.4501353,292,49497.08
W-WL-M,120.7770202,24.4508738,293,49582.54
W-WL-M,120.7773972,24.4520388,294,49717.58
W-WL-M,120.7776437,24.4528633,295,49812.60
W-WL-M,120.7780265,24.4540703,296,49952.29
W-WL-M,120.7784098,24.4550324,297,50066.09
W-WL-M,120.7788453,24.4559826,298,50180.57
W-WL-M,120.7795672,24.4573334,299,50347.60
W-WL-M,120.7805036,24.4590966,300,50565.37
W-WL-M,120.7812126,24.4604056,301,50727.65
W-WL-M,120.7818774,24.4617801,302,50894.65
W-WL-M,120.7823307,24.4628081,303,51017.82
W-WL-M,120.7827082,24.4641369,304,51170.43
W-WL-M,120.7831503,24.4665670,305,51444.33
W-WL-M,120.7834918,24.4683592,306,51646.59
W-WL-M,120.7840581,24.4714561,307,51995.68
W-WL-M,120.7847669,24.4752149,308,52419.75
W-WL-M,120.7850386,24.4765769,309,52573.68
W-WL-M,120.7853127,24.4781870,310,52754.85
W-WL-M,120.7854376,24.4798861,311,52944.21
W-WL-M,120.7855853,24.4813137,312,53103.65
W-WL-M,120.7856744,24.4826517,313,53252.69
W-WL-M,120.7858730,24.4848258,314,53495.29
W-WL-M,120.7859765,24.4858797,315,53612.94
W-WL-M,120.7859856,24.4860920,316,53636.56
W-WL-M,120.7860481,24.4867494,317,53709.93
W-WL-M,120.7861502,24.4881160,318,53862.24
W-WL-M,120.7861300,24.4877051,319,53907.98
W-WL-M,120.7862012,24.4888518,320,54035.70
W-WL-M,120.7863393,24.4908343,321,54256.58
W-WL-M,120.7863980,24.4912586,322,54304.14
W-WL-M,120.7865661,24.4931645,323,54516.75
W-WL-M,120.7865370,24.4940506,324,54615.31
W-WL-M,120.7862327,24.4959813,325,54832.20
W-WL-M,120.7858376,24.4981701,326,55078.84
W-WL-M,120.7857222,24.4987987,327,55149.70
W-WL-M,120.7856066,24.4994709,328,55225.36
W-WL-M,120.7854590,24.5007954,329,55373.40
W-WL-M,120.7854585,24.5011699,330,55415.04
W-WL-M,120.7854945,24.5016260,331,55465.89
W-WL-M,120.7855460,24.5021830,332,55528.04
W-WL-M,120.7856289,24.5026824,333,55584.20
W-WL-M,120.7856704,24.5029850,334,55618.11
W-WL-M,120.7858312,24.5038879,335,55719.81
W-WL-M,120.7859969,24.5049827,336,55842.71
W-WL-M,120.7861421,24.5057463,337,55928.87
W-WL-M,120.7862870,24.5066922,338,56035.07
W-WL-M,120.7864530,24.5076574,339,56143.70
W-WL-M,120.7865773,24.5084981,340,56238.02
W-WL-M,120.7866863,24.5090310,341,56298.30
W-WL-M,120.7867743,24.5096361,342,56366.17
W-WL-M,120.7870024,24.5109279,343,56511.65
W-WL-M,120.7871476,24.5117059,344,56599.39
W-WL-M,120.7872980,24.5126231,345,56702.51
W-WL-M,120.7873756,24.5132713,346,56775.02
W-WL-M,120.7874948,24.5138764,347,56843.37
W-WL-M,120.7875517,24.5143517,348,56896.53
W-WL-M,120.7876657,24.5150289,349,56972.71
W-WL-M,120.7877383,24.5154563,350,57020.81
W-WL-M,120.7877953,24.5157828,351,57057.57
W-WL-M,120.7879302,24.5164024,352,57127.81
W-WL-M,120.7880236,24.5168779,353,57181.51
W-WL-M,120.7881589,24.5172863,354,57228.94
W-WL-M,120.7882734,24.5175649,355,57262.02
W-WL-M,120.7884764,24.5180165,356,57316.27
W-WL-M,120.7885961,24.5182664,357,57346.59
W-WL-M,120.7887106,24.5185450,358,57379.66
W-WL-M,120.7888460,24.5188190,359,57413.06
W-WL-M,120.7890698,24.5192755,360,57468.65
W-WL-M,120.7893199,24.5197273,361,57524.89
W-WL-M,120.7896219,24.5202176,362,57587.39
W-WL-M,120.7898356,24.5205348,363,57628.75
W-WL-M,120.7902107,24.5210925,364,57701.46
W-WL-M,120.7906538,24.5216935,365,57781.93
W-WL-M,120.7913102,24.5226165,366,57904.17
W-WL-M,120.7913241,24.5226362,367,57906.77
W-WL-M,120.7919744,24.5235626,368,58029.01
W-WL-M,120.7927341,24.5246113,369,58168.66
W-WL-M,120.7928898,24.5248468,370,58199.22
W-WL-M,120.7930922,24.5251400,371,58237.72
W-WL-M,120.7932841,24.5254380,372,58276.12
W-WL-M,120.7935291,24.5257879,373,58322.25
W-WL-M,120.7936476,24.5259571,374,58344.57
W-WL-M,120.7938767,24.5262739,375,58386.73
W-WL-M,120.7939850,24.5264235,376,58406.65
W-WL-M,120.7953451,24.5283990,377,58665.84
W-WL-M,120.7957552,24.5289662,378,58741.33
W-WL-M,120.7962328,24.5296439,379,58830.85
W-WL-M,120.7965495,24.5301007,380,58890.90
W-WL-M,120.7970459,24.5306966,381,58974.04
W-WL-M,120.7974692,24.5313183,382,59055.36
W-WL-M,120.7979121,24.5319639,383,59139.98
W-WL-M,120.7984006,24.5326573,384,59231.56
W-WL-M,120.7991627,24.5337573,385,59376.14
W-WL-M,120.7995924,24.5345163,386,59471.07
W-WL-M,120.7998850,24.5352334,387,59556.12
W-WL-M,120.8000539,24.5357771,388,59618.95
W-WL-M,120.8001707,24.5362430,389,59672.09
W-WL-M,120.8002419,24.5366612,390,59719.14
W-WL-M,120.8002932,24.5372525,391,59785.10
W-WL-M,120.8002791,24.5378856,392,59855.51
W-WL-M,120.8002458,24.5382857,393,59900.12
W-WL-M,120.8001996,24.5386320,394,59938.91
W-WL-M,120.8001468,24.5389544,395,59975.16
W-WL-M,120.8000220,24.5394679,396,60033.64
W-WL-M,120.7998776,24.5399275,397,60086.79
W-WL-M,120.7996873,24.5405603,398,60159.74
W-WL-M,120.7995035,24.5411334,399,60226.12
W-WL-M,120.7993197,24.5417535,400,60297.53
W-WL-M,120.7992534,24.5423096,401,60359.74
W-WL-M,120.7992140,24.5425545,402,60387.25
W-WL-M,120.7992071,24.5427874,403,60413.16
W-WL-M,120.7991871,24.5430680,404,60444.43
W-WL-M,120.7992959,24.5439205,405,60539.86
W-WL-M,120.7993353,24.5442806,406,60580.10
W-WL-M,120.7995011,24.5448975,407,60650.72
W-WL-M,120.7996941,24.5455179,408,60722.40
W-WL-M,120.7999202,24.5460193,409,60782.67
W-WL-M,120.8002977,24.5467365,410,60871.09
W-WL-M,120.8007016,24.5473103,411,60946.86
W-WL-M,120.8012296,24.5479142,412,61032.65
W-WL-M,120.8017955,24.5484558,413,61115.74
W-WL-M,120.8023043,24.5488647,414,61184.40
W-WL-M,120.8027067,24.5491648,415,61237.04
W-WL-M,120.8031958,24.5494455,416,61295.53
W-WL-M,120.8037386,24.5497711,417,61361.29
W-WL-M,120.8040621,24.5499817,418,61401.53
W-WL-M,120.8044274,24.5502211,419,61447.06
W-WL-M,120.8048031,24.5504413,420,61492.27
W-WL-M,120.8050327,24.5505850,421,61520.46
W-WL-M,120.8052206,24.5507381,422,61545.97
W-WL-M,120.8054815,24.5509104,423,61578.58
W-WL-M,120.8057841,24.5511306,424,61617.78
W-WL-M,120.8060658,24.5513412,425,61654.66
W-WL-M,120.8062954,24.5515230,426,61685.45
W-WL-M,120.8065146,24.5516667,427,61712.77
W-WL-M,120.8067546,24.5518390,428,61743.70
W-WL-M,120.8070051,24.5520113,429,61775.46
W-WL-M,120.8072764,24.5521836,430,61808.93
W-WL-M,120.8075061,24.5523082,431,61835.97
W-WL-M,120.8077252,24.5524613,432,61863.93
W-WL-M,120.8079653,24.5525763,433,61891.37
W-WL-M,120.8082681,24.5527105,434,61925.44
W-WL-M,120.8085936,24.5528115,435,61960.22
W-WL-M,120.8088799,24.5529249,436,61991.81
W-WL-M,120.8090254,24.5530123,437,62009.44
W-WL-M,120.8091376,24.5530817,438,62023.16
W-WL-M,120.8092524,24.5531511,439,62037.11
W-WL-M,120.8094142,24.5532660,440,62057.86
W-WL-M,120.8095656,24.5533498,441,62075.79
W-WL-M,120.8097065,24.5534264,442,62092.39
W-WL-M,120.8098761,24.5535147,443,62112.16
W-WL-M,120.8100578,24.5536190,444,62133.89
W-WL-M,120.8101782,24.5536687,445,62147.26
W-WL-M,120.8103947,24.5537791,446,62172.36
W-WL-M,120.8115512,24.5544984,447,62314.06
W-WL-M,120.8129603,24.5553496,448,62485.14
W-WL-M,120.8133703,24.5556069,449,62535.52
W-WL-M,120.8145846,24.5563049,450,62680.81
W-WL-M,120.8157045,24.5569705,451,62816.11
W-WL-M,120.8179077,24.5582093,452,63078.07
W-WL-M,120.8184548,24.5585129,453,63142.88
W-WL-M,120.8186668,24.5586472,454,63169.01
W-WL-M,120.8189570,24.5588233,455,63204.30
W-WL-M,120.8191855,24.5589750,456,63232.91
W-WL-M,120.8194246,24.5591411,457,63263.34
W-WL-M,120.8196270,24.5592962,458,63290.10
W-WL-M,120.8199673,24.5595527,459,63334.80
W-WL-M,120.8201619,24.5597242,460,63362.21
W-WL-M,120.8205004,24.5600238,461,63409.97
W-WL-M,120.8207816,24.5603033,462,63452.10
W-WL-M,120.8210722,24.5606480,463,63500.40
W-WL-M,120.8214254,24.5610752,464,63559.84
W-WL-M,120.8218047,24.5615361,465,63623.86
W-WL-M,120.8221516,24.5620967,466,63695.38
W-WL-M,120.8224694,24.5627593,467,63775.76
W-WL-M,120.8225716,24.5630014,468,63804.60
W-WL-M,120.8226684,24.5633324,469,63842.68
W-WL-M,120.8227520,24.5636639,470,63880.50
W-WL-M,120.8227921,24.5640549,471,63924.17
W-WL-M,120.8228287,24.5644337,472,63966.46
W-WL-M,120.8228337,24.5647350,473,63999.96
W-WL-M,120.8228167,24.5653523,474,64068.62
W-WL-M,120.8227731,24.5656386,475,64100.76
W-WL-M,120.8226638,24.5664959,476,64196.72
W-WL-M,120.8224828,24.5676705,477,64328.62
W-WL-M,120.8223037,24.5687911,478,64454.53
W-WL-M,120.8221501,24.5697516,479,64562.46
W-WL-M,120.8221237,24.5699272,480,64582.16
W-WL-M,120.8218759,24.5715753,481,64767.13
W-WL-M,120.8218244,24.5719196,482,64805.76
W-WL-M,120.8216036,24.5732280,483,64952.95
W-WL-M,120.8215011,24.5740603,484,65046.09
W-WL-M,120.8212355,24.5756969,485,65230.04
W-WL-M,120.8211376,24.5763627,486,65304.72
W-WL-M,120.8210654,24.5769229,487,65367.44
W-WL-M,120.8209722,24.5775930,488,65442.55
W-WL-M,120.8209206,24.5779713,489,65484.93
W-WL-M,120.8208328,24.5784978,490,65544.15
W-WL-M,120.8207654,24.5788281,491,65581.51
W-WL-M,120.8206932,24.5793835,492,65643.69
W-WL-M,120.8205179,24.5805928,493,65779.33
W-WL-M,120.8202347,24.5824019,494,65982.51
W-WL-M,120.8202021,24.5828360,495,66030.90
W-WL-M,120.8201926,24.5830127,496,66050.57
W-WL-M,120.8201983,24.5833048,497,66083.05
W-WL-M,120.8202355,24.5836877,498,66125.79
W-WL-M,120.8203628,24.5847552,499,66245.19
W-WL-M,120.8204419,24.5852435,500,66300.07
W-WL-M,120.8205194,24.5858185,501,66364.49
W-WL-M,120.8207480,24.5874933,502,66552.15
W-WL-M,120.8208431,24.5882497,503,66636.80
W-WL-M,120.8210172,24.5893027,504,66755.21
W-WL-M,120.8211227,24.5900160,505,66835.24
W-WL-M,120.8212813,24.5912175,506,66969.80
W-WL-M,120.8214512,24.5925147,507,67115.06
W-WL-M,120.8216909,24.5938528,508,67265.81
W-WL-M,120.8222232,24.5955784,509,67465.09
W-WL-M,120.8224960,24.5965215,510,67573.53
W-WL-M,120.8226484,24.5971151,511,67641.30
W-WL-M,120.8228217,24.5976751,512,67706.00
W-WL-M,120.8229901,24.5982592,513,67773.14
W-WL-M,120.8231587,24.5988386,514,67839.78
W-WL-M,120.8234165,24.5997147,515,67940.63
W-WL-M,120.8235691,24.6002463,516,68001.71
W-WL-M,120.8237900,24.6009500,517,68083.09
W-WL-M,120.8238466,24.6010775,518,68098.38
W-WL-M,120.8238563,24.6010994,519,68101.01
W-WL-M,120.8240000,24.6014239,520,68139.90
W-WL-M,120.8241311,24.6016872,521,68172.04
W-WL-M,120.8244090,24.6021516,522,68230.83
W-WL-M,120.8247127,24.6025584,523,68285.50
W-WL-M,120.8251685,24.6030946,524,68360.85
W-WL-M,120.8261525,24.6041859,525,68517.77
W-WL-M,120.8269325,24.6050284,526,68640.22
W-WL-M,120.8274245,24.6055309,527,68715.02
W-WL-M,120.8279113,24.6060144,528,68787.91
W-WL-M,120.8283457,24.6064499,529,68853.29
W-WL-M,120.8287277,24.6068089,530,68908.82
W-WL-M,120.8301931,24.6082495,531,69127.03
W-WL-M,120.8314152,24.6094119,532,69305.83
W-WL-M,120.8317912,24.6097821,533,69361.85
W-WL-M,120.8319291,24.6099082,534,69381.63
W-WL-M,120.8324052,24.6104583,535,69459.45
W-WL-M,120.8329075,24.6109306,536,69532.52
W-WL-M,120.8332403,24.6112475,537,69581.23
W-WL-M,120.8334621,24.6114747,538,69615.01
W-WL-M,120.8338405,24.6118394,539,69670.76
W-WL-M,120.8344598,24.6124026,540,69759.31
W-WL-M,120.8347458,24.6126778,541,69801.42
W-WL-M,120.8348812,24.6128059,542,69821.16
W-WL-M,120.8354948,24.6134355,543,69914.71
W-WL-M,120.8359682,24.6139516,544,69989.42
W-WL-M,120.8364987,24.6144682,545,70068.01
W-WL-M,120.8373675,24.6152655,546,70192.80
W-WL-M,120.8376207,24.6155358,547,70232.28
W-WL-M,120.8381019,24.6159347,548,70298.11
W-WL-M,120.8383751,24.6161503,549,70334.69
W-WL-M,120.8386819,24.6163716,550,70374.27
W-WL-M,120.8391388,24.6166707,551,70431.19
W-WL-M,120.8395892,24.6169340,552,70485.32
W-WL-M,120.8399809,24.6171613,553,70532.30
W-WL-M,120.8408100,24.6176101,554,70629.85
W-WL-M,120.8412800,24.6178794,555,70686.01
W-WL-M,120.8418284,24.6182204,556,70753.16
W-WL-M,120.8422657,24.6185374,557,70809.70
W-WL-M,120.8428530,24.6190337,558,70890.76
W-WL-M,120.8436343,24.6197983,559,71006.81
W-WL-M,120.8442933,24.6206650,560,71123.96
W-WL-M,120.8448436,24.6213985,561,71222.69
W-WL-M,120.8454363,24.6220969,562,71320.77
W-WL-M,120.8456255,24.6223213,563,71352.21
W-WL-M,120.8458235,24.6225197,564,71382.00
W-WL-M,120.8462062,24.6229310,565,71441.90
W-WL-M,120.8464281,24.6231403,566,71474.22
W-WL-M,120.8467282,24.6234511,567,71520.21
W-WL-M,120.8475112,24.6240331,568,71622.44
W-WL-M,120.8484155,24.6247262,569,71742.00
W-WL-M,120.8486905,24.6249370,570,71778.37
W-WL-M,120.8489280,24.6250479,571,71805.36
W-WL-M,120.8490716,24.6251436,572,71823.36
W-WL-M,120.8492414,24.6252274,573,71842.88
W-WL-M,120.8497792,24.6254863,574,71904.40
W-WL-M,120.8500706,24.6256582,575,71939.51
W-WL-M,120.8503383,24.6257839,576,71969.97
W-WL-M,120.8505929,24.6259335,577,72000.61
W-WL-M,120.8509259,24.6261249,578,72040.44
W-WL-M,120.8511218,24.6262565,579,72065.05
W-WL-M,120.8513372,24.6263702,580,72090.24
W-WL-M,120.8517681,24.6266573,581,72144.23
W-WL-M,120.8520749,24.6268905,582,72184.66
W-WL-M,120.8526035,24.6273748,583,72260.52
W-WL-M,120.8529233,24.6277095,584,72309.82
W-WL-M,120.8535824,24.6283372,585,72406.31
W-WL-M,120.8541567,24.6289290,586,72494.06
W-WL-M,120.8546591,24.6295029,587,72575.61
W-WL-M,120.8550416,24.6299746,588,72640.77
W-WL-M,120.8555035,24.6305842,589,72723.08
W-WL-M,120.8558010,24.6309428,590,72773.02
W-WL-M,120.8561141,24.6313803,591,72831.05
W-WL-M,120.8562864,24.6315668,592,72858.13
W-WL-M,120.8565682,24.6318895,593,72903.96
W-WL-M,120.8567249,24.6320474,594,72927.59
W-WL-M,120.8569050,24.6322124,595,72953.44
W-WL-M,120.8572084,24.6324313,596,72992.59
W-WL-M,120.8574250,24.6326058,597,73021.85
W-WL-M,120.8576926,24.6328330,598,73058.86
W-WL-M,120.8583202,24.6333268,599,73142.76
W-WL-M,120.8590149,24.6338881,600,73236.70
W-WL-M,120.8594174,24.6342425,601,73293.34
W-WL-M,120.8613878,24.6357306,602,73552.27
W-WL-M,120.8624233,24.6365717,603,73692.63
W-WL-M,120.8631604,24.6371220,604,73789.04
W-WL-M,120.8635047,24.6374235,605,73837.36
W-WL-M,120.8637549,24.6376579,606,73873.68
W-WL-M,120.8641148,24.6380120,607,73927.28
W-WL-M,120.8645162,24.6384522,608,73990.85
W-WL-M,120.8648342,24.6388013,609,74041.26
W-WL-M,120.8652461,24.6392893,610,74109.65
W-WL-M,120.8661743,24.6403179,611,74257.58
W-WL-M,120.8664767,24.6406623,612,74306.57
W-WL-M,120.8674263,24.6417033,613,74456.94
W-WL-M,120.8674411,24.6417196,614,74459.29
W-WL-M,120.8676377,24.6419141,615,74488.66
W-WL-M,120.8680409,24.6422794,616,74546.20
W-WL-M,120.8684217,24.6425999,617,74598.65
W-WL-M,120.8693775,24.6433154,618,74723.80
W-WL-M,120.8698778,24.6437151,619,74791.12
W-WL-M,120.8706859,24.6443181,620,74896.78
W-WL-M,120.8715208,24.6449259,621,75004.90
W-WL-M,120.8723345,24.6455580,622,75113.08
W-WL-M,120.8733146,24.6463159,623,75243.13
W-WL-M,120.8736913,24.6465962,624,75292.33
W-WL-M,120.8741866,24.6470842,625,75366.16
W-WL-M,120.8747068,24.6476307,626,75446.51
W-WL-M,120.8752683,24.6484524,627,75554.07
W-WL-M,120.8755357,24.6489729,628,75617.94
W-WL-M,120.8757595,24.6495205,629,75682.89
W-WL-M,120.8759567,24.6502413,630,75765.49
W-WL-M,120.8761737,24.6511780,631,75871.93
W-WL-M,120.8762358,24.6518661,632,75948.69
W-WL-M,120.8762736,24.6532349,633,76100.95
W-WL-M,120.8762937,24.6549837,634,76295.41
W-WL-M,120.8763776,24.6554946,635,76352.86
W-WL-M,120.8769009,24.6582073,636,76659.09
W-WL-M,120.8783007,24.6654975,637,77481.98
W-WL-M,120.8783478,24.6657649,638,77512.09
W-WL-M,120.8784756,24.6663331,639,77576.57
W-WL-M,120.8786266,24.6672058,640,77674.81
W-WL-M,120.8789639,24.6690097,641,77878.27
W-WL-M,120.8792026,24.6702521,642,78018.51
W-WL-M,120.8793340,24.6710241,643,78105.37
W-WL-M,120.8794033,24.6713820,644,78145.77
W-WL-M,120.8794418,24.6715926,645,78169.51
W-WL-M,120.8796651,24.6728000,646,78305.66
W-WL-M,120.8797570,24.6732558,647,78357.19
W-WL-M,120.8798640,24.6739491,648,78435.03
W-WL-M,120.8799108,24.6744377,649,78489.56
W-WL-M,120.8800371,24.6769324,650,78767.26
SU-SYN,121.8514300,24.5951600,1,0.00
SU-SYN,121.8273500,24.6085200,2,2851.97
